Date,Product_ID,Warehouse_ID,Opening_Stock,Received_Qty,Production_Qty,Sales_Qty,Damaged_Qty,Expired_Qty,Closing_Stock
2025-01-01,SKU077,WH003,164,8,0,15,0,0,157
2025-01-01,SKU010,WH004,582,14,32,34,0,0,594
2025-01-01,SKU017,WH001,200,20,0,28,0,0,192
2025-01-01,SKU069,WH005,338,4,33,36,1,2,336
2025-01-01,SKU068,WH001,123,4,0,14,0,0,113
2025-01-01,SKU016,WH001,73,9,0,15,0,0,67
2025-01-01,SKU129,WH002,99,20,0,29,0,0,90
2025-01-01,SKU038,WH005,372,15,0,33,0,1,353
2025-01-01,SKU091,WH003,62,14,0,8,0,0,68
2025-01-01,SKU046,WH003,366,7,0,26,1,0,346
2025-01-01,SKU101,WH005,325,4,0,21,0,0,308
2025-01-01,SKU047,WH003,92,14,0,7,0,0,99
2025-01-01,SKU065,WH001,207,21,0,8,0,1,219
2025-01-01,SKU138,WH003,15,13,0,5,0,0,23
2025-01-01,SKU011,WH004,121,8,0,21,0,0,108
2025-01-01,SKU001,WH004,63,17,0,11,0,1,68
2025-01-01,SKU027,WH004,288,6,17,16,0,0,295
2025-01-01,SKU048,WH003,34,12,0,13,0,0,33
2025-01-01,SKU081,WH002,216,12,34,24,1,1,236
2025-01-01,SKU067,WH002,219,18,0,28,0,0,209
2025-01-01,SKU076,WH004,203,9,26,14,0,0,224
2025-01-01,SKU130,WH001,156,1,0,21,0,0,136
2025-01-01,SKU066,WH003,411,17,0,20,0,1,407
2025-01-01,SKU125,WH002,275,4,23,27,0,0,275
2025-01-01,SKU137,WH005,35,18,0,11,1,0,41
2025-01-01,SKU141,WH003,65,15,7,4,0,0,83
2025-01-01,SKU064,WH004,396,12,25,16,0,3,414
2025-01-01,SKU029,WH001,174,15,26,38,1,0,176
2025-01-01,SKU005,WH004,267,5,0,11,0,2,259
2025-01-01,SKU052,WH004,209,13,0,14,0,0,208
2025-01-01,SKU078,WH004,101,13,10,17,0,0,107
2025-01-01,SKU043,WH003,215,3,0,13,0,0,205
2025-01-01,SKU110,WH003,587,17,0,25,0,1,578
2025-01-01,SKU023,WH001,172,13,0,24,0,0,161
2025-01-01,SKU030,WH002,505,11,27,25,0,0,518
2025-01-01,SKU126,WH001,717,1,0,40,0,2,676
2025-01-01,SKU098,WH003,445,3,0,27,0,2,419
2025-01-01,SKU115,WH003,202,7,14,14,0,0,209
2025-01-01,SKU120,WH004,171,0,4,8,0,2,165
2025-01-01,SKU033,WH002,267,3,0,29,0,1,240
2025-01-01,SKU057,WH002,291,22,0,26,0,3,284
2025-01-01,SKU021,WH005,378,14,0,13,0,0,379
2025-01-01,SKU040,WH002,199,15,0,17,0,1,196
2025-01-01,SKU089,WH002,38,25,0,4,0,0,59
2025-01-01,SKU099,WH002,51,12,0,29,0,1,33
2025-01-02,SKU037,WH004,193,19,0,17,0,0,195
2025-01-02,SKU036,WH003,433,11,0,25,1,3,415
2025-01-02,SKU145,WH001,251,20,0,22,0,0,249
2025-01-02,SKU075,WH001,187,10,17,18,0,0,196
2025-01-02,SKU052,WH001,67,12,0,4,0,0,75
2025-01-02,SKU132,WH001,177,24,0,35,0,0,166
2025-01-02,SKU108,WH004,250,12,0,34,0,0,228
2025-01-02,SKU014,WH004,554,5,0,34,1,0,524
2025-01-02,SKU121,WH003,182,8,0,11,0,0,179
2025-01-02,SKU091,WH005,119,22,9,6,0,1,143
2025-01-02,SKU096,WH001,227,19,0,30,0,0,216
2025-01-02,SKU010,WH004,293,16,0,33,0,0,276
2025-01-02,SKU083,WH004,336,8,22,24,0,1,341
2025-01-02,SKU056,WH004,368,4,0,19,0,0,353
2025-01-02,SKU031,WH003,253,6,44,23,0,1,279
2025-01-02,SKU043,WH003,307,5,18,8,1,0,321
2025-01-02,SKU038,WH003,224,19,44,42,1,0,244
2025-01-02,SKU029,WH004,150,8,0,25,0,0,133
2025-01-02,SKU150,WH003,232,22,25,17,0,0,262
2025-01-02,SKU067,WH005,902,14,0,31,0,0,885
2025-01-02,SKU115,WH001,66,6,0,12,0,0,60
2025-01-02,SKU095,WH002,123,19,0,14,0,1,127
2025-01-02,SKU103,WH001,62,12,7,12,0,0,69
2025-01-02,SKU081,WH004,386,14,0,29,0,0,371
2025-01-02,SKU045,WH004,234,7,18,8,0,1,250
2025-01-02,SKU062,WH004,197,5,18,15,0,0,205
2025-01-02,SKU090,WH003,104,6,0,13,0,0,97
2025-01-02,SKU134,WH004,386,2,0,26,0,0,362
2025-01-02,SKU139,WH001,230,5,0,26,0,1,208
2025-01-02,SKU053,WH003,379,7,30,32,0,0,384
2025-01-02,SKU114,WH003,151,9,0,11,0,0,149
2025-01-02,SKU126,WH001,247,3,38,26,0,1,261
2025-01-02,SKU076,WH001,576,5,0,16,0,1,564
2025-01-02,SKU039,WH001,180,9,0,31,0,0,158
2025-01-02,SKU071,WH005,143,5,10,5,0,1,152
2025-01-02,SKU017,WH001,330,20,0,23,0,2,325
2025-01-02,SKU054,WH001,66,16,0,22,0,0,60
2025-01-02,SKU140,WH001,213,13,0,22,0,0,204
2025-01-02,SKU088,WH003,63,16,0,4,0,0,75
2025-01-02,SKU018,WH004,145,13,0,21,0,0,137
2025-01-02,SKU129,WH003,68,18,0,20,0,0,66
2025-01-02,SKU035,WH002,411,11,28,17,0,2,431
2025-01-02,SKU143,WH003,101,17,0,7,0,0,111
2025-01-02,SKU106,WH002,577,15,0,24,1,0,567
2025-01-02,SKU049,WH002,138,7,0,18,1,0,126
2025-01-03,SKU005,WH003,118,5,0,16,0,0,107
2025-01-03,SKU044,WH004,425,19,43,20,1,2,464
2025-01-03,SKU014,WH003,133,1,0,27,1,0,106
2025-01-03,SKU074,WH004,473,12,0,27,0,3,455
2025-01-03,SKU018,WH005,284,15,0,33,0,2,264
2025-01-03,SKU080,WH001,113,14,8,4,0,0,131
2025-01-03,SKU028,WH002,288,10,0,16,0,0,282
2025-01-03,SKU008,WH004,625,6,0,33,0,3,595
2025-01-03,SKU052,WH005,75,11,9,4,0,0,91
2025-01-03,SKU055,WH002,341,16,31,20,0,0,368
2025-01-03,SKU083,WH001,357,6,0,18,0,1,344
2025-01-03,SKU019,WH004,197,15,0,32,0,0,180
2025-01-03,SKU035,WH003,393,21,0,20,0,0,394
2025-01-03,SKU097,WH002,76,14,0,4,0,0,86
2025-01-03,SKU065,WH001,69,22,0,10,0,0,81
2025-01-03,SKU135,WH001,197,6,0,16,0,0,187
2025-01-03,SKU117,WH001,229,4,7,13,0,0,227
2025-01-03,SKU012,WH005,59,13,0,11,0,0,61
2025-01-03,SKU140,WH003,137,9,0,20,1,0,125
2025-01-03,SKU033,WH001,286,5,0,18,0,1,272
2025-01-03,SKU092,WH004,621,5,0,27,0,2,597
2025-01-03,SKU075,WH002,159,7,0,16,0,0,150
2025-01-03,SKU123,WH003,201,12,9,12,1,0,209
2025-01-03,SKU020,WH001,92,25,10,13,0,0,114
2025-01-03,SKU026,WH005,368,1,0,23,0,0,346
2025-01-03,SKU043,WH005,220,2,0,20,1,3,198
2025-01-03,SKU082,WH002,189,8,27,29,0,0,195
2025-01-03,SKU079,WH003,457,4,0,28,0,0,433
2025-01-03,SKU029,WH005,215,12,0,34,0,0,193
2025-01-03,SKU094,WH003,554,12,17,26,0,0,557
2025-01-03,SKU113,WH002,240,15,0,14,0,0,241
2025-01-03,SKU072,WH005,423,3,0,33,0,2,391
2025-01-03,SKU064,WH004,93,22,0,16,2,0,97
2025-01-03,SKU130,WH002,258,4,19,14,0,0,267
2025-01-03,SKU045,WH002,139,9,29,12,0,0,165
2025-01-03,SKU006,WH004,88,12,27,32,0,0,95
2025-01-03,SKU056,WH002,91,2,0,17,0,0,76
2025-01-03,SKU146,WH001,248,13,0,25,0,0,236
2025-01-03,SKU002,WH005,118,11,0,20,0,0,109
2025-01-03,SKU120,WH004,81,3,0,7,0,0,77
2025-01-03,SKU147,WH005,580,7,0,24,0,2,561
2025-01-03,SKU107,WH005,698,9,23,31,0,2,697
2025-01-03,SKU108,WH002,355,17,0,31,1,0,340
2025-01-03,SKU114,WH001,388,7,0,11,0,0,384
2025-01-03,SKU001,WH004,104,12,0,18,0,0,98
2025-01-04,SKU112,WH002,84,5,8,9,0,0,88
2025-01-04,SKU124,WH001,61,9,0,14,0,0,56
2025-01-04,SKU127,WH004,181,6,0,30,0,0,157
2025-01-04,SKU118,WH004,34,20,0,15,0,0,39
2025-01-04,SKU019,WH002,612,14,38,39,0,1,624
2025-01-04,SKU098,WH002,90,8,0,26,0,0,72
2025-01-04,SKU149,WH003,380,13,0,25,0,1,367
2025-01-04,SKU121,WH002,155,8,30,18,0,1,174
2025-01-04,SKU029,WH001,524,16,0,28,0,3,509
2025-01-04,SKU071,WH002,29,7,0,3,0,0,33
2025-01-04,SKU007,WH003,191,7,0,16,0,1,181
2025-01-04,SKU039,WH004,394,10,27,27,0,0,404
2025-01-04,SKU089,WH002,54,22,0,5,0,0,71
2025-01-04,SKU045,WH001,90,16,16,11,0,1,110
2025-01-04,SKU126,WH004,119,1,0,22,0,0,98
2025-01-04,SKU130,WH003,383,2,0,19,1,0,365
2025-01-04,SKU011,WH005,124,6,0,22,0,0,108
2025-01-04,SKU065,WH002,84,14,0,7,0,1,90
2025-01-04,SKU147,WH002,73,0,26,34,0,0,65
2025-01-04,SKU087,WH005,118,17,0,20,0,0,115
2025-01-04,SKU123,WH002,130,6,12,9,0,0,139
2025-01-04,SKU041,WH002,332,12,0,28,0,1,315
2025-01-04,SKU061,WH003,41,10,0,4,0,0,47
2025-01-04,SKU135,WH001,85,3,0,12,0,0,76
2025-01-04,SKU008,WH005,421,3,0,35,0,0,389
2025-01-04,SKU066,WH004,124,19,23,20,0,0,146
2025-01-04,SKU096,WH001,295,12,0,34,1,0,272
2025-01-04,SKU114,WH003,72,8,0,16,0,0,64
2025-01-04,SKU129,WH004,298,9,35,18,0,1,323
2025-01-04,SKU018,WH004,442,11,24,16,0,0,461
2025-01-04,SKU070,WH001,281,15,13,12,1,1,295
2025-01-04,SKU095,WH001,25,13,7,8,0,0,37
2025-01-04,SKU055,WH002,81,16,0,21,0,1,75
2025-01-04,SKU133,WH002,152,19,10,8,0,0,173
2025-01-04,SKU094,WH004,267,4,26,21,0,2,274
2025-01-04,SKU074,WH004,396,11,32,20,1,1,417
2025-01-04,SKU122,WH001,214,13,20,17,0,1,229
2025-01-04,SKU046,WH005,316,13,0,21,0,0,308
2025-01-04,SKU113,WH004,328,14,0,17,0,0,325
2025-01-04,SKU069,WH005,604,2,0,40,0,1,565
2025-01-04,SKU092,WH001,940,9,0,24,0,2,923
2025-01-04,SKU033,WH003,559,4,0,20,0,0,543
2025-01-04,SKU077,WH002,111,9,0,21,0,0,99
2025-01-04,SKU022,WH003,526,19,0,32,0,0,513
2025-01-04,SKU059,WH003,36,17,0,4,0,0,49
2025-01-05,SKU082,WH002,382,9,0,28,0,0,363
2025-01-05,SKU046,WH001,442,15,0,25,0,1,431
2025-01-05,SKU118,WH003,116,21,0,24,0,0,113
2025-01-05,SKU022,WH005,124,9,26,15,0,0,144
2025-01-05,SKU098,WH005,129,6,0,28,0,1,106
2025-01-05,SKU067,WH001,481,14,42,24,0,1,512
2025-01-05,SKU069,WH003,202,3,0,28,0,0,177
2025-01-05,SKU037,WH002,26,12,0,16,0,0,22
2025-01-05,SKU007,WH004,176,10,0,14,0,1,171
2025-01-05,SKU138,WH003,55,20,5,2,0,0,78
2025-01-05,SKU081,WH001,103,17,0,21,0,0,99
2025-01-05,SKU032,WH001,48,20,6,4,0,0,70
2025-01-05,SKU027,WH003,197,8,0,11,0,0,194
2025-01-05,SKU061,WH004,146,7,0,4,0,0,149
2025-01-05,SKU143,WH001,87,17,24,10,0,0,118
2025-01-05,SKU012,WH003,24,4,0,6,0,0,22
2025-01-05,SKU100,WH002,133,12,0,19,0,0,126
2025-01-05,SKU071,WH002,74,8,8,8,1,1,80
2025-01-05,SKU043,WH003,210,8,0,15,0,1,202
2025-01-05,SKU033,WH003,492,3,0,25,0,0,470
2025-01-05,SKU106,WH001,212,9,0,23,0,1,197
2025-01-05,SKU111,WH002,280,11,0,28,1,0,262
2025-01-05,SKU011,WH002,1019,5,0,29,0,3,992
2025-01-05,SKU068,WH003,88,10,0,9,0,0,89
2025-01-05,SKU089,WH003,65,11,0,9,0,0,67
2025-01-05,SKU099,WH005,153,15,36,31,2,0,171
2025-01-05,SKU132,WH002,353,11,0,34,0,1,329
2025-01-05,SKU142,WH003,518,4,0,26,0,1,495
2025-01-05,SKU008,WH005,390,7,41,39,0,0,399
2025-01-05,SKU149,WH002,77,14,38,31,0,0,98
2025-01-05,SKU078,WH005,227,10,0,11,0,0,226
2025-01-05,SKU036,WH003,300,17,0,20,0,0,297
2025-01-05,SKU063,WH003,519,14,46,38,0,1,540
2025-01-05,SKU133,WH001,132,14,7,14,0,1,138
2025-01-05,SKU013,WH005,76,9,0,18,1,0,66
2025-01-05,SKU029,WH005,170,17,34,19,0,1,201
2025-01-05,SKU002,WH001,211,9,30,19,0,0,231
2025-01-05,SKU059,WH005,39,12,0,6,0,0,45
2025-01-05,SKU044,WH003,304,25,0,35,0,0,294
2025-01-05,SKU147,WH004,289,3,30,24,0,1,297
2025-01-05,SKU113,WH005,66,10,16,12,0,0,80
2025-01-05,SKU005,WH002,360,1,0,5,0,0,356
2025-01-05,SKU122,WH001,339,15,0,20,0,2,332
2025-01-05,SKU079,WH004,630,8,0,37,0,0,601
2025-01-05,SKU080,WH004,39,16,0,5,0,0,50
2025-01-06,SKU118,WH004,59,20,0,15,1,0,63
2025-01-06,SKU016,WH004,153,14,0,25,0,1,141
2025-01-06,SKU116,WH004,146,25,26,21,1,0,175
2025-01-06,SKU034,WH001,225,4,0,18,0,0,211
2025-01-06,SKU060,WH005,486,5,35,15,0,1,510
2025-01-06,SKU008,WH004,414,2,0,41,0,0,375
2025-01-06,SKU141,WH003,48,16,0,6,0,0,58
2025-01-06,SKU031,WH003,283,6,0,30,0,0,259
2025-01-06,SKU120,WH005,205,3,0,13,0,0,195
2025-01-06,SKU083,WH005,109,3,0,25,0,0,87
2025-01-06,SKU144,WH002,54,17,10,8,0,0,73
2025-01-06,SKU094,WH005,374,8,0,29,0,0,353
2025-01-06,SKU119,WH005,469,10,0,24,0,3,452
2025-01-06,SKU022,WH001,366,11,0,25,1,0,351
2025-01-06,SKU081,WH004,636,10,0,30,0,0,616
2025-01-06,SKU111,WH005,407,16,0,30,0,1,392
2025-01-06,SKU023,WH002,125,14,0,17,0,0,122
2025-01-06,SKU086,WH003,202,18,0,22,0,1,197
2025-01-06,SKU037,WH004,206,11,0,24,0,0,193
2025-01-06,SKU015,WH005,33,4,0,4,0,0,33
2025-01-06,SKU106,WH001,115,15,35,33,0,1,131
2025-01-06,SKU026,WH005,388,0,0,20,0,0,368
2025-01-06,SKU140,WH004,234,12,0,17,0,1,228
2025-01-06,SKU011,WH001,487,3,0,34,1,1,454
2025-01-06,SKU035,WH004,186,24,0,31,2,0,177
2025-01-06,SKU051,WH004,77,16,0,7,0,0,86
2025-01-06,SKU032,WH001,23,14,2,5,0,0,34
2025-01-06,SKU146,WH001,374,13,0,22,0,2,363
2025-01-06,SKU104,WH002,89,24,0,12,0,0,101
2025-01-06,SKU077,WH002,93,5,0,16,0,0,82
2025-01-06,SKU110,WH002,388,11,0,14,0,0,385
2025-01-06,SKU096,WH004,474,15,0,31,1,0,457
2025-01-06,SKU114,WH005,333,9,18,15,0,0,345
2025-01-06,SKU014,WH001,351,2,0,40,0,2,311
2025-01-06,SKU121,WH004,384,11,0,10,0,2,383
2025-01-06,SKU048,WH003,15,14,0,4,0,0,25
2025-01-06,SKU064,WH002,133,16,0,23,1,0,125
2025-01-06,SKU029,WH002,196,6,0,29,0,0,173
2025-01-06,SKU024,WH002,83,15,0,16,0,1,81
2025-01-06,SKU046,WH002,726,11,0,25,0,2,710
2025-01-06,SKU012,WH003,67,6,0,9,1,0,63
2025-01-06,SKU135,WH005,187,5,0,18,0,0,174
2025-01-06,SKU076,WH001,194,7,27,16,0,1,211
2025-01-06,SKU145,WH005,305,5,0,33,0,1,276
2025-01-06,SKU126,WH002,327,4,36,32,2,0,333
2025-01-07,SKU114,WH005,159,8,0,10,0,0,157
2025-01-07,SKU141,WH005,53,19,6,7,0,0,71
2025-01-07,SKU056,WH005,239,0,22,21,0,0,240
2025-01-07,SKU086,WH003,546,12,29,25,0,0,562
2025-01-07,SKU070,WH002,129,8,23,20,0,0,140
2025-01-07,SKU028,WH005,191,6,19,16,0,1,199
2025-01-07,SKU135,WH001,153,14,0,14,0,0,153
2025-01-07,SKU082,WH004,343,4,0,24,0,0,323
2025-01-07,SKU042,WH002,23,18,5,4,0,0,42
2025-01-07,SKU083,WH003,50,3,0,25,2,0,26
2025-01-07,SKU147,WH004,92,4,0,29,1,0,66
2025-01-07,SKU131,WH003,160,5,11,4,0,0,172
2025-01-07,SKU145,WH001,311,14,37,21,0,0,341
2025-01-07,SKU116,WH004,465,11,0,24,0,0,452
2025-01-07,SKU129,WH003,79,10,0,24,0,0,65
2025-01-07,SKU079,WH004,197,6,41,29,1,0,214
2025-01-07,SKU124,WH004,387,7,0,12,0,2,380
2025-01-07,SKU008,WH002,530,2,39,34,0,1,536
2025-01-07,SKU037,WH001,313,15,0,18,0,1,309
2025-01-07,SKU108,WH005,712,19,0,28,0,0,703
2025-01-07,SKU123,WH001,71,14,0,8,0,0,77
2025-01-07,SKU078,WH003,87,12,0,15,0,0,84
2025-01-07,SKU138,WH002,77,16,6,9,0,0,90
2025-01-07,SKU045,WH004,130,15,0,13,0,0,132
2025-01-07,SKU143,WH002,68,16,0,8,1,0,75
2025-01-07,SKU011,WH002,431,4,41,33,0,2,441
2025-01-07,SKU062,WH005,89,9,0,11,0,0,87
2025-01-07,SKU139,WH001,471,12,0,27,0,0,456
2025-01-07,SKU107,WH002,353,10,33,21,0,1,374
2025-01-07,SKU010,WH002,266,12,31,31,0,1,277
2025-01-07,SKU073,WH003,236,7,40,29,1,0,253
2025-01-07,SKU081,WH001,229,14,0,27,0,0,216
2025-01-07,SKU109,WH003,214,8,17,12,0,0,227
2025-01-07,SKU034,WH002,237,5,0,18,1,1,222
2025-01-07,SKU119,WH004,149,16,16,27,0,0,154
2025-01-07,SKU006,WH001,364,19,0,24,0,1,358
2025-01-07,SKU146,WH004,434,17,0,28,0,1,422
2025-01-07,SKU052,WH004,115,11,0,6,0,0,120
2025-01-07,SKU059,WH003,32,20,6,2,0,0,56
2025-01-07,SKU032,WH005,99,13,0,7,0,0,105
2025-01-07,SKU090,WH004,336,4,34,22,0,2,350
2025-01-07,SKU091,WH004,65,13,0,7,1,0,70
2025-01-07,SKU065,WH001,190,17,0,6,0,0,201
2025-01-07,SKU040,WH003,192,21,12,18,0,0,207
2025-01-07,SKU128,WH004,104,7,0,5,0,1,105
2025-01-08,SKU130,WH004,472,0,0,8,0,2,462
2025-01-08,SKU007,WH005,164,6,0,13,0,1,156
2025-01-08,SKU122,WH003,217,16,0,19,0,1,213
2025-01-08,SKU050,WH001,288,5,0,30,0,0,263
2025-01-08,SKU002,WH001,503,8,32,34,0,0,509
2025-01-08,SKU027,WH003,56,6,22,24,1,0,59
2025-01-08,SKU001,WH004,59,16,12,12,0,0,75
2025-01-08,SKU091,WH004,104,9,0,7,0,0,106
2025-01-08,SKU141,WH001,21,15,8,4,0,0,40
2025-01-08,SKU079,WH002,179,6,39,27,1,0,196
2025-01-08,SKU052,WH001,159,10,0,8,0,0,161
2025-01-08,SKU101,WH005,400,4,25,20,0,0,409
2025-01-08,SKU129,WH002,251,19,0,23,0,0,247
2025-01-08,SKU005,WH004,52,7,0,11,0,0,48
2025-01-08,SKU107,WH003,372,10,0,19,0,1,362
2025-01-08,SKU039,WH002,34,10,41,38,1,0,46
2025-01-08,SKU097,WH005,16,9,0,6,0,0,19
2025-01-08,SKU053,WH003,304,8,0,19,0,0,293
2025-01-08,SKU060,WH002,214,6,0,20,0,0,200
2025-01-08,SKU006,WH003,362,14,35,22,0,0,389
2025-01-08,SKU024,WH005,147,12,0,18,0,1,140
2025-01-08,SKU058,WH005,317,13,33,26,0,2,335
2025-01-08,SKU137,WH001,65,25,12,7,0,1,94
2025-01-08,SKU046,WH002,417,11,0,17,0,1,410
2025-01-08,SKU069,WH003,320,3,49,46,0,1,325
2025-01-08,SKU033,WH001,79,4,0,29,1,1,52
2025-01-08,SKU150,WH005,232,21,27,16,0,1,263
2025-01-08,SKU015,WH003,138,4,0,6,0,2,134
2025-01-08,SKU067,WH001,678,12,37,33,0,0,694
2025-01-08,SKU145,WH003,470,14,0,47,0,1,436
2025-01-08,SKU061,WH005,130,16,0,2,0,0,144
2025-01-08,SKU011,WH005,375,7,0,26,0,0,356
2025-01-08,SKU088,WH005,23,8,0,7,0,0,24
2025-01-08,SKU148,WH001,147,4,0,16,0,0,135
2025-01-08,SKU143,WH002,203,10,20,19,0,0,214
2025-01-08,SKU126,WH004,453,2,0,41,0,1,413
2025-01-08,SKU009,WH001,42,9,0,16,0,0,35
2025-01-08,SKU116,WH003,188,14,0,22,0,0,180
2025-01-08,SKU133,WH001,4,14,0,12,0,0,6
2025-01-08,SKU036,WH004,372,20,0,22,0,0,370
2025-01-08,SKU135,WH004,104,6,0,15,0,0,95
2025-01-08,SKU131,WH001,116,11,0,11,1,1,114
2025-01-08,SKU044,WH005,309,18,0,31,1,0,295
2025-01-08,SKU064,WH002,230,16,0,13,0,1,232
2025-01-08,SKU076,WH005,103,8,14,22,0,0,103
2025-01-09,SKU118,WH005,454,17,0,12,0,1,458
2025-01-09,SKU147,WH001,150,8,0,20,0,1,137
2025-01-09,SKU099,WH005,297,8,0,30,1,0,274
2025-01-09,SKU013,WH004,126,12,0,17,0,2,119
2025-01-09,SKU096,WH004,250,13,36,31,1,1,266
2025-01-09,SKU049,WH003,294,10,0,21,1,1,281
2025-01-09,SKU113,WH001,38,13,0,17,0,0,34
2025-01-09,SKU107,WH002,673,7,22,25,1,0,676
2025-01-09,SKU091,WH002,154,14,0,3,0,1,164
2025-01-09,SKU025,WH002,211,21,0,11,0,0,221
2025-01-09,SKU057,WH001,507,16,0,22,1,1,499
2025-01-09,SKU034,WH003,216,6,0,22,0,1,199
2025-01-09,SKU079,WH001,494,5,0,25,1,2,471
2025-01-09,SKU062,WH001,69,5,0,6,0,0,68
2025-01-09,SKU039,WH001,161,11,44,23,0,0,193
2025-01-09,SKU131,WH005,64,5,8,9,0,1,67
2025-01-09,SKU055,WH003,186,9,0,21,0,0,174
2025-01-09,SKU064,WH003,72,15,0,16,0,0,71
2025-01-09,SKU130,WH002,353,2,0,13,0,0,342
2025-01-09,SKU072,WH002,319,7,0,41,0,1,284
2025-01-09,SKU101,WH005,226,4,0,24,0,2,204
2025-01-09,SKU020,WH003,104,12,17,8,0,0,125
2025-01-09,SKU052,WH001,117,10,7,10,0,2,122
2025-01-09,SKU045,WH001,55,18,17,18,0,1,71
2025-01-09,SKU018,WH001,36,8,0,12,0,0,32
2025-01-09,SKU142,WH002,299,4,0,47,0,0,256
2025-01-09,SKU059,WH002,49,17,7,9,0,0,64
2025-01-09,SKU056,WH003,194,3,0,15,0,1,181
2025-01-09,SKU140,WH001,82,11,29,18,0,0,104
2025-01-09,SKU088,WH003,53,5,0,8,0,1,49
2025-01-09,SKU012,WH005,122,5,0,10,0,0,117
2025-01-09,SKU042,WH002,60,14,5,7,0,0,72
2025-01-09,SKU024,WH004,288,13,24,18,0,0,307
2025-01-09,SKU086,WH005,67,23,0,27,0,0,63
2025-01-09,SKU076,WH005,275,7,17,17,0,0,282
2025-01-09,SKU028,WH005,196,6,15,17,0,1,199
2025-01-09,SKU105,WH005,53,13,0,5,0,0,61
2025-01-09,SKU044,WH004,602,15,0,37,0,1,579
2025-01-09,SKU021,WH004,127,20,17,17,0,0,147
2025-01-09,SKU141,WH003,151,11,12,5,0,1,168
2025-01-09,SKU031,WH005,50,0,35,27,0,0,58
2025-01-09,SKU016,WH004,431,9,0,21,0,0,419
2025-01-09,SKU058,WH003,234,21,0,25,0,1,229
2025-01-09,SKU026,WH001,215,4,38,33,0,1,223
2025-01-09,SKU114,WH005,264,5,18,9,0,2,276
2025-01-10,SKU114,WH001,109,11,0,17,0,1,102
2025-01-10,SKU119,WH002,226,10,24,21,1,0,238
2025-01-10,SKU033,WH004,533,9,32,33,1,1,539
2025-01-10,SKU145,WH003,607,13,0,29,0,2,589
2025-01-10,SKU083,WH004,258,4,0,26,1,0,235
2025-01-10,SKU136,WH003,164,13,0,16,0,1,160
2025-01-10,SKU087,WH002,254,15,30,19,1,4,275
2025-01-10,SKU019,WH003,409,17,31,29,0,0,428
2025-01-10,SKU065,WH002,41,16,0,17,0,0,40
2025-01-10,SKU137,WH001,110,20,0,8,0,0,122
2025-01-10,SKU089,WH005,96,18,0,3,0,0,111
2025-01-10,SKU106,WH003,124,19,28,28,0,1,142
2025-01-10,SKU111,WH001,431,12,0,38,0,1,404
2025-01-10,SKU032,WH005,37,21,0,4,0,0,54
2025-01-10,SKU028,WH003,122,7,17,11,1,0,134
2025-01-10,SKU075,WH004,413,10,18,16,0,0,425
2025-01-10,SKU090,WH004,128,3,17,17,0,0,131
2025-01-10,SKU018,WH005,213,10,0,18,0,0,205
2025-01-10,SKU132,WH004,474,15,0,36,0,1,452
2025-01-10,SKU094,WH005,352,3,24,18,0,0,361
2025-01-10,SKU002,WH004,235,8,28,23,0,1,247
2025-01-10,SKU124,WH003,234,4,0,13,0,1,224
2025-01-10,SKU139,WH003,338,9,0,32,0,2,313
2025-01-10,SKU134,WH001,239,7,41,30,0,1,256
2025-01-10,SKU141,WH005,14,14,12,8,0,0,32
2025-01-10,SKU067,WH003,103,8,35,49,2,1,94
2025-01-10,SKU110,WH004,323,15,23,22,0,0,339
2025-01-10,SKU130,WH001,261,5,21,22,1,0,264
2025-01-10,SKU064,WH005,238,13,0,18,0,1,232
2025-01-10,SKU109,WH001,79,3,0,11,1,0,70
2025-01-10,SKU010,WH004,189,12,38,34,1,0,204
2025-01-10,SKU104,WH001,91,13,10,14,0,0,100
2025-01-10,SKU058,WH005,130,10,0,24,1,0,115
2025-01-10,SKU148,WH002,120,3,0,20,0,0,103
2025-01-10,SKU128,WH004,54,12,0,11,0,0,55
2025-01-10,SKU129,WH002,499,25,0,23,0,0,501
2025-01-10,SKU027,WH002,172,5,0,19,0,1,157
2025-01-10,SKU092,WH002,218,7,0,25,0,0,200
2025-01-10,SKU086,WH005,314,17,29,25,0,2,333
2025-01-10,SKU055,WH001,199,20,29,15,0,1,232
2025-01-10,SKU070,WH004,402,11,23,24,0,1,411
2025-01-10,SKU072,WH001,521,4,41,19,0,1,546
2025-01-10,SKU143,WH004,94,16,0,13,0,0,97
2025-01-10,SKU125,WH005,123,1,34,29,0,0,129
2025-01-10,SKU150,WH004,190,18,0,25,0,0,183
2025-01-11,SKU116,WH005,177,19,0,26,0,0,170
2025-01-11,SKU074,WH005,176,15,0,40,0,0,151
2025-01-11,SKU030,WH001,50,10,0,16,0,0,44
2025-01-11,SKU061,WH003,98,7,0,2,0,0,103
2025-01-11,SKU096,WH001,120,12,0,23,0,0,109
2025-01-11,SKU107,WH005,271,8,37,19,0,0,297
2025-01-11,SKU060,WH002,166,4,0,26,0,0,144
2025-01-11,SKU075,WH005,211,12,0,17,1,0,205
2025-01-11,SKU150,WH003,174,12,0,22,0,0,164
2025-01-11,SKU113,WH004,202,5,18,13,1,0,211
2025-01-11,SKU084,WH005,49,1,4,4,0,0,50
2025-01-11,SKU049,WH005,253,8,0,17,0,0,244
2025-01-11,SKU020,WH001,200,9,16,10,0,0,215
2025-01-11,SKU122,WH001,447,19,0,22,0,1,443
2025-01-11,SKU088,WH005,16,7,5,3,0,0,25
2025-01-11,SKU126,WH004,418,3,40,25,0,0,436
2025-01-11,SKU034,WH003,182,6,0,23,1,0,164
2025-01-11,SKU092,WH001,238,12,0,26,1,0,223
2025-01-11,SKU028,WH005,118,9,14,14,1,0,126
2025-01-11,SKU023,WH002,215,12,0,19,0,0,208
2025-01-11,SKU019,WH004,490,16,0,24,0,3,479
2025-01-11,SKU035,WH003,129,16,25,24,0,0,146
2025-01-11,SKU087,WH003,323,18,0,25,0,0,316
2025-01-11,SKU095,WH005,59,14,13,4,0,0,82
2025-01-11,SKU115,WH005,315,5,17,13,0,0,324
2025-01-11,SKU098,WH004,225,8,36,17,0,2,250
2025-01-11,SKU125,WH003,470,4,0,37,0,4,433
2025-01-11,SKU081,WH005,120,4,0,29,0,0,95
2025-01-11,SKU071,WH004,59,13,0,9,0,0,63
2025-01-11,SKU090,WH002,173,7,22,23,0,1,178
2025-01-11,SKU073,WH001,550,4,0,30,0,1,523
2025-01-11,SKU130,WH002,255,3,0,15,0,0,243
2025-01-11,SKU009,WH001,145,16,0,11,0,0,150
2025-01-11,SKU108,WH004,695,11,43,27,0,1,721
2025-01-11,SKU041,WH003,426,12,0,31,0,0,407
2025-01-11,SKU128,WH004,105,2,0,12,0,0,95
2025-01-11,SKU039,WH004,669,12,0,21,0,0,660
2025-01-11,SKU002,WH002,492,10,0,27,0,1,474
2025-01-11,SKU058,WH004,401,10,0,26,0,1,384
2025-01-11,SKU032,WH003,140,18,0,4,0,0,154
2025-01-11,SKU120,WH001,232,4,0,9,0,0,227
2025-01-11,SKU065,WH001,88,16,0,12,0,0,92
2025-01-11,SKU083,WH001,291,6,25,13,0,1,308
2025-01-11,SKU123,WH001,27,11,0,7,0,0,31
2025-01-11,SKU138,WH005,110,15,0,6,0,1,118
2025-01-12,SKU036,WH004,394,10,0,15,0,1,388
2025-01-12,SKU135,WH004,242,6,0,9,0,2,237
2025-01-12,SKU043,WH002,240,5,14,19,0,1,239
2025-01-12,SKU051,WH002,48,16,0,9,0,1,54
2025-01-12,SKU011,WH004,162,10,27,26,1,0,172
2025-01-12,SKU053,WH004,31,9,0,21,1,0,18
2025-01-12,SKU107,WH005,157,11,23,28,0,0,163
2025-01-12,SKU109,WH005,137,6,0,8,0,0,135
2025-01-12,SKU146,WH001,286,19,0,15,0,1,289
2025-01-12,SKU010,WH002,206,24,0,26,0,0,204
2025-01-12,SKU126,WH001,97,2,41,21,1,1,117
2025-01-12,SKU042,WH003,90,17,0,6,0,0,101
2025-01-12,SKU118,WH001,151,17,17,20,0,1,164
2025-01-12,SKU003,WH005,57,13,0,6,0,0,64
2025-01-12,SKU077,WH002,187,7,22,14,0,0,202
2025-01-12,SKU006,WH005,466,18,34,34,0,1,483
2025-01-12,SKU149,WH003,230,13,31,17,0,0,257
2025-01-12,SKU026,WH001,114,2,0,24,0,0,92
2025-01-12,SKU037,WH003,100,14,0,19,1,0,94
2025-01-12,SKU068,WH003,75,7,0,5,0,0,77
2025-01-12,SKU112,WH003,24,5,9,11,0,0,27
2025-01-12,SKU061,WH003,128,16,2,5,0,0,141
2025-01-12,SKU089,WH005,42,14,0,6,0,1,49
2025-01-12,SKU001,WH004,155,15,0,12,0,0,158
2025-01-12,SKU047,WH002,127,11,0,8,0,0,130
2025-01-12,SKU058,WH004,385,12,0,24,1,0,372
2025-01-12,SKU069,WH005,172,5,0,42,0,0,135
2025-01-12,SKU104,WH004,144,16,0,13,0,0,147
2025-01-12,SKU065,WH004,114,17,0,15,1,0,115
2025-01-12,SKU022,WH002,459,21,0,29,0,0,451
2025-01-12,SKU091,WH001,39,16,0,8,0,0,47
2025-01-12,SKU103,WH001,16,11,10,6,0,0,31
2025-01-12,SKU012,WH002,61,4,13,6,0,0,72
2025-01-12,SKU129,WH005,180,14,29,25,0,0,198
2025-01-12,SKU102,WH005,319,16,0,26,0,0,309
2025-01-12,SKU048,WH003,78,10,0,6,0,0,82
2025-01-12,SKU009,WH001,93,15,0,8,0,1,99
2025-01-12,SKU130,WH003,153,4,0,19,1,0,137
2025-01-12,SKU133,WH004,60,12,8,7,0,0,73
2025-01-12,SKU073,WH001,218,4,0,35,0,0,187
2025-01-12,SKU016,WH001,126,10,0,15,0,0,121
2025-01-12,SKU063,WH001,240,14,0,37,0,1,216
2025-01-12,SKU079,WH003,215,7,42,36,1,0,227
2025-01-12,SKU076,WH004,152,10,0,24,0,0,138
2025-01-12,SKU148,WH002,139,3,0,15,1,1,125
2025-01-13,SKU014,WH003,129,2,42,41,0,1,131
2025-01-13,SKU082,WH001,249,10,27,20,0,0,266
2025-01-13,SKU145,WH002,160,26,0,34,0,0,152
2025-01-13,SKU044,WH001,201,16,0,22,0,1,194
2025-01-13,SKU079,WH004,296,10,0,30,0,1,275
2025-01-13,SKU012,WH002,72,9,0,12,0,0,69
2025-01-13,SKU104,WH002,107,11,0,8,0,0,110
2025-01-13,SKU131,WH001,94,9,7,14,1,0,95
2025-01-13,SKU105,WH002,93,6,0,9,0,0,90
2025-01-13,SKU088,WH004,18,6,5,1,0,0,28
2025-01-13,SKU138,WH003,29,11,0,5,0,0,35
2025-01-13,SKU024,WH005,202,23,20,21,0,1,223
2025-01-13,SKU126,WH003,143,4,26,22,0,0,151
2025-01-13,SKU016,WH004,463,13,30,21,1,0,484
2025-01-13,SKU127,WH004,410,3,0,19,0,0,394
2025-01-13,SKU029,WH004,642,8,43,28,0,1,664
2025-01-13,SKU101,WH002,274,5,0,25,0,0,254
2025-01-13,SKU013,WH003,142,13,0,10,0,1,144
2025-01-13,SKU072,WH002,248,4,0,28,0,0,224
2025-01-13,SKU063,WH004,158,13,0,31,0,0,140
2025-01-13,SKU122,WH001,56,12,20,15,1,0,72
2025-01-13,SKU071,WH002,93,9,9,9,0,0,102
2025-01-13,SKU139,WH001,214,10,0,28,0,1,195
2025-01-13,SKU089,WH005,66,21,0,8,0,0,79
2025-01-13,SKU108,WH003,642,8,0,34,0,1,615
2025-01-13,SKU026,WH005,209,1,0,23,0,0,187
2025-01-13,SKU095,WH002,128,13,12,11,1,0,141
2025-01-13,SKU046,WH002,230,7,0,27,0,1,209
2025-01-13,SKU120,WH001,138,3,11,11,0,0,141
2025-01-13,SKU098,WH004,421,8,27,39,0,0,417
2025-01-13,SKU033,WH005,250,8,0,28,0,2,228
2025-01-13,SKU030,WH001,111,15,0,19,1,0,106
2025-01-13,SKU003,WH004,71,10,0,8,0,0,73
2025-01-13,SKU023,WH002,132,17,0,20,0,0,129
2025-01-13,SKU010,WH005,319,17,30,24,0,1,341
2025-01-13,SKU048,WH004,87,11,7,5,0,0,100
2025-01-13,SKU125,WH005,89,3,42,38,1,0,95
2025-01-13,SKU094,WH001,196,6,33,24,0,1,210
2025-01-13,SKU102,WH002,524,14,0,19,0,1,518
2025-01-13,SKU017,WH001,262,13,0,14,0,1,260
2025-01-13,SKU097,WH002,49,7,7,4,0,1,58
2025-01-13,SKU136,WH005,193,12,19,19,1,0,204
2025-01-13,SKU060,WH002,80,5,0,20,0,0,65
2025-01-13,SKU039,WH003,247,11,0,36,0,0,222
2025-01-13,SKU019,WH001,612,13,0,39,1,0,585
2025-01-14,SKU089,WH003,60,15,0,8,0,0,67
2025-01-14,SKU050,WH001,199,3,0,29,0,1,172
2025-01-14,SKU083,WH004,102,3,0,23,0,0,82
2025-01-14,SKU115,WH005,49,8,0,11,0,0,46
2025-01-14,SKU099,WH005,372,8,0,19,0,0,361
2025-01-14,SKU079,WH001,517,3,39,22,1,0,536
2025-01-14,SKU141,WH002,38,16,0,6,0,0,48
2025-01-14,SKU043,WH001,239,3,0,18,0,0,224
2025-01-14,SKU128,WH003,144,6,22,22,1,0,149
2025-01-14,SKU084,WH001,82,2,8,5,0,0,87
2025-01-14,SKU104,WH004,144,16,15,16,1,0,158
2025-01-14,SKU111,WH004,491,11,0,36,0,1,465
2025-01-14,SKU012,WH001,134,9,16,6,0,0,153
2025-01-14,SKU127,WH005,84,8,0,19,0,0,73
2025-01-14,SKU074,WH004,250,19,0,40,1,0,228
2025-01-14,SKU121,WH002,343,13,0,13,0,3,340
2025-01-14,SKU021,WH005,143,23,14,19,0,1,160
2025-01-14,SKU041,WH002,341,13,0,29,0,0,325
2025-01-14,SKU123,WH001,165,17,0,12,0,0,170
2025-01-14,SKU028,WH002,246,9,0,16,0,0,239
2025-01-14,SKU082,WH001,210,10,0,15,1,0,204
2025-01-14,SKU027,WH003,260,8,16,21,0,0,263
2025-01-14,SKU149,WH001,120,10,32,31,1,0,130
2025-01-14,SKU094,WH004,285,4,0,25,0,0,264
2025-01-14,SKU006,WH001,181,12,0,25,0,1,167
2025-01-14,SKU003,WH004,122,23,18,12,0,0,151
2025-01-14,SKU119,WH002,437,20,29,20,0,3,463
2025-01-14,SKU118,WH001,183,18,15,12,0,1,203
2025-01-14,SKU085,WH002,295,3,0,32,0,1,265
2025-01-14,SKU148,WH001,155,5,0,15,0,0,145
2025-01-14,SKU016,WH004,184,14,23,14,0,1,206
2025-01-14,SKU106,WH002,328,20,0,28,0,0,320
2025-01-14,SKU138,WH001,44,20,0,4,0,0,60
2025-01-14,SKU015,WH005,24,5,8,10,0,0,27
2025-01-14,SKU096,WH002,374,16,35,27,0,0,398
2025-01-14,SKU122,WH001,187,18,0,21,1,0,183
2025-01-14,SKU049,WH004,177,11,0,18,0,1,169
2025-01-14,SKU076,WH001,91,6,0,14,0,0,83
2025-01-14,SKU025,WH005,325,15,15,19,0,0,336
2025-01-14,SKU065,WH004,129,28,0,10,0,0,147
2025-01-14,SKU150,WH005,104,14,0,18,0,0,100
2025-01-14,SKU001,WH005,300,9,0,22,0,0,287
2025-01-14,SKU135,WH005,237,7,0,14,0,1,229
2025-01-14,SKU045,WH005,385,12,19,14,0,0,402
2025-01-14,SKU133,WH003,46,18,14,7,0,0,71
2025-01-15,SKU116,WH003,273,23,30,18,0,0,308
2025-01-15,SKU065,WH003,60,26,0,3,0,0,83
2025-01-15,SKU066,WH001,178,17,0,15,0,1,179
2025-01-15,SKU111,WH004,427,17,0,35,0,1,408
2025-01-15,SKU129,WH004,683,14,0,23,0,1,673
2025-01-15,SKU005,WH002,190,4,0,10,0,0,184
2025-01-15,SKU119,WH002,86,17,0,21,0,0,82
2025-01-15,SKU114,WH001,87,9,18,11,0,0,103
2025-01-15,SKU047,WH001,106,5,0,12,0,0,99
2025-01-15,SKU044,WH001,243,19,34,27,0,1,268
2025-01-15,SKU040,WH005,173,17,14,18,1,0,185
2025-01-15,SKU099,WH002,399,12,0,29,0,1,381
2025-01-15,SKU101,WH001,224,2,0,22,0,0,204
2025-01-15,SKU058,WH004,232,9,0,33,0,1,207
2025-01-15,SKU023,WH004,295,14,0,11,0,0,298
2025-01-15,SKU147,WH005,261,6,0,24,0,1,242
2025-01-15,SKU003,WH003,58,19,0,8,0,0,69
2025-01-15,SKU092,WH001,273,6,0,18,0,0,261
2025-01-15,SKU132,WH003,737,17,50,22,1,0,781
2025-01-15,SKU130,WH004,290,1,0,17,0,2,272
2025-01-15,SKU110,WH001,261,14,0,20,0,2,253
2025-01-15,SKU078,WH003,177,10,0,17,0,0,170
2025-01-15,SKU011,WH003,193,4,0,26,0,1,170
2025-01-15,SKU016,WH003,116,17,0,17,0,2,114
2025-01-15,SKU062,WH005,138,4,0,12,0,0,130
2025-01-15,SKU019,WH001,490,18,0,40,0,2,466
2025-01-15,SKU109,WH002,150,8,14,7,0,0,165
2025-01-15,SKU137,WH004,83,14,0,3,0,0,94
2025-01-15,SKU146,WH001,365,11,18,16,0,1,377
2025-01-15,SKU120,WH004,400,2,0,17,1,0,384
2025-01-15,SKU030,WH005,126,20,0,24,0,0,122
2025-01-15,SKU060,WH002,71,10,0,11,0,0,70
2025-01-15,SKU063,WH005,634,10,0,23,0,0,621
2025-01-15,SKU134,WH005,244,2,0,28,0,0,218
2025-01-15,SKU028,WH005,168,4,0,14,0,1,157
2025-01-15,SKU136,WH005,280,12,35,24,0,1,302
2025-01-15,SKU079,WH001,559,5,0,35,0,3,526
2025-01-15,SKU143,WH001,82,25,13,11,0,0,109
2025-01-15,SKU123,WH003,31,11,0,4,0,0,38
2025-01-15,SKU087,WH002,382,10,32,22,0,0,402
2025-01-15,SKU071,WH005,177,8,0,10,0,1,174
2025-01-15,SKU059,WH004,102,15,0,4,0,1,112
2025-01-15,SKU017,WH001,308,16,0,23,1,0,300
2025-01-15,SKU055,WH005,228,14,0,17,0,1,224
2025-01-15,SKU091,WH001,15,17,8,6,0,0,34
2025-01-16,SKU094,WH005,253,8,24,22,0,1,262
2025-01-16,SKU107,WH004,31,7,37,28,0,0,47
2025-01-16,SKU141,WH003,49,16,0,8,0,0,57
2025-01-16,SKU097,WH003,59,16,0,9,0,0,66
2025-01-16,SKU078,WH003,91,8,0,14,0,0,85
2025-01-16,SKU024,WH001,220,18,28,17,0,0,249
2025-01-16,SKU122,WH004,455,15,0,16,1,0,453
2025-01-16,SKU048,WH003,33,10,0,7,0,0,36
2025-01-16,SKU070,WH001,291,13,28,21,0,1,310
2025-01-16,SKU116,WH001,157,13,0,31,0,0,139
2025-01-16,SKU113,WH005,89,13,14,13,1,0,102
2025-01-16,SKU090,WH005,206,6,0,13,0,0,199
2025-01-16,SKU126,WH003,91,7,0,29,0,0,69
2025-01-16,SKU043,WH005,179,5,21,16,1,0,188
2025-01-16,SKU016,WH005,283,10,0,19,0,1,273
2025-01-16,SKU003,WH005,142,10,9,7,0,0,154
2025-01-16,SKU063,WH002,653,12,0,40,0,1,624
2025-01-16,SKU145,WH002,460,12,0,27,0,1,444
2025-01-16,SKU088,WH005,40,9,4,8,0,1,44
2025-01-16,SKU020,WH001,58,27,0,10,0,0,75
2025-01-16,SKU096,WH005,594,24,0,38,1,0,579
2025-01-16,SKU139,WH003,34,8,35,23,2,0,52
2025-01-16,SKU082,WH002,152,7,0,19,0,0,140
2025-01-16,SKU029,WH004,405,18,0,22,0,2,399
2025-01-16,SKU092,WH005,199,9,26,23,0,1,210
2025-01-16,SKU056,WH004,206,1,0,16,0,1,190
2025-01-16,SKU061,WH001,47,11,7,3,0,0,62
2025-01-16,SKU011,WH004,202,6,0,16,0,0,192
2025-01-16,SKU055,WH001,93,18,0,15,0,0,96
2025-01-16,SKU031,WH005,404,3,0,33,0,1,373
2025-01-16,SKU103,WH001,71,13,0,8,0,0,76
2025-01-16,SKU007,WH004,167,7,0,13,0,1,160
2025-01-16,SKU130,WH001,73,5,13,17,1,0,73
2025-01-16,SKU091,WH005,92,23,0,4,0,0,111
2025-01-16,SKU062,WH005,186,6,13,13,0,0,192
2025-01-16,SKU014,WH002,149,1,0,23,0,0,127
2025-01-16,SKU080,WH004,151,10,0,3,0,0,158
2025-01-16,SKU058,WH002,517,12,0,23,0,1,505
2025-01-16,SKU060,WH004,249,10,0,21,0,0,238
2025-01-16,SKU032,WH001,110,20,0,9,0,0,121
2025-01-16,SKU086,WH004,21,26,0,13,0,0,34
2025-01-16,SKU124,WH003,94,7,0,11,0,0,90
2025-01-16,SKU005,WH004,149,4,0,11,0,0,142
2025-01-16,SKU042,WH002,66,21,0,1,0,0,86
2025-01-16,SKU136,WH001,184,8,0,15,0,0,177
2025-01-17,SKU105,WH004,85,4,5,11,0,0,83
2025-01-17,SKU080,WH003,72,11,3,8,0,1,77
2025-01-17,SKU072,WH001,283,7,42,31,0,0,301
2025-01-17,SKU005,WH001,175,8,0,17,1,0,165
2025-01-17,SKU018,WH004,353,7,0,14,0,2,344
2025-01-17,SKU101,WH001,97,0,0,15,0,0,82
2025-01-17,SKU079,WH005,675,7,25,28,0,2,677
2025-01-17,SKU143,WH005,308,17,14,15,0,0,324
2025-01-17,SKU087,WH002,562,21,0,24,0,0,559
2025-01-17,SKU144,WH005,114,11,0,7,2,0,116
2025-01-17,SKU016,WH001,117,8,0,16,1,2,106
2025-01-17,SKU024,WH002,303,9,0,17,0,1,294
2025-01-17,SKU128,WH005,469,3,0,13,0,1,458
2025-01-17,SKU115,WH005,152,3,11,10,0,0,156
2025-01-17,SKU092,WH004,269,12,0,22,2,0,257
2025-01-17,SKU129,WH001,428,18,0,24,0,2,420
2025-01-17,SKU069,WH002,854,5,0,38,0,2,819
2025-01-17,SKU071,WH001,142,9,0,4,0,0,147
2025-01-17,SKU063,WH003,318,15,0,34,1,1,297
2025-01-17,SKU014,WH004,258,7,0,36,0,1,228
2025-01-17,SKU098,WH003,178,2,0,29,0,0,151
2025-01-17,SKU093,WH001,585,4,35,37,0,2,585
2025-01-17,SKU001,WH002,61,18,0,13,1,0,65
2025-01-17,SKU084,WH004,95,7,0,4,0,0,98
2025-01-17,SKU131,WH001,75,6,0,8,0,0,73
2025-01-17,SKU032,WH005,38,13,0,4,0,0,47
2025-01-17,SKU106,WH002,232,18,0,33,2,0,215
2025-01-17,SKU137,WH002,97,16,0,6,0,1,106
2025-01-17,SKU134,WH002,273,4,0,30,0,1,246
2025-01-17,SKU119,WH003,513,19,27,30,0,4,525
2025-01-17,SKU053,WH005,190,14,0,22,0,0,182
2025-01-17,SKU085,WH004,769,3,0,44,0,2,726
2025-01-17,SKU077,WH002,330,4,27,20,0,1,340
2025-01-17,SKU038,WH004,143,10,0,31,0,0,122
2025-01-17,SKU076,WH004,102,7,0,20,1,0,88
2025-01-17,SKU011,WH002,431,6,27,35,0,1,428
2025-01-17,SKU116,WH001,221,17,0,27,1,1,209
2025-01-17,SKU149,WH001,227,11,0,28,1,1,208
2025-01-17,SKU047,WH001,116,5,0,7,0,0,114
2025-01-17,SKU002,WH002,343,10,0,27,0,0,326
2025-01-17,SKU111,WH004,83,22,36,31,0,0,110
2025-01-17,SKU060,WH002,292,5,0,10,0,0,287
2025-01-17,SKU123,WH004,120,11,0,10,0,1,120
2025-01-17,SKU112,WH001,23,5,0,13,0,0,15
2025-01-17,SKU062,WH003,104,6,0,11,1,0,98
2025-01-18,SKU054,WH005,228,11,24,16,1,0,246
2025-01-18,SKU082,WH001,105,4,25,27,0,3,104
2025-01-18,SKU065,WH005,53,9,12,11,0,0,63
2025-01-18,SKU031,WH003,386,3,0,33,0,1,355
2025-01-18,SKU070,WH004,79,6,0,22,0,0,63
2025-01-18,SKU131,WH003,46,9,0,6,0,0,49
2025-01-18,SKU114,WH002,95,7,17,21,0,1,97
2025-01-18,SKU072,WH003,283,3,0,43,0,0,243
2025-01-18,SKU118,WH005,336,19,0,23,1,1,330
2025-01-18,SKU079,WH005,370,5,37,34,0,0,378
2025-01-18,SKU038,WH004,600,15,0,26,0,2,587
2025-01-18,SKU081,WH004,219,10,40,27,0,0,242
2025-01-18,SKU050,WH005,381,5,0,30,0,0,356
2025-01-18,SKU076,WH004,169,10,22,21,0,0,180
2025-01-18,SKU101,WH005,303,4,0,21,0,2,284
2025-01-18,SKU111,WH002,1405,17,0,37,1,1,1383
2025-01-18,SKU139,WH003,611,11,39,26,1,0,634
2025-01-18,SKU109,WH005,173,8,0,11,0,0,170
2025-01-18,SKU092,WH002,166,9,35,29,0,0,181
2025-01-18,SKU084,WH003,45,5,0,5,0,0,45
2025-01-18,SKU063,WH002,364,9,0,30,1,1,341
2025-01-18,SKU150,WH005,301,18,0,16,0,1,302
2025-01-18,SKU148,WH001,348,0,17,23,0,0,342
2025-01-18,SKU013,WH004,44,14,20,23,1,0,54
2025-01-18,SKU029,WH001,94,7,0,26,1,0,74
2025-01-18,SKU116,WH003,466,13,0,25,0,1,453
2025-01-18,SKU077,WH001,140,7,0,17,0,1,129
2025-01-18,SKU022,WH002,174,17,0,22,0,0,169
2025-01-18,SKU080,WH004,50,16,8,8,0,0,66
2025-01-18,SKU005,WH004,6,1,12,13,0,0,6
2025-01-18,SKU012,WH002,101,7,0,12,0,0,96
2025-01-18,SKU147,WH005,239,5,0,19,0,1,224
2025-01-18,SKU015,WH003,147,9,6,6,0,1,155
2025-01-18,SKU052,WH002,51,10,0,6,0,0,55
2025-01-18,SKU094,WH003,745,8,24,28,0,1,748
2025-01-18,SKU026,WH003,200,4,0,35,0,1,168
2025-01-18,SKU087,WH004,303,20,0,23,0,0,300
2025-01-18,SKU128,WH001,122,4,11,11,0,0,126
2025-01-18,SKU141,WH002,118,15,0,5,0,0,128
2025-01-18,SKU108,WH004,770,12,0,35,1,2,744
2025-01-18,SKU136,WH004,408,9,0,21,0,0,396
2025-01-18,SKU047,WH001,112,6,0,10,0,0,108
2025-01-18,SKU106,WH001,349,18,31,21,0,0,377
2025-01-18,SKU096,WH003,171,14,39,29,0,1,194
2025-01-18,SKU062,WH003,137,7,0,10,0,0,134
2025-01-19,SKU086,WH004,200,10,30,17,0,1,222
2025-01-19,SKU112,WH001,60,9,12,6,0,0,75
2025-01-19,SKU015,WH004,55,4,12,11,0,0,60
2025-01-19,SKU128,WH002,113,2,0,9,1,0,105
2025-01-19,SKU092,WH004,167,5,0,21,1,0,150
2025-01-19,SKU121,WH001,297,4,10,11,0,1,299
2025-01-19,SKU034,WH002,117,11,0,19,0,0,109
2025-01-19,SKU082,WH004,208,10,0,24,0,1,193
2025-01-19,SKU091,WH001,36,18,0,10,0,0,44
2025-01-19,SKU011,WH002,165,6,0,29,1,2,139
2025-01-19,SKU022,WH003,159,9,0,26,0,0,142
2025-01-19,SKU002,WH002,359,13,30,19,0,2,381
2025-01-19,SKU071,WH001,118,13,0,7,0,0,124
2025-01-19,SKU021,WH004,432,28,0,15,0,0,445
2025-01-19,SKU035,WH002,224,19,0,20,0,1,222
2025-01-19,SKU101,WH004,74,3,0,22,0,0,55
2025-01-19,SKU055,WH002,111,12,0,23,0,0,100
2025-01-19,SKU104,WH001,35,18,0,12,0,0,41
2025-01-19,SKU146,WH005,112,21,0,18,0,0,115
2025-01-19,SKU009,WH005,29,18,0,13,0,0,34
2025-01-19,SKU079,WH003,177,7,0,26,0,0,158
2025-01-19,SKU129,WH002,520,13,0,17,0,1,515
2025-01-19,SKU136,WH001,296,19,0,19,0,0,296
2025-01-19,SKU056,WH003,93,5,0,13,0,0,85
2025-01-19,SKU140,WH001,59,11,24,20,0,0,74
2025-01-19,SKU100,WH003,109,11,13,8,0,0,125
2025-01-19,SKU097,WH002,96,9,0,6,0,0,99
2025-01-19,SKU050,WH004,824,5,0,25,0,2,802
2025-01-19,SKU118,WH005,411,18,0,15,0,1,413
2025-01-19,SKU043,WH001,296,8,10,19,0,0,295
2025-01-19,SKU010,WH004,361,19,0,25,1,0,354
2025-01-19,SKU025,WH002,180,10,0,16,0,1,173
2025-01-19,SKU059,WH005,95,15,0,4,0,0,106
2025-01-19,SKU057,WH003,479,20,0,20,1,1,477
2025-01-19,SKU106,WH004,44,8,0,25,1,0,26
2025-01-19,SKU072,WH005,253,4,0,32,0,0,225
2025-01-19,SKU115,WH001,78,6,0,7,0,0,77
2025-01-19,SKU095,WH004,284,16,0,10,0,1,289
2025-01-19,SKU145,WH004,518,9,0,42,0,1,484
2025-01-19,SKU069,WH004,525,7,0,36,2,2,492
2025-01-19,SKU023,WH001,355,15,0,22,0,0,348
2025-01-19,SKU133,WH001,109,20,0,5,0,0,124
2025-01-19,SKU003,WH003,94,14,0,5,0,0,103
2025-01-19,SKU116,WH005,666,15,23,26,0,3,675
2025-01-19,SKU038,WH004,446,10,0,21,0,2,433
2025-01-20,SKU058,WH001,544,15,0,28,0,1,530
2025-01-20,SKU078,WH005,150,13,0,27,0,0,136
2025-01-20,SKU027,WH004,52,6,0,20,0,0,38
2025-01-20,SKU045,WH005,65,12,18,14,0,0,81
2025-01-20,SKU083,WH003,169,4,14,24,0,0,163
2025-01-20,SKU085,WH002,388,2,40,39,0,1,390
2025-01-20,SKU060,WH005,137,4,0,17,0,1,123
2025-01-20,SKU007,WH001,69,7,0,14,0,0,62
2025-01-20,SKU037,WH003,180,19,0,23,0,0,176
2025-01-20,SKU031,WH004,264,8,0,36,0,1,235
2025-01-20,SKU069,WH002,469,2,0,29,1,0,441
2025-01-20,SKU114,WH004,147,4,0,19,0,1,131
2025-01-20,SKU097,WH002,54,7,6,6,0,0,61
2025-01-20,SKU074,WH003,757,19,0,32,1,2,741
2025-01-20,SKU047,WH004,84,8,0,14,0,0,78
2025-01-20,SKU116,WH003,339,24,25,30,0,0,358
2025-01-20,SKU120,WH001,152,0,17,18,0,0,151
2025-01-20,SKU013,WH003,128,21,0,20,0,1,128
2025-01-20,SKU130,WH004,149,6,0,19,0,0,136
2025-01-20,SKU039,WH001,646,13,0,30,0,0,629
2025-01-20,SKU052,WH003,46,12,0,4,0,0,54
2025-01-20,SKU121,WH004,82,14,0,24,1,0,71
2025-01-20,SKU073,WH004,466,4,0,34,0,1,435
2025-01-20,SKU080,WH004,108,21,0,6,0,0,123
2025-01-20,SKU107,WH004,139,3,0,21,0,0,121
2025-01-20,SKU026,WH002,817,2,35,26,0,1,827
2025-01-20,SKU143,WH005,186,18,0,15,1,0,188
2025-01-20,SKU038,WH004,120,18,0,22,0,2,114
2025-01-20,SKU124,WH002,71,3,0,13,0,0,61
2025-01-20,SKU070,WH003,429,4,26,16,0,3,440
2025-01-20,SKU140,WH002,111,19,23,22,0,0,131
2025-01-20,SKU049,WH005,303,5,0,18,0,0,290
2025-01-20,SKU093,WH005,861,3,0,31,1,2,830
2025-01-20,SKU135,WH004,123,9,0,7,0,0,125
2025-01-20,SKU006,WH004,290,10,0,21,0,0,279
2025-01-20,SKU123,WH002,52,8,0,11,0,0,49
2025-01-20,SKU112,WH001,27,8,0,10,0,0,25
2025-01-20,SKU144,WH005,48,16,0,7,1,0,56
2025-01-20,SKU009,WH002,230,11,11,10,1,0,241
2025-01-20,SKU072,WH001,335,0,0,32,0,1,302
2025-01-20,SKU053,WH005,144,6,0,19,0,0,131
2025-01-20,SKU062,WH002,413,8,14,13,1,0,421
2025-01-20,SKU050,WH004,162,6,0,25,0,0,143
2025-01-20,SKU132,WH004,412,18,44,35,0,0,439
2025-01-20,SKU102,WH002,354,12,27,26,0,2,365
2025-01-21,SKU045,WH003,500,20,0,13,1,3,503
2025-01-21,SKU037,WH001,540,13,0,13,0,1,539
2025-01-21,SKU116,WH004,255,18,0,24,0,1,248
2025-01-21,SKU027,WH002,455,10,0,12,0,0,453
2025-01-21,SKU062,WH002,527,6,0,15,0,0,518
2025-01-21,SKU028,WH001,149,8,0,11,0,2,144
2025-01-21,SKU081,WH003,540,4,0,25,0,1,518
2025-01-21,SKU006,WH003,294,13,0,28,0,0,279
2025-01-21,SKU063,WH001,269,10,32,39,0,0,272
2025-01-21,SKU125,WH005,174,1,44,35,0,0,184
2025-01-21,SKU031,WH001,246,8,0,30,0,0,224
2025-01-21,SKU101,WH005,335,4,0,23,0,2,314
2025-01-21,SKU103,WH004,117,17,2,9,0,1,126
2025-01-21,SKU139,WH003,461,9,0,40,0,1,429
2025-01-21,SKU013,WH005,203,14,0,14,0,1,202
2025-01-21,SKU011,WH004,370,7,0,23,0,0,354
2025-01-21,SKU122,WH005,360,11,0,16,0,0,355
2025-01-21,SKU117,WH004,71,7,0,5,0,0,73
2025-01-21,SKU094,WH003,514,6,0,24,0,3,493
2025-01-21,SKU021,WH002,84,20,13,13,0,0,104
2025-01-21,SKU005,WH004,147,6,0,19,0,0,134
2025-01-21,SKU076,WH004,195,6,0,15,0,0,186
2025-01-21,SKU127,WH001,232,5,0,18,0,1,218
2025-01-21,SKU077,WH003,228,4,0,26,0,0,206
2025-01-21,SKU141,WH002,49,10,10,8,0,1,60
2025-01-21,SKU091,WH001,30,10,0,9,0,0,31
2025-01-21,SKU068,WH005,78,3,13,10,0,0,84
2025-01-21,SKU029,WH001,379,17,0,19,0,0,377
2025-01-21,SKU128,WH003,20,5,15,13,0,0,27
2025-01-21,SKU043,WH004,135,6,0,15,0,0,126
2025-01-21,SKU114,WH004,97,13,18,15,0,0,113
2025-01-21,SKU026,WH004,113,1,0,31,0,0,83
2025-01-21,SKU014,WH002,569,8,0,37,0,1,539
2025-01-21,SKU088,WH002,38,16,0,4,0,0,50
2025-01-21,SKU134,WH003,211,3,0,29,0,2,183
2025-01-21,SKU017,WH001,280,21,0,33,0,1,267
2025-01-21,SKU030,WH002,45,17,0,28,1,0,33
2025-01-21,SKU044,WH003,520,18,36,30,0,1,543
2025-01-21,SKU079,WH005,442,4,27,29,0,1,443
2025-01-21,SKU049,WH004,446,6,27,22,0,1,456
2025-01-21,SKU083,WH001,396,3,22,20,1,1,399
2025-01-21,SKU123,WH003,143,3,6,12,1,0,139
2025-01-21,SKU093,WH002,282,2,0,27,0,0,257
2025-01-21,SKU106,WH004,319,12,25,26,1,1,328
2025-01-21,SKU036,WH003,141,21,25,17,0,0,170
2025-01-22,SKU098,WH001,392,1,30,18,0,1,404
2025-01-22,SKU143,WH004,242,18,18,8,0,1,269
2025-01-22,SKU013,WH004,36,11,0,9,0,0,38
2025-01-22,SKU121,WH004,136,7,19,13,0,1,148
2025-01-22,SKU111,WH003,374,12,45,22,0,1,408
2025-01-22,SKU084,WH001,89,7,0,4,0,0,92
2025-01-22,SKU106,WH001,157,8,0,24,0,0,141
2025-01-22,SKU048,WH001,79,18,6,13,0,1,89
2025-01-22,SKU150,WH005,51,19,26,21,0,0,75
2025-01-22,SKU047,WH004,21,7,0,7,0,0,21
2025-01-22,SKU129,WH001,171,12,26,21,0,3,185
2025-01-22,SKU076,WH005,74,8,22,8,0,0,96
2025-01-22,SKU014,WH004,453,5,0,29,0,0,429
2025-01-22,SKU044,WH005,255,17,0,32,1,1,238
2025-01-22,SKU077,WH003,150,9,0,19,0,0,140
2025-01-22,SKU088,WH005,27,7,0,5,0,0,29
2025-01-22,SKU018,WH004,101,5,23,18,0,0,111
2025-01-22,SKU054,WH002,91,15,35,18,0,0,123
2025-01-22,SKU110,WH001,207,13,0,19,0,0,201
2025-01-22,SKU120,WH002,94,4,13,12,0,1,98
2025-01-22,SKU003,WH005,73,9,0,4,0,0,78
2025-01-22,SKU092,WH002,100,13,20,17,0,0,116
2025-01-22,SKU037,WH003,219,14,19,17,0,1,234
2025-01-22,SKU085,WH002,974,3,0,24,0,5,948
2025-01-22,SKU132,WH001,415,12,0,40,1,1,385
2025-01-22,SKU060,WH004,535,11,0,13,1,1,531
2025-01-22,SKU036,WH004,133,14,0,19,1,1,126
2025-01-22,SKU097,WH001,114,3,11,5,0,0,123
2025-01-22,SKU015,WH004,114,10,0,7,0,0,117
2025-01-22,SKU058,WH003,452,12,34,24,0,1,473
2025-01-22,SKU127,WH004,72,4,39,28,1,0,86
2025-01-22,SKU113,WH005,166,11,0,10,0,0,167
2025-01-22,SKU138,WH003,15,7,0,3,0,0,19
2025-01-22,SKU029,WH002,192,16,24,28,0,0,204
2025-01-22,SKU049,WH005,347,7,25,20,0,0,359
2025-01-22,SKU131,WH005,58,6,0,8,0,1,55
2025-01-22,SKU099,WH003,378,12,38,25,0,2,401
2025-01-22,SKU082,WH002,593,4,0,33,0,1,563
2025-01-22,SKU078,WH002,172,11,16,13,0,0,186
2025-01-22,SKU028,WH001,217,10,28,14,0,1,240
2025-01-22,SKU101,WH005,382,5,0,20,0,2,365
2025-01-22,SKU108,WH004,430,10,34,27,0,0,447
2025-01-22,SKU105,WH005,57,9,10,5,0,0,71
2025-01-22,SKU080,WH003,56,7,0,6,0,0,57
2025-01-22,SKU062,WH003,149,9,0,19,0,0,139
2025-01-23,SKU067,WH005,517,6,0,23,0,2,498
2025-01-23,SKU026,WH004,260,0,0,27,0,0,233
2025-01-23,SKU037,WH001,230,21,0,8,0,1,242
2025-01-23,SKU087,WH004,270,13,31,25,0,2,287
2025-01-23,SKU041,WH003,116,8,35,30,0,0,129
2025-01-23,SKU051,WH001,93,24,8,5,0,0,120
2025-01-23,SKU038,WH005,192,14,43,23,0,0,226
2025-01-23,SKU095,WH004,131,22,0,15,0,0,138
2025-01-23,SKU139,WH005,257,9,0,20,0,1,245
2025-01-23,SKU001,WH004,180,15,0,14,0,1,180
2025-01-23,SKU052,WH005,117,8,0,3,0,1,121
2025-01-23,SKU113,WH004,184,9,17,8,0,0,202
2025-01-23,SKU129,WH004,199,14,0,19,0,0,194
2025-01-23,SKU135,WH002,209,5,0,16,0,1,197
2025-01-23,SKU021,WH001,92,19,19,15,0,0,115
2025-01-23,SKU006,WH001,171,11,32,26,0,0,188
2025-01-23,SKU137,WH003,133,15,12,8,0,0,152
2025-01-23,SKU123,WH004,33,10,0,4,0,0,39
2025-01-23,SKU035,WH002,266,19,0,20,0,2,263
2025-01-23,SKU147,WH003,244,8,22,17,0,0,257
2025-01-23,SKU032,WH002,46,15,9,11,0,0,59
2025-01-23,SKU030,WH003,110,14,0,11,1,0,112
2025-01-23,SKU133,WH003,121,10,0,3,0,0,128
2025-01-23,SKU121,WH002,61,13,24,22,0,0,76
2025-01-23,SKU013,WH003,417,14,0,19,0,0,412
2025-01-23,SKU072,WH002,247,6,33,34,1,0,251
2025-01-23,SKU046,WH003,331,13,37,35,0,0,346
2025-01-23,SKU005,WH001,293,2,0,17,0,1,277
2025-01-23,SKU148,WH003,122,0,0,19,0,0,103
2025-01-23,SKU088,WH002,34,14,6,7,1,0,46
2025-01-23,SKU057,WH003,174,22,0,14,0,0,182
2025-01-23,SKU136,WH001,76,9,22,18,0,0,89
2025-01-23,SKU089,WH001,76,24,0,4,0,0,96
2025-01-23,SKU007,WH001,125,6,0,12,0,1,118
2025-01-23,SKU097,WH005,105,6,5,7,0,0,109
2025-01-23,SKU010,WH003,199,14,0,31,0,0,182
2025-01-23,SKU118,WH005,276,16,0,14,0,3,275
2025-01-23,SKU143,WH001,144,14,0,18,0,0,140
2025-01-23,SKU054,WH002,74,14,0,23,0,0,65
2025-01-23,SKU024,WH005,198,14,0,12,0,1,199
2025-01-23,SKU120,WH003,178,1,0,5,0,0,174
2025-01-23,SKU070,WH004,355,7,0,15,0,0,347
2025-01-23,SKU004,WH004,69,18,0,9,0,0,78
2025-01-23,SKU094,WH003,189,8,22,20,0,0,199
2025-01-23,SKU130,WH002,32,5,0,19,0,0,18
2025-01-24,SKU133,WH002,69,24,0,9,0,1,83
2025-01-24,SKU144,WH001,69,13,10,3,0,0,89
2025-01-24,SKU113,WH002,161,12,0,10,0,0,163
2025-01-24,SKU080,WH005,74,13,0,5,0,0,82
2025-01-24,SKU118,WH001,331,19,0,15,1,1,333
2025-01-24,SKU081,WH005,292,5,45,30,0,1,311
2025-01-24,SKU047,WH003,79,14,10,13,0,0,90
2025-01-24,SKU126,WH004,134,7,0,31,0,0,110
2025-01-24,SKU123,WH003,89,16,0,18,0,0,87
2025-01-24,SKU030,WH002,382,5,0,17,0,1,369
2025-01-24,SKU090,WH002,170,8,21,8,0,0,191
2025-01-24,SKU109,WH003,16,8,12,16,0,0,20
2025-01-24,SKU096,WH002,761,15,0,33,0,1,742
2025-01-24,SKU124,WH004,168,10,10,11,0,0,177
2025-01-24,SKU052,WH005,61,15,0,11,0,0,65
2025-01-24,SKU034,WH001,119,6,0,21,0,0,104
2025-01-24,SKU085,WH002,365,4,0,33,0,0,336
2025-01-24,SKU008,WH003,670,3,0,37,0,1,635
2025-01-24,SKU072,WH004,346,3,0,38,0,0,311
2025-01-24,SKU130,WH001,182,1,0,18,0,0,165
2025-01-24,SKU134,WH002,578,2,0,28,1,1,550
2025-01-24,SKU041,WH001,199,7,0,32,0,0,174
2025-01-24,SKU010,WH002,105,13,0,24,1,0,93
2025-01-24,SKU111,WH004,777,13,36,34,0,1,791
2025-01-24,SKU128,WH004,55,5,18,10,0,0,68
2025-01-24,SKU029,WH005,131,16,0,30,0,0,117
2025-01-24,SKU022,WH001,173,21,0,27,1,1,165
2025-01-24,SKU069,WH005,812,5,0,38,1,0,778
2025-01-24,SKU146,WH005,474,16,0,17,0,0,473
2025-01-24,SKU097,WH002,72,7,12,5,0,1,85
2025-01-24,SKU031,WH005,257,2,0,31,0,0,228
2025-01-24,SKU139,WH005,162,5,0,20,0,0,147
2025-01-24,SKU078,WH004,149,8,12,15,0,1,153
2025-01-24,SKU100,WH001,133,13,0,16,0,0,130
2025-01-24,SKU076,WH001,48,7,0,25,0,0,30
2025-01-24,SKU060,WH002,246,1,0,22,0,2,223
2025-01-24,SKU135,WH002,304,4,0,17,0,1,290
2025-01-24,SKU102,WH001,187,9,30,24,0,0,202
2025-01-24,SKU106,WH001,377,17,0,33,1,0,360
2025-01-24,SKU033,WH003,291,5,0,31,0,0,265
2025-01-24,SKU091,WH003,34,14,8,8,0,0,48
2025-01-24,SKU007,WH004,110,4,20,11,0,0,123
2025-01-24,SKU145,WH005,133,20,0,26,0,0,127
2025-01-24,SKU087,WH002,190,11,0,26,0,0,175
2025-01-24,SKU070,WH003,98,8,0,21,1,0,84
2025-01-25,SKU021,WH003,204,21,0,20,0,0,205
2025-01-25,SKU020,WH005,47,10,12,13,0,0,56
2025-01-25,SKU038,WH003,282,19,0,21,0,0,280
2025-01-25,SKU027,WH002,382,5,0,22,0,0,365
2025-01-25,SKU127,WH004,204,7,0,39,0,1,171
2025-01-25,SKU048,WH001,83,16,9,5,0,0,103
2025-01-25,SKU024,WH004,140,11,0,18,0,0,133
2025-01-25,SKU137,WH003,74,18,0,12,0,0,80
2025-01-25,SKU017,WH005,342,23,38,26,0,3,374
2025-01-25,SKU119,WH001,332,22,28,24,0,0,358
2025-01-25,SKU085,WH004,563,4,0,36,0,2,529
2025-01-25,SKU056,WH005,179,5,28,22,0,0,190
2025-01-25,SKU099,WH002,43,10,0,33,0,0,20
2025-01-25,SKU034,WH004,267,4,26,25,0,0,272
2025-01-25,SKU049,WH001,357,3,0,26,0,1,333
2025-01-25,SKU104,WH001,85,13,11,9,0,0,100
2025-01-25,SKU087,WH002,98,21,0,27,0,0,92
2025-01-25,SKU011,WH004,116,8,33,22,0,0,135
2025-01-25,SKU019,WH002,194,13,0,42,0,1,164
2025-01-25,SKU013,WH005,185,20,0,17,0,0,188
2025-01-25,SKU117,WH003,150,9,0,7,0,0,152
2025-01-25,SKU113,WH001,220,18,0,10,1,0,227
2025-01-25,SKU107,WH001,101,6,22,22,0,0,107
2025-01-25,SKU134,WH001,132,6,0,14,0,0,124
2025-01-25,SKU076,WH001,65,9,0,17,0,0,57
2025-01-25,SKU089,WH003,102,18,0,8,0,0,112
2025-01-25,SKU053,WH003,243,5,25,25,0,0,248
2025-01-25,SKU097,WH001,63,18,0,6,0,0,75
2025-01-25,SKU145,WH002,176,12,32,36,0,0,184
2025-01-25,SKU058,WH001,256,10,0,21,0,0,245
2025-01-25,SKU035,WH001,75,16,0,22,1,0,68
2025-01-25,SKU116,WH003,308,19,32,27,0,1,331
2025-01-25,SKU082,WH003,410,7,26,22,0,0,421
2025-01-25,SKU128,WH003,75,7,17,12,0,0,87
2025-01-25,SKU142,WH002,210,9,33,32,0,0,220
2025-01-25,SKU138,WH003,105,16,9,3,0,0,127
2025-01-25,SKU016,WH005,197,5,17,13,0,0,206
2025-01-25,SKU101,WH004,789,5,0,15,0,4,775
2025-01-25,SKU044,WH001,118,14,0,43,2,1,86
2025-01-25,SKU014,WH005,613,4,0,25,1,0,591
2025-01-25,SKU064,WH001,251,21,0,25,1,0,246
2025-01-25,SKU095,WH003,82,12,0,9,0,0,85
2025-01-25,SKU012,WH001,107,6,0,10,1,1,101
2025-01-25,SKU146,WH002,158,12,19,25,0,0,164
2025-01-25,SKU123,WH004,166,14,0,7,0,0,173
2025-01-26,SKU049,WH001,320,8,24,19,1,1,331
2025-01-26,SKU150,WH003,466,18,0,19,0,0,465
2025-01-26,SKU062,WH003,368,5,0,22,0,0,351
2025-01-26,SKU124,WH003,67,5,0,10,0,0,62
2025-01-26,SKU031,WH002,469,7,44,36,2,2,480
2025-01-26,SKU109,WH005,63,4,0,11,0,0,56
2025-01-26,SKU097,WH004,114,11,4,7,0,0,122
2025-01-26,SKU105,WH003,112,7,0,7,0,0,112
2025-01-26,SKU116,WH005,91,14,0,26,0,0,79
2025-01-26,SKU046,WH001,231,16,43,26,0,0,264
2025-01-26,SKU078,WH002,98,10,0,16,0,0,92
2025-01-26,SKU069,WH005,215,4,0,19,0,0,200
2025-01-26,SKU077,WH004,318,10,21,14,1,0,334
2025-01-26,SKU089,WH004,32,13,0,5,0,0,40
2025-01-26,SKU066,WH004,146,8,27,32,0,0,149
2025-01-26,SKU020,WH003,58,18,0,15,0,0,61
2025-01-26,SKU070,WH002,249,5,0,15,0,0,239
2025-01-26,SKU103,WH001,20,14,0,5,0,0,29
2025-01-26,SKU064,WH002,279,12,0,26,1,0,264
2025-01-26,SKU013,WH005,181,18,0,16,0,0,183
2025-01-26,SKU104,WH005,108,17,18,9,0,0,134
2025-01-26,SKU129,WH004,334,28,0,29,0,1,332
2025-01-26,SKU120,WH002,44,1,0,10,0,0,35
2025-01-26,SKU045,WH004,164,14,0,18,0,1,159
2025-01-26,SKU055,WH004,59,13,24,22,0,1,73
2025-01-26,SKU082,WH004,301,4,0,24,1,0,280
2025-01-26,SKU093,WH001,235,4,0,45,0,0,194
2025-01-26,SKU026,WH001,451,4,0,30,0,1,424
2025-01-26,SKU072,WH002,214,5,0,29,0,1,189
2025-01-26,SKU144,WH002,116,15,8,5,0,0,134
2025-01-26,SKU010,WH001,543,14,0,30,1,1,525
2025-01-26,SKU075,WH001,177,13,0,13,1,1,175
2025-01-26,SKU054,WH002,236,20,0,24,0,0,232
2025-01-26,SKU106,WH004,290,14,46,26,1,0,323
2025-01-26,SKU014,WH003,514,4,41,32,0,3,524
2025-01-26,SKU068,WH001,97,2,7,6,0,0,100
2025-01-26,SKU079,WH002,247,10,29,25,0,0,261
2025-01-26,SKU099,WH004,263,9,25,29,0,0,268
2025-01-26,SKU145,WH005,560,15,0,18,0,1,556
2025-01-26,SKU071,WH004,46,7,0,8,0,0,45
2025-01-26,SKU102,WH001,54,16,0,25,0,0,45
2025-01-26,SKU051,WH001,105,11,12,12,0,0,116
2025-01-26,SKU112,WH004,104,5,0,8,0,0,101
2025-01-26,SKU012,WH001,112,4,0,8,0,0,108
2025-01-26,SKU006,WH005,162,14,0,25,0,0,151
2025-01-27,SKU015,WH002,18,10,0,8,0,0,20
2025-01-27,SKU106,WH001,862,15,0,21,0,6,850
2025-01-27,SKU060,WH002,183,14,30,21,0,0,206
2025-01-27,SKU108,WH003,173,7,0,28,0,0,152
2025-01-27,SKU102,WH002,212,15,24,19,0,0,232
2025-01-27,SKU119,WH003,333,19,21,21,0,0,352
2025-01-27,SKU046,WH002,313,11,0,26,1,1,296
2025-01-27,SKU093,WH005,458,0,29,34,0,0,453
2025-01-27,SKU055,WH002,538,17,0,18,0,1,536
2025-01-27,SKU038,WH003,110,15,0,35,0,0,90
2025-01-27,SKU066,WH005,155,12,0,16,0,0,151
2025-01-27,SKU124,WH003,39,6,14,10,0,0,49
2025-01-27,SKU081,WH003,291,12,27,23,0,0,307
2025-01-27,SKU122,WH005,113,16,0,21,0,0,108
2025-01-27,SKU031,WH005,837,3,0,35,0,4,801
2025-01-27,SKU140,WH005,264,10,0,22,0,1,251
2025-01-27,SKU141,WH004,64,13,0,9,0,0,68
2025-01-27,SKU058,WH002,251,6,0,24,0,0,233
2025-01-27,SKU104,WH001,200,15,0,9,0,1,205
2025-01-27,SKU129,WH003,46,21,23,21,0,0,69
2025-01-27,SKU145,WH005,438,18,34,20,0,0,470
2025-01-27,SKU039,WH005,326,14,41,29,1,0,351
2025-01-27,SKU012,WH004,38,6,0,7,0,0,37
2025-01-27,SKU035,WH004,348,18,33,18,0,0,381
2025-01-27,SKU072,WH005,373,1,0,31,1,0,342
2025-01-27,SKU089,WH001,101,15,0,2,0,0,114
2025-01-27,SKU135,WH005,176,7,0,11,0,0,172
2025-01-27,SKU132,WH005,1349,13,36,35,0,3,1360
2025-01-27,SKU144,WH005,120,17,0,3,0,1,133
2025-01-27,SKU109,WH003,103,9,8,13,0,0,107
2025-01-27,SKU125,WH005,503,1,37,31,0,1,509
2025-01-27,SKU062,WH005,38,8,15,11,1,0,49
2025-01-27,SKU051,WH002,25,14,0,6,0,0,33
2025-01-27,SKU045,WH005,301,15,0,18,0,1,297
2025-01-27,SKU040,WH004,185,16,0,25,0,0,176
2025-01-27,SKU049,WH001,180,1,0,12,0,1,168
2025-01-27,SKU030,WH001,239,14,0,30,1,1,221
2025-01-27,SKU133,WH004,124,18,0,7,0,0,135
2025-01-27,SKU008,WH002,332,8,37,31,1,0,345
2025-01-27,SKU131,WH001,127,9,0,8,0,0,128
2025-01-27,SKU134,WH003,408,6,0,33,0,1,380
2025-01-27,SKU034,WH005,180,3,0,22,0,0,161
2025-01-27,SKU027,WH004,134,8,0,20,0,0,122
2025-01-27,SKU032,WH003,112,13,0,4,0,0,121
2025-01-27,SKU130,WH003,380,4,21,22,1,0,382
2025-01-28,SKU112,WH001,66,8,7,6,0,0,75
2025-01-28,SKU022,WH001,104,19,0,21,0,0,102
2025-01-28,SKU087,WH004,250,12,0,34,0,0,228
2025-01-28,SKU149,WH002,444,13,0,35,1,2,419
2025-01-28,SKU031,WH003,229,2,0,32,0,0,199
2025-01-28,SKU068,WH004,94,6,9,8,0,1,100
2025-01-28,SKU071,WH002,17,3,0,7,0,0,13
2025-01-28,SKU073,WH003,484,3,46,42,1,0,490
2025-01-28,SKU124,WH001,71,13,0,12,0,0,72
2025-01-28,SKU030,WH003,143,8,0,28,0,1,122
2025-01-28,SKU140,WH005,415,15,0,17,0,0,413
2025-01-28,SKU126,WH002,287,2,0,32,0,0,257
2025-01-28,SKU052,WH003,73,10,9,7,0,0,85
2025-01-28,SKU091,WH001,121,16,0,7,0,0,130
2025-01-28,SKU136,WH001,186,10,0,24,0,1,171
2025-01-28,SKU137,WH001,95,18,0,10,0,0,103
2025-01-28,SKU004,WH001,90,22,0,17,0,0,95
2025-01-28,SKU075,WH004,316,12,0,18,0,0,310
2025-01-28,SKU145,WH004,391,14,34,26,0,3,410
2025-01-28,SKU032,WH002,108,10,0,3,0,0,115
2025-01-28,SKU098,WH001,355,3,36,23,0,0,371
2025-01-28,SKU129,WH001,112,12,0,23,0,0,101
2025-01-28,SKU095,WH003,51,12,0,9,0,0,54
2025-01-28,SKU102,WH005,175,15,40,25,0,0,205
2025-01-28,SKU006,WH001,259,14,0,21,0,0,252
2025-01-28,SKU027,WH001,125,8,23,21,2,0,133
2025-01-28,SKU119,WH004,90,17,27,17,0,0,117
2025-01-28,SKU058,WH005,619,10,0,18,0,0,611
2025-01-28,SKU001,WH002,97,23,0,24,1,0,95
2025-01-28,SKU028,WH005,165,9,0,12,0,0,162
2025-01-28,SKU146,WH005,242,15,0,21,0,2,234
2025-01-28,SKU059,WH001,67,12,8,3,0,0,84
2025-01-28,SKU135,WH004,292,7,19,14,0,1,303
2025-01-28,SKU144,WH003,204,20,9,9,0,0,224
2025-01-28,SKU060,WH005,291,9,28,14,0,1,313
2025-01-28,SKU062,WH002,77,6,19,13,1,0,88
2025-01-28,SKU094,WH004,294,5,0,18,0,1,280
2025-01-28,SKU016,WH002,53,9,0,20,0,0,42
2025-01-28,SKU021,WH004,204,18,0,13,0,0,209
2025-01-28,SKU099,WH005,465,10,0,28,0,4,443
2025-01-28,SKU139,WH001,148,9,0,30,1,2,124
2025-01-28,SKU020,WH003,79,14,0,11,0,0,82
2025-01-28,SKU009,WH002,63,15,0,6,0,0,72
2025-01-28,SKU003,WH005,141,12,16,6,0,2,161
2025-01-28,SKU005,WH002,79,7,17,8,0,0,95
2025-01-29,SKU091,WH004,68,14,0,10,0,0,72
2025-01-29,SKU055,WH001,107,19,26,16,1,0,135
2025-01-29,SKU147,WH001,370,2,0,24,0,0,348
2025-01-29,SKU046,WH002,250,6,29,29,0,0,256
2025-01-29,SKU081,WH002,196,14,24,23,0,1,210
2025-01-29,SKU135,WH001,105,9,20,16,0,0,118
2025-01-29,SKU069,WH003,368,5,0,35,0,1,337
2025-01-29,SKU027,WH001,273,9,0,25,1,2,254
2025-01-29,SKU115,WH003,129,11,0,11,0,0,129
2025-01-29,SKU118,WH004,119,12,18,21,0,0,128
2025-01-29,SKU137,WH003,252,14,0,10,0,1,255
2025-01-29,SKU042,WH004,148,16,0,2,0,1,161
2025-01-29,SKU054,WH003,209,16,0,15,0,0,210
2025-01-29,SKU052,WH001,173,10,0,12,0,0,171
2025-01-29,SKU023,WH005,68,12,0,17,0,1,62
2025-01-29,SKU080,WH005,98,15,0,1,0,1,111
2025-01-29,SKU018,WH004,112,13,0,20,0,0,105
2025-01-29,SKU112,WH005,32,7,0,9,0,0,30
2025-01-29,SKU078,WH003,200,6,0,20,0,0,186
2025-01-29,SKU095,WH004,42,8,0,6,0,0,44
2025-01-29,SKU089,WH002,35,16,0,8,0,0,43
2025-01-29,SKU088,WH003,59,15,5,3,0,0,76
2025-01-29,SKU103,WH004,54,17,0,9,0,0,62
2025-01-29,SKU005,WH002,75,4,0,10,0,0,69
2025-01-29,SKU106,WH005,212,16,0,33,2,2,191
2025-01-29,SKU149,WH005,299,13,0,30,0,0,282
2025-01-29,SKU017,WH001,209,21,38,29,1,0,238
2025-01-29,SKU056,WH003,381,3,0,28,0,1,355
2025-01-29,SKU039,WH005,350,7,35,24,0,1,367
2025-01-29,SKU022,WH004,331,22,0,24,0,0,329
2025-01-29,SKU145,WH003,130,22,0,30,1,1,120
2025-01-29,SKU062,WH005,129,1,0,20,0,0,110
2025-01-29,SKU129,WH003,658,15,15,28,0,1,659
2025-01-29,SKU013,WH005,79,14,0,18,0,0,75
2025-01-29,SKU123,WH003,75,11,0,9,0,0,77
2025-01-29,SKU150,WH002,846,16,14,29,0,1,846
2025-01-29,SKU139,WH001,292,8,0,22,0,0,278
2025-01-29,SKU041,WH005,108,8,38,27,1,0,126
2025-01-29,SKU127,WH001,366,5,0,32,2,1,336
2025-01-29,SKU031,WH002,179,7,0,32,1,0,153
2025-01-29,SKU086,WH004,133,19,32,24,0,0,160
2025-01-29,SKU019,WH003,419,20,0,25,1,2,411
2025-01-29,SKU061,WH001,31,11,0,4,0,0,38
2025-01-29,SKU043,WH002,147,5,21,16,0,0,157
2025-01-29,SKU110,WH004,258,9,33,19,0,1,280
2025-01-30,SKU018,WH001,219,5,24,12,0,0,236
2025-01-30,SKU103,WH001,54,8,8,8,0,1,61
2025-01-30,SKU046,WH005,582,13,0,34,0,4,557
2025-01-30,SKU064,WH002,299,16,25,22,0,1,317
2025-01-30,SKU054,WH001,170,19,0,17,0,1,171
2025-01-30,SKU023,WH001,212,11,0,19,1,0,203
2025-01-30,SKU123,WH003,105,12,0,3,0,1,113
2025-01-30,SKU076,WH005,211,13,20,26,1,0,217
2025-01-30,SKU079,WH001,1261,5,45,32,0,3,1276
2025-01-30,SKU148,WH005,304,1,0,15,0,0,290
2025-01-30,SKU145,WH005,335,19,41,36,0,0,359
2025-01-30,SKU041,WH001,404,5,30,29,0,1,409
2025-01-30,SKU025,WH004,171,8,0,12,0,0,167
2025-01-30,SKU072,WH003,68,1,43,25,0,0,87
2025-01-30,SKU149,WH003,551,11,0,30,0,0,532
2025-01-30,SKU114,WH005,262,10,0,22,0,0,250
2025-01-30,SKU083,WH001,111,3,0,15,1,0,98
2025-01-30,SKU035,WH002,214,15,0,34,0,0,195
2025-01-30,SKU029,WH003,386,18,0,27,0,0,377
2025-01-30,SKU144,WH003,75,18,0,5,0,0,88
2025-01-30,SKU071,WH001,40,7,16,6,0,0,57
2025-01-30,SKU143,WH003,323,20,22,15,0,0,350
2025-01-30,SKU109,WH004,43,7,0,12,0,0,38
2025-01-30,SKU099,WH004,501,11,30,22,0,3,517
2025-01-30,SKU128,WH005,53,5,14,7,0,0,65
2025-01-30,SKU045,WH002,252,12,0,16,0,1,247
2025-01-30,SKU081,WH005,320,9,35,22,0,3,339
2025-01-30,SKU024,WH005,181,21,0,19,0,0,183
2025-01-30,SKU068,WH003,76,6,0,6,0,0,76
2025-01-30,SKU034,WH001,249,2,0,7,1,0,243
2025-01-30,SKU090,WH004,170,9,0,12,0,0,167
2025-01-30,SKU028,WH004,226,7,0,13,0,1,219
2025-01-30,SKU077,WH003,252,11,0,23,0,0,240
2025-01-30,SKU044,WH003,455,19,34,45,0,1,462
2025-01-30,SKU036,WH005,652,19,0,19,0,1,651
2025-01-30,SKU031,WH002,354,6,0,32,0,1,327
2025-01-30,SKU052,WH001,159,11,9,7,0,0,172
2025-01-30,SKU133,WH002,27,13,0,9,0,0,31
2025-01-30,SKU131,WH004,34,7,0,8,0,0,33
2025-01-30,SKU140,WH001,426,16,0,21,0,1,420
2025-01-30,SKU098,WH001,627,3,0,35,0,0,595
2025-01-30,SKU132,WH004,170,14,42,30,0,0,196
2025-01-30,SKU032,WH003,19,18,0,8,0,0,29
2025-01-30,SKU127,WH002,597,4,0,25,0,1,575
2025-01-30,SKU091,WH003,100,12,0,12,0,1,99
2025-01-31,SKU047,WH002,117,13,12,9,0,0,133
2025-01-31,SKU049,WH004,307,2,12,19,0,0,302
2025-01-31,SKU147,WH002,370,5,30,29,0,1,375
2025-01-31,SKU017,WH003,161,32,0,28,0,1,164
2025-01-31,SKU026,WH002,289,4,0,24,0,0,269
2025-01-31,SKU080,WH002,21,17,0,7,0,0,31
2025-01-31,SKU132,WH001,152,11,0,27,0,0,136
2025-01-31,SKU048,WH002,126,14,0,7,0,0,133
2025-01-31,SKU030,WH004,159,18,30,23,0,0,184
2025-01-31,SKU054,WH005,221,19,0,27,0,0,213
2025-01-31,SKU090,WH002,131,11,0,21,0,1,120
2025-01-31,SKU025,WH001,308,10,0,13,0,3,302
2025-01-31,SKU133,WH002,67,14,16,8,0,0,89
2025-01-31,SKU086,WH001,252,19,0,18,1,0,252
2025-01-31,SKU145,WH003,549,14,0,44,0,1,518
2025-01-31,SKU142,WH004,699,2,0,31,2,0,668
2025-01-31,SKU120,WH004,134,2,0,7,0,2,127
2025-01-31,SKU117,WH001,50,7,9,10,0,0,56
2025-01-31,SKU092,WH003,62,5,29,35,1,0,60
2025-01-31,SKU057,WH003,476,15,30,26,0,1,494
2025-01-31,SKU037,WH004,137,16,25,15,0,1,162
2025-01-31,SKU018,WH002,400,6,21,24,1,1,401
2025-01-31,SKU073,WH005,657,2,27,35,1,0,650
2025-01-31,SKU011,WH001,214,9,19,24,0,0,218
2025-01-31,SKU103,WH001,73,13,4,5,0,0,85
2025-01-31,SKU096,WH004,343,16,34,30,0,1,362
2025-01-31,SKU032,WH002,27,19,0,6,0,0,40
2025-01-31,SKU067,WH002,583,8,0,30,0,0,561
2025-01-31,SKU099,WH001,444,12,20,17,0,1,458
2025-01-31,SKU009,WH003,99,12,0,5,0,1,105
2025-01-31,SKU146,WH004,322,11,0,27,1,0,305
2025-01-31,SKU140,WH004,115,19,35,26,0,2,141
2025-01-31,SKU113,WH003,76,16,0,16,0,0,76
2025-01-31,SKU098,WH005,391,7,30,28,1,2,397
2025-01-31,SKU013,WH002,461,16,17,13,0,1,480
2025-01-31,SKU010,WH002,193,17,0,34,0,0,176
2025-01-31,SKU069,WH001,747,4,0,32,1,3,715
2025-01-31,SKU123,WH003,116,9,0,3,0,1,121
2025-01-31,SKU065,WH005,102,19,0,9,0,0,112
2025-01-31,SKU082,WH003,251,8,0,28,0,0,231
2025-01-31,SKU143,WH001,240,18,0,7,0,0,251
2025-01-31,SKU058,WH005,123,10,0,23,0,0,110
2025-01-31,SKU015,WH004,84,8,9,10,0,0,91
2025-01-31,SKU028,WH003,154,14,0,15,1,0,152
2025-01-31,SKU081,WH003,247,8,0,22,0,0,233
2025-02-01,SKU126,WH005,216,3,37,32,0,1,223
2025-02-01,SKU086,WH002,667,19,29,25,0,1,689
2025-02-01,SKU030,WH003,261,10,26,17,0,0,280
2025-02-01,SKU108,WH001,271,10,0,32,0,2,247
2025-02-01,SKU147,WH001,122,8,0,20,0,2,108
2025-02-01,SKU118,WH005,96,18,0,14,0,1,99
2025-02-01,SKU092,WH002,544,9,0,24,0,1,528
2025-02-01,SKU010,WH004,244,18,0,26,0,0,236
2025-02-01,SKU140,WH004,145,12,0,31,2,0,124
2025-02-01,SKU083,WH005,233,3,0,20,0,1,215
2025-02-01,SKU088,WH003,27,10,4,6,0,1,34
2025-02-01,SKU090,WH005,131,4,0,22,0,0,113
2025-02-01,SKU036,WH005,275,18,23,22,3,0,291
2025-02-01,SKU121,WH005,175,10,0,20,2,0,163
2025-02-01,SKU048,WH001,72,14,0,3,0,0,83
2025-02-01,SKU025,WH002,233,22,0,19,0,0,236
2025-02-01,SKU068,WH005,74,6,17,10,0,0,87
2025-02-01,SKU081,WH003,643,22,33,23,0,0,675
2025-02-01,SKU112,WH002,70,13,0,4,0,0,79
2025-02-01,SKU120,WH004,41,2,0,14,0,0,29
2025-02-01,SKU125,WH005,610,2,0,33,1,0,578
2025-02-01,SKU028,WH005,105,7,24,19,0,0,117
2025-02-01,SKU071,WH004,192,9,0,4,0,0,197
2025-02-01,SKU074,WH002,148,18,39,31,0,1,173
2025-02-01,SKU138,WH003,77,12,0,5,0,0,84
2025-02-01,SKU023,WH004,138,14,0,16,1,0,135
2025-02-01,SKU066,WH004,106,13,0,22,0,0,97
2025-02-01,SKU111,WH001,405,17,0,26,0,0,396
2025-02-01,SKU148,WH004,91,7,24,13,0,0,109
2025-02-01,SKU035,WH003,285,16,0,26,2,0,273
2025-02-01,SKU097,WH004,14,10,6,2,0,0,28
2025-02-01,SKU050,WH004,566,1,0,25,0,2,540
2025-02-01,SKU077,WH002,280,10,0,19,0,2,269
2025-02-01,SKU134,WH005,187,1,0,36,0,1,151
2025-02-01,SKU100,WH002,195,10,0,25,0,0,180
2025-02-01,SKU080,WH005,59,8,0,10,0,0,57
2025-02-01,SKU122,WH003,259,14,0,22,3,1,247
2025-02-01,SKU046,WH004,261,8,26,40,0,0,255
2025-02-01,SKU034,WH004,187,3,0,11,0,0,179
2025-02-01,SKU099,WH001,224,11,0,38,1,1,195
2025-02-01,SKU004,WH002,82,13,0,4,0,0,91
2025-02-01,SKU139,WH005,243,12,45,31,0,1,268
2025-02-01,SKU130,WH003,217,1,29,20,0,2,225
2025-02-01,SKU150,WH001,110,18,0,24,0,0,104
2025-02-01,SKU020,WH001,162,21,19,13,0,0,189
2025-02-02,SKU133,WH005,89,16,0,6,0,0,99
2025-02-02,SKU138,WH005,39,15,8,1,0,0,61
2025-02-02,SKU097,WH003,154,13,0,13,0,0,154
2025-02-02,SKU102,WH004,288,20,34,18,0,1,323
2025-02-02,SKU083,WH003,70,5,0,15,0,0,60
2025-02-02,SKU062,WH004,111,5,0,13,0,0,103
2025-02-02,SKU091,WH001,30,7,0,9,0,0,28
2025-02-02,SKU020,WH001,263,15,21,15,0,0,284
2025-02-02,SKU022,WH002,299,15,0,32,0,2,280
2025-02-02,SKU001,WH004,97,14,0,9,0,0,102
2025-02-02,SKU114,WH003,159,7,0,11,0,0,155
2025-02-02,SKU117,WH002,90,5,0,4,0,0,91
2025-02-02,SKU146,WH002,272,17,0,30,0,0,259
2025-02-02,SKU056,WH005,540,4,0,31,0,1,512
2025-02-02,SKU074,WH004,582,11,0,33,1,4,555
2025-02-02,SKU123,WH001,46,10,0,8,0,0,48
2025-02-02,SKU019,WH004,904,11,0,29,0,0,886
2025-02-02,SKU006,WH003,329,13,0,28,0,0,314
2025-02-02,SKU143,WH005,307,14,0,13,0,0,308
2025-02-02,SKU066,WH002,313,15,0,21,0,0,307
2025-02-02,SKU084,WH002,29,5,0,6,1,0,27
2025-02-02,SKU016,WH001,394,10,0,14,0,1,389
2025-02-02,SKU125,WH003,483,1,0,32,0,0,452
2025-02-02,SKU005,WH001,112,8,0,14,0,1,105
2025-02-02,SKU082,WH004,94,10,0,21,0,0,83
2025-02-02,SKU050,WH002,251,5,0,29,0,0,227
2025-02-02,SKU142,WH004,457,1,0,39,0,1,418
2025-02-02,SKU141,WH001,10,16,0,3,0,0,23
2025-02-02,SKU004,WH002,40,17,0,5,0,0,52
2025-02-02,SKU111,WH003,239,13,40,27,0,0,265
2025-02-02,SKU076,WH005,201,8,19,27,0,0,201
2025-02-02,SKU068,WH002,36,5,0,6,0,0,35
2025-02-02,SKU088,WH003,98,10,0,4,0,0,104
2025-02-02,SKU106,WH003,370,8,34,38,0,0,374
2025-02-02,SKU033,WH004,291,5,36,27,0,0,305
2025-02-02,SKU132,WH005,703,16,0,32,0,1,686
2025-02-02,SKU080,WH003,161,13,9,5,0,0,178
2025-02-02,SKU052,WH005,101,16,0,7,0,0,110
2025-02-02,SKU008,WH001,395,5,0,33,0,0,367
2025-02-02,SKU002,WH002,332,6,0,28,1,2,307
2025-02-02,SKU010,WH002,489,17,0,30,1,0,475
2025-02-02,SKU067,WH004,278,10,0,25,1,1,261
2025-02-02,SKU009,WH002,166,9,9,11,1,0,172
2025-02-02,SKU018,WH004,430,9,0,19,0,1,419
2025-02-02,SKU120,WH001,144,3,0,15,0,1,131
2025-02-03,SKU123,WH002,48,15,0,5,0,0,58
2025-02-03,SKU041,WH003,553,11,0,34,1,0,529
2025-02-03,SKU028,WH002,246,9,0,13,0,0,242
2025-02-03,SKU043,WH003,408,3,0,9,0,0,402
2025-02-03,SKU129,WH004,136,12,0,22,1,0,125
2025-02-03,SKU110,WH004,512,18,0,21,0,0,509
2025-02-03,SKU066,WH003,89,10,17,19,0,0,97
2025-02-03,SKU083,WH002,116,2,0,20,0,0,98
2025-02-03,SKU112,WH002,112,5,8,12,1,0,112
2025-02-03,SKU025,WH001,512,20,0,12,0,0,520
2025-02-03,SKU008,WH001,710,7,0,35,0,3,679
2025-02-03,SKU116,WH004,130,19,26,26,0,1,148
2025-02-03,SKU036,WH003,125,11,0,26,0,0,110
2025-02-03,SKU127,WH004,390,4,31,25,0,0,400
2025-02-03,SKU020,WH004,352,23,0,6,0,1,368
2025-02-03,SKU076,WH002,268,8,0,21,1,0,254
2025-02-03,SKU013,WH001,71,15,0,15,0,0,71
2025-02-03,SKU060,WH005,416,6,0,21,0,0,401
2025-02-03,SKU018,WH005,87,11,0,16,1,0,81
2025-02-03,SKU021,WH003,185,17,0,13,0,0,189
2025-02-03,SKU085,WH004,158,3,38,27,0,1,171
2025-02-03,SKU069,WH004,119,2,52,27,0,0,146
2025-02-03,SKU057,WH002,260,16,22,20,1,2,275
2025-02-03,SKU136,WH001,179,15,0,18,2,0,174
2025-02-03,SKU034,WH004,142,0,27,20,1,0,148
2025-02-03,SKU001,WH004,136,20,0,8,0,0,148
2025-02-03,SKU090,WH004,128,7,18,10,0,0,143
2025-02-03,SKU120,WH005,205,6,0,9,0,0,202
2025-02-03,SKU115,WH004,54,5,0,11,0,0,48
2025-02-03,SKU075,WH004,301,10,0,13,0,0,298
2025-02-03,SKU093,WH003,621,3,0,40,2,2,580
2025-02-03,SKU107,WH005,164,6,19,23,1,0,165
2025-02-03,SKU070,WH001,108,9,0,17,0,1,99
2025-02-03,SKU139,WH001,187,4,0,30,0,0,161
2025-02-03,SKU147,WH004,145,4,0,14,0,0,135
2025-02-03,SKU142,WH003,1240,5,0,36,0,1,1208
2025-02-03,SKU051,WH003,62,23,0,9,0,0,76
2025-02-03,SKU099,WH005,282,13,0,32,0,1,262
2025-02-03,SKU003,WH001,146,10,0,6,0,1,149
2025-02-03,SKU048,WH004,60,13,0,9,0,0,64
2025-02-03,SKU087,WH005,174,8,0,31,1,0,150
2025-02-03,SKU143,WH002,286,8,14,15,0,2,291
2025-02-03,SKU145,WH005,307,21,0,35,0,0,293
2025-02-03,SKU065,WH002,98,21,13,7,0,1,124
2025-02-03,SKU131,WH005,176,5,8,10,0,2,177
2025-02-04,SKU149,WH005,314,14,35,17,0,0,346
2025-02-04,SKU076,WH001,158,6,0,19,0,1,144
2025-02-04,SKU074,WH002,503,11,0,50,0,1,463
2025-02-04,SKU126,WH001,223,5,0,31,0,0,197
2025-02-04,SKU082,WH002,537,6,0,18,1,1,523
2025-02-04,SKU105,WH005,141,4,0,8,0,0,137
2025-02-04,SKU048,WH005,45,17,8,8,0,1,61
2025-02-04,SKU136,WH004,391,12,0,18,1,1,383
2025-02-04,SKU084,WH002,23,4,7,7,0,0,27
2025-02-04,SKU005,WH005,138,5,0,6,0,0,137
2025-02-04,SKU132,WH003,177,17,0,31,0,1,162
2025-02-04,SKU087,WH004,129,17,0,23,1,1,121
2025-02-04,SKU122,WH003,131,18,0,18,0,0,131
2025-02-04,SKU010,WH001,332,12,0,28,1,0,315
2025-02-04,SKU020,WH005,74,12,0,14,0,1,71
2025-02-04,SKU091,WH002,134,12,10,12,0,0,144
2025-02-04,SKU121,WH003,36,15,18,23,1,0,45
2025-02-04,SKU033,WH003,171,9,0,22,0,1,157
2025-02-04,SKU123,WH004,42,9,0,7,0,0,44
2025-02-04,SKU067,WH002,330,9,0,38,1,1,299
2025-02-04,SKU108,WH003,205,23,0,32,1,0,195
2025-02-04,SKU039,WH003,250,7,0,31,1,1,224
2025-02-04,SKU114,WH003,97,7,0,11,1,0,92
2025-02-04,SKU068,WH004,77,7,0,6,0,1,77
2025-02-04,SKU015,WH004,37,6,0,12,0,0,31
2025-02-04,SKU101,WH001,521,2,22,23,0,2,520
2025-02-04,SKU138,WH004,18,21,4,3,0,0,40
2025-02-04,SKU053,WH005,82,10,0,22,0,0,70
2025-02-04,SKU041,WH002,307,9,0,28,0,1,287
2025-02-04,SKU099,WH004,317,13,34,25,0,0,339
2025-02-04,SKU038,WH003,207,12,0,24,0,0,195
2025-02-04,SKU141,WH002,76,14,7,7,0,1,89
2025-02-04,SKU130,WH004,230,5,0,10,0,1,224
2025-02-04,SKU057,WH005,459,13,0,26,0,0,446
2025-02-04,SKU088,WH004,130,5,0,3,0,0,132
2025-02-04,SKU043,WH001,194,8,15,8,0,0,209
2025-02-04,SKU075,WH003,311,11,0,15,0,1,306
2025-02-04,SKU096,WH004,645,14,0,39,0,0,620
2025-02-04,SKU131,WH004,32,4,0,3,0,0,33
2025-02-04,SKU073,WH005,477,1,0,34,0,1,443
2025-02-04,SKU065,WH005,82,22,10,8,0,0,106
2025-02-04,SKU089,WH003,54,21,5,7,0,0,73
2025-02-04,SKU147,WH003,44,6,0,17,0,0,33
2025-02-04,SKU001,WH004,343,13,0,15,0,1,340
2025-02-04,SKU146,WH005,319,14,30,17,0,1,345
2025-02-05,SKU092,WH005,142,8,0,27,0,0,123
2025-02-05,SKU001,WH004,70,16,21,21,0,0,86
2025-02-05,SKU118,WH005,113,16,0,13,0,0,116
2025-02-05,SKU145,WH002,130,16,0,32,0,0,114
2025-02-05,SKU109,WH003,106,6,17,14,0,0,115
2025-02-05,SKU126,WH004,343,1,0,32,0,1,311
2025-02-05,SKU024,WH004,175,17,19,14,0,0,197
2025-02-05,SKU059,WH004,72,11,11,8,1,0,85
2025-02-05,SKU017,WH005,453,17,0,22,0,0,448
2025-02-05,SKU050,WH003,450,11,30,28,0,3,460
2025-02-05,SKU106,WH001,77,13,0,31,0,0,59
2025-02-05,SKU090,WH004,232,5,0,23,0,0,214
2025-02-05,SKU023,WH004,391,12,25,13,0,0,415
2025-02-05,SKU095,WH001,64,13,9,7,0,0,79
2025-02-05,SKU128,WH005,277,10,18,20,2,0,283
2025-02-05,SKU053,WH004,561,5,0,35,0,0,531
2025-02-05,SKU096,WH003,522,13,40,34,1,0,540
2025-02-05,SKU080,WH001,36,11,5,5,0,0,47
2025-02-05,SKU101,WH002,255,6,38,14,0,1,284
2025-02-05,SKU051,WH003,101,11,0,4,0,0,108
2025-02-05,SKU065,WH001,39,20,0,9,0,0,50
2025-02-05,SKU064,WH005,64,14,0,20,1,1,56
2025-02-05,SKU150,WH003,298,19,0,19,0,0,298
2025-02-05,SKU072,WH001,311,3,39,42,0,1,310
2025-02-05,SKU084,WH002,16,3,0,5,0,0,14
2025-02-05,SKU138,WH002,50,18,0,9,0,0,59
2025-02-05,SKU058,WH004,573,4,24,24,0,1,576
2025-02-05,SKU105,WH004,69,11,0,6,0,0,74
2025-02-05,SKU149,WH005,302,13,0,26,0,1,288
2025-02-05,SKU112,WH005,34,5,9,4,0,0,44
2025-02-05,SKU124,WH005,238,6,12,16,0,1,239
2025-02-05,SKU120,WH001,112,2,0,18,0,1,95
2025-02-05,SKU135,WH003,170,10,0,9,0,0,171
2025-02-05,SKU114,WH001,200,16,0,15,0,0,201
2025-02-05,SKU117,WH003,69,3,9,9,0,0,72
2025-02-05,SKU127,WH002,443,3,45,36,1,0,454
2025-02-05,SKU093,WH003,983,1,0,40,0,0,944
2025-02-05,SKU141,WH002,81,12,0,5,1,0,87
2025-02-05,SKU035,WH004,150,20,0,18,0,0,152
2025-02-05,SKU134,WH001,136,8,31,27,3,0,145
2025-02-05,SKU036,WH004,309,14,0,17,1,0,305
2025-02-05,SKU056,WH004,197,2,31,16,0,0,214
2025-02-05,SKU066,WH001,242,14,0,20,0,0,236
2025-02-05,SKU125,WH005,252,3,0,26,0,0,229
2025-02-05,SKU107,WH005,192,13,22,20,1,0,206
2025-02-06,SKU035,WH005,119,22,0,23,0,1,117
2025-02-06,SKU135,WH005,77,6,13,14,0,0,82
2025-02-06,SKU010,WH004,169,7,0,33,0,0,143
2025-02-06,SKU005,WH002,55,4,13,10,0,0,62
2025-02-06,SKU044,WH005,408,13,0,30,0,1,390
2025-02-06,SKU143,WH002,113,11,0,10,1,0,113
2025-02-06,SKU140,WH004,104,15,27,15,0,0,131
2025-02-06,SKU119,WH002,326,19,0,20,0,1,324
2025-02-06,SKU087,WH005,592,12,0,25,1,1,577
2025-02-06,SKU016,WH002,115,12,0,15,0,1,111
2025-02-06,SKU077,WH004,15,4,0,13,0,0,6
2025-02-06,SKU127,WH002,414,5,0,23,0,1,395
2025-02-06,SKU109,WH002,249,3,6,8,0,2,248
2025-02-06,SKU004,WH001,66,11,9,9,0,0,77
2025-02-06,SKU136,WH002,330,14,0,18,0,1,325
2025-02-06,SKU124,WH004,107,3,0,15,0,0,95
2025-02-06,SKU096,WH001,184,19,0,36,0,2,165
2025-02-06,SKU025,WH003,55,12,14,18,0,0,63
2025-02-06,SKU023,WH003,277,20,0,18,0,4,275
2025-02-06,SKU017,WH003,460,11,0,19,0,1,451
2025-02-06,SKU029,WH003,125,11,0,34,0,0,102
2025-02-06,SKU086,WH003,212,14,29,19,0,0,236
2025-02-06,SKU054,WH001,311,13,0,16,0,0,308
2025-02-06,SKU048,WH001,126,21,8,6,0,0,149
2025-02-06,SKU045,WH001,229,17,0,11,0,0,235
2025-02-06,SKU061,WH002,70,10,0,2,0,0,78
2025-02-06,SKU036,WH004,150,14,27,14,0,0,177
2025-02-06,SKU056,WH004,89,4,19,17,0,0,95
2025-02-06,SKU066,WH003,481,23,24,24,0,0,504
2025-02-06,SKU145,WH005,404,16,37,37,0,1,419
2025-02-06,SKU046,WH005,248,11,38,26,0,0,271
2025-02-06,SKU011,WH003,144,8,0,26,0,0,126
2025-02-06,SKU098,WH005,260,8,0,41,0,0,227
2025-02-06,SKU137,WH005,67,20,0,6,0,0,81
2025-02-06,SKU093,WH004,489,7,47,34,1,1,507
2025-02-06,SKU020,WH004,128,20,0,10,0,0,138
2025-02-06,SKU148,WH001,142,3,0,23,0,0,122
2025-02-06,SKU052,WH005,52,10,0,6,0,0,56
2025-02-06,SKU089,WH005,117,22,0,9,0,0,130
2025-02-06,SKU102,WH003,634,11,0,32,0,2,611
2025-02-06,SKU070,WH003,170,10,0,18,1,2,159
2025-02-06,SKU072,WH004,142,1,0,31,0,0,112
2025-02-06,SKU063,WH005,823,11,46,36,0,2,842
2025-02-06,SKU138,WH003,90,8,7,10,0,0,95
2025-02-06,SKU126,WH005,202,4,0,31,0,0,175
2025-02-07,SKU008,WH002,229,2,0,27,0,0,204
2025-02-07,SKU094,WH004,204,6,24,26,0,1,207
2025-02-07,SKU125,WH002,452,3,0,29,0,0,426
2025-02-07,SKU120,WH004,45,4,0,10,0,0,39
2025-02-07,SKU048,WH001,99,12,0,7,0,0,104
2025-02-07,SKU051,WH002,34,20,4,5,0,0,53
2025-02-07,SKU056,WH002,204,4,0,23,1,0,184
2025-02-07,SKU053,WH001,171,5,26,28,1,0,173
2025-02-07,SKU078,WH004,116,6,18,8,1,2,129
2025-02-07,SKU029,WH002,190,12,0,30,0,0,172
2025-02-07,SKU091,WH001,16,21,0,9,0,0,28
2025-02-07,SKU040,WH002,183,17,0,13,0,0,187
2025-02-07,SKU134,WH001,65,1,0,27,0,0,39
2025-02-07,SKU052,WH003,66,17,10,13,0,0,80
2025-02-07,SKU084,WH003,31,4,0,10,0,0,25
2025-02-07,SKU082,WH001,538,9,0,17,0,1,529
2025-02-07,SKU047,WH004,57,12,9,11,0,0,67
2025-02-07,SKU126,WH002,394,2,47,27,2,1,413
2025-02-07,SKU050,WH004,328,9,0,31,1,0,305
2025-02-07,SKU113,WH001,154,15,0,16,1,1,151
2025-02-07,SKU105,WH002,51,9,0,3,0,0,57
2025-02-07,SKU118,WH005,171,19,0,20,0,0,170
2025-02-07,SKU037,WH004,141,17,0,23,0,0,135
2025-02-07,SKU131,WH004,46,4,0,8,0,0,42
2025-02-07,SKU110,WH002,294,20,22,17,0,0,319
2025-02-07,SKU090,WH002,199,5,0,13,0,1,190
2025-02-07,SKU014,WH001,488,7,36,40,0,0,491
2025-02-07,SKU057,WH002,184,14,31,20,0,0,209
2025-02-07,SKU101,WH004,187,4,0,27,0,0,164
2025-02-07,SKU088,WH003,59,9,6,7,0,0,67
2025-02-07,SKU032,WH005,83,19,11,6,0,1,106
2025-02-07,SKU074,WH005,165,11,0,29,1,0,146
2025-02-07,SKU081,WH004,76,13,0,24,0,0,65
2025-02-07,SKU115,WH002,53,2,0,14,0,0,41
2025-02-07,SKU007,WH002,281,13,14,18,0,0,290
2025-02-07,SKU124,WH001,71,3,19,18,0,0,75
2025-02-07,SKU150,WH002,212,16,25,15,0,0,238
2025-02-07,SKU099,WH002,285,9,0,31,0,0,263
2025-02-07,SKU033,WH005,341,3,28,24,0,1,347
2025-02-07,SKU021,WH001,56,21,0,17,0,0,60
2025-02-07,SKU077,WH003,25,6,0,11,0,0,20
2025-02-07,SKU080,WH001,32,9,0,10,0,0,31
2025-02-07,SKU104,WH004,41,16,0,13,0,0,44
2025-02-07,SKU097,WH004,113,19,7,10,0,1,128
2025-02-07,SKU062,WH004,196,12,0,9,0,0,199
2025-02-08,SKU071,WH004,109,9,0,4,0,0,114
2025-02-08,SKU025,WH004,139,15,11,11,0,0,154
2025-02-08,SKU096,WH004,177,18,0,33,0,0,162
2025-02-08,SKU020,WH003,156,17,0,13,0,0,160
2025-02-08,SKU092,WH005,230,13,0,13,0,0,230
2025-02-08,SKU002,WH003,329,3,26,23,0,1,334
2025-02-08,SKU142,WH005,762,2,0,30,1,0,733
2025-02-08,SKU099,WH001,513,11,31,25,0,5,525
2025-02-08,SKU018,WH004,150,11,0,14,0,0,147
2025-02-08,SKU029,WH003,571,11,0,34,0,0,548
2025-02-08,SKU061,WH004,115,14,9,7,0,0,131
2025-02-08,SKU080,WH005,51,9,8,3,1,0,64
2025-02-08,SKU037,WH004,665,18,0,19,0,0,664
2025-02-08,SKU110,WH005,443,14,0,29,0,0,428
2025-02-08,SKU034,WH002,396,8,25,9,0,0,420
2025-02-08,SKU024,WH001,143,10,20,23,0,1,149
2025-02-08,SKU033,WH003,185,9,0,26,0,1,167
2025-02-08,SKU136,WH002,260,19,25,17,0,1,286
2025-02-08,SKU076,WH001,321,15,0,20,0,0,316
2025-02-08,SKU067,WH003,737,10,0,46,0,2,699
2025-02-08,SKU031,WH004,508,5,0,26,1,0,486
2025-02-08,SKU017,WH002,136,16,0,40,0,0,112
2025-02-08,SKU147,WH005,322,3,0,22,1,0,302
2025-02-08,SKU053,WH005,133,6,0,22,0,0,117
2025-02-08,SKU146,WH005,149,17,35,24,0,0,177
2025-02-08,SKU022,WH005,304,10,0,33,0,0,281
2025-02-08,SKU026,WH004,608,1,0,28,1,1,579
2025-02-08,SKU057,WH002,183,16,16,19,0,0,196
2025-02-08,SKU117,WH003,82,7,10,10,0,0,89
2025-02-08,SKU090,WH003,185,3,0,23,1,2,162
2025-02-08,SKU077,WH004,190,8,24,13,0,0,209
2025-02-08,SKU083,WH005,151,4,0,13,0,1,141
2025-02-08,SKU027,WH002,205,8,0,18,0,0,195
2025-02-08,SKU127,WH003,984,6,31,22,0,4,995
2025-02-08,SKU021,WH005,386,14,0,12,0,0,388
2025-02-08,SKU012,WH002,236,4,0,9,1,1,229
2025-02-08,SKU042,WH003,53,26,4,5,0,1,77
2025-02-08,SKU133,WH005,70,25,0,7,0,0,88
2025-02-08,SKU001,WH002,178,16,0,11,0,0,183
2025-02-08,SKU005,WH004,96,5,0,18,0,0,83
2025-02-08,SKU119,WH003,624,16,0,28,0,0,612
2025-02-08,SKU055,WH005,523,12,0,24,1,1,509
2025-02-08,SKU009,WH003,28,11,10,8,0,0,41
2025-02-08,SKU050,WH002,581,4,42,24,1,2,600
2025-02-08,SKU097,WH002,93,8,10,4,0,0,107
2025-02-09,SKU140,WH003,250,12,22,25,0,1,258
2025-02-09,SKU141,WH005,193,18,9,11,1,1,207
2025-02-09,SKU147,WH005,512,5,0,28,1,1,487
2025-02-09,SKU108,WH003,291,11,33,33,1,0,301
2025-02-09,SKU135,WH002,91,10,18,8,0,0,111
2025-02-09,SKU032,WH004,59,19,0,7,0,0,71
2025-02-09,SKU057,WH002,83,16,29,18,0,0,110
2025-02-09,SKU132,WH001,514,26,0,37,0,0,503
2025-02-09,SKU056,WH003,371,6,23,23,0,0,377
2025-02-09,SKU076,WH003,331,13,0,17,0,2,325
2025-02-09,SKU050,WH003,811,6,0,45,1,1,770
2025-02-09,SKU145,WH002,286,25,0,33,0,0,278
2025-02-09,SKU037,WH004,208,13,24,27,0,0,218
2025-02-09,SKU005,WH004,203,4,0,14,0,1,192
2025-02-09,SKU129,WH001,558,18,0,19,0,1,556
2025-02-09,SKU034,WH005,702,10,0,25,2,0,685
2025-02-09,SKU049,WH001,277,5,19,19,2,1,279
2025-02-09,SKU118,WH005,704,18,0,21,0,1,700
2025-02-09,SKU081,WH003,183,8,0,25,1,0,165
2025-02-09,SKU123,WH005,211,17,9,5,0,1,231
2025-02-09,SKU043,WH004,276,5,0,9,0,0,272
2025-02-09,SKU047,WH002,121,10,0,6,0,0,125
2025-02-09,SKU130,WH004,364,2,0,15,0,2,349
2025-02-09,SKU074,WH001,162,18,0,26,0,0,154
2025-02-09,SKU073,WH005,346,2,0,36,0,0,312
2025-02-09,SKU095,WH002,36,4,0,12,0,0,28
2025-02-09,SKU023,WH004,367,13,26,9,0,3,394
2025-02-09,SKU111,WH004,656,15,0,34,0,3,634
2025-02-09,SKU120,WH002,180,0,13,10,0,0,183
2025-02-09,SKU048,WH004,75,12,8,14,0,0,81
2025-02-09,SKU138,WH002,38,20,8,3,0,0,63
2025-02-09,SKU044,WH002,237,16,0,41,1,1,210
2025-02-09,SKU126,WH003,321,3,0,30,1,1,292
2025-02-09,SKU061,WH005,10,7,0,2,0,0,15
2025-02-09,SKU070,WH005,514,13,29,13,0,2,541
2025-02-09,SKU015,WH004,45,5,0,3,0,0,47
2025-02-09,SKU082,WH002,296,4,27,18,0,0,309
2025-02-09,SKU022,WH001,389,18,0,30,1,0,376
2025-02-09,SKU139,WH003,777,17,0,26,0,0,768
2025-02-09,SKU071,WH003,89,5,0,6,0,0,88
2025-02-09,SKU146,WH003,57,14,26,29,1,0,67
2025-02-09,SKU104,WH005,139,16,0,16,1,0,138
2025-02-09,SKU054,WH003,194,12,0,23,0,0,183
2025-02-09,SKU077,WH002,243,4,0,18,0,2,227
2025-02-09,SKU134,WH005,263,4,0,28,1,0,238
2025-02-10,SKU110,WH004,174,18,18,29,0,0,181
2025-02-10,SKU066,WH002,282,12,0,17,0,0,277
2025-02-10,SKU034,WH005,113,5,22,28,0,0,112
2025-02-10,SKU046,WH001,444,12,28,30,0,3,451
2025-02-10,SKU071,WH005,31,9,7,9,0,0,38
2025-02-10,SKU117,WH001,107,7,12,7,0,0,119
2025-02-10,SKU119,WH001,464,14,0,27,0,0,451
2025-02-10,SKU140,WH001,372,12,18,18,0,0,384
2025-02-10,SKU038,WH002,738,16,0,26,0,2,726
2025-02-10,SKU052,WH005,56,12,6,5,0,0,69
2025-02-10,SKU113,WH003,94,15,0,16,0,0,93
2025-02-10,SKU127,WH005,638,5,0,28,0,0,615
2025-02-10,SKU013,WH003,68,13,22,17,0,0,86
2025-02-10,SKU054,WH001,138,16,0,21,0,0,133
2025-02-10,SKU147,WH005,427,6,0,20,0,0,413
2025-02-10,SKU087,WH003,174,15,29,20,0,0,198
2025-02-10,SKU141,WH002,50,15,7,5,0,1,66
2025-02-10,SKU067,WH004,365,9,0,29,0,1,344
2025-02-10,SKU125,WH002,188,6,0,37,1,0,156
2025-02-10,SKU094,WH001,615,7,0,16,0,2,604
2025-02-10,SKU121,WH005,193,6,16,16,0,1,198
2025-02-10,SKU043,WH001,148,3,0,12,0,1,138
2025-02-10,SKU053,WH001,467,7,30,18,0,2,484
2025-02-10,SKU143,WH005,134,25,0,18,0,0,141
2025-02-10,SKU040,WH003,72,15,0,16,0,1,70
2025-02-10,SKU068,WH002,135,4,0,8,0,1,130
2025-02-10,SKU041,WH001,291,12,0,44,0,0,259
2025-02-10,SKU025,WH002,89,14,0,11,0,0,92
2025-02-10,SKU016,WH002,143,13,0,8,0,0,148
2025-02-10,SKU093,WH004,274,3,0,43,0,0,234
2025-02-10,SKU027,WH002,231,6,0,26,0,0,211
2025-02-10,SKU149,WH003,337,12,35,23,0,2,359
2025-02-10,SKU063,WH001,207,5,55,41,0,1,225
2025-02-10,SKU017,WH004,444,16,0,33,0,0,427
2025-02-10,SKU090,WH003,114,5,0,15,0,0,104
2025-02-10,SKU118,WH005,149,22,0,26,0,0,145
2025-02-10,SKU044,WH001,324,15,58,30,0,1,366
2025-02-10,SKU033,WH005,201,5,33,17,0,0,222
2025-02-10,SKU037,WH005,152,12,28,22,0,0,170
2025-02-10,SKU045,WH003,208,11,15,19,0,1,214
2025-02-10,SKU057,WH002,525,18,0,28,0,2,513
2025-02-10,SKU112,WH005,41,9,6,9,0,0,47
2025-02-10,SKU032,WH005,64,14,8,6,0,0,80
2025-02-10,SKU137,WH002,64,10,0,4,0,0,70
2025-02-10,SKU056,WH001,417,1,29,21,0,2,424
2025-02-11,SKU141,WH005,64,18,12,6,0,0,88
2025-02-11,SKU057,WH005,289,14,0,17,1,0,285
2025-02-11,SKU061,WH002,21,12,0,3,0,0,30
2025-02-11,SKU029,WH004,198,15,27,19,0,1,220
2025-02-11,SKU106,WH001,114,13,0,23,0,0,104
2025-02-11,SKU013,WH004,141,20,0,13,0,0,148
2025-02-11,SKU088,WH003,81,7,11,4,0,0,95
2025-02-11,SKU043,WH003,165,4,0,13,0,0,156
2025-02-11,SKU011,WH005,139,4,0,34,1,0,108
2025-02-11,SKU034,WH003,212,10,27,15,0,0,234
2025-02-11,SKU074,WH003,390,12,0,28,0,2,372
2025-02-11,SKU078,WH004,290,16,0,15,0,0,291
2025-02-11,SKU117,WH003,228,3,0,7,0,0,224
2025-02-11,SKU006,WH001,190,15,28,23,0,0,210
2025-02-11,SKU046,WH002,436,10,34,25,0,1,454
2025-02-11,SKU122,WH004,188,16,0,17,0,0,187
2025-02-11,SKU003,WH001,143,12,8,9,0,0,154
2025-02-11,SKU115,WH003,68,1,0,12,0,0,57
2025-02-11,SKU101,WH004,115,2,0,23,0,0,94
2025-02-11,SKU025,WH004,244,15,17,18,0,0,258
2025-02-11,SKU044,WH005,855,17,0,35,0,2,835
2025-02-11,SKU148,WH001,266,6,18,20,0,1,269
2025-02-11,SKU054,WH002,414,10,22,16,0,0,430
2025-02-11,SKU067,WH003,414,8,32,24,0,0,430
2025-02-11,SKU059,WH005,35,8,8,10,0,0,41
2025-02-11,SKU147,WH005,47,7,0,20,0,0,34
2025-02-11,SKU001,WH004,419,13,17,16,1,0,432
2025-02-11,SKU065,WH001,113,21,0,8,0,0,126
2025-02-11,SKU027,WH003,156,5,0,15,0,1,145
2025-02-11,SKU095,WH002,170,16,0,11,0,0,175
2025-02-11,SKU039,WH002,900,9,0,33,0,3,873
2025-02-11,SKU096,WH005,427,17,48,25,0,0,467
2025-02-11,SKU042,WH003,73,10,0,5,0,0,78
2025-02-11,SKU051,WH004,190,13,10,8,0,0,205
2025-02-11,SKU038,WH005,299,22,37,31,0,1,326
2025-02-11,SKU139,WH004,726,6,58,27,0,0,763
2025-02-11,SKU073,WH005,883,2,47,30,1,2,899
2025-02-11,SKU126,WH001,280,4,0,33,0,1,250
2025-02-11,SKU072,WH002,208,4,0,31,0,1,180
2025-02-11,SKU050,WH002,335,4,0,35,0,4,300
2025-02-11,SKU077,WH005,541,7,28,18,0,1,557
2025-02-11,SKU062,WH004,310,6,0,21,0,0,295
2025-02-11,SKU063,WH001,424,13,33,28,0,1,441
2025-02-11,SKU138,WH002,42,12,5,3,1,0,55
2025-02-11,SKU127,WH002,295,8,0,27,0,0,276
2025-02-12,SKU147,WH005,388,4,0,32,1,1,358
2025-02-12,SKU005,WH002,120,3,0,12,0,2,109
2025-02-12,SKU027,WH003,53,6,0,19,1,1,38
2025-02-12,SKU048,WH001,89,21,0,7,0,0,103
2025-02-12,SKU138,WH004,32,14,7,5,0,1,47
2025-02-12,SKU080,WH004,95,9,0,8,0,0,96
2025-02-12,SKU006,WH003,264,11,0,32,0,0,243
2025-02-12,SKU113,WH002,97,11,0,15,0,0,93
2025-02-12,SKU031,WH005,705,8,0,32,1,1,679
2025-02-12,SKU038,WH001,133,10,0,18,0,0,125
2025-02-12,SKU084,WH003,67,5,0,2,0,0,70
2025-02-12,SKU013,WH005,269,14,0,13,0,0,270
2025-02-12,SKU019,WH002,524,27,0,35,0,1,515
2025-02-12,SKU011,WH005,266,7,32,22,1,2,280
2025-02-12,SKU035,WH003,335,9,23,21,0,0,346
2025-02-12,SKU088,WH003,38,5,0,2,0,0,41
2025-02-12,SKU062,WH002,116,6,0,12,0,0,110
2025-02-12,SKU141,WH002,39,21,4,1,0,0,63
2025-02-12,SKU003,WH003,63,18,0,10,0,0,71
2025-02-12,SKU047,WH004,51,5,0,7,0,0,49
2025-02-12,SKU136,WH002,77,12,0,33,0,1,55
2025-02-12,SKU042,WH002,141,19,2,6,0,0,156
2025-02-12,SKU146,WH005,83,16,0,30,0,0,69
2025-02-12,SKU009,WH005,108,8,0,6,0,0,110
2025-02-12,SKU064,WH005,265,14,0,16,0,0,263
2025-02-12,SKU103,WH002,61,15,0,7,0,0,69
2025-02-12,SKU135,WH003,112,6,18,15,0,0,121
2025-02-12,SKU036,WH003,190,10,23,19,0,0,204
2025-02-12,SKU123,WH005,36,6,12,7,0,0,47
2025-02-12,SKU075,WH005,177,7,0,17,0,0,167
2025-02-12,SKU086,WH003,797,14,0,28,1,1,781
2025-02-12,SKU106,WH003,113,11,0,26,0,0,98
2025-02-12,SKU045,WH001,345,16,0,17,0,0,344
2025-02-12,SKU072,WH001,168,1,0,26,0,0,143
2025-02-12,SKU131,WH001,82,2,0,9,0,1,74
2025-02-12,SKU033,WH002,398,5,0,29,0,0,374
2025-02-12,SKU142,WH001,468,2,32,21,0,1,480
2025-02-12,SKU046,WH005,109,11,0,34,0,0,86
2025-02-12,SKU124,WH003,178,6,0,9,0,1,174
2025-02-12,SKU070,WH004,364,9,0,13,0,1,359
2025-02-12,SKU095,WH002,125,12,0,17,0,1,119
2025-02-12,SKU149,WH004,252,14,0,38,0,1,227
2025-02-12,SKU130,WH003,156,6,0,15,0,0,147
2025-02-12,SKU078,WH001,219,7,0,15,0,1,210
2025-02-12,SKU074,WH002,359,16,43,30,2,1,385
2025-02-13,SKU009,WH003,136,11,10,7,0,0,150
2025-02-13,SKU073,WH004,364,4,0,45,0,1,322
2025-02-13,SKU038,WH004,309,25,33,26,0,1,340
2025-02-13,SKU066,WH003,141,14,0,25,0,0,130
2025-02-13,SKU129,WH005,117,14,23,19,0,0,135
2025-02-13,SKU068,WH005,123,6,0,10,1,1,117
2025-02-13,SKU017,WH005,185,13,0,30,2,3,163
2025-02-13,SKU102,WH002,92,17,29,30,0,1,107
2025-02-13,SKU093,WH001,536,3,0,39,0,2,498
2025-02-13,SKU107,WH005,131,11,29,21,0,0,150
2025-02-13,SKU089,WH002,42,11,0,5,0,0,48
2025-02-13,SKU101,WH005,320,6,37,26,0,1,336
2025-02-13,SKU067,WH001,623,6,0,27,2,2,598
2025-02-13,SKU117,WH005,96,6,0,9,0,0,93
2025-02-13,SKU040,WH001,262,20,0,20,0,1,261
2025-02-13,SKU059,WH005,23,19,5,5,0,0,42
2025-02-13,SKU110,WH003,514,16,0,18,0,2,510
2025-02-13,SKU091,WH003,44,12,0,5,0,0,51
2025-02-13,SKU104,WH003,94,13,0,11,1,0,95
2025-02-13,SKU079,WH001,96,11,0,20,0,0,87
2025-02-13,SKU023,WH004,249,15,0,27,1,0,236
2025-02-13,SKU150,WH003,337,17,19,17,0,0,356
2025-02-13,SKU003,WH002,102,14,0,8,0,1,107
2025-02-13,SKU001,WH001,276,18,0,12,0,0,282
2025-02-13,SKU028,WH003,108,7,0,12,1,0,102
2025-02-13,SKU140,WH001,316,12,0,32,0,0,296
2025-02-13,SKU081,WH004,305,16,0,11,0,0,310
2025-02-13,SKU146,WH001,563,10,0,17,0,2,554
2025-02-13,SKU124,WH004,25,4,0,10,0,0,19
2025-02-13,SKU096,WH004,734,16,39,35,0,2,752
2025-02-13,SKU127,WH004,660,4,0,28,0,1,635
2025-02-13,SKU046,WH003,160,10,0,24,0,1,145
2025-02-13,SKU045,WH003,242,11,0,17,1,0,235
2025-02-13,SKU141,WH004,217,14,0,8,0,1,222
2025-02-13,SKU086,WH003,340,20,0,23,0,2,335
2025-02-13,SKU063,WH005,886,4,39,28,0,2,899
2025-02-13,SKU062,WH004,110,11,0,15,0,0,106
2025-02-13,SKU136,WH005,153,13,0,20,0,0,146
2025-02-13,SKU065,WH005,67,20,5,7,0,0,85
2025-02-13,SKU133,WH002,41,16,10,10,0,1,56
2025-02-13,SKU037,WH001,162,12,0,21,0,1,152
2025-02-13,SKU098,WH002,600,3,0,16,0,3,584
2025-02-13,SKU048,WH003,26,15,0,6,0,0,35
2025-02-13,SKU121,WH001,89,11,0,25,1,0,74
2025-02-13,SKU027,WH001,99,6,22,22,0,0,105
2025-02-14,SKU079,WH004,94,5,42,33,0,1,107
2025-02-14,SKU040,WH004,87,11,17,10,0,0,105
2025-02-14,SKU136,WH005,70,12,0,20,0,1,61
2025-02-14,SKU104,WH005,372,17,0,15,0,1,373
2025-02-14,SKU128,WH004,260,6,0,5,0,0,261
2025-02-14,SKU066,WH004,233,10,0,15,0,1,227
2025-02-14,SKU052,WH001,39,11,0,8,0,0,42
2025-02-14,SKU072,WH001,94,1,0,23,0,0,72
2025-02-14,SKU089,WH005,30,15,0,6,0,0,39
2025-02-14,SKU032,WH002,41,18,0,9,0,0,50
2025-02-14,SKU149,WH005,401,11,0,30,1,1,380
2025-02-14,SKU098,WH005,127,3,18,18,0,0,130
2025-02-14,SKU135,WH001,91,6,0,13,0,0,84
2025-02-14,SKU012,WH004,112,5,15,15,0,0,117
2025-02-14,SKU105,WH004,45,4,4,5,0,0,48
2025-02-14,SKU022,WH005,472,14,0,25,0,0,461
2025-02-14,SKU058,WH003,328,10,0,14,0,0,324
2025-02-14,SKU117,WH001,82,4,10,12,0,0,84
2025-02-14,SKU148,WH001,98,3,0,14,0,0,87
2025-02-14,SKU014,WH005,256,7,42,43,0,2,260
2025-02-14,SKU122,WH004,366,16,0,22,0,0,360
2025-02-14,SKU006,WH003,185,12,0,25,0,1,171
2025-02-14,SKU019,WH002,263,15,0,33,0,0,245
2025-02-14,SKU144,WH001,81,11,0,10,0,0,82
2025-02-14,SKU087,WH003,215,15,36,30,0,1,235
2025-02-14,SKU017,WH002,459,19,0,31,1,1,445
2025-02-14,SKU130,WH001,244,5,0,13,0,1,235
2025-02-14,SKU029,WH004,299,13,0,31,0,0,281
2025-02-14,SKU077,WH003,332,7,0,12,0,1,326
2025-02-14,SKU056,WH003,252,2,0,17,0,0,237
2025-02-14,SKU065,WH002,251,21,14,6,0,0,280
2025-02-14,SKU099,WH001,650,15,0,31,0,2,632
2025-02-14,SKU119,WH003,53,15,20,11,0,0,77
2025-02-14,SKU004,WH002,79,11,10,8,0,0,92
2025-02-14,SKU031,WH004,219,9,0,28,1,0,199
2025-02-14,SKU023,WH002,170,9,19,16,0,0,182
2025-02-14,SKU033,WH005,270,6,0,34,2,1,239
2025-02-14,SKU050,WH002,337,4,42,42,0,0,341
2025-02-14,SKU047,WH003,59,12,13,7,0,0,77
2025-02-14,SKU143,WH003,166,14,0,15,0,0,165
2025-02-14,SKU123,WH002,16,14,0,6,0,0,24
2025-02-14,SKU137,WH004,87,15,0,9,0,0,93
2025-02-14,SKU026,WH004,290,2,0,17,0,0,275
2025-02-14,SKU018,WH003,200,13,28,17,0,0,224
2025-02-14,SKU106,WH003,94,12,0,29,0,1,76
2025-02-15,SKU022,WH004,575,11,38,29,1,1,593
2025-02-15,SKU014,WH001,320,2,0,34,0,0,288
2025-02-15,SKU148,WH002,314,2,0,20,0,0,296
2025-02-15,SKU025,WH004,60,19,0,16,0,0,63
2025-02-15,SKU004,WH005,36,17,0,9,1,0,43
2025-02-15,SKU066,WH003,128,11,23,20,0,0,142
2025-02-15,SKU137,WH001,70,16,6,8,1,0,83
2025-02-15,SKU140,WH003,229,6,28,27,0,1,235
2025-02-15,SKU098,WH003,265,6,27,21,1,0,276
2025-02-15,SKU030,WH003,80,12,0,19,0,0,73
2025-02-15,SKU027,WH004,97,13,0,18,0,1,91
2025-02-15,SKU064,WH002,261,11,0,15,0,0,257
2025-02-15,SKU009,WH003,184,22,0,12,0,0,194
2025-02-15,SKU090,WH001,220,1,0,21,0,0,200
2025-02-15,SKU044,WH001,254,13,38,22,0,1,282
2025-02-15,SKU033,WH001,523,2,0,28,0,1,496
2025-02-15,SKU058,WH003,454,12,40,29,0,1,476
2025-02-15,SKU128,WH002,124,2,0,8,0,0,118
2025-02-15,SKU005,WH003,95,6,0,14,0,1,86
2025-02-15,SKU124,WH004,150,6,16,12,0,0,160
2025-02-15,SKU075,WH004,70,12,0,18,0,1,63
2025-02-15,SKU089,WH001,84,13,0,4,0,0,93
2025-02-15,SKU055,WH003,306,8,21,20,0,0,315
2025-02-15,SKU150,WH004,210,14,0,19,0,0,205
2025-02-15,SKU040,WH003,169,8,0,15,0,0,162
2025-02-15,SKU093,WH003,841,4,0,37,1,1,806
2025-02-15,SKU096,WH004,224,15,0,27,1,0,211
2025-02-15,SKU029,WH004,425,11,0,14,0,1,421
2025-02-15,SKU007,WH005,24,7,0,14,0,0,17
2025-02-15,SKU053,WH001,223,8,28,29,0,0,230
2025-02-15,SKU041,WH003,360,14,0,24,0,0,350
2025-02-15,SKU047,WH001,183,14,0,13,1,0,183
2025-02-15,SKU136,WH003,50,15,0,16,0,1,48
2025-02-15,SKU006,WH003,167,14,0,32,0,0,149
2025-02-15,SKU060,WH002,324,10,0,13,0,0,321
2025-02-15,SKU048,WH002,57,11,17,11,1,0,73
2025-02-15,SKU138,WH005,40,13,0,3,0,0,50
2025-02-15,SKU052,WH002,49,9,15,4,0,0,69
2025-02-15,SKU101,WH004,281,1,0,21,0,1,260
2025-02-15,SKU104,WH005,211,20,12,13,0,2,228
2025-02-15,SKU051,WH004,36,22,0,7,0,0,51
2025-02-15,SKU142,WH004,383,2,0,35,0,0,350
2025-02-15,SKU045,WH004,369,17,0,19,0,0,367
2025-02-15,SKU145,WH001,722,9,0,26,0,1,704
2025-02-15,SKU114,WH005,241,9,0,15,0,1,234
2025-02-16,SKU098,WH004,324,3,0,24,0,0,303
2025-02-16,SKU108,WH003,598,5,0,42,0,0,561
2025-02-16,SKU068,WH002,60,3,0,11,0,0,52
2025-02-16,SKU139,WH005,132,7,30,32,0,0,137
2025-02-16,SKU025,WH003,264,15,0,15,0,0,264
2025-02-16,SKU007,WH003,212,12,16,19,0,0,221
2025-02-16,SKU075,WH005,276,4,0,18,0,0,262
2025-02-16,SKU063,WH001,232,7,0,35,1,0,203
2025-02-16,SKU115,WH004,261,10,0,12,1,1,257
2025-02-16,SKU106,WH004,263,16,0,24,0,0,255
2025-02-16,SKU056,WH002,441,5,19,22,0,3,440
2025-02-16,SKU033,WH003,645,3,0,30,0,2,616
2025-02-16,SKU112,WH001,12,11,8,4,1,0,26
2025-02-16,SKU091,WH001,66,15,10,12,0,1,78
2025-02-16,SKU117,WH004,13,7,17,10,0,0,27
2025-02-16,SKU065,WH001,190,16,0,4,0,2,200
2025-02-16,SKU125,WH002,186,4,0,32,0,0,158
2025-02-16,SKU111,WH004,314,17,35,21,0,1,344
2025-02-16,SKU008,WH002,230,3,0,27,0,0,206
2025-02-16,SKU058,WH001,413,6,32,42,1,2,406
2025-02-16,SKU133,WH004,251,17,12,9,1,0,270
2025-02-16,SKU097,WH002,84,16,0,9,0,0,91
2025-02-16,SKU049,WH004,145,7,0,20,0,0,132
2025-02-16,SKU146,WH005,288,13,0,21,0,0,280
2025-02-16,SKU134,WH004,93,7,32,40,0,0,92
2025-02-16,SKU061,WH004,23,10,6,9,1,0,29
2025-02-16,SKU060,WH004,145,3,0,27,0,0,121
2025-02-16,SKU089,WH003,78,12,0,4,0,0,86
2025-02-16,SKU104,WH005,150,17,18,11,0,1,173
2025-02-16,SKU076,WH001,49,13,0,28,0,0,34
2025-02-16,SKU037,WH003,257,13,0,10,0,0,260
2025-02-16,SKU130,WH001,191,2,0,16,0,0,177
2025-02-16,SKU095,WH004,162,19,0,13,1,1,166
2025-02-16,SKU029,WH005,420,15,32,19,0,0,448
2025-02-16,SKU040,WH001,160,26,22,23,0,0,185
2025-02-16,SKU052,WH001,50,13,0,8,0,0,55
2025-02-16,SKU080,WH004,105,11,4,10,0,0,110
2025-02-16,SKU012,WH002,61,4,0,11,0,2,52
2025-02-16,SKU003,WH003,100,16,0,6,0,0,110
2025-02-16,SKU062,WH001,56,5,0,9,0,0,52
2025-02-16,SKU048,WH003,92,10,0,7,0,1,94
2025-02-16,SKU030,WH003,73,15,0,23,0,0,65
2025-02-16,SKU129,WH005,357,17,27,16,0,0,385
2025-02-16,SKU071,WH004,182,7,0,7,0,0,182
2025-02-16,SKU023,WH005,195,13,0,18,0,1,189
2025-02-17,SKU042,WH005,15,15,2,2,0,0,30
2025-02-17,SKU024,WH002,278,12,16,13,1,0,292
2025-02-17,SKU101,WH004,449,5,0,26,1,1,426
2025-02-17,SKU016,WH002,230,8,18,16,0,0,240
2025-02-17,SKU092,WH005,161,5,0,23,0,0,143
2025-02-17,SKU003,WH003,122,14,10,7,0,0,139
2025-02-17,SKU030,WH003,277,15,0,28,0,2,262
2025-02-17,SKU005,WH004,66,3,18,11,0,0,76
2025-02-17,SKU087,WH004,188,14,0,26,0,0,176
2025-02-17,SKU049,WH005,172,9,0,17,1,0,163
2025-02-17,SKU099,WH002,654,11,0,25,0,2,638
2025-02-17,SKU050,WH003,288,4,26,41,0,1,276
2025-02-17,SKU145,WH001,209,14,0,23,0,0,200
2025-02-17,SKU076,WH001,84,12,0,21,0,0,75
2025-02-17,SKU088,WH001,39,9,9,2,0,0,55
2025-02-17,SKU098,WH005,383,5,0,21,0,0,367
2025-02-17,SKU033,WH001,141,4,0,26,0,0,119
2025-02-17,SKU058,WH004,280,10,0,29,0,0,261
2025-02-17,SKU063,WH002,282,8,35,40,0,0,285
2025-02-17,SKU083,WH001,190,5,0,16,0,2,177
2025-02-17,SKU113,WH003,175,15,0,19,0,0,171
2025-02-17,SKU124,WH005,142,6,0,12,0,0,136
2025-02-17,SKU041,WH002,176,15,0,29,1,0,161
2025-02-17,SKU027,WH001,182,7,0,18,0,0,171
2025-02-17,SKU054,WH002,139,11,0,17,0,1,132
2025-02-17,SKU004,WH002,78,19,0,6,0,0,91
2025-02-17,SKU037,WH003,311,12,0,12,0,2,309
2025-02-17,SKU017,WH005,238,18,0,34,0,1,221
2025-02-17,SKU040,WH001,51,17,0,13,2,0,53
2025-02-17,SKU128,WH004,113,6,0,11,0,0,108
2025-02-17,SKU028,WH001,152,7,0,13,0,0,146
2025-02-17,SKU109,WH005,129,3,16,7,0,0,141
2025-02-17,SKU131,WH004,61,3,9,5,0,0,68
2025-02-17,SKU022,WH003,172,12,39,23,0,0,200
2025-02-17,SKU127,WH001,401,3,0,32,0,0,372
2025-02-17,SKU056,WH002,266,6,20,18,0,1,273
2025-02-17,SKU013,WH001,160,11,0,16,0,0,155
2025-02-17,SKU067,WH001,577,10,0,36,1,3,547
2025-02-17,SKU082,WH005,403,5,32,15,1,3,421
2025-02-17,SKU066,WH002,556,20,0,17,0,0,559
2025-02-17,SKU031,WH001,842,5,0,30,1,0,816
2025-02-17,SKU034,WH004,129,4,0,24,0,1,108
2025-02-17,SKU011,WH003,256,6,36,31,0,0,267
2025-02-17,SKU047,WH001,292,6,5,9,0,0,294
2025-02-17,SKU048,WH005,103,18,0,13,0,0,108
2025-02-18,SKU144,WH003,56,15,0,8,0,0,63
2025-02-18,SKU007,WH001,173,6,0,18,0,0,161
2025-02-18,SKU051,WH005,45,19,0,7,0,0,57
2025-02-18,SKU066,WH002,185,14,0,14,0,0,185
2025-02-18,SKU068,WH004,43,5,0,5,0,0,43
2025-02-18,SKU013,WH003,369,14,0,8,0,1,374
2025-02-18,SKU008,WH002,374,6,46,26,0,1,399
2025-02-18,SKU038,WH001,540,21,0,30,0,1,530
2025-02-18,SKU114,WH001,35,9,15,17,0,0,42
2025-02-18,SKU139,WH005,265,11,40,30,0,1,285
2025-02-18,SKU044,WH001,256,9,0,24,0,1,240
2025-02-18,SKU148,WH004,258,4,0,21,1,0,240
2025-02-18,SKU115,WH002,41,5,0,9,0,0,37
2025-02-18,SKU117,WH002,156,6,15,13,0,0,164
2025-02-18,SKU073,WH001,164,1,38,29,0,0,174
2025-02-18,SKU027,WH004,221,5,0,10,0,1,215
2025-02-18,SKU060,WH003,181,12,0,18,1,0,174
2025-02-18,SKU145,WH002,191,8,0,38,0,0,161
2025-02-18,SKU124,WH005,58,9,18,12,0,0,73
2025-02-18,SKU090,WH004,75,5,0,14,0,0,66
2025-02-18,SKU040,WH003,151,18,0,7,0,0,162
2025-02-18,SKU096,WH001,386,12,0,30,0,0,368
2025-02-18,SKU061,WH002,36,16,0,4,0,0,48
2025-02-18,SKU062,WH003,382,10,0,6,0,1,385
2025-02-18,SKU031,WH004,70,7,0,24,0,0,53
2025-02-18,SKU113,WH001,47,10,16,13,0,0,60
2025-02-18,SKU141,WH005,33,22,0,4,0,0,51
2025-02-18,SKU059,WH002,91,17,0,9,0,0,99
2025-02-18,SKU064,WH003,48,20,0,12,0,0,56
2025-02-18,SKU081,WH003,250,10,36,26,1,1,268
2025-02-18,SKU022,WH004,181,26,0,24,0,0,183
2025-02-18,SKU106,WH002,545,18,36,22,0,3,574
2025-02-18,SKU135,WH002,100,7,11,16,0,0,102
2025-02-18,SKU063,WH004,116,14,0,24,0,0,106
2025-02-18,SKU101,WH005,107,2,0,19,0,0,90
2025-02-18,SKU043,WH004,67,4,14,11,0,1,73
2025-02-18,SKU130,WH005,222,6,0,19,0,0,209
2025-02-18,SKU099,WH001,244,12,0,16,0,0,240
2025-02-18,SKU102,WH001,212,9,0,18,0,1,202
2025-02-18,SKU032,WH001,29,16,0,5,0,0,40
2025-02-18,SKU149,WH004,445,9,0,21,0,1,432
2025-02-18,SKU041,WH003,174,7,31,30,0,0,182
2025-02-18,SKU110,WH002,114,15,0,24,0,1,104
2025-02-18,SKU095,WH002,65,9,0,7,0,0,67
2025-02-18,SKU077,WH001,370,7,23,16,0,1,383
2025-02-19,SKU092,WH001,685,12,36,20,0,3,710
2025-02-19,SKU119,WH004,241,17,0,13,0,0,245
2025-02-19,SKU026,WH005,291,2,0,21,0,0,272
2025-02-19,SKU077,WH004,493,8,0,22,1,2,476
2025-02-19,SKU144,WH002,50,14,0,5,0,0,59
2025-02-19,SKU115,WH003,96,2,0,11,0,0,87
2025-02-19,SKU104,WH002,119,14,0,11,0,0,122
2025-02-19,SKU136,WH004,76,10,0,13,0,0,73
2025-02-19,SKU107,WH004,139,8,0,18,0,1,128
2025-02-19,SKU041,WH005,482,13,0,22,0,0,473
2025-02-19,SKU147,WH004,232,4,0,16,0,0,220
2025-02-19,SKU075,WH005,91,8,21,15,0,0,105
2025-02-19,SKU079,WH001,300,8,0,18,0,1,289
2025-02-19,SKU122,WH005,174,14,0,14,0,0,174
2025-02-19,SKU067,WH001,128,6,0,22,0,0,112
2025-02-19,SKU097,WH003,19,12,0,6,0,0,25
2025-02-19,SKU105,WH005,65,7,0,8,0,2,62
2025-02-19,SKU134,WH004,698,8,35,33,0,0,708
2025-02-19,SKU090,WH003,92,7,0,9,1,0,89
2025-02-19,SKU085,WH002,667,3,34,45,1,2,656
2025-02-19,SKU101,WH002,376,2,0,21,0,3,354
2025-02-19,SKU029,WH004,118,13,0,27,0,0,104
2025-02-19,SKU098,WH003,611,3,0,18,0,0,596
2025-02-19,SKU137,WH003,115,15,9,5,0,0,134
2025-02-19,SKU145,WH005,349,14,32,29,0,1,365
2025-02-19,SKU015,WH001,66,3,0,3,0,0,66
2025-02-19,SKU053,WH003,93,5,24,22,1,0,99
2025-02-19,SKU102,WH004,402,6,21,31,0,1,397
2025-02-19,SKU140,WH001,69,9,26,15,0,0,89
2025-02-19,SKU019,WH002,200,15,0,40,2,0,173
2025-02-19,SKU017,WH005,202,19,0,26,0,0,195
2025-02-19,SKU126,WH005,407,2,0,40,0,0,369
2025-02-19,SKU001,WH005,36,26,0,14,0,0,48
2025-02-19,SKU034,WH005,775,7,25,20,0,1,786
2025-02-19,SKU022,WH003,558,17,0,38,0,0,537
2025-02-19,SKU037,WH004,304,13,0,24,0,1,292
2025-02-19,SKU071,WH004,82,14,7,6,0,0,97
2025-02-19,SKU139,WH001,678,9,0,27,1,2,657
2025-02-19,SKU138,WH005,92,11,0,6,0,0,97
2025-02-19,SKU033,WH004,516,1,0,28,1,1,487
2025-02-19,SKU081,WH001,483,8,0,37,1,1,452
2025-02-19,SKU025,WH001,74,12,18,16,0,0,88
2025-02-19,SKU028,WH005,78,10,19,14,0,0,93
2025-02-19,SKU010,WH001,385,20,0,26,1,0,378
2025-02-19,SKU059,WH001,93,10,0,6,0,1,96
2025-02-20,SKU088,WH003,55,5,0,6,0,0,54
2025-02-20,SKU011,WH002,454,7,36,25,0,0,472
2025-02-20,SKU147,WH003,367,3,0,23,0,0,347
2025-02-20,SKU089,WH005,49,18,0,4,0,0,63
2025-02-20,SKU126,WH004,155,0,44,34,0,0,165
2025-02-20,SKU038,WH003,99,15,0,20,0,0,94
2025-02-20,SKU146,WH002,144,14,30,26,1,0,161
2025-02-20,SKU122,WH005,185,12,0,15,0,1,181
2025-02-20,SKU039,WH005,451,11,0,31,0,0,431
2025-02-20,SKU016,WH005,73,6,0,15,0,0,64
2025-02-20,SKU018,WH004,324,11,0,16,0,1,318
2025-02-20,SKU056,WH005,39,7,0,13,0,0,33
2025-02-20,SKU119,WH004,273,19,19,30,0,0,281
2025-02-20,SKU072,WH004,414,4,0,25,0,0,393
2025-02-20,SKU127,WH005,98,5,29,37,0,0,95
2025-02-20,SKU006,WH005,284,18,41,27,0,0,316
2025-02-20,SKU014,WH001,336,4,0,43,0,1,296
2025-02-20,SKU004,WH002,42,12,0,10,0,0,44
2025-02-20,SKU069,WH004,310,4,0,32,0,1,281
2025-02-20,SKU067,WH003,974,12,0,33,0,1,952
2025-02-20,SKU009,WH005,277,7,0,6,0,0,278
2025-02-20,SKU092,WH004,59,14,32,15,1,0,89
2025-02-20,SKU064,WH002,389,18,15,16,0,0,406
2025-02-20,SKU100,WH003,117,13,0,18,2,0,110
2025-02-20,SKU033,WH005,316,1,0,32,0,0,285
2025-02-20,SKU085,WH005,318,3,50,30,0,0,341
2025-02-20,SKU080,WH005,91,16,0,5,0,0,102
2025-02-20,SKU093,WH004,276,0,0,29,0,0,247
2025-02-20,SKU103,WH004,37,16,0,6,0,0,47
2025-02-20,SKU052,WH003,190,19,9,9,0,1,208
2025-02-20,SKU143,WH004,187,12,0,8,0,1,190
2025-02-20,SKU140,WH004,506,11,0,21,1,4,491
2025-02-20,SKU043,WH003,174,5,17,20,0,1,175
2025-02-20,SKU059,WH003,77,16,0,6,0,0,87
2025-02-20,SKU047,WH004,48,11,0,9,0,0,50
2025-02-20,SKU135,WH001,164,8,15,15,0,0,172
2025-02-20,SKU112,WH005,107,8,0,4,0,0,111
2025-02-20,SKU001,WH001,99,14,0,10,0,0,103
2025-02-20,SKU015,WH005,71,2,0,5,0,0,68
2025-02-20,SKU091,WH004,57,23,13,10,0,0,83
2025-02-20,SKU020,WH003,100,18,14,12,0,2,118
2025-02-20,SKU084,WH002,46,3,1,5,0,0,45
2025-02-20,SKU094,WH001,226,4,0,22,0,0,208
2025-02-20,SKU055,WH004,439,14,28,21,0,1,459
2025-02-20,SKU002,WH002,487,5,25,22,2,0,493
2025-02-21,SKU037,WH002,100,21,23,24,1,0,119
2025-02-21,SKU018,WH004,81,10,0,14,1,0,76
2025-02-21,SKU120,WH005,169,3,0,12,0,0,160
2025-02-21,SKU131,WH003,84,8,9,6,0,0,95
2025-02-21,SKU062,WH004,150,4,0,22,1,0,131
2025-02-21,SKU039,WH003,238,12,36,33,0,0,253
2025-02-21,SKU137,WH004,31,10,11,5,1,0,46
2025-02-21,SKU100,WH005,64,14,0,18,0,0,60
2025-02-21,SKU015,WH001,29,7,0,10,0,1,25
2025-02-21,SKU135,WH004,360,10,12,13,0,0,369
2025-02-21,SKU075,WH003,91,10,0,20,0,0,81
2025-02-21,SKU058,WH002,344,16,0,32,1,0,327
2025-02-21,SKU140,WH002,683,9,30,26,0,1,695
2025-02-21,SKU095,WH003,130,13,0,13,0,0,130
2025-02-21,SKU148,WH004,38,3,22,22,0,0,41
2025-02-21,SKU094,WH004,155,9,0,21,0,0,143
2025-02-21,SKU088,WH002,34,4,7,3,0,0,42
2025-02-21,SKU077,WH003,209,12,0,19,0,0,202
2025-02-21,SKU083,WH002,198,5,0,21,0,1,181
2025-02-21,SKU099,WH005,301,7,0,28,0,0,280
2025-02-21,SKU035,WH005,142,13,0,22,1,0,132
2025-02-21,SKU066,WH001,238,10,0,18,0,0,230
2025-02-21,SKU031,WH001,405,4,0,33,0,0,376
2025-02-21,SKU003,WH002,85,8,0,7,0,0,86
2025-02-21,SKU149,WH002,405,13,0,39,0,1,378
2025-02-21,SKU021,WH005,74,12,0,12,0,1,73
2025-02-21,SKU019,WH005,258,16,40,24,1,2,287
2025-02-21,SKU048,WH002,126,9,0,10,0,0,125
2025-02-21,SKU111,WH005,187,20,0,27,0,0,180
2025-02-21,SKU092,WH001,335,9,0,20,0,0,324
2025-02-21,SKU150,WH005,398,17,0,20,0,1,394
2025-02-21,SKU117,WH003,158,5,0,14,0,0,149
2025-02-21,SKU034,WH004,374,9,24,15,0,1,391
2025-02-21,SKU040,WH001,299,12,0,16,0,0,295
2025-02-21,SKU138,WH004,6,23,0,4,0,0,25
2025-02-21,SKU097,WH001,137,9,0,7,0,0,139
2025-02-21,SKU045,WH001,345,14,0,20,0,0,339
2025-02-21,SKU072,WH005,222,4,0,36,1,0,189
2025-02-21,SKU010,WH001,262,12,0,23,1,0,250
2025-02-21,SKU073,WH003,455,4,0,34,2,1,422
2025-02-21,SKU065,WH001,100,21,16,5,0,1,131
2025-02-21,SKU123,WH005,78,5,11,7,0,0,87
2025-02-21,SKU107,WH001,159,13,0,17,0,1,154
2025-02-21,SKU068,WH002,80,3,0,8,0,0,75
2025-02-21,SKU119,WH002,409,17,23,26,0,0,423
2025-02-22,SKU135,WH005,407,11,15,9,0,1,423
2025-02-22,SKU090,WH004,217,2,0,19,0,1,199
2025-02-22,SKU103,WH003,38,20,0,4,0,0,54
2025-02-22,SKU091,WH003,156,16,8,9,0,0,171
2025-02-22,SKU081,WH003,321,11,28,21,0,0,339
2025-02-22,SKU017,WH001,96,20,0,33,0,1,82
2025-02-22,SKU094,WH003,243,11,0,27,0,1,226
2025-02-22,SKU007,WH003,92,4,0,9,0,0,87
2025-02-22,SKU068,WH001,147,3,0,12,0,0,138
2025-02-22,SKU141,WH001,54,17,0,4,0,0,67
2025-02-22,SKU020,WH002,84,14,0,12,0,0,86
2025-02-22,SKU137,WH003,59,10,0,3,0,0,66
2025-02-22,SKU144,WH004,40,13,0,8,0,0,45
2025-02-22,SKU015,WH002,102,6,0,3,0,0,105
2025-02-22,SKU050,WH004,516,1,0,36,0,2,479
2025-02-22,SKU011,WH001,823,11,0,28,0,0,806
2025-02-22,SKU064,WH003,460,10,20,26,0,3,461
2025-02-22,SKU052,WH002,59,9,5,5,0,0,68
2025-02-22,SKU113,WH001,155,10,0,11,0,0,154
2025-02-22,SKU125,WH004,551,6,0,33,0,1,523
2025-02-22,SKU029,WH003,102,11,0,19,0,0,94
2025-02-22,SKU024,WH005,178,14,0,22,0,0,170
2025-02-22,SKU042,WH003,36,15,0,4,0,0,47
2025-02-22,SKU129,WH004,264,25,0,19,1,0,269
2025-02-22,SKU140,WH005,682,13,0,26,1,0,668
2025-02-22,SKU122,WH005,346,18,20,21,0,1,362
2025-02-22,SKU035,WH001,28,17,0,25,0,0,20
2025-02-22,SKU078,WH003,231,11,0,20,0,0,222
2025-02-22,SKU036,WH001,274,11,0,15,0,0,270
2025-02-22,SKU019,WH005,90,12,0,33,1,0,68
2025-02-22,SKU117,WH001,24,4,0,7,0,0,21
2025-02-22,SKU069,WH001,753,5,0,28,0,4,726
2025-02-22,SKU086,WH004,99,21,0,25,0,0,95
2025-02-22,SKU109,WH005,110,5,0,14,0,0,101
2025-02-22,SKU116,WH005,274,20,0,26,0,0,268
2025-02-22,SKU058,WH001,202,11,0,34,2,0,177
2025-02-22,SKU054,WH003,154,13,0,19,0,0,148
2025-02-22,SKU089,WH005,48,15,6,3,0,0,66
2025-02-22,SKU002,WH001,189,7,0,32,0,0,164
2025-02-22,SKU009,WH005,12,17,0,2,0,0,27
2025-02-22,SKU047,WH004,135,10,0,11,0,0,134
2025-02-22,SKU106,WH002,1039,21,0,32,1,1,1026
2025-02-22,SKU142,WH004,206,3,37,36,0,1,209
2025-02-22,SKU031,WH003,338,5,0,20,0,2,321
2025-02-22,SKU073,WH002,344,3,36,39,1,1,342
2025-02-23,SKU035,WH002,618,20,0,24,1,0,613
2025-02-23,SKU077,WH002,191,9,0,15,0,0,185
2025-02-23,SKU098,WH001,349,5,0,26,0,0,328
2025-02-23,SKU043,WH003,483,2,0,17,0,2,466
2025-02-23,SKU027,WH005,174,7,20,17,0,0,184
2025-02-23,SKU045,WH001,135,17,15,19,0,1,147
2025-02-23,SKU009,WH001,138,11,0,10,0,0,139
2025-02-23,SKU014,WH002,624,5,0,30,0,2,597
2025-02-23,SKU057,WH005,91,15,0,24,1,0,81
2025-02-23,SKU140,WH003,381,13,0,33,0,2,359
2025-02-23,SKU083,WH002,321,4,0,18,0,0,307
2025-02-23,SKU034,WH005,351,7,26,14,0,0,370
2025-02-23,SKU145,WH005,559,17,0,30,0,1,545
2025-02-23,SKU146,WH003,694,13,0,21,0,1,685
2025-02-23,SKU038,WH003,247,15,0,26,0,2,234
2025-02-23,SKU105,WH003,50,6,0,4,0,0,52
2025-02-23,SKU090,WH005,216,4,13,18,2,0,213
2025-02-23,SKU087,WH002,201,12,0,19,1,0,193
2025-02-23,SKU004,WH002,120,12,9,5,0,0,136
2025-02-23,SKU132,WH003,114,20,53,39,0,0,148
2025-02-23,SKU109,WH004,12,5,12,17,0,0,12
2025-02-23,SKU082,WH004,196,8,0,22,0,0,182
2025-02-23,SKU095,WH004,22,12,13,12,0,0,35
2025-02-23,SKU054,WH004,73,13,27,18,1,0,94
2025-02-23,SKU094,WH003,66,12,0,25,0,0,53
2025-02-23,SKU012,WH003,137,4,0,9,0,0,132
2025-02-23,SKU053,WH001,322,8,0,21,0,1,308
2025-02-23,SKU023,WH003,161,11,0,20,1,2,149
2025-02-23,SKU001,WH001,125,12,0,10,0,0,127
2025-02-23,SKU021,WH005,275,20,0,16,0,0,279
2025-02-23,SKU084,WH002,56,1,5,5,0,0,57
2025-02-23,SKU059,WH004,46,12,0,7,0,0,51
2025-02-23,SKU018,WH001,331,5,14,12,0,0,338
2025-02-23,SKU096,WH001,294,16,0,32,1,0,277
2025-02-23,SKU051,WH002,89,21,0,7,0,0,103
2025-02-23,SKU127,WH003,365,11,0,24,1,0,351
2025-02-23,SKU123,WH005,158,9,0,10,0,0,157
2025-02-23,SKU061,WH004,103,10,7,6,0,0,114
2025-02-23,SKU106,WH002,378,13,0,25,0,0,366
2025-02-23,SKU007,WH003,131,6,17,7,0,0,147
2025-02-23,SKU030,WH004,214,18,0,21,0,0,211
2025-02-23,SKU079,WH005,353,9,33,41,0,0,354
2025-02-23,SKU121,WH004,225,6,0,19,1,0,211
2025-02-23,SKU142,WH004,396,3,0,32,0,0,367
2025-02-23,SKU102,WH004,59,12,0,26,1,0,44
2025-02-24,SKU068,WH002,125,5,0,7,0,2,121
2025-02-24,SKU129,WH002,270,19,0,25,0,1,263
2025-02-24,SKU126,WH005,87,3,0,18,1,0,71
2025-02-24,SKU150,WH003,212,22,0,20,0,0,214
2025-02-24,SKU134,WH003,298,7,0,32,0,0,273
2025-02-24,SKU111,WH003,244,18,0,28,1,1,232
2025-02-24,SKU090,WH004,167,6,0,18,2,0,153
2025-02-24,SKU059,WH004,88,20,6,7,0,0,107
2025-02-24,SKU066,WH005,261,14,33,21,1,0,286
2025-02-24,SKU001,WH002,353,11,13,17,0,0,360
2025-02-24,SKU128,WH001,151,5,0,8,1,0,147
2025-02-24,SKU082,WH002,77,9,0,18,0,0,68
2025-02-24,SKU048,WH001,137,11,0,8,0,0,140
2025-02-24,SKU137,WH005,38,14,10,10,1,0,51
2025-02-24,SKU060,WH001,300,8,0,20,1,0,287
2025-02-24,SKU143,WH001,134,12,0,12,0,0,134
2025-02-24,SKU007,WH004,75,14,0,9,0,1,79
2025-02-24,SKU094,WH003,194,7,30,23,1,3,204
2025-02-24,SKU035,WH003,142,14,34,25,1,0,164
2025-02-24,SKU097,WH005,74,13,0,7,0,1,79
2025-02-24,SKU008,WH001,354,4,44,39,0,0,363
2025-02-24,SKU100,WH001,167,11,15,15,0,0,178
2025-02-24,SKU039,WH002,414,5,0,21,0,1,397
2025-02-24,SKU106,WH003,169,14,0,24,1,0,158
2025-02-24,SKU030,WH004,115,15,0,13,0,0,117
2025-02-24,SKU009,WH003,65,10,5,8,0,0,72
2025-02-24,SKU063,WH004,163,18,0,33,0,1,147
2025-02-24,SKU026,WH004,456,3,19,22,0,1,455
2025-02-24,SKU139,WH005,389,11,39,31,0,0,408
2025-02-24,SKU054,WH004,76,18,19,19,0,0,94
2025-02-24,SKU053,WH002,594,7,16,18,0,1,598
2025-02-24,SKU148,WH004,305,3,0,16,0,0,292
2025-02-24,SKU120,WH004,20,2,0,18,0,0,4
2025-02-24,SKU057,WH002,247,16,0,22,0,0,241
2025-02-24,SKU121,WH005,126,10,21,16,0,0,141
2025-02-24,SKU012,WH005,94,3,12,5,0,0,104
2025-02-24,SKU098,WH002,134,3,0,21,0,0,116
2025-02-24,SKU145,WH005,319,20,40,38,0,2,339
2025-02-24,SKU140,WH004,72,15,0,17,0,0,70
2025-02-24,SKU115,WH004,163,6,0,12,0,0,157
2025-02-24,SKU080,WH003,137,14,0,5,0,0,146
2025-02-24,SKU075,WH001,282,5,0,17,0,2,268
2025-02-24,SKU047,WH005,68,11,9,8,0,0,80
2025-02-24,SKU006,WH002,270,20,0,28,0,1,261
2025-02-24,SKU102,WH003,437,20,34,16,0,1,474
2025-02-25,SKU058,WH005,373,15,0,18,0,1,369
2025-02-25,SKU073,WH005,573,1,0,30,0,1,543
2025-02-25,SKU050,WH002,351,5,37,27,1,0,365
2025-02-25,SKU129,WH002,184,15,0,21,1,0,177
2025-02-25,SKU020,WH005,172,11,0,14,0,0,169
2025-02-25,SKU034,WH005,335,3,0,23,0,0,315
2025-02-25,SKU142,WH005,177,7,45,29,1,0,199
2025-02-25,SKU043,WH005,69,6,0,17,0,0,58
2025-02-25,SKU128,WH004,325,7,7,13,1,1,324
2025-02-25,SKU150,WH001,260,21,31,19,0,0,293
2025-02-25,SKU104,WH004,233,10,0,16,0,0,227
2025-02-25,SKU036,WH004,165,18,15,22,0,0,176
2025-02-25,SKU110,WH004,78,11,0,30,0,0,59
2025-02-25,SKU007,WH002,168,12,0,9,0,0,171
2025-02-25,SKU081,WH005,161,12,0,23,1,0,149
2025-02-25,SKU033,WH004,77,5,0,22,0,0,60
2025-02-25,SKU030,WH004,97,17,0,20,0,0,94
2025-02-25,SKU092,WH004,404,7,23,22,0,0,412
2025-02-25,SKU047,WH001,75,14,0,7,0,1,81
2025-02-25,SKU099,WH004,734,9,0,27,0,0,716
2025-02-25,SKU097,WH005,71,9,0,9,0,1,70
2025-02-25,SKU123,WH004,151,16,0,9,1,0,157
2025-02-25,SKU079,WH003,164,5,0,33,0,0,136
2025-02-25,SKU134,WH004,232,2,0,34,0,2,198
2025-02-25,SKU147,WH005,413,5,0,20,0,1,397
2025-02-25,SKU014,WH001,240,2,44,30,0,1,255
2025-02-25,SKU051,WH003,43,22,0,4,0,0,61
2025-02-25,SKU113,WH005,164,13,27,19,0,0,185
2025-02-25,SKU093,WH001,224,4,0,35,0,0,193
2025-02-25,SKU024,WH002,167,14,0,15,0,0,166
2025-02-25,SKU039,WH004,192,8,31,31,0,0,200
2025-02-25,SKU141,WH002,20,20,8,4,0,0,44
2025-02-25,SKU038,WH002,391,11,0,30,0,1,371
2025-02-25,SKU120,WH002,152,5,0,11,0,0,146
2025-02-25,SKU098,WH004,502,2,33,31,0,0,506
2025-02-25,SKU019,WH004,387,13,0,32,1,1,366
2025-02-25,SKU127,WH004,198,5,0,36,0,0,167
2025-02-25,SKU103,WH004,148,19,8,5,0,0,170
2025-02-25,SKU026,WH004,92,4,0,25,0,0,71
2025-02-25,SKU049,WH002,122,8,30,13,0,0,147
2025-02-25,SKU124,WH003,201,5,0,9,0,0,197
2025-02-25,SKU052,WH003,36,9,0,4,0,0,41
2025-02-25,SKU105,WH001,41,6,0,6,0,0,41
2025-02-25,SKU071,WH005,29,5,10,7,0,0,37
2025-02-25,SKU075,WH003,283,8,0,11,0,1,279
2025-02-26,SKU068,WH003,243,5,0,6,0,0,242
2025-02-26,SKU002,WH002,201,8,0,17,0,2,190
2025-02-26,SKU072,WH003,250,2,0,36,0,0,216
2025-02-26,SKU124,WH003,96,3,10,7,1,0,101
2025-02-26,SKU108,WH003,451,9,23,21,0,2,460
2025-02-26,SKU121,WH004,66,7,14,15,0,0,72
2025-02-26,SKU105,WH004,55,6,9,2,0,0,68
2025-02-26,SKU023,WH004,238,18,21,24,0,0,253
2025-02-26,SKU139,WH005,300,10,0,38,1,0,271
2025-02-26,SKU148,WH003,197,2,19,19,0,0,199
2025-02-26,SKU045,WH001,99,18,0,17,0,1,99
2025-02-26,SKU062,WH001,337,6,0,19,0,1,323
2025-02-26,SKU073,WH001,336,6,39,33,0,1,347
2025-02-26,SKU147,WH005,340,2,0,32,0,6,304
2025-02-26,SKU140,WH001,181,14,0,29,0,0,166
2025-02-26,SKU146,WH003,144,25,0,27,0,1,141
2025-02-26,SKU083,WH002,244,3,25,26,1,1,244
2025-02-26,SKU043,WH003,51,4,0,18,0,0,37
2025-02-26,SKU060,WH001,428,4,22,19,0,1,434
2025-02-26,SKU065,WH003,105,29,10,10,0,1,133
2025-02-26,SKU114,WH003,136,11,17,18,0,1,145
2025-02-26,SKU091,WH004,200,15,0,8,1,0,206
2025-02-26,SKU035,WH005,218,23,25,21,0,1,244
2025-02-26,SKU040,WH004,160,5,13,20,0,1,157
2025-02-26,SKU131,WH001,123,7,14,10,0,0,134
2025-02-26,SKU022,WH003,218,23,0,16,0,0,225
2025-02-26,SKU048,WH004,140,13,0,7,0,0,146
2025-02-26,SKU047,WH003,113,11,0,9,0,0,115
2025-02-26,SKU006,WH001,183,15,0,29,0,1,168
2025-02-26,SKU067,WH003,505,6,39,29,0,0,521
2025-02-26,SKU052,WH002,125,18,0,5,0,0,138
2025-02-26,SKU056,WH001,66,5,0,18,0,0,53
2025-02-26,SKU071,WH005,81,10,11,6,0,0,96
2025-02-26,SKU127,WH001,198,3,0,26,0,1,174
2025-02-26,SKU111,WH003,650,18,0,26,0,1,641
2025-02-26,SKU064,WH003,304,17,0,17,0,0,304
2025-02-26,SKU126,WH001,81,6,0,33,0,1,53
2025-02-26,SKU010,WH002,389,16,41,29,0,0,417
2025-02-26,SKU005,WH004,191,7,0,8,0,1,189
2025-02-26,SKU102,WH004,659,17,0,24,0,3,649
2025-02-26,SKU050,WH002,222,5,0,36,0,0,191
2025-02-26,SKU104,WH004,197,28,0,11,0,0,214
2025-02-26,SKU133,WH003,48,16,0,7,0,0,57
2025-02-26,SKU081,WH004,357,12,0,20,0,1,348
2025-02-26,SKU018,WH003,158,12,0,18,0,0,152
2025-02-27,SKU043,WH004,200,2,0,12,0,0,190
2025-02-27,SKU126,WH002,146,1,26,21,0,1,151
2025-02-27,SKU072,WH001,793,3,0,28,1,2,765
2025-02-27,SKU100,WH001,276,16,20,18,0,1,293
2025-02-27,SKU040,WH004,161,23,11,19,0,0,176
2025-02-27,SKU078,WH005,22,8,0,11,0,0,19
2025-02-27,SKU046,WH001,432,19,0,31,0,1,419
2025-02-27,SKU117,WH005,23,5,11,7,0,0,32
2025-02-27,SKU064,WH004,267,18,0,22,1,0,262
2025-02-27,SKU016,WH002,369,11,24,15,0,0,389
2025-02-27,SKU042,WH005,100,16,0,5,0,0,111
2025-02-27,SKU059,WH002,112,11,0,3,0,0,120
2025-02-27,SKU009,WH002,183,12,0,7,0,1,187
2025-02-27,SKU147,WH001,184,3,0,25,0,1,161
2025-02-27,SKU105,WH003,40,13,0,6,0,0,47
2025-02-27,SKU146,WH001,143,20,0,18,0,0,145
2025-02-27,SKU007,WH002,57,13,0,14,0,0,56
2025-02-27,SKU054,WH003,403,16,26,25,1,1,418
2025-02-27,SKU108,WH002,252,14,0,35,0,1,230
2025-02-27,SKU121,WH001,65,17,0,14,0,0,68
2025-02-27,SKU010,WH002,563,13,0,31,0,2,543
2025-02-27,SKU051,WH003,83,20,8,7,0,0,104
2025-02-27,SKU026,WH005,184,3,41,29,1,0,198
2025-02-27,SKU067,WH002,273,10,0,20,1,1,261
2025-02-27,SKU142,WH004,593,2,0,35,0,1,559
2025-02-27,SKU130,WH001,220,2,19,16,0,0,225
2025-02-27,SKU098,WH002,205,4,0,26,0,0,183
2025-02-27,SKU012,WH005,78,6,0,10,0,0,74
2025-02-27,SKU101,WH001,152,3,0,23,0,0,132
2025-02-27,SKU091,WH004,100,22,6,5,0,0,123
2025-02-27,SKU112,WH001,134,14,0,4,0,0,144
2025-02-27,SKU148,WH005,220,0,19,22,1,1,215
2025-02-27,SKU035,WH004,167,16,32,25,0,0,190
2025-02-27,SKU023,WH002,164,9,21,16,0,1,177
2025-02-27,SKU074,WH003,447,18,0,32,0,1,432
2025-02-27,SKU022,WH002,38,21,0,22,1,1,35
2025-02-27,SKU044,WH003,239,24,0,26,0,2,235
2025-02-27,SKU069,WH004,169,7,0,30,0,1,145
2025-02-27,SKU033,WH003,396,4,25,16,0,1,408
2025-02-27,SKU106,WH002,457,17,0,22,0,2,450
2025-02-27,SKU084,WH002,24,6,0,2,0,0,28
2025-02-27,SKU066,WH001,512,20,0,22,1,2,507
2025-02-27,SKU063,WH001,275,13,0,34,0,1,253
2025-02-27,SKU073,WH002,211,3,0,30,0,2,182
2025-02-27,SKU045,WH002,109,10,0,21,0,1,97
2025-02-28,SKU013,WH002,73,14,0,12,0,0,75
2025-02-28,SKU007,WH004,171,3,18,10,0,0,182
2025-02-28,SKU105,WH002,46,12,4,4,0,1,57
2025-02-28,SKU095,WH002,93,4,8,7,0,0,98
2025-02-28,SKU103,WH003,19,27,0,7,0,0,39
2025-02-28,SKU033,WH005,865,6,0,22,1,2,846
2025-02-28,SKU112,WH004,261,2,0,7,0,0,256
2025-02-28,SKU074,WH003,140,7,0,35,1,0,111
2025-02-28,SKU028,WH001,202,10,16,17,0,0,211
2025-02-28,SKU135,WH005,275,8,0,11,0,0,272
2025-02-28,SKU001,WH002,134,26,18,18,1,1,158
2025-02-28,SKU100,WH005,81,12,23,18,0,1,97
2025-02-28,SKU098,WH002,276,2,0,31,0,0,247
2025-02-28,SKU087,WH005,576,20,0,32,0,3,561
2025-02-28,SKU113,WH001,22,12,0,17,0,0,17
2025-02-28,SKU094,WH002,510,3,24,21,0,0,516
2025-02-28,SKU072,WH001,312,5,0,40,0,0,277
2025-02-28,SKU052,WH004,123,13,0,5,0,1,130
2025-02-28,SKU048,WH003,107,16,0,6,0,0,117
2025-02-28,SKU088,WH003,35,9,5,3,0,0,46
2025-02-28,SKU067,WH002,253,11,37,27,0,2,272
2025-02-28,SKU131,WH002,70,8,7,8,0,1,76
2025-02-28,SKU132,WH002,311,11,0,27,1,1,293
2025-02-28,SKU019,WH004,206,17,43,32,0,1,233
2025-02-28,SKU116,WH003,239,22,0,19,2,1,239
2025-02-28,SKU102,WH004,263,13,24,22,1,1,276
2025-02-28,SKU142,WH004,1218,5,0,38,0,3,1182
2025-02-28,SKU082,WH001,138,11,0,25,0,0,124
2025-02-28,SKU145,WH001,309,13,0,40,0,3,279
2025-02-28,SKU115,WH002,149,7,0,16,0,0,140
2025-02-28,SKU148,WH002,113,6,14,9,0,0,124
2025-02-28,SKU024,WH003,130,16,24,23,0,0,147
2025-02-28,SKU128,WH002,110,7,13,6,0,1,123
2025-02-28,SKU136,WH002,303,10,0,16,0,1,296
2025-02-28,SKU006,WH001,314,12,29,33,0,2,320
2025-02-28,SKU126,WH004,279,2,0,22,1,0,258
2025-02-28,SKU121,WH005,265,3,0,15,0,0,253
2025-02-28,SKU069,WH001,346,6,0,29,0,0,323
2025-02-28,SKU123,WH005,129,13,0,13,0,0,129
2025-02-28,SKU139,WH004,494,7,0,25,0,0,476
2025-02-28,SKU056,WH002,124,3,0,18,0,1,108
2025-02-28,SKU063,WH003,372,14,0,36,0,1,349
2025-02-28,SKU090,WH001,407,7,0,19,1,0,394
2025-02-28,SKU111,WH004,459,15,33,36,0,1,470
2025-02-28,SKU084,WH003,35,6,0,7,0,0,34
2025-03-01,SKU042,WH003,25,20,7,8,0,0,44
2025-03-01,SKU130,WH005,23,4,23,17,0,0,33
2025-03-01,SKU118,WH004,318,22,0,24,1,0,315
2025-03-01,SKU021,WH002,84,20,0,10,0,0,94
2025-03-01,SKU101,WH003,230,4,21,14,0,0,241
2025-03-01,SKU022,WH004,416,17,0,32,0,0,401
2025-03-01,SKU107,WH005,540,10,34,21,0,0,563
2025-03-01,SKU110,WH003,127,13,29,23,0,0,146
2025-03-01,SKU109,WH005,19,2,0,9,1,0,11
2025-03-01,SKU038,WH004,144,14,0,26,0,0,132
2025-03-01,SKU083,WH003,182,3,0,20,0,0,165
2025-03-01,SKU010,WH003,599,9,0,31,0,1,576
2025-03-01,SKU111,WH002,628,12,37,34,1,1,641
2025-03-01,SKU125,WH005,95,2,0,44,0,1,52
2025-03-01,SKU132,WH001,339,12,38,30,0,1,358
2025-03-01,SKU141,WH003,57,20,8,4,0,0,81
2025-03-01,SKU047,WH005,42,2,0,2,0,0,42
2025-03-01,SKU076,WH002,150,10,0,13,0,0,147
2025-03-01,SKU051,WH004,20,24,8,13,0,0,39
2025-03-01,SKU001,WH001,268,14,0,15,0,1,266
2025-03-01,SKU128,WH005,73,5,0,10,1,0,67
2025-03-01,SKU144,WH002,102,16,0,5,0,0,113
2025-03-01,SKU009,WH003,69,15,11,9,0,0,86
2025-03-01,SKU031,WH001,193,6,0,22,0,0,177
2025-03-01,SKU039,WH001,88,7,44,27,0,0,112
2025-03-01,SKU011,WH004,252,13,0,18,0,1,246
2025-03-01,SKU100,WH004,158,15,0,19,0,0,154
2025-03-01,SKU120,WH003,52,3,11,7,0,0,59
2025-03-01,SKU131,WH003,104,5,9,8,0,1,109
2025-03-01,SKU126,WH005,212,0,0,28,0,0,184
2025-03-01,SKU145,WH002,518,18,44,31,1,0,548
2025-03-01,SKU122,WH002,158,14,20,15,0,0,177
2025-03-01,SKU137,WH002,93,18,0,11,0,0,100
2025-03-01,SKU106,WH002,156,15,36,22,0,1,184
2025-03-01,SKU063,WH004,343,11,0,30,0,1,323
2025-03-01,SKU089,WH001,60,14,0,7,0,0,67
2025-03-01,SKU057,WH004,425,20,26,27,0,1,443
2025-03-01,SKU005,WH002,107,2,8,10,0,1,106
2025-03-01,SKU133,WH003,83,15,0,10,0,0,88
2025-03-01,SKU129,WH002,164,14,29,19,0,0,188
2025-03-01,SKU036,WH005,145,19,0,25,0,0,139
2025-03-01,SKU061,WH005,45,9,3,3,0,0,54
2025-03-01,SKU028,WH003,154,9,0,16,0,1,146
2025-03-01,SKU099,WH003,649,13,30,27,0,2,663
2025-03-01,SKU119,WH003,293,20,27,20,0,2,318
2025-03-02,SKU116,WH004,235,14,27,22,0,2,252
2025-03-02,SKU072,WH005,41,2,0,29,0,0,14
2025-03-02,SKU041,WH004,491,13,30,32,1,0,501
2025-03-02,SKU142,WH003,456,5,0,25,0,1,435
2025-03-02,SKU013,WH004,280,13,0,11,0,0,282
2025-03-02,SKU028,WH003,155,8,0,12,0,0,151
2025-03-02,SKU137,WH002,243,14,0,8,0,0,249
2025-03-02,SKU133,WH001,33,18,0,8,1,0,42
2025-03-02,SKU113,WH005,198,15,0,6,0,0,207
2025-03-02,SKU127,WH004,341,4,33,33,1,0,344
2025-03-02,SKU109,WH003,255,9,0,8,0,1,255
2025-03-02,SKU040,WH001,79,7,0,9,1,2,74
2025-03-02,SKU073,WH005,227,5,0,35,1,0,196
2025-03-02,SKU009,WH004,72,9,0,7,0,1,73
2025-03-02,SKU111,WH002,255,15,43,29,1,0,283
2025-03-02,SKU068,WH003,41,5,0,4,0,1,41
2025-03-02,SKU130,WH003,66,4,17,17,0,0,70
2025-03-02,SKU147,WH004,111,7,21,25,0,0,114
2025-03-02,SKU029,WH001,403,11,37,24,0,1,426
2025-03-02,SKU141,WH005,35,13,0,1,0,0,47
2025-03-02,SKU126,WH001,186,3,0,25,0,2,162
2025-03-02,SKU117,WH002,128,6,0,8,0,1,125
2025-03-02,SKU003,WH005,70,19,0,9,0,0,80
2025-03-02,SKU092,WH002,160,8,0,29,0,0,139
2025-03-02,SKU145,WH002,500,18,31,20,0,1,528
2025-03-02,SKU123,WH004,90,11,0,13,0,0,88
2025-03-02,SKU081,WH001,447,14,0,22,1,0,438
2025-03-02,SKU044,WH004,252,12,0,30,0,0,234
2025-03-02,SKU120,WH002,57,6,11,5,1,0,68
2025-03-02,SKU066,WH003,178,14,24,19,0,0,197
2025-03-02,SKU048,WH002,66,17,0,4,0,0,79
2025-03-02,SKU033,WH004,287,4,24,37,0,1,277
2025-03-02,SKU070,WH005,207,9,0,16,1,1,198
2025-03-02,SKU032,WH003,12,16,0,8,0,0,20
2025-03-02,SKU002,WH005,246,4,0,28,1,0,221
2025-03-02,SKU135,WH002,96,6,0,11,0,0,91
2025-03-02,SKU059,WH002,83,23,7,8,0,0,105
2025-03-02,SKU012,WH001,105,3,0,6,0,0,102
2025-03-02,SKU112,WH002,114,2,7,6,0,0,117
2025-03-02,SKU121,WH004,233,16,0,18,0,0,231
2025-03-02,SKU030,WH003,168,8,24,29,2,0,169
2025-03-02,SKU019,WH004,424,18,0,21,0,0,421
2025-03-02,SKU064,WH002,172,13,14,23,0,0,176
2025-03-02,SKU132,WH004,181,16,32,29,0,0,200
2025-03-02,SKU004,WH003,88,16,13,10,0,0,107
2025-03-03,SKU081,WH005,261,9,0,21,1,1,247
2025-03-03,SKU032,WH004,47,21,0,4,0,0,64
2025-03-03,SKU012,WH002,115,9,16,8,0,1,131
2025-03-03,SKU116,WH004,273,15,0,18,1,0,269
2025-03-03,SKU136,WH001,155,13,0,23,0,0,145
2025-03-03,SKU098,WH005,171,1,0,25,0,0,147
2025-03-03,SKU066,WH002,128,13,0,19,0,0,122
2025-03-03,SKU017,WH001,123,20,0,30,0,0,113
2025-03-03,SKU120,WH005,62,3,0,10,1,0,54
2025-03-03,SKU044,WH003,78,19,0,36,0,1,60
2025-03-03,SKU085,WH001,240,3,0,34,1,0,208
2025-03-03,SKU036,WH002,173,20,27,19,0,0,201
2025-03-03,SKU113,WH005,155,16,0,17,0,0,154
2025-03-03,SKU141,WH004,45,14,0,10,0,0,49
2025-03-03,SKU065,WH005,257,18,0,10,0,0,265
2025-03-03,SKU031,WH001,340,3,0,33,0,0,310
2025-03-03,SKU140,WH003,58,12,0,26,0,0,44
2025-03-03,SKU092,WH005,89,8,25,27,1,0,94
2025-03-03,SKU097,WH003,77,11,7,10,0,0,85
2025-03-03,SKU122,WH002,64,14,17,17,0,0,78
2025-03-03,SKU035,WH003,279,19,36,25,0,0,309
2025-03-03,SKU068,WH004,119,6,0,9,0,0,116
2025-03-03,SKU148,WH001,354,2,0,11,0,2,343
2025-03-03,SKU117,WH004,169,3,10,11,0,0,171
2025-03-03,SKU039,WH005,288,5,0,29,0,0,264
2025-03-03,SKU061,WH005,14,21,0,5,0,0,30
2025-03-03,SKU037,WH002,501,15,18,11,0,3,520
2025-03-03,SKU095,WH001,186,20,0,4,0,0,202
2025-03-03,SKU103,WH003,46,14,0,7,0,0,53
2025-03-03,SKU088,WH003,52,6,0,3,0,0,55
2025-03-03,SKU026,WH002,418,5,20,27,0,1,415
2025-03-03,SKU135,WH004,155,11,15,10,0,0,171
2025-03-03,SKU033,WH005,114,6,0,35,2,0,83
2025-03-03,SKU082,WH003,245,8,33,26,0,0,260
2025-03-03,SKU059,WH002,12,16,3,8,0,0,23
2025-03-03,SKU051,WH005,89,17,9,7,1,1,106
2025-03-03,SKU144,WH003,63,15,0,3,0,1,74
2025-03-03,SKU063,WH002,664,11,0,41,2,0,632
2025-03-03,SKU045,WH004,272,15,0,12,0,0,275
2025-03-03,SKU089,WH005,44,12,9,4,0,0,61
2025-03-03,SKU020,WH002,136,14,0,9,0,0,141
2025-03-03,SKU129,WH005,174,13,0,23,0,0,164
2025-03-03,SKU102,WH001,197,21,0,33,1,0,184
2025-03-03,SKU029,WH002,340,14,0,23,0,1,330
2025-03-03,SKU143,WH005,199,18,0,14,1,0,202
2025-03-04,SKU144,WH003,135,24,0,2,0,1,156
2025-03-04,SKU100,WH002,186,14,0,23,0,1,176
2025-03-04,SKU045,WH002,98,21,0,14,0,0,105
2025-03-04,SKU121,WH003,248,14,0,14,0,0,248
2025-03-04,SKU111,WH004,197,14,0,32,1,2,176
2025-03-04,SKU131,WH005,99,6,13,11,0,1,106
2025-03-04,SKU097,WH004,66,12,13,6,0,0,85
2025-03-04,SKU104,WH001,127,22,0,7,0,0,142
2025-03-04,SKU086,WH003,617,16,0,28,1,2,602
2025-03-04,SKU138,WH002,83,22,7,8,0,2,102
2025-03-04,SKU067,WH001,1000,13,28,41,0,0,1000
2025-03-04,SKU093,WH003,371,2,24,39,0,0,358
2025-03-04,SKU139,WH003,185,10,0,29,1,1,164
2025-03-04,SKU050,WH005,1246,5,0,40,0,2,1209
2025-03-04,SKU051,WH002,96,21,0,7,0,0,110
2025-03-04,SKU028,WH005,164,5,0,16,0,0,153
2025-03-04,SKU127,WH005,143,4,36,21,1,1,160
2025-03-04,SKU006,WH005,677,11,0,30,1,2,655
2025-03-04,SKU147,WH003,107,6,0,17,0,0,96
2025-03-04,SKU085,WH003,470,3,31,34,0,0,470
2025-03-04,SKU011,WH003,166,5,30,22,1,0,178
2025-03-04,SKU041,WH004,275,10,0,20,0,1,264
2025-03-04,SKU009,WH002,93,9,0,9,0,0,93
2025-03-04,SKU003,WH001,192,18,17,9,0,1,217
2025-03-04,SKU025,WH002,157,18,12,16,1,0,170
2025-03-04,SKU118,WH004,200,16,0,15,0,1,200
2025-03-04,SKU032,WH005,56,15,0,5,0,0,66
2025-03-04,SKU141,WH003,44,18,7,7,0,0,62
2025-03-04,SKU023,WH003,70,13,23,16,0,0,90
2025-03-04,SKU005,WH005,69,5,0,8,0,0,66
2025-03-04,SKU049,WH002,171,9,0,15,2,0,163
2025-03-04,SKU083,WH003,422,7,0,16,0,1,412
2025-03-04,SKU106,WH001,145,17,0,32,0,0,130
2025-03-04,SKU063,WH001,975,9,0,30,1,1,952
2025-03-04,SKU062,WH004,302,4,22,12,0,1,315
2025-03-04,SKU004,WH003,273,13,0,11,0,3,272
2025-03-04,SKU017,WH005,71,16,0,32,2,0,53
2025-03-04,SKU148,WH005,180,3,24,16,0,1,190
2025-03-04,SKU001,WH001,198,11,15,8,0,0,216
2025-03-04,SKU066,WH004,152,17,0,18,0,0,151
2025-03-04,SKU117,WH004,93,4,0,11,0,1,85
2025-03-04,SKU013,WH003,88,21,0,15,0,0,94
2025-03-04,SKU022,WH001,345,19,0,19,0,0,345
2025-03-04,SKU119,WH004,99,17,0,19,0,0,97
2025-03-04,SKU107,WH001,347,5,37,25,0,0,364
2025-03-05,SKU027,WH001,106,14,23,15,0,0,128
2025-03-05,SKU015,WH002,101,5,11,9,0,0,108
2025-03-05,SKU103,WH005,112,16,6,6,0,1,127
2025-03-05,SKU078,WH003,78,12,19,15,0,0,94
2025-03-05,SKU046,WH005,68,9,0,29,0,0,48
2025-03-05,SKU001,WH004,282,15,0,19,0,1,277
2025-03-05,SKU097,WH004,88,11,0,2,0,0,97
2025-03-05,SKU092,WH002,222,15,0,27,0,1,209
2025-03-05,SKU006,WH004,489,23,0,24,1,1,486
2025-03-05,SKU041,WH001,675,14,0,23,2,2,662
2025-03-05,SKU073,WH004,323,3,38,28,1,1,334
2025-03-05,SKU011,WH001,245,6,0,25,0,0,226
2025-03-05,SKU056,WH003,515,4,0,24,0,0,495
2025-03-05,SKU143,WH004,53,12,0,11,0,0,54
2025-03-05,SKU074,WH003,521,10,33,33,0,1,530
2025-03-05,SKU087,WH001,425,14,0,26,1,0,412
2025-03-05,SKU093,WH002,133,2,37,41,0,1,130
2025-03-05,SKU101,WH002,144,3,24,23,1,0,147
2025-03-05,SKU031,WH002,91,5,0,27,0,0,69
2025-03-05,SKU130,WH004,42,3,21,14,0,0,52
2025-03-05,SKU037,WH004,168,15,0,15,0,0,168
2025-03-05,SKU019,WH001,566,16,39,28,0,1,592
2025-03-05,SKU002,WH003,257,13,0,35,0,0,235
2025-03-05,SKU117,WH001,114,8,0,7,0,0,115
2025-03-05,SKU094,WH002,466,1,0,24,2,3,438
2025-03-05,SKU106,WH004,284,11,0,31,0,0,264
2025-03-05,SKU126,WH004,136,0,0,33,0,0,103
2025-03-05,SKU065,WH001,82,20,0,11,0,1,90
2025-03-05,SKU090,WH002,128,7,0,15,0,0,120
2025-03-05,SKU066,WH001,292,13,25,19,0,0,311
2025-03-05,SKU052,WH001,37,12,0,7,0,0,42
2025-03-05,SKU053,WH003,407,5,0,23,0,0,389
2025-03-05,SKU110,WH002,224,18,0,17,1,1,223
2025-03-05,SKU113,WH003,172,9,0,11,0,0,170
2025-03-05,SKU036,WH004,343,22,19,22,1,1,360
2025-03-05,SKU102,WH002,133,14,23,23,0,0,147
2025-03-05,SKU023,WH003,59,17,33,22,0,0,87
2025-03-05,SKU022,WH004,63,16,0,33,1,0,45
2025-03-05,SKU147,WH002,344,2,0,26,0,1,319
2025-03-05,SKU142,WH004,209,3,32,30,0,0,214
2025-03-05,SKU004,WH003,114,17,0,2,0,1,128
2025-03-05,SKU032,WH001,31,13,0,4,0,0,40
2025-03-05,SKU076,WH004,169,6,0,18,1,0,156
2025-03-05,SKU083,WH002,309,3,0,28,0,0,284
2025-03-05,SKU144,WH001,86,26,0,8,0,0,104
2025-03-06,SKU080,WH004,88,9,12,7,0,1,101
2025-03-06,SKU090,WH005,143,8,14,14,0,0,151
2025-03-06,SKU130,WH001,221,3,0,17,0,1,206
2025-03-06,SKU066,WH002,456,19,24,23,0,1,475
2025-03-06,SKU113,WH004,91,9,0,20,0,1,79
2025-03-06,SKU143,WH005,318,14,0,12,0,0,320
2025-03-06,SKU149,WH001,255,15,35,37,0,0,268
2025-03-06,SKU064,WH002,507,23,0,17,0,1,512
2025-03-06,SKU128,WH004,57,4,0,12,0,0,49
2025-03-06,SKU136,WH003,88,16,0,18,0,0,86
2025-03-06,SKU125,WH001,568,4,31,34,0,1,568
2025-03-06,SKU049,WH001,224,8,0,13,0,0,219
2025-03-06,SKU072,WH002,527,3,0,32,0,0,498
2025-03-06,SKU009,WH001,294,9,0,11,0,1,291
2025-03-06,SKU008,WH005,86,6,0,27,1,0,64
2025-03-06,SKU016,WH002,200,11,0,9,0,0,202
2025-03-06,SKU073,WH001,584,7,0,32,0,2,557
2025-03-06,SKU118,WH002,165,17,0,21,1,1,159
2025-03-06,SKU085,WH005,555,7,41,30,0,4,569
2025-03-06,SKU055,WH001,539,18,0,17,0,0,540
2025-03-06,SKU054,WH001,302,16,0,16,0,0,302
2025-03-06,SKU024,WH003,238,14,0,15,1,1,235
2025-03-06,SKU068,WH002,79,6,13,13,0,0,85
2025-03-06,SKU087,WH005,235,17,0,29,0,0,223
2025-03-06,SKU053,WH004,89,7,0,19,0,0,77
2025-03-06,SKU117,WH004,98,8,0,12,0,0,94
2025-03-06,SKU061,WH005,47,7,4,8,0,0,50
2025-03-06,SKU076,WH005,296,5,14,17,1,0,297
2025-03-06,SKU116,WH001,201,28,0,24,0,2,203
2025-03-06,SKU094,WH005,463,8,0,16,0,0,455
2025-03-06,SKU003,WH002,116,13,0,6,0,0,123
2025-03-06,SKU102,WH001,238,17,0,23,0,0,232
2025-03-06,SKU065,WH005,71,16,0,14,0,0,73
2025-03-06,SKU107,WH001,352,9,30,28,0,1,362
2025-03-06,SKU011,WH005,324,8,0,25,0,0,307
2025-03-06,SKU108,WH003,288,17,35,28,0,0,312
2025-03-06,SKU004,WH003,122,17,0,6,0,0,133
2025-03-06,SKU047,WH001,66,8,0,10,0,0,64
2025-03-06,SKU105,WH003,81,7,0,5,1,0,82
2025-03-06,SKU101,WH003,140,4,0,20,0,0,124
2025-03-06,SKU005,WH005,192,9,0,15,0,1,185
2025-03-06,SKU056,WH002,103,9,0,19,0,1,92
2025-03-06,SKU069,WH001,144,6,0,30,0,0,120
2025-03-06,SKU006,WH001,199,16,0,31,0,0,184
2025-03-06,SKU133,WH001,52,21,10,9,0,0,74
2025-03-07,SKU018,WH004,57,9,0,14,0,0,52
2025-03-07,SKU082,WH005,179,11,0,23,1,0,166
2025-03-07,SKU003,WH002,60,15,5,13,0,1,66
2025-03-07,SKU112,WH004,95,16,0,4,0,0,107
2025-03-07,SKU075,WH005,278,12,0,23,0,1,266
2025-03-07,SKU119,WH005,180,21,22,32,1,0,190
2025-03-07,SKU028,WH003,146,10,0,15,0,0,141
2025-03-07,SKU147,WH002,154,3,0,24,0,0,133
2025-03-07,SKU014,WH001,286,4,39,27,0,1,301
2025-03-07,SKU125,WH005,246,1,33,39,0,0,241
2025-03-07,SKU089,WH001,89,14,0,7,0,0,96
2025-03-07,SKU019,WH003,419,18,0,27,0,0,410
2025-03-07,SKU077,WH001,278,6,0,17,0,0,267
2025-03-07,SKU049,WH003,181,9,22,20,0,1,191
2025-03-07,SKU040,WH003,704,17,17,15,0,3,720
2025-03-07,SKU076,WH004,422,10,0,11,1,3,417
2025-03-07,SKU098,WH005,199,4,0,30,0,0,173
2025-03-07,SKU074,WH005,228,12,32,24,0,1,247
2025-03-07,SKU079,WH003,172,3,0,36,0,2,137
2025-03-07,SKU131,WH001,76,6,0,10,0,0,72
2025-03-07,SKU145,WH001,562,17,0,42,0,0,537
2025-03-07,SKU138,WH003,41,16,0,3,0,0,54
2025-03-07,SKU032,WH001,114,15,0,4,0,1,124
2025-03-07,SKU056,WH005,145,5,0,23,1,0,126
2025-03-07,SKU073,WH001,672,3,0,34,1,0,640
2025-03-07,SKU133,WH001,58,13,14,12,0,1,72
2025-03-07,SKU100,WH001,99,6,0,16,1,0,88
2025-03-07,SKU094,WH003,124,7,0,29,0,0,102
2025-03-07,SKU087,WH005,258,14,0,29,0,1,242
2025-03-07,SKU105,WH004,105,12,9,4,0,0,122
2025-03-07,SKU006,WH004,202,18,30,26,0,1,223
2025-03-07,SKU137,WH001,147,13,7,9,0,0,158
2025-03-07,SKU126,WH004,309,2,42,27,0,0,326
2025-03-07,SKU031,WH004,51,3,0,33,0,0,21
2025-03-07,SKU021,WH001,315,16,0,18,0,1,312
2025-03-07,SKU037,WH001,259,18,0,25,0,2,250
2025-03-07,SKU092,WH005,171,12,0,27,0,0,156
2025-03-07,SKU121,WH001,69,10,0,14,0,0,65
2025-03-07,SKU124,WH001,82,7,0,10,0,0,79
2025-03-07,SKU134,WH005,287,5,0,30,0,1,261
2025-03-07,SKU129,WH005,163,14,0,21,0,1,155
2025-03-07,SKU066,WH005,292,17,30,17,1,1,320
2025-03-07,SKU044,WH001,503,16,0,35,0,1,483
2025-03-07,SKU070,WH001,104,10,24,10,0,0,128
2025-03-07,SKU111,WH002,205,11,40,33,0,1,222
2025-03-08,SKU110,WH005,100,8,0,19,0,0,89
2025-03-08,SKU090,WH002,249,0,20,13,0,1,255
2025-03-08,SKU070,WH001,208,17,0,18,2,1,204
2025-03-08,SKU085,WH001,308,3,0,26,0,0,285
2025-03-08,SKU016,WH003,326,6,16,20,0,0,328
2025-03-08,SKU134,WH004,264,5,34,32,0,0,271
2025-03-08,SKU047,WH005,145,13,8,2,0,0,164
2025-03-08,SKU106,WH003,400,8,0,24,0,1,383
2025-03-08,SKU141,WH005,119,18,0,9,0,0,128
2025-03-08,SKU045,WH004,44,14,21,19,0,0,60
2025-03-08,SKU023,WH003,140,12,0,28,0,0,124
2025-03-08,SKU146,WH003,196,13,31,22,2,1,215
2025-03-08,SKU139,WH002,100,5,0,31,2,0,72
2025-03-08,SKU076,WH004,175,15,0,23,0,0,167
2025-03-08,SKU015,WH001,76,7,0,8,0,0,75
2025-03-08,SKU038,WH002,92,14,0,27,0,1,78
2025-03-08,SKU039,WH002,213,9,41,21,0,0,242
2025-03-08,SKU041,WH001,637,10,0,27,1,1,618
2025-03-08,SKU010,WH001,122,8,0,38,0,0,92
2025-03-08,SKU050,WH005,436,8,0,31,0,2,411
2025-03-08,SKU129,WH004,860,13,0,25,0,1,847
2025-03-08,SKU037,WH005,172,17,0,19,0,0,170
2025-03-08,SKU101,WH005,754,5,0,23,0,3,733
2025-03-08,SKU095,WH004,335,11,0,7,1,1,337
2025-03-08,SKU142,WH003,313,4,0,30,0,0,287
2025-03-08,SKU069,WH002,71,7,0,22,0,0,56
2025-03-08,SKU130,WH005,215,2,29,18,1,0,227
2025-03-08,SKU100,WH004,153,17,0,14,0,0,156
2025-03-08,SKU061,WH001,57,14,9,4,0,0,76
2025-03-08,SKU145,WH005,653,13,0,30,1,0,635
2025-03-08,SKU067,WH003,497,10,0,23,1,0,483
2025-03-08,SKU032,WH003,30,15,0,7,0,0,38
2025-03-08,SKU012,WH002,29,6,11,9,0,0,37
2025-03-08,SKU121,WH005,317,9,0,16,0,1,309
2025-03-08,SKU046,WH005,160,14,0,32,2,1,139
2025-03-08,SKU064,WH005,471,21,25,18,1,0,498
2025-03-08,SKU082,WH002,198,7,35,21,0,0,219
2025-03-08,SKU011,WH002,813,3,0,28,0,4,784
2025-03-08,SKU091,WH005,31,13,0,6,0,0,38
2025-03-08,SKU132,WH005,191,10,0,31,0,1,169
2025-03-08,SKU135,WH003,121,11,14,17,1,0,128
2025-03-08,SKU059,WH003,47,16,3,5,0,0,61
2025-03-08,SKU022,WH005,278,20,0,24,0,0,274
2025-03-08,SKU084,WH004,47,6,0,5,1,0,47
2025-03-08,SKU007,WH001,202,11,13,17,0,0,209
2025-03-09,SKU023,WH001,368,15,0,22,0,0,361
2025-03-09,SKU019,WH004,144,10,31,30,1,0,154
2025-03-09,SKU094,WH003,57,4,0,20,1,0,40
2025-03-09,SKU076,WH003,532,12,0,18,0,0,526
2025-03-09,SKU038,WH004,330,16,0,26,0,2,318
2025-03-09,SKU103,WH001,18,15,0,9,0,0,24
2025-03-09,SKU149,WH002,630,8,0,29,0,1,608
2025-03-09,SKU079,WH002,257,6,0,23,1,0,239
2025-03-09,SKU104,WH001,224,17,15,14,0,1,241
2025-03-09,SKU126,WH003,221,1,0,35,0,0,187
2025-03-09,SKU006,WH001,361,19,0,28,0,3,349
2025-03-09,SKU115,WH004,80,3,12,3,0,0,92
2025-03-09,SKU025,WH003,202,11,0,11,0,0,202
2025-03-09,SKU127,WH004,263,3,22,26,1,1,260
2025-03-09,SKU010,WH005,476,9,33,27,1,2,488
2025-03-09,SKU072,WH001,879,5,0,18,1,1,864
2025-03-09,SKU143,WH002,359,17,11,10,0,0,377
2025-03-09,SKU088,WH004,100,12,0,6,0,0,106
2025-03-09,SKU050,WH003,140,8,0,29,0,0,119
2025-03-09,SKU032,WH002,54,18,0,9,0,1,62
2025-03-09,SKU099,WH002,85,13,33,30,0,0,101
2025-03-09,SKU070,WH004,141,16,0,20,0,1,136
2025-03-09,SKU044,WH003,267,21,38,23,0,0,303
2025-03-09,SKU041,WH004,228,11,0,19,0,1,219
2025-03-09,SKU137,WH005,27,20,4,4,0,0,47
2025-03-09,SKU144,WH005,14,9,0,9,1,0,13
2025-03-09,SKU033,WH005,342,5,0,38,0,2,307
2025-03-09,SKU092,WH005,340,12,0,21,0,1,330
2025-03-09,SKU062,WH002,176,5,0,11,0,1,169
2025-03-09,SKU018,WH002,124,8,0,18,0,0,114
2025-03-09,SKU052,WH005,34,4,10,12,0,0,36
2025-03-09,SKU014,WH004,194,4,0,36,0,1,161
2025-03-09,SKU077,WH005,87,5,14,20,0,0,86
2025-03-09,SKU084,WH002,13,4,0,7,0,0,10
2025-03-09,SKU017,WH004,682,27,33,26,0,1,715
2025-03-09,SKU097,WH002,107,4,9,6,0,1,113
2025-03-09,SKU001,WH004,117,19,0,13,1,0,122
2025-03-09,SKU110,WH005,235,6,0,23,0,0,218
2025-03-09,SKU061,WH001,105,17,0,6,0,1,115
2025-03-09,SKU073,WH003,402,3,0,41,0,0,364
2025-03-09,SKU116,WH001,381,18,0,15,0,1,383
2025-03-09,SKU020,WH005,232,14,14,11,0,1,248
2025-03-09,SKU148,WH004,338,4,0,22,1,0,319
2025-03-09,SKU114,WH004,127,5,0,9,0,0,123
2025-03-09,SKU065,WH005,29,23,0,8,0,0,44
2025-03-10,SKU016,WH001,96,9,26,15,0,0,116
2025-03-10,SKU052,WH003,121,13,0,7,0,0,127
2025-03-10,SKU061,WH004,20,12,0,3,0,0,29
2025-03-10,SKU125,WH004,231,3,45,40,1,0,238
2025-03-10,SKU021,WH001,133,19,0,27,0,0,125
2025-03-10,SKU042,WH002,52,11,5,5,0,0,63
2025-03-10,SKU041,WH002,16,13,26,31,0,0,24
2025-03-10,SKU095,WH004,190,16,0,10,0,1,195
2025-03-10,SKU062,WH002,125,4,0,22,1,0,106
2025-03-10,SKU025,WH005,157,9,0,21,1,0,144
2025-03-10,SKU059,WH004,140,12,0,12,0,1,139
2025-03-10,SKU149,WH005,315,7,42,36,1,2,325
2025-03-10,SKU119,WH005,213,18,0,24,0,1,206
2025-03-10,SKU098,WH005,631,7,31,28,0,2,639
2025-03-10,SKU028,WH004,233,12,0,18,0,0,227
2025-03-10,SKU026,WH002,781,2,31,28,0,4,782
2025-03-10,SKU083,WH004,265,3,27,13,0,1,281
2025-03-10,SKU017,WH003,389,18,0,32,0,0,375
2025-03-10,SKU024,WH004,180,11,0,17,0,0,174
2025-03-10,SKU136,WH001,172,12,0,30,0,0,154
2025-03-10,SKU045,WH002,71,15,15,12,0,0,89
2025-03-10,SKU097,WH005,121,9,0,5,1,1,123
2025-03-10,SKU073,WH002,237,9,0,38,0,0,208
2025-03-10,SKU049,WH004,285,10,17,15,0,2,295
2025-03-10,SKU047,WH001,24,7,0,9,0,0,22
2025-03-10,SKU057,WH001,79,19,0,21,0,0,77
2025-03-10,SKU110,WH005,163,12,20,20,0,0,175
2025-03-10,SKU126,WH001,329,4,0,39,0,0,294
2025-03-10,SKU055,WH001,113,18,0,22,0,0,109
2025-03-10,SKU122,WH003,622,15,0,19,0,3,615
2025-03-10,SKU085,WH001,831,3,39,26,1,0,846
2025-03-10,SKU109,WH005,120,8,11,6,0,0,133
2025-03-10,SKU147,WH004,433,9,0,18,0,1,423
2025-03-10,SKU075,WH001,349,11,0,22,0,1,337
2025-03-10,SKU064,WH003,109,14,26,16,1,1,131
2025-03-10,SKU102,WH004,189,9,0,24,0,0,174
2025-03-10,SKU120,WH003,163,3,11,9,1,0,167
2025-03-10,SKU146,WH004,158,17,0,23,1,0,151
2025-03-10,SKU108,WH004,627,8,0,27,1,2,605
2025-03-10,SKU141,WH002,151,15,0,4,0,0,162
2025-03-10,SKU022,WH003,149,18,17,19,1,0,164
2025-03-10,SKU011,WH003,336,7,0,28,0,0,315
2025-03-10,SKU100,WH002,540,10,25,17,0,0,558
2025-03-10,SKU002,WH002,538,12,24,30,0,4,540
2025-03-10,SKU020,WH004,83,14,15,10,0,0,102
2025-03-11,SKU139,WH004,91,9,0,27,1,0,72
2025-03-11,SKU095,WH003,165,13,7,13,0,1,171
2025-03-11,SKU116,WH005,332,16,0,22,0,1,325
2025-03-11,SKU122,WH005,75,17,0,16,0,0,76
2025-03-11,SKU128,WH003,177,6,13,13,0,0,183
2025-03-11,SKU022,WH003,290,17,0,27,0,1,279
2025-03-11,SKU098,WH004,121,5,24,21,0,1,128
2025-03-11,SKU080,WH005,122,7,0,11,0,2,116
2025-03-11,SKU034,WH002,196,6,0,19,1,0,182
2025-03-11,SKU131,WH004,105,6,9,4,0,1,115
2025-03-11,SKU135,WH002,120,9,20,10,0,0,139
2025-03-11,SKU050,WH004,548,4,0,29,0,1,522
2025-03-11,SKU020,WH005,158,16,0,7,0,0,167
2025-03-11,SKU017,WH004,298,14,0,30,0,0,282
2025-03-11,SKU084,WH004,50,4,10,6,1,0,57
2025-03-11,SKU117,WH001,134,6,0,9,0,0,131
2025-03-11,SKU096,WH005,395,13,0,19,0,1,388
2025-03-11,SKU010,WH005,212,9,0,26,0,2,193
2025-03-11,SKU001,WH004,23,22,0,17,0,0,28
2025-03-11,SKU075,WH003,117,11,0,22,0,0,106
2025-03-11,SKU114,WH004,46,6,0,9,1,0,42
2025-03-11,SKU045,WH001,217,14,16,18,1,1,227
2025-03-11,SKU033,WH001,563,8,0,40,0,2,529
2025-03-11,SKU049,WH001,75,4,0,21,0,0,58
2025-03-11,SKU056,WH001,66,9,18,24,1,0,68
2025-03-11,SKU148,WH002,116,2,15,11,0,0,122
2025-03-11,SKU145,WH003,274,10,0,34,0,1,249
2025-03-11,SKU018,WH001,131,14,0,23,0,2,120
2025-03-11,SKU081,WH004,343,15,0,30,0,0,328
2025-03-11,SKU028,WH005,130,10,14,14,0,0,140
2025-03-11,SKU086,WH005,208,19,32,22,0,0,237
2025-03-11,SKU085,WH003,192,3,46,37,1,0,203
2025-03-11,SKU060,WH002,529,9,0,21,1,0,516
2025-03-11,SKU120,WH001,156,5,14,12,0,0,163
2025-03-11,SKU011,WH003,260,5,29,32,0,0,262
2025-03-11,SKU036,WH002,486,19,0,18,0,1,486
2025-03-11,SKU089,WH004,129,10,6,7,0,0,138
2025-03-11,SKU118,WH005,301,15,14,15,0,1,314
2025-03-11,SKU046,WH002,201,12,30,14,0,0,229
2025-03-11,SKU113,WH002,77,12,0,17,0,0,72
2025-03-11,SKU058,WH002,63,8,0,29,0,0,42
2025-03-11,SKU090,WH002,78,2,28,19,0,0,89
2025-03-11,SKU150,WH004,110,18,0,22,1,0,105
2025-03-11,SKU053,WH003,196,5,25,25,0,3,198
2025-03-11,SKU140,WH002,274,11,0,18,0,0,267
2025-03-12,SKU089,WH002,58,23,9,5,0,0,85
2025-03-12,SKU091,WH002,173,13,11,13,0,0,184
2025-03-12,SKU057,WH003,32,15,0,27,0,0,20
2025-03-12,SKU125,WH004,660,6,36,29,0,0,673
2025-03-12,SKU037,WH002,56,26,0,18,0,0,64
2025-03-12,SKU021,WH004,63,21,0,20,0,0,64
2025-03-12,SKU090,WH005,199,3,0,10,0,0,192
2025-03-12,SKU008,WH003,599,4,0,34,0,2,567
2025-03-12,SKU126,WH003,34,1,0,27,1,0,7
2025-03-12,SKU014,WH003,245,9,0,28,1,0,225
2025-03-12,SKU016,WH004,320,13,14,6,0,0,341
2025-03-12,SKU116,WH002,437,18,0,29,0,1,425
2025-03-12,SKU145,WH002,398,17,0,24,1,2,388
2025-03-12,SKU121,WH001,172,13,0,13,0,0,172
2025-03-12,SKU061,WH003,41,19,0,10,0,0,50
2025-03-12,SKU086,WH003,148,14,0,22,1,0,139
2025-03-12,SKU083,WH001,180,2,28,13,0,0,197
2025-03-12,SKU117,WH003,52,8,9,15,0,0,54
2025-03-12,SKU045,WH002,177,9,0,19,0,0,167
2025-03-12,SKU128,WH005,70,2,0,13,0,1,58
2025-03-12,SKU017,WH003,379,13,37,16,0,1,412
2025-03-12,SKU051,WH001,67,26,0,5,0,0,88
2025-03-12,SKU022,WH004,263,15,0,25,0,0,253
2025-03-12,SKU077,WH002,352,7,0,27,0,2,330
2025-03-12,SKU040,WH004,228,21,18,13,0,1,253
2025-03-12,SKU082,WH004,477,7,0,28,0,1,455
2025-03-12,SKU070,WH005,133,4,0,23,2,1,111
2025-03-12,SKU137,WH005,80,15,0,12,0,0,83
2025-03-12,SKU118,WH003,152,11,0,15,0,0,148
2025-03-12,SKU133,WH001,74,17,0,7,0,0,84
2025-03-12,SKU130,WH005,126,2,0,18,0,0,110
2025-03-12,SKU080,WH005,54,15,0,5,0,0,64
2025-03-12,SKU095,WH005,109,12,0,3,0,0,118
2025-03-12,SKU064,WH002,64,17,0,22,0,0,59
2025-03-12,SKU066,WH002,101,13,0,20,0,0,94
2025-03-12,SKU034,WH004,201,6,0,15,0,1,191
2025-03-12,SKU094,WH003,350,8,23,13,0,0,368
2025-03-12,SKU140,WH001,443,12,23,22,2,1,453
2025-03-12,SKU027,WH004,157,7,0,29,0,0,135
2025-03-12,SKU122,WH005,71,15,19,20,0,0,85
2025-03-12,SKU029,WH005,175,11,0,27,1,0,158
2025-03-12,SKU109,WH005,118,5,0,13,1,0,109
2025-03-12,SKU044,WH003,149,15,35,36,0,0,163
2025-03-12,SKU072,WH005,479,0,49,17,0,3,508
2025-03-12,SKU150,WH001,179,13,0,23,1,0,168
2025-03-13,SKU114,WH005,133,5,0,22,1,0,115
2025-03-13,SKU009,WH002,252,7,14,9,0,0,264
2025-03-13,SKU090,WH001,59,6,0,15,0,0,50
2025-03-13,SKU012,WH002,123,5,15,4,0,1,138
2025-03-13,SKU146,WH002,322,18,0,17,0,1,322
2025-03-13,SKU099,WH004,294,16,0,32,1,2,275
2025-03-13,SKU059,WH003,35,15,0,7,0,0,43
2025-03-13,SKU131,WH004,105,9,6,6,0,1,113
2025-03-13,SKU057,WH001,190,12,0,24,0,0,178
2025-03-13,SKU075,WH005,338,12,0,15,0,1,334
2025-03-13,SKU091,WH004,86,15,19,3,0,0,117
2025-03-13,SKU060,WH004,779,4,23,16,1,1,788
2025-03-13,SKU016,WH002,323,11,0,17,0,2,315
2025-03-13,SKU105,WH001,119,7,11,6,0,0,131
2025-03-13,SKU072,WH004,440,3,0,32,1,2,408
2025-03-13,SKU149,WH003,141,17,42,32,0,0,168
2025-03-13,SKU035,WH004,248,21,0,25,0,1,243
2025-03-13,SKU119,WH001,192,20,0,22,0,0,190
2025-03-13,SKU021,WH005,171,20,0,18,0,0,173
2025-03-13,SKU132,WH005,171,16,0,22,0,0,165
2025-03-13,SKU093,WH004,666,3,0,30,1,2,636
2025-03-13,SKU073,WH004,353,5,0,30,0,0,328
2025-03-13,SKU078,WH003,135,9,11,21,0,0,134
2025-03-13,SKU046,WH004,192,9,0,23,0,1,177
2025-03-13,SKU019,WH003,215,11,0,33,0,2,191
2025-03-13,SKU025,WH002,75,14,0,24,0,0,65
2025-03-13,SKU106,WH001,208,11,34,25,1,0,227
2025-03-13,SKU124,WH003,53,6,0,13,0,0,46
2025-03-13,SKU034,WH005,69,7,28,20,0,1,83
2025-03-13,SKU115,WH002,82,8,0,12,1,1,76
2025-03-13,SKU101,WH001,315,5,0,22,0,0,298
2025-03-13,SKU095,WH004,143,12,9,11,0,0,153
2025-03-13,SKU147,WH005,435,4,0,25,0,1,413
2025-03-13,SKU002,WH001,366,7,0,24,0,2,347
2025-03-13,SKU037,WH004,81,16,0,18,0,0,79
2025-03-13,SKU005,WH001,115,2,0,8,0,0,109
2025-03-13,SKU120,WH004,82,2,14,9,0,0,89
2025-03-13,SKU056,WH005,175,2,17,24,0,0,170
2025-03-13,SKU148,WH003,309,1,25,16,0,0,319
2025-03-13,SKU017,WH004,522,17,0,22,1,1,515
2025-03-13,SKU018,WH003,85,13,0,23,0,0,75
2025-03-13,SKU112,WH002,15,7,11,6,0,0,27
2025-03-13,SKU092,WH004,198,9,0,18,0,0,189
2025-03-13,SKU141,WH003,83,14,0,6,0,0,91
2025-03-13,SKU144,WH003,8,17,7,9,0,0,23
2025-03-14,SKU040,WH001,92,18,12,10,0,1,111
2025-03-14,SKU108,WH002,173,5,0,38,1,0,139
2025-03-14,SKU005,WH003,215,9,12,12,0,0,224
2025-03-14,SKU048,WH002,67,12,6,7,0,0,78
2025-03-14,SKU098,WH005,202,3,0,24,1,1,179
2025-03-14,SKU069,WH005,412,4,0,34,2,0,380
2025-03-14,SKU123,WH005,60,11,0,11,0,0,60
2025-03-14,SKU034,WH005,183,7,0,22,0,1,167
2025-03-14,SKU130,WH001,250,0,18,16,0,0,252
2025-03-14,SKU042,WH005,55,12,0,2,0,0,65
2025-03-14,SKU054,WH001,222,14,22,15,0,0,243
2025-03-14,SKU093,WH005,337,3,49,38,1,0,350
2025-03-14,SKU139,WH004,443,16,0,37,1,1,420
2025-03-14,SKU115,WH005,71,5,24,9,0,0,91
2025-03-14,SKU043,WH005,165,7,0,17,0,0,155
2025-03-14,SKU149,WH004,656,11,39,28,0,0,678
2025-03-14,SKU140,WH005,664,25,0,21,1,1,666
2025-03-14,SKU081,WH003,332,10,0,26,0,1,315
2025-03-14,SKU044,WH003,507,14,0,32,0,2,487
2025-03-14,SKU033,WH003,145,3,25,35,0,0,138
2025-03-14,SKU036,WH004,211,15,0,19,1,0,206
2025-03-14,SKU094,WH005,64,5,0,31,0,1,37
2025-03-14,SKU074,WH002,475,10,0,31,0,0,454
2025-03-14,SKU011,WH005,645,6,32,27,1,1,654
2025-03-14,SKU083,WH004,249,6,26,17,0,1,263
2025-03-14,SKU008,WH004,296,4,0,39,1,0,260
2025-03-14,SKU051,WH004,133,14,0,5,0,1,141
2025-03-14,SKU097,WH001,95,15,0,7,0,1,102
2025-03-14,SKU055,WH002,55,16,21,13,0,0,79
2025-03-14,SKU087,WH004,439,15,41,23,0,0,472
2025-03-14,SKU031,WH005,290,6,33,22,0,1,306
2025-03-14,SKU010,WH003,184,12,44,30,0,0,210
2025-03-14,SKU082,WH003,368,8,23,22,0,0,377
2025-03-14,SKU102,WH005,266,16,24,33,1,1,271
2025-03-14,SKU066,WH004,337,15,0,11,0,1,340
2025-03-14,SKU046,WH004,305,13,0,28,0,1,289
2025-03-14,SKU101,WH003,269,0,0,18,0,1,250
2025-03-14,SKU030,WH001,160,7,0,22,0,0,145
2025-03-14,SKU125,WH004,283,4,0,29,0,1,257
2025-03-14,SKU032,WH003,47,15,0,6,0,0,56
2025-03-14,SKU104,WH004,117,15,22,16,1,1,136
2025-03-14,SKU016,WH001,160,12,21,20,0,0,173
2025-03-14,SKU026,WH001,246,3,0,27,0,2,220
2025-03-14,SKU045,WH003,87,13,0,13,0,0,87
2025-03-14,SKU146,WH005,160,16,32,19,1,0,188
2025-03-15,SKU140,WH002,400,14,0,16,0,0,398
2025-03-15,SKU111,WH004,343,14,0,26,0,0,331
2025-03-15,SKU104,WH005,168,12,0,15,0,0,165
2025-03-15,SKU015,WH002,92,6,7,6,0,0,99
2025-03-15,SKU067,WH002,403,11,0,30,0,0,384
2025-03-15,SKU040,WH005,32,29,27,14,1,0,73
2025-03-15,SKU044,WH005,266,23,44,33,0,1,299
2025-03-15,SKU072,WH005,499,2,39,34,0,3,503
2025-03-15,SKU017,WH002,260,22,0,30,0,1,251
2025-03-15,SKU134,WH005,357,7,28,23,0,1,368
2025-03-15,SKU100,WH003,143,6,0,19,1,0,129
2025-03-15,SKU115,WH001,99,4,0,14,0,0,89
2025-03-15,SKU012,WH003,150,8,0,11,0,0,147
2025-03-15,SKU076,WH002,420,9,0,12,0,2,415
2025-03-15,SKU101,WH001,186,4,26,28,0,0,188
2025-03-15,SKU077,WH003,169,5,0,21,0,1,152
2025-03-15,SKU146,WH002,398,9,0,23,0,0,384
2025-03-15,SKU019,WH001,311,16,0,39,1,0,287
2025-03-15,SKU053,WH001,152,8,0,31,0,0,129
2025-03-15,SKU002,WH004,56,13,0,31,0,0,38
2025-03-15,SKU114,WH002,289,15,22,14,0,0,312
2025-03-15,SKU136,WH004,132,12,0,24,0,0,120
2025-03-15,SKU113,WH004,47,10,0,13,0,1,43
2025-03-15,SKU105,WH002,56,6,0,3,0,0,59
2025-03-15,SKU022,WH003,376,16,0,31,1,1,359
2025-03-15,SKU108,WH004,318,7,0,25,0,0,300
2025-03-15,SKU145,WH004,313,14,50,26,1,1,349
2025-03-15,SKU059,WH004,26,19,0,6,0,0,39
2025-03-15,SKU142,WH004,320,5,0,39,0,0,286
2025-03-15,SKU074,WH003,371,15,44,35,0,0,395
2025-03-15,SKU078,WH004,164,9,0,14,0,0,159
2025-03-15,SKU126,WH002,733,5,0,41,0,1,696
2025-03-15,SKU041,WH001,231,13,36,24,0,0,256
2025-03-15,SKU137,WH004,79,14,13,7,0,0,99
2025-03-15,SKU109,WH002,143,6,8,9,0,0,148
2025-03-15,SKU049,WH002,342,10,25,15,0,0,362
2025-03-15,SKU087,WH002,294,17,0,22,0,2,287
2025-03-15,SKU143,WH004,53,18,18,15,0,0,74
2025-03-15,SKU130,WH003,169,2,0,17,0,0,154
2025-03-15,SKU119,WH002,110,15,0,21,0,1,103
2025-03-15,SKU051,WH004,149,13,0,12,0,0,150
2025-03-15,SKU046,WH004,161,14,25,26,2,1,171
2025-03-15,SKU095,WH003,25,19,0,6,0,0,38
2025-03-15,SKU081,WH002,461,9,0,20,1,0,449
2025-03-15,SKU010,WH005,342,16,0,26,0,0,332
2025-03-16,SKU048,WH003,87,14,0,7,0,0,94
2025-03-16,SKU110,WH001,239,18,28,25,0,0,260
2025-03-16,SKU080,WH002,17,11,11,6,0,0,33
2025-03-16,SKU053,WH005,160,11,0,17,0,0,154
2025-03-16,SKU006,WH001,236,17,0,24,1,0,228
2025-03-16,SKU113,WH001,32,20,0,11,0,0,41
2025-03-16,SKU116,WH004,304,13,38,34,0,0,321
2025-03-16,SKU086,WH003,184,11,0,20,0,0,175
2025-03-16,SKU055,WH001,44,13,29,27,0,0,59
2025-03-16,SKU010,WH004,490,9,0,32,0,0,467
2025-03-16,SKU104,WH001,193,13,0,11,0,0,195
2025-03-16,SKU139,WH004,240,9,0,29,0,0,220
2025-03-16,SKU012,WH004,83,6,0,9,0,0,80
2025-03-16,SKU008,WH003,89,4,0,39,1,0,53
2025-03-16,SKU063,WH004,444,5,43,32,1,0,459
2025-03-16,SKU119,WH005,161,13,0,25,0,0,149
2025-03-16,SKU117,WH004,73,5,10,3,0,0,85
2025-03-16,SKU015,WH004,140,3,0,9,1,0,133
2025-03-16,SKU141,WH005,51,13,0,5,1,0,58
2025-03-16,SKU077,WH001,195,7,0,21,0,0,181
2025-03-16,SKU120,WH002,112,2,0,9,1,0,104
2025-03-16,SKU052,WH005,22,6,0,10,0,0,18
2025-03-16,SKU092,WH002,199,12,34,20,2,0,223
2025-03-16,SKU126,WH002,735,8,0,21,0,1,721
2025-03-16,SKU034,WH005,334,9,0,11,0,2,330
2025-03-16,SKU029,WH005,496,12,0,34,1,0,473
2025-03-16,SKU123,WH001,147,8,8,16,0,1,146
2025-03-16,SKU115,WH001,246,5,15,8,0,0,258
2025-03-16,SKU076,WH004,105,10,24,26,0,0,113
2025-03-16,SKU035,WH002,494,18,27,20,0,1,518
2025-03-16,SKU097,WH001,114,10,0,6,0,0,118
2025-03-16,SKU106,WH005,613,15,0,36,0,1,591
2025-03-16,SKU071,WH002,248,12,0,11,0,1,248
2025-03-16,SKU112,WH002,35,3,0,2,0,0,36
2025-03-16,SKU017,WH001,145,20,0,27,0,0,138
2025-03-16,SKU068,WH004,140,8,0,7,0,0,141
2025-03-16,SKU136,WH005,427,13,0,24,0,1,415
2025-03-16,SKU093,WH001,340,4,0,34,0,2,308
2025-03-16,SKU111,WH004,392,9,34,13,0,1,421
2025-03-16,SKU127,WH002,477,4,0,24,0,0,457
2025-03-16,SKU033,WH002,55,2,0,35,0,0,22
2025-03-16,SKU079,WH002,248,7,0,25,0,0,230
2025-03-16,SKU108,WH003,281,11,0,41,0,0,251
2025-03-16,SKU098,WH003,150,5,0,32,0,0,123
2025-03-16,SKU056,WH005,219,4,22,21,0,0,224
2025-03-17,SKU030,WH002,240,18,0,24,1,0,233
2025-03-17,SKU025,WH005,279,19,0,17,1,0,280
2025-03-17,SKU050,WH002,164,5,0,32,0,0,137
2025-03-17,SKU046,WH002,190,8,41,25,1,0,213
2025-03-17,SKU133,WH004,51,30,0,5,0,1,75
2025-03-17,SKU101,WH002,389,4,0,17,0,2,374
2025-03-17,SKU060,WH005,190,9,0,20,0,1,178
2025-03-17,SKU143,WH001,236,6,0,7,0,1,234
2025-03-17,SKU007,WH002,88,6,17,12,0,0,99
2025-03-17,SKU061,WH003,47,10,6,3,0,1,59
2025-03-17,SKU098,WH002,86,2,0,16,1,0,71
2025-03-17,SKU045,WH002,199,21,0,16,0,0,204
2025-03-17,SKU029,WH005,733,19,20,30,0,4,738
2025-03-17,SKU105,WH003,128,12,5,5,0,0,140
2025-03-17,SKU059,WH001,59,13,0,3,0,0,69
2025-03-17,SKU129,WH001,187,17,22,23,0,0,203
2025-03-17,SKU026,WH002,557,3,0,26,1,1,532
2025-03-17,SKU128,WH005,65,2,13,7,0,0,73
2025-03-17,SKU130,WH004,293,3,18,15,0,0,299
2025-03-17,SKU011,WH002,465,4,36,30,1,1,473
2025-03-17,SKU006,WH001,222,20,0,27,0,1,214
2025-03-17,SKU017,WH005,72,23,22,24,1,0,92
2025-03-17,SKU122,WH005,185,16,0,21,0,1,179
2025-03-17,SKU090,WH001,148,9,14,16,0,0,155
2025-03-17,SKU055,WH002,178,12,21,23,0,0,188
2025-03-17,SKU121,WH004,315,9,0,12,0,1,311
2025-03-17,SKU018,WH005,124,8,0,20,0,0,112
2025-03-17,SKU053,WH001,155,6,0,25,1,0,135
2025-03-17,SKU094,WH001,454,7,0,26,0,2,433
2025-03-17,SKU044,WH005,614,22,0,36,2,0,598
2025-03-17,SKU108,WH005,316,8,0,35,0,1,288
2025-03-17,SKU139,WH001,400,10,0,27,0,1,382
2025-03-17,SKU023,WH003,212,14,0,13,0,1,212
2025-03-17,SKU070,WH001,235,7,0,21,0,1,220
2025-03-17,SKU097,WH002,42,14,0,9,0,0,47
2025-03-17,SKU150,WH004,316,19,15,18,0,1,331
2025-03-17,SKU004,WH001,79,19,9,9,0,0,98
2025-03-17,SKU113,WH002,148,15,0,15,0,0,148
2025-03-17,SKU048,WH002,55,13,0,10,0,0,58
2025-03-17,SKU079,WH005,54,4,0,35,1,0,22
2025-03-17,SKU015,WH002,155,6,0,13,0,0,148
2025-03-17,SKU088,WH005,56,9,0,3,0,0,62
2025-03-17,SKU146,WH004,194,20,20,20,0,0,214
2025-03-17,SKU104,WH001,77,18,0,16,0,0,79
2025-03-17,SKU065,WH004,190,17,0,9,0,0,198
2025-03-18,SKU028,WH005,207,7,0,20,0,0,194
2025-03-18,SKU108,WH003,1046,13,39,24,0,2,1072
2025-03-18,SKU026,WH001,855,3,34,25,0,4,863
2025-03-18,SKU119,WH002,315,20,0,28,0,2,305
2025-03-18,SKU065,WH002,70,16,0,8,0,0,78
2025-03-18,SKU014,WH003,310,3,0,19,0,1,293
2025-03-18,SKU106,WH003,908,11,36,24,0,4,927
2025-03-18,SKU134,WH005,540,6,0,29,1,0,516
2025-03-18,SKU038,WH004,645,17,0,33,0,3,626
2025-03-18,SKU140,WH004,205,19,0,17,0,1,206
2025-03-18,SKU123,WH004,11,8,0,9,0,0,10
2025-03-18,SKU111,WH005,205,21,0,37,1,0,188
2025-03-18,SKU112,WH003,111,11,7,3,0,0,126
2025-03-18,SKU054,WH003,270,16,0,19,0,2,265
2025-03-18,SKU133,WH003,75,21,11,8,0,1,98
2025-03-18,SKU091,WH001,32,22,0,2,0,0,52
2025-03-18,SKU143,WH004,190,16,10,12,0,0,204
2025-03-18,SKU082,WH004,315,8,0,29,0,0,294
2025-03-18,SKU087,WH001,685,13,0,23,0,0,675
2025-03-18,SKU024,WH002,44,13,0,14,0,1,42
2025-03-18,SKU117,WH002,111,4,0,10,0,0,105
2025-03-18,SKU097,WH002,44,11,0,4,0,0,51
2025-03-18,SKU048,WH005,35,12,0,7,0,0,40
2025-03-18,SKU098,WH003,278,5,0,31,0,0,252
2025-03-18,SKU094,WH002,110,9,26,22,0,0,123
2025-03-18,SKU126,WH005,423,3,0,27,0,3,396
2025-03-18,SKU120,WH001,127,1,0,14,0,0,114
2025-03-18,SKU039,WH002,217,13,39,37,0,0,232
2025-03-18,SKU116,WH004,263,21,23,36,1,0,270
2025-03-18,SKU118,WH001,174,17,0,24,0,1,166
2025-03-18,SKU144,WH005,39,15,0,6,0,0,48
2025-03-18,SKU030,WH003,306,10,0,19,1,0,296
2025-03-18,SKU040,WH004,208,13,0,16,0,0,205
2025-03-18,SKU062,WH001,278,8,0,14,1,0,271
2025-03-18,SKU004,WH001,108,10,7,7,0,1,117
2025-03-18,SKU080,WH002,153,10,0,4,0,0,159
2025-03-18,SKU103,WH004,43,14,0,6,0,0,51
2025-03-18,SKU104,WH001,162,21,0,11,0,1,171
2025-03-18,SKU006,WH004,250,10,28,29,0,3,256
2025-03-18,SKU061,WH005,62,6,0,5,0,0,63
2025-03-18,SKU051,WH005,106,15,0,4,0,1,116
2025-03-18,SKU032,WH005,57,21,0,4,0,1,73
2025-03-18,SKU056,WH005,234,4,0,22,1,0,215
2025-03-18,SKU052,WH005,254,12,6,8,0,0,264
2025-03-18,SKU045,WH003,241,19,22,14,0,1,267
2025-03-19,SKU123,WH004,72,8,10,10,0,0,80
2025-03-19,SKU031,WH005,551,5,46,26,0,0,576
2025-03-19,SKU132,WH003,280,14,0,41,0,0,253
2025-03-19,SKU129,WH004,185,15,17,23,0,0,194
2025-03-19,SKU109,WH005,103,9,8,13,0,0,107
2025-03-19,SKU125,WH005,278,4,31,33,2,0,278
2025-03-19,SKU030,WH005,252,8,0,24,0,0,236
2025-03-19,SKU037,WH003,144,16,0,19,0,0,141
2025-03-19,SKU131,WH001,34,11,0,7,0,0,38
2025-03-19,SKU021,WH004,100,23,19,15,0,0,127
2025-03-19,SKU117,WH003,171,8,0,8,0,1,170
2025-03-19,SKU135,WH001,59,10,0,8,0,0,61
2025-03-19,SKU105,WH004,46,6,0,5,0,0,47
2025-03-19,SKU014,WH005,172,3,36,39,1,0,171
2025-03-19,SKU015,WH003,89,4,0,5,0,0,88
2025-03-19,SKU147,WH004,126,1,24,17,0,0,134
2025-03-19,SKU138,WH003,75,24,0,9,0,0,90
2025-03-19,SKU007,WH005,292,7,0,13,0,0,286
2025-03-19,SKU071,WH004,59,11,0,4,0,0,66
2025-03-19,SKU096,WH001,441,22,0,32,0,1,430
2025-03-19,SKU040,WH003,29,15,20,19,0,0,45
2025-03-19,SKU035,WH001,175,12,30,32,1,0,184
2025-03-19,SKU134,WH004,88,3,0,31,0,0,60
2025-03-19,SKU024,WH001,237,16,13,15,0,0,251
2025-03-19,SKU111,WH004,218,13,31,37,1,0,224
2025-03-19,SKU051,WH004,53,10,0,17,0,0,46
2025-03-19,SKU011,WH003,549,11,27,27,0,0,560
2025-03-19,SKU086,WH003,107,20,0,24,0,0,103
2025-03-19,SKU053,WH005,197,9,0,18,0,0,188
2025-03-19,SKU016,WH005,48,10,0,19,0,0,39
2025-03-19,SKU077,WH004,337,9,0,18,0,1,327
2025-03-19,SKU005,WH003,113,4,11,7,0,0,121
2025-03-19,SKU062,WH001,47,6,0,10,0,0,43
2025-03-19,SKU060,WH002,285,9,0,29,0,0,265
2025-03-19,SKU100,WH005,224,9,25,11,0,0,247
2025-03-19,SKU149,WH002,210,16,0,32,0,0,194
2025-03-19,SKU110,WH004,177,17,0,25,0,1,168
2025-03-19,SKU039,WH004,188,16,0,31,0,0,173
2025-03-19,SKU054,WH004,288,21,0,22,1,0,286
2025-03-19,SKU006,WH002,451,13,0,20,0,3,441
2025-03-19,SKU064,WH001,321,13,0,16,0,0,318
2025-03-19,SKU012,WH004,92,6,0,11,0,1,86
2025-03-19,SKU067,WH002,147,8,0,21,0,1,133
2025-03-19,SKU032,WH002,30,19,0,6,0,0,43
2025-03-19,SKU101,WH001,304,4,24,32,1,1,298
2025-03-20,SKU133,WH001,24,19,0,14,0,0,29
2025-03-20,SKU120,WH003,160,4,0,9,0,1,154
2025-03-20,SKU077,WH003,229,4,26,19,0,0,240
2025-03-20,SKU106,WH002,325,7,0,26,1,2,303
2025-03-20,SKU144,WH003,36,16,11,11,0,0,52
2025-03-20,SKU114,WH002,182,12,12,15,0,1,190
2025-03-20,SKU091,WH003,118,15,0,7,0,1,125
2025-03-20,SKU134,WH003,655,5,48,28,0,0,680
2025-03-20,SKU017,WH003,165,24,36,26,0,0,199
2025-03-20,SKU041,WH004,528,12,0,27,0,1,512
2025-03-20,SKU071,WH005,126,7,0,7,0,0,126
2025-03-20,SKU096,WH002,249,21,36,29,0,1,276
2025-03-20,SKU148,WH001,63,1,0,15,0,0,49
2025-03-20,SKU110,WH001,244,20,0,15,1,0,248
2025-03-20,SKU070,WH002,245,9,0,21,0,1,232
2025-03-20,SKU002,WH001,308,11,34,19,1,1,332
2025-03-20,SKU150,WH002,305,14,31,18,0,2,330
2025-03-20,SKU107,WH004,299,9,0,28,1,0,279
2025-03-20,SKU067,WH003,434,10,28,22,0,2,448
2025-03-20,SKU068,WH002,116,9,12,3,0,2,132
2025-03-20,SKU072,WH003,154,2,0,39,1,0,116
2025-03-20,SKU021,WH004,210,15,0,10,0,1,214
2025-03-20,SKU075,WH002,394,12,0,15,0,1,390
2025-03-20,SKU045,WH002,145,17,0,17,0,1,144
2025-03-20,SKU108,WH003,679,16,0,26,0,3,666
2025-03-20,SKU123,WH001,119,10,11,7,0,1,132
2025-03-20,SKU016,WH001,287,16,0,11,0,2,290
2025-03-20,SKU057,WH004,144,15,23,19,0,2,161
2025-03-20,SKU126,WH002,333,2,0,26,0,0,309
2025-03-20,SKU122,WH005,469,14,24,17,0,0,490
2025-03-20,SKU028,WH004,67,10,0,21,0,0,56
2025-03-20,SKU083,WH002,231,6,21,17,0,0,241
2025-03-20,SKU088,WH001,8,5,0,7,0,0,6
2025-03-20,SKU040,WH003,228,21,0,13,0,0,236
2025-03-20,SKU008,WH003,349,3,36,33,2,0,353
2025-03-20,SKU082,WH004,137,13,0,28,0,2,120
2025-03-20,SKU064,WH003,535,19,0,22,0,2,530
2025-03-20,SKU039,WH004,180,7,0,29,0,2,156
2025-03-20,SKU036,WH003,44,22,0,19,0,0,47
2025-03-20,SKU063,WH005,309,9,0,43,0,0,275
2025-03-20,SKU124,WH004,92,3,13,13,0,0,95
2025-03-20,SKU102,WH003,268,11,0,21,0,0,258
2025-03-20,SKU038,WH002,279,16,0,30,0,0,265
2025-03-20,SKU046,WH003,110,10,0,28,0,0,92
2025-03-20,SKU005,WH003,147,7,13,11,0,0,156
2025-03-21,SKU033,WH001,601,6,39,22,0,2,622
2025-03-21,SKU071,WH002,15,4,4,8,0,0,15
2025-03-21,SKU079,WH003,261,5,0,35,0,1,230
2025-03-21,SKU123,WH004,249,6,0,8,0,0,247
2025-03-21,SKU026,WH003,590,4,0,29,1,4,560
2025-03-21,SKU078,WH001,185,8,0,15,0,0,178
2025-03-21,SKU008,WH005,349,6,34,29,1,0,359
2025-03-21,SKU022,WH004,186,16,0,34,0,0,168
2025-03-21,SKU083,WH001,47,3,0,12,0,0,38
2025-03-21,SKU077,WH004,212,7,15,20,0,0,214
2025-03-21,SKU047,WH002,194,9,0,10,0,0,193
2025-03-21,SKU127,WH005,428,2,0,37,0,0,393
2025-03-21,SKU076,WH003,171,10,0,20,1,0,160
2025-03-21,SKU134,WH003,826,5,34,35,1,2,827
2025-03-21,SKU038,WH001,131,13,0,24,1,0,119
2025-03-21,SKU041,WH001,152,18,0,29,0,0,141
2025-03-21,SKU091,WH003,100,16,0,13,0,0,103
2025-03-21,SKU021,WH004,190,13,17,14,0,1,205
2025-03-21,SKU018,WH002,107,9,0,22,2,2,90
2025-03-21,SKU011,WH005,471,11,30,26,0,2,484
2025-03-21,SKU048,WH002,38,11,0,5,0,0,44
2025-03-21,SKU094,WH005,206,5,0,17,0,0,194
2025-03-21,SKU007,WH005,298,11,0,13,0,0,296
2025-03-21,SKU142,WH005,151,1,0,31,0,0,121
2025-03-21,SKU050,WH001,297,10,37,37,0,0,307
2025-03-21,SKU089,WH001,75,14,5,2,0,0,92
2025-03-21,SKU085,WH001,309,6,0,40,0,0,275
2025-03-21,SKU113,WH004,362,17,0,9,0,0,370
2025-03-21,SKU060,WH003,111,4,20,21,0,0,114
2025-03-21,SKU031,WH001,339,2,0,34,0,1,306
2025-03-21,SKU117,WH002,170,8,0,5,1,1,171
2025-03-21,SKU137,WH004,17,9,0,8,0,0,18
2025-03-21,SKU110,WH001,198,17,31,18,0,1,227
2025-03-21,SKU006,WH001,366,13,0,23,0,1,355
2025-03-21,SKU099,WH002,267,14,0,33,1,1,246
2025-03-21,SKU040,WH001,92,20,0,23,1,0,88
2025-03-21,SKU121,WH001,288,13,0,18,0,0,283
2025-03-21,SKU070,WH003,68,4,0,14,0,0,58
2025-03-21,SKU062,WH001,289,8,24,20,0,0,301
2025-03-21,SKU032,WH002,95,18,0,3,0,0,110
2025-03-21,SKU104,WH004,170,16,0,12,0,1,173
2025-03-21,SKU051,WH001,55,21,0,6,0,0,70
2025-03-21,SKU066,WH001,384,13,0,28,0,0,369
2025-03-21,SKU097,WH005,182,7,0,6,0,0,183
2025-03-21,SKU043,WH003,71,2,0,14,0,0,59
2025-03-22,SKU091,WH001,100,12,0,4,0,0,108
2025-03-22,SKU004,WH002,49,24,0,10,1,0,62
2025-03-22,SKU133,WH004,21,12,12,11,1,0,33
2025-03-22,SKU132,WH004,205,9,43,35,0,0,222
2025-03-22,SKU066,WH005,274,12,0,23,0,2,261
2025-03-22,SKU092,WH002,297,9,0,19,0,2,285
2025-03-22,SKU121,WH002,219,10,0,16,0,0,213
2025-03-22,SKU045,WH003,254,16,0,14,0,1,255
2025-03-22,SKU071,WH001,139,8,0,11,0,0,136
2025-03-22,SKU147,WH005,401,6,0,23,0,1,383
2025-03-22,SKU042,WH005,57,12,2,1,0,0,70
2025-03-22,SKU065,WH002,218,14,7,6,0,0,233
2025-03-22,SKU149,WH001,184,10,0,32,0,0,162
2025-03-22,SKU025,WH002,231,15,0,17,0,1,228
2025-03-22,SKU134,WH003,312,5,31,20,0,1,327
2025-03-22,SKU015,WH002,151,5,0,6,0,1,149
2025-03-22,SKU052,WH003,35,9,14,4,0,0,54
2025-03-22,SKU058,WH005,578,7,0,23,0,3,559
2025-03-22,SKU006,WH005,314,12,28,20,1,0,333
2025-03-22,SKU141,WH003,79,19,1,2,0,1,96
2025-03-22,SKU116,WH004,399,15,0,18,1,0,395
2025-03-22,SKU101,WH002,214,4,29,22,0,1,224
2025-03-22,SKU087,WH004,651,20,35,27,0,0,679
2025-03-22,SKU138,WH004,10,17,0,6,0,0,21
2025-03-22,SKU103,WH005,24,13,0,4,0,0,33
2025-03-22,SKU046,WH003,69,11,0,27,0,0,53
2025-03-22,SKU127,WH003,209,3,25,26,0,0,211
2025-03-22,SKU033,WH005,364,6,0,33,0,0,337
2025-03-22,SKU128,WH004,260,5,0,13,0,1,251
2025-03-22,SKU080,WH005,127,12,7,5,0,0,141
2025-03-22,SKU013,WH005,104,22,13,19,1,0,119
2025-03-22,SKU011,WH002,172,6,0,20,0,0,158
2025-03-22,SKU001,WH003,243,20,0,9,1,0,253
2025-03-22,SKU119,WH004,136,11,0,19,0,0,128
2025-03-22,SKU093,WH001,133,0,39,25,1,0,146
2025-03-22,SKU026,WH005,147,4,0,25,0,0,126
2025-03-22,SKU077,WH001,136,7,18,15,0,0,146
2025-03-22,SKU099,WH002,198,7,35,25,0,0,215
2025-03-22,SKU060,WH001,172,7,35,16,1,1,196
2025-03-22,SKU012,WH002,117,9,0,12,0,1,113
2025-03-22,SKU040,WH003,117,24,0,17,0,1,123
2025-03-22,SKU067,WH004,400,19,0,28,0,2,389
2025-03-22,SKU030,WH002,281,8,0,24,0,1,264
2025-03-22,SKU041,WH005,796,9,0,25,0,2,778
2025-03-22,SKU019,WH003,202,12,0,32,0,0,182
2025-03-23,SKU091,WH003,97,21,0,5,0,0,113
2025-03-23,SKU004,WH001,136,10,13,10,0,0,149
2025-03-23,SKU140,WH001,73,13,32,24,2,0,92
2025-03-23,SKU149,WH005,63,10,0,26,0,0,47
2025-03-23,SKU117,WH005,46,7,10,9,0,0,54
2025-03-23,SKU104,WH002,156,17,17,16,0,0,174
2025-03-23,SKU147,WH004,369,6,0,33,0,1,341
2025-03-23,SKU121,WH005,190,8,0,16,0,0,182
2025-03-23,SKU032,WH004,72,14,4,12,0,0,78
2025-03-23,SKU150,WH005,483,23,20,19,0,2,505
2025-03-23,SKU013,WH004,131,11,0,13,0,0,129
2025-03-23,SKU031,WH004,377,3,0,40,0,1,339
2025-03-23,SKU048,WH002,184,14,0,6,0,0,192
2025-03-23,SKU057,WH005,423,16,0,22,1,0,416
2025-03-23,SKU042,WH002,19,8,1,6,0,0,22
2025-03-23,SKU052,WH005,82,9,0,8,0,0,83
2025-03-23,SKU076,WH001,126,5,19,22,0,0,128
2025-03-23,SKU019,WH003,703,20,34,23,0,0,734
2025-03-23,SKU050,WH002,175,4,0,33,1,0,145
2025-03-23,SKU016,WH002,121,10,0,17,0,0,114
2025-03-23,SKU101,WH005,63,4,29,17,0,0,79
2025-03-23,SKU086,WH002,498,21,0,17,0,0,502
2025-03-23,SKU111,WH003,276,14,0,26,0,2,262
2025-03-23,SKU051,WH003,68,18,0,6,0,0,80
2025-03-23,SKU079,WH003,368,11,0,32,0,1,346
2025-03-23,SKU097,WH002,166,8,0,5,0,1,168
2025-03-23,SKU099,WH001,299,14,25,22,1,1,314
2025-03-23,SKU068,WH005,38,3,0,14,0,0,27
2025-03-23,SKU084,WH003,31,7,0,7,0,0,31
2025-03-23,SKU077,WH004,34,12,17,18,0,0,45
2025-03-23,SKU098,WH004,624,3,0,26,0,1,600
2025-03-23,SKU067,WH003,653,9,33,23,1,3,668
2025-03-23,SKU023,WH004,192,11,20,16,1,2,204
2025-03-23,SKU119,WH002,151,16,23,26,0,0,164
2025-03-23,SKU094,WH002,267,8,0,29,1,0,245
2025-03-23,SKU108,WH005,112,12,0,36,0,0,88
2025-03-23,SKU028,WH001,144,10,10,16,0,0,148
2025-03-23,SKU003,WH004,71,6,8,8,0,0,77
2025-03-23,SKU026,WH005,120,2,0,32,0,0,90
2025-03-23,SKU141,WH005,30,14,11,5,0,0,50
2025-03-23,SKU114,WH001,212,7,0,14,0,0,205
2025-03-23,SKU129,WH003,610,22,0,24,0,3,605
2025-03-23,SKU143,WH003,143,15,0,11,0,0,147
2025-03-23,SKU039,WH005,256,5,0,42,1,0,218
2025-03-23,SKU011,WH005,70,8,0,24,0,0,54
2025-03-24,SKU061,WH002,65,15,0,4,0,1,75
2025-03-24,SKU080,WH004,151,13,0,10,0,0,154
2025-03-24,SKU032,WH001,10,20,6,7,0,0,29
2025-03-24,SKU057,WH005,266,16,0,24,0,0,258
2025-03-24,SKU015,WH002,43,2,0,6,0,0,39
2025-03-24,SKU034,WH002,92,6,0,19,0,0,79
2025-03-24,SKU074,WH001,137,20,0,23,0,0,134
2025-03-24,SKU137,WH004,167,19,5,9,0,0,182
2025-03-24,SKU086,WH005,278,15,0,12,0,0,281
2025-03-24,SKU045,WH002,260,12,0,15,0,0,257
2025-03-24,SKU053,WH003,416,1,33,16,0,2,432
2025-03-24,SKU007,WH004,51,10,0,10,0,0,51
2025-03-24,SKU055,WH002,424,19,0,16,0,0,427
2025-03-24,SKU044,WH005,131,13,0,33,0,1,110
2025-03-24,SKU018,WH003,329,7,0,20,0,1,315
2025-03-24,SKU098,WH005,100,4,0,19,0,0,85
2025-03-24,SKU014,WH002,467,2,34,32,0,1,470
2025-03-24,SKU021,WH004,180,22,0,18,1,1,182
2025-03-24,SKU118,WH003,209,13,17,25,0,1,213
2025-03-24,SKU079,WH001,200,4,0,28,0,1,175
2025-03-24,SKU031,WH001,277,6,36,32,1,0,286
2025-03-24,SKU003,WH002,52,9,0,9,0,1,51
2025-03-24,SKU001,WH001,107,19,0,15,0,0,111
2025-03-24,SKU104,WH005,217,9,16,13,0,0,229
2025-03-24,SKU101,WH001,304,2,0,25,1,1,279
2025-03-24,SKU142,WH004,143,2,0,33,0,0,112
2025-03-24,SKU012,WH005,27,9,8,10,0,0,34
2025-03-24,SKU064,WH005,329,18,0,18,0,0,329
2025-03-24,SKU134,WH002,235,5,30,33,0,0,237
2025-03-24,SKU009,WH003,298,12,0,6,0,2,302
2025-03-24,SKU128,WH003,85,8,0,9,0,1,83
2025-03-24,SKU071,WH004,48,7,10,5,0,0,60
2025-03-24,SKU054,WH001,83,12,0,27,0,0,68
2025-03-24,SKU117,WH002,110,5,0,12,1,1,101
2025-03-24,SKU106,WH002,680,24,0,33,0,1,670
2025-03-24,SKU035,WH002,166,14,0,29,0,0,151
2025-03-24,SKU125,WH003,490,6,0,25,2,0,469
2025-03-24,SKU120,WH001,212,5,0,11,0,0,206
2025-03-24,SKU056,WH001,90,2,0,20,0,0,72
2025-03-24,SKU085,WH003,260,2,0,28,1,2,231
2025-03-24,SKU028,WH005,239,6,17,16,0,0,246
2025-03-24,SKU063,WH001,146,11,0,26,1,0,130
2025-03-24,SKU019,WH001,1010,16,0,37,0,3,986
2025-03-24,SKU004,WH003,101,19,0,8,0,0,112
2025-03-24,SKU051,WH004,25,20,0,4,0,0,41
2025-03-25,SKU111,WH004,583,19,0,26,0,1,575
2025-03-25,SKU100,WH001,464,19,0,16,1,1,465
2025-03-25,SKU030,WH002,183,10,36,21,1,0,207
2025-03-25,SKU110,WH004,471,8,29,11,0,0,497
2025-03-25,SKU008,WH003,226,2,0,30,0,0,198
2025-03-25,SKU108,WH003,590,8,0,31,0,3,564
2025-03-25,SKU066,WH003,173,10,0,19,1,1,162
2025-03-25,SKU056,WH005,353,7,0,21,0,0,339
2025-03-25,SKU075,WH002,255,11,0,21,1,1,243
2025-03-25,SKU082,WH005,230,11,0,26,0,1,214
2025-03-25,SKU057,WH002,143,16,34,26,1,0,166
2025-03-25,SKU092,WH002,421,10,0,22,0,0,409
2025-03-25,SKU131,WH005,52,11,0,10,0,0,53
2025-03-25,SKU009,WH001,70,8,0,11,0,0,67
2025-03-25,SKU059,WH003,20,13,5,7,0,0,31
2025-03-25,SKU141,WH002,87,16,4,7,0,0,100
2025-03-25,SKU003,WH003,49,12,0,9,0,0,52
2025-03-25,SKU142,WH005,86,5,36,38,0,0,89
2025-03-25,SKU084,WH004,24,7,4,7,0,0,28
2025-03-25,SKU029,WH003,1024,17,0,21,0,4,1016
2025-03-25,SKU144,WH005,169,17,0,5,0,0,181
2025-03-25,SKU001,WH003,216,28,0,15,0,0,229
2025-03-25,SKU105,WH001,55,5,0,2,0,0,58
2025-03-25,SKU010,WH004,522,14,43,35,0,0,544
2025-03-25,SKU007,WH003,352,13,0,13,0,1,351
2025-03-25,SKU039,WH005,624,8,0,23,0,1,608
2025-03-25,SKU024,WH003,80,18,0,15,0,0,83
2025-03-25,SKU064,WH003,264,15,19,15,0,2,281
2025-03-25,SKU133,WH005,69,12,0,6,0,0,75
2025-03-25,SKU113,WH003,166,15,0,10,0,0,171
2025-03-25,SKU047,WH003,106,11,0,11,0,0,106
2025-03-25,SKU093,WH003,213,3,0,32,0,0,184
2025-03-25,SKU089,WH001,51,18,6,4,0,0,71
2025-03-25,SKU019,WH004,364,17,39,30,0,0,390
2025-03-25,SKU104,WH003,284,16,0,18,0,2,280
2025-03-25,SKU099,WH005,224,16,0,27,0,0,213
2025-03-25,SKU013,WH005,169,15,0,16,0,0,168
2025-03-25,SKU006,WH001,436,15,0,34,0,0,417
2025-03-25,SKU034,WH004,240,8,19,16,0,0,251
2025-03-25,SKU117,WH004,74,4,0,10,1,0,67
2025-03-25,SKU061,WH001,83,16,0,8,0,0,91
2025-03-25,SKU103,WH005,87,16,0,4,1,0,98
2025-03-25,SKU139,WH003,238,14,0,29,0,1,222
2025-03-25,SKU126,WH003,304,2,0,29,0,0,277
2025-03-25,SKU120,WH003,148,0,0,11,0,0,137
2025-03-26,SKU149,WH001,552,14,30,28,1,1,566
2025-03-26,SKU009,WH005,116,17,0,14,0,0,119
2025-03-26,SKU096,WH005,604,20,37,36,0,2,623
2025-03-26,SKU087,WH003,277,14,23,19,0,0,295
2025-03-26,SKU098,WH003,121,3,0,27,1,0,96
2025-03-26,SKU093,WH002,396,4,0,41,3,0,356
2025-03-26,SKU077,WH005,108,5,0,16,0,0,97
2025-03-26,SKU006,WH005,168,13,0,27,0,0,154
2025-03-26,SKU063,WH004,406,5,34,26,2,0,417
2025-03-26,SKU102,WH002,64,8,35,25,0,0,82
2025-03-26,SKU069,WH003,229,4,0,34,0,0,199
2025-03-26,SKU126,WH003,488,2,0,29,0,0,461
2025-03-26,SKU086,WH005,219,18,28,30,2,1,232
2025-03-26,SKU075,WH004,145,9,0,17,2,0,135
2025-03-26,SKU095,WH002,157,14,12,6,0,2,175
2025-03-26,SKU150,WH003,127,13,0,22,0,1,117
2025-03-26,SKU062,WH005,86,3,0,12,0,0,77
2025-03-26,SKU076,WH002,445,8,0,17,0,0,436
2025-03-26,SKU059,WH004,65,14,7,7,0,0,79
2025-03-26,SKU116,WH004,590,20,0,25,0,0,585
2025-03-26,SKU049,WH003,407,8,23,18,0,0,420
2025-03-26,SKU094,WH004,170,10,27,33,0,1,173
2025-03-26,SKU003,WH004,88,24,0,13,0,0,99
2025-03-26,SKU029,WH003,432,10,30,27,0,1,444
2025-03-26,SKU041,WH001,577,11,26,24,0,2,588
2025-03-26,SKU008,WH001,1318,3,38,29,0,2,1328
2025-03-26,SKU042,WH005,144,13,3,3,0,0,157
2025-03-26,SKU011,WH003,358,9,0,24,1,0,342
2025-03-26,SKU115,WH003,42,5,0,14,0,0,33
2025-03-26,SKU143,WH005,89,20,14,13,0,0,110
2025-03-26,SKU133,WH004,22,15,0,10,0,0,27
2025-03-26,SKU028,WH001,153,7,18,21,0,0,157
2025-03-26,SKU065,WH005,44,14,0,6,0,0,52
2025-03-26,SKU112,WH005,114,6,7,8,0,0,119
2025-03-26,SKU114,WH004,158,6,23,13,1,0,173
2025-03-26,SKU035,WH002,113,18,0,23,2,1,105
2025-03-26,SKU106,WH002,237,17,0,23,1,0,230
2025-03-26,SKU067,WH001,89,18,0,24,0,0,83
2025-03-26,SKU018,WH002,166,12,21,21,0,0,178
2025-03-26,SKU146,WH001,175,16,0,20,0,0,171
2025-03-26,SKU113,WH004,103,14,12,14,0,0,115
2025-03-26,SKU118,WH001,248,15,0,16,0,0,247
2025-03-26,SKU048,WH002,23,14,10,5,0,0,42
2025-03-26,SKU047,WH001,72,8,0,8,0,0,72
2025-03-26,SKU123,WH002,115,14,0,14,1,1,113
2025-03-27,SKU143,WH002,136,16,0,9,0,1,142
2025-03-27,SKU078,WH001,113,8,15,11,0,0,125
2025-03-27,SKU032,WH001,102,17,5,7,0,0,117
2025-03-27,SKU059,WH004,38,20,0,8,0,0,50
2025-03-27,SKU017,WH004,241,21,0,31,0,1,230
2025-03-27,SKU106,WH005,219,14,0,24,0,2,207
2025-03-27,SKU027,WH004,281,2,0,14,0,1,268
2025-03-27,SKU131,WH003,66,5,0,5,0,0,66
2025-03-27,SKU012,WH005,68,5,0,13,0,0,60
2025-03-27,SKU084,WH005,63,3,7,3,0,0,70
2025-03-27,SKU022,WH001,130,11,0,24,1,0,116
2025-03-27,SKU105,WH002,107,7,3,7,0,0,110
2025-03-27,SKU003,WH002,40,13,0,8,0,1,44
2025-03-27,SKU010,WH005,302,14,0,44,0,0,272
2025-03-27,SKU073,WH003,147,3,45,33,0,0,162
2025-03-27,SKU036,WH003,264,18,19,16,1,0,284
2025-03-27,SKU108,WH001,318,8,0,34,0,0,292
2025-03-27,SKU080,WH003,144,14,0,9,0,1,148
2025-03-27,SKU114,WH001,89,14,30,9,0,0,124
2025-03-27,SKU074,WH004,312,11,30,32,0,1,320
2025-03-27,SKU025,WH001,356,11,0,15,0,1,351
2025-03-27,SKU140,WH003,501,14,0,24,0,2,489
2025-03-27,SKU083,WH002,175,8,23,24,0,0,182
2025-03-27,SKU086,WH005,192,20,27,18,0,0,221
2025-03-27,SKU019,WH003,112,21,38,25,0,0,146
2025-03-27,SKU016,WH002,103,7,17,19,1,0,107
2025-03-27,SKU077,WH005,65,11,0,18,0,0,58
2025-03-27,SKU095,WH001,57,11,0,3,0,0,65
2025-03-27,SKU047,WH001,82,16,0,9,0,0,89
2025-03-27,SKU122,WH003,196,8,0,14,0,0,190
2025-03-27,SKU056,WH005,281,1,0,15,0,2,265
2025-03-27,SKU139,WH003,198,17,41,27,0,0,229
2025-03-27,SKU128,WH001,188,3,0,7,0,0,184
2025-03-27,SKU112,WH005,126,6,8,6,0,1,133
2025-03-27,SKU103,WH005,82,10,0,4,0,0,88
2025-03-27,SKU020,WH004,81,12,0,11,0,0,82
2025-03-27,SKU053,WH001,162,7,0,22,0,1,146
2025-03-27,SKU045,WH004,223,14,19,12,0,0,244
2025-03-27,SKU111,WH004,266,22,29,36,1,1,279
2025-03-27,SKU076,WH002,229,12,0,16,0,0,225
2025-03-27,SKU101,WH002,282,7,36,24,0,0,301
2025-03-27,SKU085,WH001,263,3,0,41,0,0,225
2025-03-27,SKU002,WH004,914,10,31,27,0,0,928
2025-03-27,SKU099,WH003,206,11,26,20,0,0,223
2025-03-27,SKU142,WH002,182,3,34,30,0,0,189
2025-03-28,SKU019,WH002,200,15,0,36,0,1,178
2025-03-28,SKU096,WH003,191,11,0,28,1,0,173
2025-03-28,SKU080,WH001,110,12,0,6,0,1,115
2025-03-28,SKU131,WH003,39,9,12,9,0,0,51
2025-03-28,SKU038,WH004,122,22,0,39,1,0,104
2025-03-28,SKU112,WH002,150,10,0,9,1,0,150
2025-03-28,SKU094,WH005,131,5,0,23,0,0,113
2025-03-28,SKU141,WH001,36,14,8,5,0,0,53
2025-03-28,SKU103,WH005,61,8,7,5,0,0,71
2025-03-28,SKU077,WH003,126,7,16,23,1,0,125
2025-03-28,SKU101,WH004,92,5,0,28,0,0,69
2025-03-28,SKU013,WH005,318,16,17,8,0,1,342
2025-03-28,SKU087,WH003,215,7,32,23,1,1,229
2025-03-28,SKU083,WH003,421,3,0,14,0,1,409
2025-03-28,SKU065,WH001,126,17,15,11,0,0,147
2025-03-28,SKU049,WH005,330,8,0,17,0,1,320
2025-03-28,SKU008,WH002,785,10,0,25,1,0,769
2025-03-28,SKU116,WH005,182,20,0,33,0,0,169
2025-03-28,SKU102,WH003,270,11,23,31,0,0,273
2025-03-28,SKU059,WH002,77,14,0,8,0,0,83
2025-03-28,SKU136,WH005,411,12,0,20,1,0,402
2025-03-28,SKU003,WH005,121,11,10,3,0,1,138
2025-03-28,SKU091,WH001,39,16,8,9,0,0,54
2025-03-28,SKU098,WH004,142,2,0,23,0,0,121
2025-03-28,SKU027,WH005,244,9,26,13,0,1,265
2025-03-28,SKU132,WH001,756,16,0,30,1,4,737
2025-03-28,SKU107,WH005,335,8,17,29,0,0,331
2025-03-28,SKU108,WH002,768,11,0,36,0,3,740
2025-03-28,SKU118,WH002,173,8,0,26,0,0,155
2025-03-28,SKU056,WH005,115,4,17,14,0,0,122
2025-03-28,SKU070,WH003,390,13,0,24,0,1,378
2025-03-28,SKU046,WH003,367,7,0,27,1,1,345
2025-03-28,SKU111,WH003,357,12,0,30,0,1,338
2025-03-28,SKU143,WH005,214,25,0,7,1,0,231
2025-03-28,SKU030,WH002,378,12,0,17,0,3,370
2025-03-28,SKU026,WH004,412,2,26,23,1,1,415
2025-03-28,SKU037,WH004,369,12,31,25,0,0,387
2025-03-28,SKU058,WH001,292,13,0,22,0,1,282
2025-03-28,SKU149,WH005,223,10,38,31,0,1,239
2025-03-28,SKU010,WH005,423,19,0,30,1,3,408
2025-03-28,SKU002,WH001,325,9,0,22,0,0,312
2025-03-28,SKU016,WH003,37,9,0,12,0,0,34
2025-03-28,SKU006,WH002,189,15,21,24,0,0,201
2025-03-28,SKU047,WH005,153,15,0,14,0,0,154
2025-03-28,SKU084,WH001,108,3,8,3,0,0,116
2025-03-29,SKU018,WH003,58,5,0,25,0,0,38
2025-03-29,SKU088,WH001,150,17,1,6,0,0,162
2025-03-29,SKU028,WH004,178,8,27,13,0,1,199
2025-03-29,SKU130,WH003,164,2,0,11,0,1,154
2025-03-29,SKU083,WH005,174,2,0,16,0,0,160
2025-03-29,SKU127,WH005,442,2,0,26,0,0,418
2025-03-29,SKU091,WH002,137,16,0,4,0,0,149
2025-03-29,SKU118,WH004,159,18,0,16,0,0,161
2025-03-29,SKU071,WH001,16,5,0,5,0,0,16
2025-03-29,SKU126,WH005,486,4,0,32,1,0,457
2025-03-29,SKU116,WH003,390,17,26,42,1,0,390
2025-03-29,SKU055,WH002,126,9,32,23,1,0,143
2025-03-29,SKU029,WH003,292,15,32,28,0,0,311
2025-03-29,SKU144,WH002,12,19,0,9,0,0,22
2025-03-29,SKU034,WH003,78,8,0,21,0,0,65
2025-03-29,SKU043,WH005,218,7,0,16,0,2,207
2025-03-29,SKU009,WH004,52,11,8,7,0,0,64
2025-03-29,SKU063,WH005,257,9,0,35,1,1,229
2025-03-29,SKU093,WH001,293,3,36,34,0,0,298
2025-03-29,SKU085,WH005,299,4,34,43,0,1,293
2025-03-29,SKU067,WH003,155,7,34,35,0,1,160
2025-03-29,SKU087,WH001,394,10,29,27,1,1,404
2025-03-29,SKU084,WH004,19,7,6,4,0,0,28
2025-03-29,SKU032,WH004,40,21,0,9,0,0,52
2025-03-29,SKU100,WH002,180,18,0,6,1,1,190
2025-03-29,SKU016,WH002,106,11,0,16,0,0,101
2025-03-29,SKU098,WH002,647,5,0,28,1,0,623
2025-03-29,SKU037,WH003,149,20,0,15,0,1,153
2025-03-29,SKU062,WH002,143,9,0,14,0,0,138
2025-03-29,SKU004,WH004,100,11,0,5,0,0,106
2025-03-29,SKU080,WH005,62,15,0,10,0,0,67
2025-03-29,SKU142,WH005,329,8,0,31,0,1,305
2025-03-29,SKU040,WH002,236,20,0,21,0,0,235
2025-03-29,SKU058,WH001,430,13,0,24,0,1,418
2025-03-29,SKU123,WH002,85,13,16,13,0,0,101
2025-03-29,SKU090,WH005,261,7,27,15,0,1,279
2025-03-29,SKU017,WH001,217,18,0,25,2,0,208
2025-03-29,SKU041,WH001,168,11,31,24,0,0,186
2025-03-29,SKU114,WH001,355,11,20,21,0,0,365
2025-03-29,SKU054,WH001,6,13,31,16,0,0,34
2025-03-29,SKU002,WH001,272,9,0,19,0,0,262
2025-03-29,SKU026,WH003,268,2,0,25,0,1,244
2025-03-29,SKU107,WH003,358,14,0,19,1,0,352
2025-03-29,SKU031,WH005,431,3,0,25,0,0,409
2025-03-29,SKU013,WH003,27,21,0,16,0,0,32
2025-03-30,SKU036,WH001,506,24,0,19,0,0,511
2025-03-30,SKU054,WH004,227,12,24,18,0,0,245
2025-03-30,SKU037,WH005,218,13,0,12,0,0,219
2025-03-30,SKU133,WH003,33,15,7,8,0,0,47
2025-03-30,SKU095,WH001,130,13,0,8,0,1,134
2025-03-30,SKU044,WH003,565,17,35,37,0,0,580
2025-03-30,SKU131,WH004,56,7,0,5,0,0,58
2025-03-30,SKU022,WH002,211,19,31,37,0,1,223
2025-03-30,SKU102,WH002,707,10,0,23,0,1,693
2025-03-30,SKU024,WH005,295,14,0,15,1,0,293
2025-03-30,SKU033,WH004,594,6,33,27,0,2,604
2025-03-30,SKU134,WH005,648,1,0,32,0,2,615
2025-03-30,SKU023,WH002,394,16,0,15,1,0,394
2025-03-30,SKU078,WH004,66,11,0,8,0,0,69
2025-03-30,SKU055,WH001,65,16,0,14,0,0,67
2025-03-30,SKU002,WH003,133,8,28,23,0,1,145
2025-03-30,SKU057,WH002,465,16,0,22,0,0,459
2025-03-30,SKU020,WH002,132,14,0,15,0,0,131
2025-03-30,SKU039,WH001,544,7,0,26,0,2,523
2025-03-30,SKU086,WH004,307,23,0,24,0,0,306
2025-03-30,SKU042,WH004,54,19,0,3,0,0,70
2025-03-30,SKU116,WH005,436,12,35,29,0,1,453
2025-03-30,SKU115,WH003,92,11,0,18,0,0,85
2025-03-30,SKU060,WH005,304,15,0,23,0,1,295
2025-03-30,SKU088,WH004,83,8,8,5,1,0,93
2025-03-30,SKU035,WH002,103,17,0,33,0,0,87
2025-03-30,SKU089,WH003,29,16,0,10,0,0,35
2025-03-30,SKU128,WH004,275,4,0,11,0,0,268
2025-03-30,SKU034,WH004,245,8,32,15,1,0,269
2025-03-30,SKU007,WH002,29,11,9,17,0,0,32
2025-03-30,SKU063,WH005,450,11,0,27,0,2,432
2025-03-30,SKU108,WH005,409,11,41,24,0,0,437
2025-03-30,SKU074,WH004,289,14,0,34,0,2,267
2025-03-30,SKU080,WH002,114,9,0,1,0,0,122
2025-03-30,SKU145,WH001,600,14,0,35,0,2,577
2025-03-30,SKU082,WH002,159,9,0,24,0,0,144
2025-03-30,SKU094,WH005,242,8,21,31,0,1,239
2025-03-30,SKU053,WH004,208,7,0,24,0,1,190
2025-03-30,SKU075,WH003,206,8,25,21,0,0,218
2025-03-30,SKU092,WH003,311,9,0,22,0,1,297
2025-03-30,SKU083,WH003,344,6,17,19,0,0,348
2025-03-30,SKU052,WH003,196,15,0,9,0,0,202
2025-03-30,SKU068,WH003,82,9,0,6,0,0,85
2025-03-30,SKU090,WH005,136,7,0,14,1,0,128
2025-03-30,SKU015,WH004,125,5,9,7,0,1,131
2025-03-31,SKU136,WH002,113,17,33,20,0,0,143
2025-03-31,SKU075,WH001,169,11,0,14,1,0,165
2025-03-31,SKU006,WH002,319,19,0,19,0,0,319
2025-03-31,SKU107,WH005,47,10,0,18,0,0,39
2025-03-31,SKU046,WH001,253,10,0,25,0,1,237
2025-03-31,SKU074,WH003,192,23,47,19,0,0,243
2025-03-31,SKU116,WH001,144,19,27,28,0,0,162
2025-03-31,SKU058,WH001,312,9,0,26,1,2,292
2025-03-31,SKU115,WH001,130,6,0,11,0,0,125
2025-03-31,SKU050,WH001,98,6,37,37,0,0,104
2025-03-31,SKU027,WH005,353,7,0,18,1,2,339
2025-03-31,SKU134,WH001,298,2,0,23,0,0,277
2025-03-31,SKU112,WH001,122,6,0,8,0,0,120
2025-03-31,SKU015,WH002,36,8,0,11,0,0,33
2025-03-31,SKU127,WH005,219,2,0,23,0,1,197
2025-03-31,SKU061,WH003,44,19,0,7,0,0,56
2025-03-31,SKU007,WH005,95,6,22,13,0,0,110
2025-03-31,SKU079,WH002,221,6,0,29,1,0,197
2025-03-31,SKU036,WH001,47,12,0,21,0,0,38
2025-03-31,SKU031,WH001,164,5,0,29,0,0,140
2025-03-31,SKU111,WH001,584,19,0,36,0,0,567
2025-03-31,SKU004,WH003,183,16,5,9,0,0,195
2025-03-31,SKU099,WH004,58,12,24,25,0,0,69
2025-03-31,SKU038,WH004,248,19,0,25,0,1,241
2025-03-31,SKU137,WH001,92,9,0,10,0,1,90
2025-03-31,SKU003,WH003,60,15,0,9,1,0,65
2025-03-31,SKU083,WH003,126,1,0,21,0,0,106
2025-03-31,SKU138,WH002,26,17,0,2,0,1,40
2025-03-31,SKU077,WH005,25,8,28,12,0,0,49
2025-03-31,SKU043,WH002,127,1,0,14,0,0,114
2025-03-31,SKU041,WH003,234,14,0,21,0,0,227
2025-03-31,SKU108,WH002,513,6,0,35,0,1,483
2025-03-31,SKU032,WH005,16,17,0,7,0,0,26
2025-03-31,SKU066,WH002,336,15,18,24,0,3,342
2025-03-31,SKU081,WH001,307,13,0,34,0,1,285
2025-03-31,SKU114,WH005,203,8,0,15,1,1,194
2025-03-31,SKU098,WH004,207,5,29,26,0,0,215
2025-03-31,SKU005,WH004,48,12,0,10,0,0,50
2025-03-31,SKU017,WH003,277,21,36,23,0,1,310
2025-03-31,SKU014,WH004,520,1,49,34,0,2,534
2025-03-31,SKU122,WH004,232,15,23,22,0,0,248
2025-03-31,SKU021,WH001,151,24,0,21,0,0,154
2025-03-31,SKU092,WH001,277,12,19,24,1,1,282
2025-03-31,SKU028,WH004,130,4,16,20,1,2,127
2025-03-31,SKU088,WH001,17,9,6,4,0,0,28
2025-04-01,SKU126,WH002,413,2,20,35,1,1,398
2025-04-01,SKU029,WH002,579,18,27,34,0,1,589
2025-04-01,SKU050,WH001,685,2,0,38,0,3,646
2025-04-01,SKU112,WH003,47,6,9,7,0,0,55
2025-04-01,SKU068,WH004,68,4,0,7,0,0,65
2025-04-01,SKU109,WH005,47,5,0,7,0,0,45
2025-04-01,SKU081,WH005,585,13,35,27,2,2,602
2025-04-01,SKU071,WH001,104,9,0,7,0,0,106
2025-04-01,SKU056,WH004,239,5,0,17,0,1,226
2025-04-01,SKU100,WH004,352,14,0,23,0,0,343
2025-04-01,SKU060,WH001,131,6,24,20,0,0,141
2025-04-01,SKU120,WH002,48,2,0,10,0,0,40
2025-04-01,SKU033,WH001,136,4,30,25,0,0,145
2025-04-01,SKU037,WH003,233,13,0,23,1,1,221
2025-04-01,SKU076,WH003,461,6,16,27,0,1,455
2025-04-01,SKU123,WH003,32,7,0,4,0,0,35
2025-04-01,SKU083,WH004,370,3,0,17,0,0,356
2025-04-01,SKU007,WH004,262,9,18,18,0,0,271
2025-04-01,SKU098,WH004,489,4,0,30,0,2,461
2025-04-01,SKU078,WH001,95,10,0,14,0,0,91
2025-04-01,SKU113,WH005,179,13,13,12,0,1,192
2025-04-01,SKU108,WH001,651,11,0,29,0,1,632
2025-04-01,SKU084,WH003,54,2,0,3,0,0,53
2025-04-01,SKU066,WH003,312,17,24,5,0,0,348
2025-04-01,SKU135,WH004,138,9,0,14,0,0,133
2025-04-01,SKU133,WH001,97,18,0,12,0,1,102
2025-04-01,SKU010,WH004,537,9,35,23,0,1,557
2025-04-01,SKU096,WH003,360,12,0,32,0,0,340
2025-04-01,SKU001,WH001,226,13,0,7,0,1,231
2025-04-01,SKU022,WH005,294,17,31,20,0,0,322
2025-04-01,SKU107,WH002,94,8,0,17,0,0,85
2025-04-01,SKU016,WH005,236,11,0,13,0,1,233
2025-04-01,SKU139,WH005,405,10,0,27,0,1,387
2025-04-01,SKU008,WH001,212,4,0,35,0,0,181
2025-04-01,SKU147,WH001,373,0,0,22,0,0,351
2025-04-01,SKU125,WH001,461,2,0,30,0,0,433
2025-04-01,SKU030,WH005,373,18,0,23,0,0,368
2025-04-01,SKU128,WH004,218,6,0,11,1,0,212
2025-04-01,SKU031,WH001,149,3,0,34,1,0,117
2025-04-01,SKU121,WH001,214,15,0,18,0,1,210
2025-04-01,SKU111,WH003,657,11,38,14,1,0,691
2025-04-01,SKU020,WH003,29,23,0,9,0,0,43
2025-04-01,SKU075,WH001,171,6,26,18,1,0,184
2025-04-01,SKU036,WH005,245,14,21,18,0,0,262
2025-04-01,SKU018,WH003,185,10,0,19,2,1,173
2025-04-02,SKU048,WH004,74,7,0,4,0,0,77
2025-04-02,SKU122,WH001,321,19,0,12,0,0,328
2025-04-02,SKU043,WH005,216,1,0,14,1,1,201
2025-04-02,SKU072,WH001,969,6,37,32,3,4,973
2025-04-02,SKU058,WH002,193,10,0,24,1,0,178
2025-04-02,SKU047,WH001,267,9,0,8,0,1,267
2025-04-02,SKU081,WH005,253,5,0,30,1,1,226
2025-04-02,SKU125,WH004,597,5,34,35,0,0,601
2025-04-02,SKU139,WH003,201,8,43,32,0,0,220
2025-04-02,SKU092,WH004,377,6,0,23,0,0,360
2025-04-02,SKU012,WH003,78,7,0,8,0,0,77
2025-04-02,SKU036,WH004,248,21,18,9,0,0,278
2025-04-02,SKU130,WH005,158,0,0,11,0,1,146
2025-04-02,SKU019,WH005,292,25,35,36,0,0,316
2025-04-02,SKU055,WH003,95,16,0,27,0,0,84
2025-04-02,SKU014,WH001,554,7,0,31,0,0,530
2025-04-02,SKU054,WH001,113,14,25,19,0,1,132
2025-04-02,SKU109,WH004,166,2,13,15,0,1,165
2025-04-02,SKU104,WH001,194,14,0,14,0,0,194
2025-04-02,SKU123,WH005,248,6,7,9,0,0,252
2025-04-02,SKU138,WH002,54,19,0,9,0,0,64
2025-04-02,SKU057,WH002,444,15,0,22,0,1,436
2025-04-02,SKU102,WH002,380,14,26,28,1,0,391
2025-04-02,SKU039,WH004,284,9,44,28,0,1,308
2025-04-02,SKU060,WH005,307,7,0,18,0,1,295
2025-04-02,SKU079,WH003,95,9,0,33,0,0,71
2025-04-02,SKU056,WH004,398,2,0,11,0,0,389
2025-04-02,SKU041,WH001,388,6,0,32,0,0,362
2025-04-02,SKU002,WH005,269,8,0,28,0,1,248
2025-04-02,SKU101,WH005,433,5,0,26,0,0,412
2025-04-02,SKU045,WH002,179,20,19,10,0,0,208
2025-04-02,SKU087,WH005,178,20,32,25,0,2,203
2025-04-02,SKU073,WH002,838,7,56,40,1,1,859
2025-04-02,SKU085,WH002,351,4,44,39,1,1,358
2025-04-02,SKU098,WH004,586,2,0,15,0,1,572
2025-04-02,SKU021,WH005,253,13,18,16,0,0,268
2025-04-02,SKU126,WH004,257,2,0,27,0,1,231
2025-04-02,SKU090,WH003,152,7,15,19,0,1,154
2025-04-02,SKU030,WH004,163,11,27,21,1,1,178
2025-04-02,SKU119,WH002,383,16,0,29,0,1,369
2025-04-02,SKU024,WH002,188,14,0,18,0,1,183
2025-04-02,SKU142,WH002,926,4,43,34,0,2,937
2025-04-02,SKU050,WH001,221,5,0,28,0,1,197
2025-04-02,SKU070,WH005,36,8,0,14,0,0,30
2025-04-02,SKU046,WH005,328,8,32,28,0,0,340
2025-04-03,SKU135,WH005,109,8,0,8,0,1,108
2025-04-03,SKU146,WH004,317,13,0,19,0,0,311
2025-04-03,SKU141,WH001,75,18,7,7,1,0,92
2025-04-03,SKU138,WH002,28,12,0,2,0,0,38
2025-04-03,SKU072,WH004,378,2,33,27,0,0,386
2025-04-03,SKU068,WH002,120,5,10,9,0,1,125
2025-04-03,SKU015,WH003,103,5,0,2,0,0,106
2025-04-03,SKU119,WH005,149,7,19,24,0,2,149
2025-04-03,SKU081,WH005,333,16,0,33,0,0,316
2025-04-03,SKU079,WH001,301,3,23,31,0,1,295
2025-04-03,SKU094,WH005,385,6,0,19,0,1,371
2025-04-03,SKU025,WH005,232,12,0,13,0,0,231
2025-04-03,SKU115,WH001,13,9,0,11,0,0,11
2025-04-03,SKU096,WH004,132,17,0,36,0,0,113
2025-04-03,SKU022,WH003,429,20,0,25,0,1,423
2025-04-03,SKU104,WH003,190,11,0,10,0,0,191
2025-04-03,SKU043,WH002,81,7,0,14,1,0,73
2025-04-03,SKU098,WH004,169,3,30,30,0,1,171
2025-04-03,SKU080,WH002,45,13,9,4,0,0,63
2025-04-03,SKU027,WH002,425,10,0,15,0,1,419
2025-04-03,SKU114,WH005,536,10,0,20,0,1,525
2025-04-03,SKU117,WH002,49,7,0,7,0,0,49
2025-04-03,SKU033,WH002,158,6,37,35,0,0,166
2025-04-03,SKU148,WH001,192,2,16,22,1,0,187
2025-04-03,SKU007,WH005,102,7,13,11,0,0,111
2025-04-03,SKU131,WH001,54,6,7,7,0,0,60
2025-04-03,SKU126,WH005,689,3,0,23,0,2,667
2025-04-03,SKU067,WH004,157,11,38,29,0,0,177
2025-04-03,SKU062,WH005,259,6,18,15,0,1,267
2025-04-03,SKU085,WH002,233,5,0,34,1,1,202
2025-04-03,SKU004,WH002,58,11,0,2,0,0,67
2025-04-03,SKU084,WH003,15,2,7,7,0,0,17
2025-04-03,SKU005,WH001,299,4,13,13,0,0,303
2025-04-03,SKU097,WH002,42,17,0,10,0,0,49
2025-04-03,SKU101,WH003,256,5,0,25,0,0,236
2025-04-03,SKU001,WH002,144,13,19,13,0,0,163
2025-04-03,SKU058,WH005,168,13,35,30,1,1,184
2025-04-03,SKU140,WH002,223,8,0,21,0,0,210
2025-04-03,SKU147,WH003,147,6,40,22,1,0,170
2025-04-03,SKU139,WH005,449,11,0,31,0,4,425
2025-04-03,SKU088,WH004,21,14,0,3,0,0,32
2025-04-03,SKU133,WH005,45,13,0,8,0,0,50
2025-04-03,SKU089,WH003,136,14,6,4,0,0,152
2025-04-03,SKU029,WH005,396,9,0,19,0,1,385
2025-04-03,SKU125,WH005,111,4,0,28,0,0,87
2025-04-04,SKU110,WH001,129,17,0,18,0,0,128
2025-04-04,SKU071,WH003,50,8,0,3,0,0,55
2025-04-04,SKU042,WH004,117,18,0,5,0,1,129
2025-04-04,SKU024,WH004,189,11,0,14,0,0,186
2025-04-04,SKU126,WH001,779,6,33,16,0,1,801
2025-04-04,SKU065,WH004,149,21,0,8,0,1,161
2025-04-04,SKU029,WH005,191,9,32,17,0,0,215
2025-04-04,SKU064,WH004,142,15,24,19,0,0,162
2025-04-04,SKU046,WH004,189,15,29,33,0,0,200
2025-04-04,SKU037,WH004,113,21,0,16,0,0,118
2025-04-04,SKU073,WH004,725,3,31,26,0,1,732
2025-04-04,SKU142,WH004,302,5,0,27,1,2,277
2025-04-04,SKU094,WH004,338,4,0,29,0,2,311
2025-04-04,SKU118,WH001,221,14,0,23,0,0,212
2025-04-04,SKU084,WH001,28,6,5,4,0,0,35
2025-04-04,SKU131,WH003,214,16,0,8,0,1,221
2025-04-04,SKU149,WH005,168,14,37,29,0,1,189
2025-04-04,SKU100,WH002,180,9,19,15,0,2,191
2025-04-04,SKU074,WH005,93,19,37,34,1,0,114
2025-04-04,SKU080,WH001,131,11,0,8,1,1,132
2025-04-04,SKU147,WH005,93,3,33,24,0,0,105
2025-04-04,SKU130,WH002,477,4,0,14,0,0,467
2025-04-04,SKU019,WH004,298,13,0,39,0,0,272
2025-04-04,SKU039,WH004,99,10,32,26,1,1,113
2025-04-04,SKU069,WH003,313,3,41,34,0,0,323
2025-04-04,SKU027,WH003,102,6,13,30,1,0,90
2025-04-04,SKU008,WH003,71,0,0,33,0,0,38
2025-04-04,SKU030,WH003,64,10,0,29,1,0,44
2025-04-04,SKU021,WH002,143,24,0,14,0,0,153
2025-04-04,SKU043,WH004,192,6,13,10,0,0,201
2025-04-04,SKU070,WH002,604,10,20,10,0,0,624
2025-04-04,SKU105,WH002,120,10,9,8,0,0,131
2025-04-04,SKU001,WH004,210,17,0,12,0,0,215
2025-04-04,SKU068,WH002,137,4,0,6,0,2,133
2025-04-04,SKU104,WH001,67,12,0,9,0,0,70
2025-04-04,SKU072,WH004,457,6,0,35,0,1,427
2025-04-04,SKU135,WH004,92,11,0,13,0,0,90
2025-04-04,SKU082,WH004,228,13,0,22,2,0,217
2025-04-04,SKU063,WH002,167,5,0,31,0,0,141
2025-04-04,SKU137,WH005,117,11,8,9,0,0,127
2025-04-04,SKU057,WH003,71,23,0,23,0,0,71
2025-04-04,SKU026,WH002,183,0,32,26,1,0,188
2025-04-04,SKU143,WH003,119,10,0,9,0,0,120
2025-04-04,SKU034,WH005,150,6,0,30,0,0,126
2025-04-04,SKU066,WH001,502,14,0,27,0,3,486
2025-04-05,SKU084,WH004,73,8,0,4,0,0,77
2025-04-05,SKU108,WH005,432,12,0,31,0,1,412
2025-04-05,SKU033,WH003,196,7,0,24,1,0,178
2025-04-05,SKU101,WH003,304,3,23,21,0,0,309
2025-04-05,SKU129,WH001,267,14,0,18,0,0,263
2025-04-05,SKU082,WH003,384,5,0,23,0,0,366
2025-04-05,SKU091,WH003,48,16,5,10,0,0,59
2025-04-05,SKU066,WH005,171,16,0,17,0,1,169
2025-04-05,SKU050,WH004,731,5,0,21,0,1,714
2025-04-05,SKU038,WH005,770,25,37,27,0,1,804
2025-04-05,SKU089,WH003,58,16,5,7,0,0,72
2025-04-05,SKU055,WH002,198,12,0,14,0,0,196
2025-04-05,SKU142,WH001,665,4,0,26,0,1,642
2025-04-05,SKU061,WH001,61,10,10,3,0,0,78
2025-04-05,SKU043,WH003,188,6,0,16,0,0,178
2025-04-05,SKU034,WH004,162,9,0,18,0,0,153
2025-04-05,SKU039,WH004,205,12,0,30,0,1,186
2025-04-05,SKU004,WH002,124,20,0,9,0,0,135
2025-04-05,SKU040,WH003,217,21,0,12,0,0,226
2025-04-05,SKU125,WH002,480,3,0,35,0,0,448
2025-04-05,SKU035,WH004,110,14,0,24,0,1,99
2025-04-05,SKU063,WH004,113,11,0,30,0,0,94
2025-04-05,SKU095,WH001,90,15,12,5,0,1,111
2025-04-05,SKU053,WH001,341,8,0,27,0,0,322
2025-04-05,SKU136,WH003,146,12,31,22,0,0,167
2025-04-05,SKU056,WH004,482,3,0,19,0,1,465
2025-04-05,SKU012,WH003,57,8,0,4,0,0,61
2025-04-05,SKU047,WH003,32,12,0,10,1,0,33
2025-04-05,SKU100,WH004,250,19,0,17,0,1,251
2025-04-05,SKU110,WH004,275,18,33,13,1,0,312
2025-04-05,SKU059,WH002,17,16,0,4,0,0,29
2025-04-05,SKU010,WH002,253,15,0,39,0,0,229
2025-04-05,SKU105,WH003,130,6,0,5,0,0,131
2025-04-05,SKU124,WH003,258,3,19,13,0,0,267
2025-04-05,SKU076,WH004,131,12,25,23,0,0,145
2025-04-05,SKU057,WH002,444,20,24,31,0,0,457
2025-04-05,SKU141,WH003,59,17,8,6,0,0,78
2025-04-05,SKU046,WH001,72,10,0,26,1,0,55
2025-04-05,SKU049,WH001,359,12,0,12,1,1,357
2025-04-05,SKU037,WH004,303,11,23,15,0,0,322
2025-04-05,SKU022,WH005,227,15,0,27,0,0,215
2025-04-05,SKU045,WH003,95,18,0,17,1,0,95
2025-04-05,SKU093,WH005,348,3,0,32,1,0,318
2025-04-05,SKU013,WH004,216,17,0,15,0,0,218
2025-04-05,SKU001,WH001,153,5,0,14,0,0,144
2025-04-06,SKU058,WH002,204,13,0,29,0,0,188
2025-04-06,SKU042,WH003,8,20,7,6,0,0,29
2025-04-06,SKU125,WH001,260,0,33,27,0,2,264
2025-04-06,SKU035,WH003,519,22,28,18,0,2,549
2025-04-06,SKU076,WH001,203,9,0,15,0,1,196
2025-04-06,SKU102,WH005,175,14,0,25,0,0,164
2025-04-06,SKU149,WH001,490,10,0,30,1,3,466
2025-04-06,SKU146,WH004,439,15,31,19,0,0,466
2025-04-06,SKU080,WH002,153,15,6,5,0,0,169
2025-04-06,SKU040,WH002,172,16,0,17,0,0,171
2025-04-06,SKU004,WH004,282,17,8,9,0,0,298
2025-04-06,SKU057,WH002,178,15,0,24,0,1,168
2025-04-06,SKU101,WH004,513,3,27,24,0,2,517
2025-04-06,SKU140,WH005,175,12,0,25,0,0,162
2025-04-06,SKU131,WH003,90,9,0,9,0,0,90
2025-04-06,SKU137,WH001,66,16,0,6,0,0,76
2025-04-06,SKU096,WH003,168,18,27,22,0,0,191
2025-04-06,SKU060,WH001,163,8,0,20,0,0,151
2025-04-06,SKU094,WH003,126,14,0,17,0,1,122
2025-04-06,SKU079,WH005,146,4,0,28,0,0,122
2025-04-06,SKU071,WH004,90,8,9,6,0,0,101
2025-04-06,SKU128,WH002,150,4,18,8,0,0,164
2025-04-06,SKU106,WH003,533,19,0,33,0,0,519
2025-04-06,SKU031,WH001,455,7,0,20,0,0,442
2025-04-06,SKU109,WH005,142,8,0,10,0,1,139
2025-04-06,SKU121,WH004,106,15,0,12,0,0,109
2025-04-06,SKU143,WH001,249,7,0,12,0,0,244
2025-04-06,SKU065,WH001,105,15,0,9,1,0,110
2025-04-06,SKU025,WH005,107,16,0,15,0,0,108
2025-04-06,SKU116,WH001,161,27,25,21,1,0,191
2025-04-06,SKU011,WH001,166,2,0,27,0,0,141
2025-04-06,SKU006,WH003,320,19,0,33,0,2,304
2025-04-06,SKU007,WH001,69,12,0,11,0,1,69
2025-04-06,SKU056,WH001,325,3,28,17,0,1,338
2025-04-06,SKU134,WH002,402,2,0,21,1,1,381
2025-04-06,SKU019,WH003,784,18,0,26,0,1,775
2025-04-06,SKU118,WH004,150,18,28,25,0,0,171
2025-04-06,SKU009,WH004,195,19,6,7,0,0,213
2025-04-06,SKU074,WH003,364,17,0,38,1,1,341
2025-04-06,SKU047,WH002,120,10,0,7,0,0,123
2025-04-06,SKU038,WH005,310,15,36,19,0,2,340
2025-04-06,SKU051,WH003,119,22,0,12,0,0,129
2025-04-06,SKU063,WH003,147,5,53,26,1,0,178
2025-04-06,SKU050,WH003,438,4,0,33,0,1,408
2025-04-06,SKU144,WH004,48,12,6,7,0,0,59
2025-04-07,SKU053,WH004,346,7,0,21,0,1,331
2025-04-07,SKU063,WH005,233,10,0,24,0,1,218
2025-04-07,SKU102,WH001,408,11,0,29,1,0,389
2025-04-07,SKU137,WH005,49,12,0,10,1,0,50
2025-04-07,SKU043,WH005,205,5,0,12,0,1,197
2025-04-07,SKU065,WH001,56,23,0,7,0,0,72
2025-04-07,SKU054,WH002,64,15,0,20,1,0,58
2025-04-07,SKU097,WH002,178,9,0,12,0,1,174
2025-04-07,SKU081,WH001,256,6,34,23,0,0,273
2025-04-07,SKU061,WH004,38,12,3,5,0,0,48
2025-04-07,SKU124,WH002,301,5,12,7,0,0,311
2025-04-07,SKU104,WH002,58,18,0,7,0,0,69
2025-04-07,SKU123,WH005,83,13,0,8,0,1,87
2025-04-07,SKU106,WH005,171,14,0,24,0,0,161
2025-04-07,SKU002,WH003,218,7,0,17,0,0,208
2025-04-07,SKU103,WH003,89,8,0,2,0,0,95
2025-04-07,SKU067,WH005,456,12,0,33,0,1,434
2025-04-07,SKU022,WH004,183,21,0,18,0,0,186
2025-04-07,SKU057,WH002,88,12,0,20,0,0,80
2025-04-07,SKU144,WH005,41,15,0,2,0,0,54
2025-04-07,SKU084,WH002,81,6,0,8,0,0,79
2025-04-07,SKU139,WH005,304,8,32,34,1,1,308
2025-04-07,SKU115,WH005,91,6,0,13,0,0,84
2025-04-07,SKU072,WH004,492,3,0,26,0,0,469
2025-04-07,SKU059,WH005,95,14,7,7,0,0,109
2025-04-07,SKU074,WH003,238,13,29,37,0,0,243
2025-04-07,SKU133,WH003,41,14,0,2,0,0,53
2025-04-07,SKU101,WH002,304,2,29,24,0,0,311
2025-04-07,SKU073,WH003,275,2,35,34,0,0,278
2025-04-07,SKU131,WH003,236,5,12,6,0,0,247
2025-04-07,SKU147,WH001,595,3,0,24,0,3,571
2025-04-07,SKU024,WH001,307,20,22,17,1,0,331
2025-04-07,SKU048,WH005,108,16,13,10,0,1,126
2025-04-07,SKU040,WH002,208,17,0,10,0,3,212
2025-04-07,SKU093,WH003,92,2,0,46,0,0,48
2025-04-07,SKU110,WH003,157,9,23,23,1,0,165
2025-04-07,SKU111,WH005,309,11,0,36,1,2,281
2025-04-07,SKU035,WH005,679,27,29,23,0,2,710
2025-04-07,SKU149,WH002,148,13,0,34,2,0,125
2025-04-07,SKU095,WH004,109,13,9,10,0,0,121
2025-04-07,SKU138,WH005,164,16,0,7,0,1,172
2025-04-07,SKU096,WH003,236,23,35,37,1,1,255
2025-04-07,SKU008,WH004,328,3,0,30,0,1,300
2025-04-07,SKU090,WH003,234,3,0,15,0,1,221
2025-04-07,SKU079,WH004,450,5,0,32,0,0,423
2025-04-08,SKU095,WH003,200,23,0,10,0,1,212
2025-04-08,SKU008,WH002,134,6,43,28,0,1,154
2025-04-08,SKU001,WH002,120,19,0,10,0,0,129
2025-04-08,SKU128,WH002,137,4,0,9,0,0,132
2025-04-08,SKU130,WH002,125,4,0,18,0,0,111
2025-04-08,SKU088,WH005,33,15,0,5,0,0,43
2025-04-08,SKU119,WH003,193,14,0,13,0,1,193
2025-04-08,SKU035,WH005,467,23,0,24,0,0,466
2025-04-08,SKU044,WH004,224,13,0,31,0,1,205
2025-04-08,SKU039,WH002,238,9,0,32,0,0,215
2025-04-08,SKU134,WH001,467,5,41,30,1,2,480
2025-04-08,SKU076,WH001,192,6,0,19,0,0,179
2025-04-08,SKU064,WH002,149,18,20,14,0,0,173
2025-04-08,SKU049,WH002,77,6,0,33,1,0,49
2025-04-08,SKU015,WH001,39,7,0,6,0,1,39
2025-04-08,SKU010,WH001,436,14,0,26,0,1,423
2025-04-08,SKU114,WH004,72,11,20,11,0,0,92
2025-04-08,SKU125,WH004,402,2,0,32,0,0,372
2025-04-08,SKU120,WH002,133,2,0,10,0,0,125
2025-04-08,SKU099,WH003,327,13,27,31,0,1,335
2025-04-08,SKU062,WH002,434,7,16,8,0,1,448
2025-04-08,SKU072,WH001,198,0,0,35,0,0,163
2025-04-08,SKU063,WH002,680,14,39,28,0,5,700
2025-04-08,SKU034,WH004,351,6,23,23,0,1,356
2025-04-08,SKU131,WH004,100,9,7,5,0,0,111
2025-04-08,SKU085,WH003,452,2,27,27,0,1,453
2025-04-08,SKU148,WH005,117,4,15,14,2,0,120
2025-04-08,SKU046,WH004,128,8,0,23,1,1,111
2025-04-08,SKU056,WH004,173,2,0,25,0,0,150
2025-04-08,SKU054,WH002,279,15,0,18,0,1,275
2025-04-08,SKU113,WH004,74,15,0,8,0,0,81
2025-04-08,SKU012,WH005,161,4,0,8,0,0,157
2025-04-08,SKU050,WH003,242,5,0,25,0,1,221
2025-04-08,SKU135,WH001,86,6,0,17,1,0,74
2025-04-08,SKU003,WH004,260,12,0,12,0,0,260
2025-04-08,SKU040,WH004,275,13,0,18,0,2,268
2025-04-08,SKU077,WH004,352,13,0,16,0,0,349
2025-04-08,SKU105,WH003,41,11,3,2,0,0,53
2025-04-08,SKU110,WH003,138,15,0,14,0,0,139
2025-04-08,SKU140,WH001,82,11,0,31,0,0,62
2025-04-08,SKU090,WH002,259,5,0,14,0,0,250
2025-04-08,SKU136,WH003,557,17,0,19,0,1,554
2025-04-08,SKU059,WH004,73,17,0,6,0,0,84
2025-04-08,SKU041,WH003,384,9,35,28,0,1,399
2025-04-08,SKU102,WH002,355,10,0,27,1,0,337
2025-04-09,SKU113,WH002,141,11,0,12,0,1,139
2025-04-09,SKU131,WH005,35,9,12,12,0,0,44
2025-04-09,SKU044,WH004,375,19,34,25,0,0,403
2025-04-09,SKU071,WH003,129,7,13,7,0,0,142
2025-04-09,SKU037,WH004,162,9,24,21,1,0,173
2025-04-09,SKU035,WH005,249,16,34,20,0,0,279
2025-04-09,SKU075,WH004,379,8,0,16,0,1,370
2025-04-09,SKU046,WH004,357,17,0,22,1,0,351
2025-04-09,SKU017,WH002,760,13,0,23,0,3,747
2025-04-09,SKU066,WH001,159,13,0,22,0,1,149
2025-04-09,SKU095,WH004,81,11,9,18,0,0,83
2025-04-09,SKU018,WH005,121,7,0,14,0,0,114
2025-04-09,SKU070,WH001,150,11,0,18,0,0,143
2025-04-09,SKU059,WH003,57,16,5,4,0,0,74
2025-04-09,SKU062,WH002,368,9,0,11,0,0,366
2025-04-09,SKU056,WH002,103,7,0,26,0,0,84
2025-04-09,SKU084,WH005,71,6,0,4,0,0,73
2025-04-09,SKU025,WH004,396,11,0,14,0,1,392
2025-04-09,SKU069,WH005,657,5,0,34,1,1,626
2025-04-09,SKU015,WH005,67,9,0,8,1,0,67
2025-04-09,SKU013,WH002,223,17,25,13,0,0,252
2025-04-09,SKU093,WH004,378,2,0,33,0,1,346
2025-04-09,SKU096,WH003,391,21,0,30,1,2,379
2025-04-09,SKU143,WH004,461,17,0,4,0,1,473
2025-04-09,SKU078,WH004,39,9,0,16,0,0,32
2025-04-09,SKU034,WH005,21,6,0,25,0,0,2
2025-04-09,SKU128,WH001,202,2,0,4,0,0,200
2025-04-09,SKU129,WH001,235,19,0,22,0,0,232
2025-04-09,SKU085,WH001,305,6,45,26,0,1,329
2025-04-09,SKU083,WH001,211,3,0,23,0,0,191
2025-04-09,SKU086,WH002,109,15,0,19,0,0,105
2025-04-09,SKU138,WH001,87,10,0,5,0,0,92
2025-04-09,SKU101,WH003,327,3,36,26,0,1,339
2025-04-09,SKU115,WH005,181,9,0,18,0,0,172
2025-04-09,SKU045,WH001,114,15,0,10,0,0,119
2025-04-09,SKU105,WH005,63,13,0,6,0,0,70
2025-04-09,SKU125,WH001,168,4,0,32,0,0,140
2025-04-09,SKU090,WH003,79,6,0,17,0,0,68
2025-04-09,SKU142,WH004,636,4,0,30,1,1,608
2025-04-09,SKU002,WH002,180,12,26,26,1,0,191
2025-04-09,SKU003,WH005,157,16,0,11,1,0,161
2025-04-09,SKU011,WH005,148,2,32,22,2,0,158
2025-04-09,SKU008,WH003,318,1,0,34,1,1,283
2025-04-09,SKU094,WH004,162,9,0,22,0,0,149
2025-04-09,SKU091,WH002,55,19,0,12,0,1,61
2025-04-10,SKU039,WH004,449,9,0,35,0,0,423
2025-04-10,SKU075,WH004,297,7,26,14,0,1,315
2025-04-10,SKU038,WH001,262,16,0,32,0,0,246
2025-04-10,SKU103,WH004,54,17,0,9,0,0,62
2025-04-10,SKU147,WH002,389,3,0,22,0,1,369
2025-04-10,SKU125,WH005,202,5,0,32,1,1,173
2025-04-10,SKU116,WH005,206,15,0,30,0,1,190
2025-04-10,SKU076,WH005,150,8,0,19,0,0,139
2025-04-10,SKU017,WH002,723,14,0,24,0,0,713
2025-04-10,SKU051,WH002,35,16,0,2,0,0,49
2025-04-10,SKU044,WH005,363,11,0,28,0,3,343
2025-04-10,SKU135,WH002,191,11,20,16,0,0,206
2025-04-10,SKU008,WH003,229,5,0,39,0,0,195
2025-04-10,SKU037,WH001,179,20,0,13,0,1,185
2025-04-10,SKU043,WH001,477,5,0,15,0,2,465
2025-04-10,SKU020,WH003,88,13,16,13,0,0,104
2025-04-10,SKU090,WH001,172,5,14,10,0,0,181
2025-04-10,SKU073,WH003,392,6,0,37,1,3,357
2025-04-10,SKU080,WH004,160,8,0,10,0,0,158
2025-04-10,SKU065,WH001,102,17,0,9,0,0,110
2025-04-10,SKU111,WH003,508,10,0,39,2,1,476
2025-04-10,SKU127,WH004,485,10,0,28,1,0,466
2025-04-10,SKU011,WH005,534,10,35,28,0,2,549
2025-04-10,SKU150,WH002,329,21,21,24,0,0,347
2025-04-10,SKU055,WH004,63,17,0,24,0,0,56
2025-04-10,SKU006,WH003,337,14,24,27,0,0,348
2025-04-10,SKU053,WH003,458,7,29,19,0,3,472
2025-04-10,SKU143,WH004,127,11,0,12,0,0,126
2025-04-10,SKU114,WH005,158,11,22,18,0,0,173
2025-04-10,SKU089,WH002,29,14,9,5,0,0,47
2025-04-10,SKU123,WH004,160,11,7,8,1,0,169
2025-04-10,SKU139,WH001,441,12,0,34,0,2,417
2025-04-10,SKU118,WH004,79,20,0,18,0,1,80
2025-04-10,SKU028,WH001,100,6,0,16,0,0,90
2025-04-10,SKU138,WH001,87,15,0,6,0,0,96
2025-04-10,SKU130,WH004,109,1,28,23,0,0,115
2025-04-10,SKU056,WH003,241,8,0,10,0,1,238
2025-04-10,SKU059,WH002,141,10,0,3,0,0,148
2025-04-10,SKU128,WH003,393,2,0,7,0,1,387
2025-04-10,SKU036,WH002,528,14,26,25,0,0,543
2025-04-10,SKU042,WH002,6,15,0,2,0,0,19
2025-04-10,SKU052,WH002,79,9,0,9,0,0,79
2025-04-10,SKU083,WH005,399,2,14,18,2,1,394
2025-04-10,SKU085,WH005,548,2,36,32,0,0,554
2025-04-10,SKU113,WH002,62,12,0,13,0,0,61
2025-04-11,SKU145,WH002,192,14,37,30,0,0,213
2025-04-11,SKU118,WH002,154,16,22,24,0,0,168
2025-04-11,SKU055,WH001,157,21,21,10,1,0,188
2025-04-11,SKU133,WH004,54,6,8,8,0,0,60
2025-04-11,SKU084,WH001,77,3,0,3,0,0,77
2025-04-11,SKU068,WH001,60,6,0,9,0,0,57
2025-04-11,SKU034,WH005,378,2,0,25,0,2,353
2025-04-11,SKU090,WH003,171,8,16,14,0,0,181
2025-04-11,SKU121,WH004,71,14,0,13,0,0,72
2025-04-11,SKU016,WH005,91,7,0,9,0,0,89
2025-04-11,SKU022,WH004,652,14,0,27,0,1,638
2025-04-11,SKU101,WH002,155,3,0,20,1,0,137
2025-04-11,SKU035,WH004,222,23,26,21,0,2,248
2025-04-11,SKU007,WH004,82,13,0,13,0,1,81
2025-04-11,SKU112,WH002,100,12,0,13,0,0,99
2025-04-11,SKU113,WH003,156,11,0,16,0,0,151
2025-04-11,SKU108,WH005,350,9,38,34,0,4,359
2025-04-11,SKU059,WH004,27,19,6,6,0,0,46
2025-04-11,SKU082,WH001,179,7,0,26,0,0,160
2025-04-11,SKU089,WH002,63,27,0,2,0,0,88
2025-04-11,SKU054,WH002,145,20,0,20,0,0,145
2025-04-11,SKU105,WH003,39,7,0,3,0,0,43
2025-04-11,SKU011,WH004,106,7,23,20,0,1,115
2025-04-11,SKU150,WH002,366,16,0,17,0,0,365
2025-04-11,SKU115,WH004,66,11,21,5,0,0,93
2025-04-11,SKU006,WH004,86,22,33,28,0,0,113
2025-04-11,SKU116,WH001,194,16,28,35,1,0,202
2025-04-11,SKU073,WH003,465,5,0,32,1,2,435
2025-04-11,SKU031,WH001,511,2,0,23,0,0,490
2025-04-11,SKU098,WH001,321,4,0,22,0,2,301
2025-04-11,SKU117,WH003,203,10,0,9,0,0,204
2025-04-11,SKU141,WH005,40,13,6,2,0,0,57
2025-04-11,SKU037,WH001,198,12,0,18,0,1,191
2025-04-11,SKU001,WH002,239,15,0,11,0,1,242
2025-04-11,SKU069,WH001,217,3,29,24,0,0,225
2025-04-11,SKU085,WH004,269,5,0,30,0,0,244
2025-04-11,SKU080,WH004,151,14,11,5,0,1,170
2025-04-11,SKU056,WH005,587,4,14,15,0,0,590
2025-04-11,SKU053,WH003,45,7,0,19,0,0,33
2025-04-11,SKU144,WH005,100,25,7,5,0,0,127
2025-04-11,SKU017,WH002,477,22,47,29,0,0,517
2025-04-11,SKU013,WH004,73,27,17,13,0,0,104
2025-04-11,SKU020,WH002,19,23,15,16,0,0,41
2025-04-11,SKU140,WH004,362,12,0,20,0,0,354
2025-04-11,SKU028,WH004,158,11,0,8,0,0,161
2025-04-12,SKU101,WH005,492,7,0,27,0,3,469
2025-04-12,SKU040,WH005,100,9,19,14,0,0,114
2025-04-12,SKU117,WH002,18,4,0,7,0,0,15
2025-04-12,SKU042,WH003,70,19,0,4,0,0,85
2025-04-12,SKU124,WH004,154,6,0,15,0,0,145
2025-04-12,SKU018,WH005,268,18,0,20,1,0,265
2025-04-12,SKU051,WH002,31,16,6,9,0,0,44
2025-04-12,SKU123,WH002,95,19,0,4,0,0,110
2025-04-12,SKU126,WH005,284,2,36,27,1,2,292
2025-04-12,SKU054,WH002,194,14,0,28,0,1,179
2025-04-12,SKU145,WH005,110,17,0,39,1,0,87
2025-04-12,SKU066,WH003,212,15,0,16,0,1,210
2025-04-12,SKU147,WH003,184,4,0,26,0,0,162
2025-04-12,SKU107,WH004,99,12,0,26,0,0,85
2025-04-12,SKU077,WH005,53,10,0,23,0,0,40
2025-04-12,SKU095,WH005,87,10,0,14,0,0,83
2025-04-12,SKU086,WH002,374,20,0,19,1,1,373
2025-04-12,SKU083,WH004,451,2,20,32,0,1,440
2025-04-12,SKU138,WH005,23,17,0,7,0,0,33
2025-04-12,SKU069,WH003,419,4,0,34,0,2,387
2025-04-12,SKU045,WH003,205,16,0,15,1,1,204
2025-04-12,SKU074,WH005,96,17,0,24,1,0,88
2025-04-12,SKU033,WH002,409,2,0,31,0,1,379
2025-04-12,SKU006,WH003,392,9,0,31,0,1,369
2025-04-12,SKU110,WH004,96,19,0,33,1,0,81
2025-04-12,SKU067,WH003,469,9,31,33,0,1,475
2025-04-12,SKU024,WH004,61,13,16,13,0,0,77
2025-04-12,SKU053,WH003,221,9,0,25,0,2,203
2025-04-12,SKU011,WH001,174,10,0,22,0,0,162
2025-04-12,SKU089,WH003,63,12,0,1,0,0,74
2025-04-12,SKU028,WH003,179,4,15,19,0,0,179
2025-04-12,SKU131,WH005,7,12,4,8,0,0,15
2025-04-12,SKU072,WH002,379,5,0,33,0,0,351
2025-04-12,SKU050,WH005,140,6,0,28,0,0,118
2025-04-12,SKU093,WH003,1076,1,34,36,0,0,1075
2025-04-12,SKU052,WH002,106,18,0,8,0,0,116
2025-04-12,SKU037,WH004,210,14,18,18,1,0,223
2025-04-12,SKU125,WH004,49,3,0,34,1,0,17
2025-04-12,SKU073,WH005,300,3,0,38,0,0,265
2025-04-12,SKU140,WH004,280,17,23,16,0,0,304
2025-04-12,SKU122,WH004,542,19,0,21,0,0,540
2025-04-12,SKU058,WH002,359,19,0,30,0,1,347
2025-04-12,SKU100,WH002,195,11,0,11,0,1,194
2025-04-12,SKU114,WH005,98,8,0,15,0,0,91
2025-04-12,SKU094,WH004,172,6,0,18,0,0,160
2025-04-13,SKU144,WH004,45,15,0,9,0,0,51
2025-04-13,SKU061,WH004,25,12,0,6,0,0,31
2025-04-13,SKU052,WH002,73,7,9,14,0,0,75
2025-04-13,SKU024,WH002,212,15,0,14,0,0,213
2025-04-13,SKU086,WH003,163,21,0,27,1,0,156
2025-04-13,SKU044,WH002,612,19,0,38,0,2,591
2025-04-13,SKU139,WH002,190,5,0,24,0,1,170
2025-04-13,SKU058,WH001,172,5,0,29,0,0,148
2025-04-13,SKU117,WH003,77,9,0,9,0,0,77
2025-04-13,SKU025,WH002,645,19,24,13,0,3,672
2025-04-13,SKU053,WH001,327,9,0,21,0,1,314
2025-04-13,SKU007,WH003,69,13,0,17,0,1,64
2025-04-13,SKU040,WH005,113,16,0,17,0,0,112
2025-04-13,SKU114,WH001,90,4,19,19,0,0,94
2025-04-13,SKU083,WH001,199,5,0,24,0,1,179
2025-04-13,SKU109,WH001,44,1,16,10,0,0,51
2025-04-13,SKU003,WH002,62,9,0,4,0,0,67
2025-04-13,SKU034,WH004,241,8,0,25,0,1,223
2025-04-13,SKU026,WH002,260,2,0,25,1,1,235
2025-04-13,SKU033,WH001,627,10,0,27,0,2,608
2025-04-13,SKU095,WH005,201,15,0,11,0,0,205
2025-04-13,SKU016,WH003,240,16,0,16,0,1,239
2025-04-13,SKU054,WH003,147,12,0,19,0,2,138
2025-04-13,SKU048,WH004,41,17,0,7,0,0,51
2025-04-13,SKU089,WH004,33,19,0,5,0,0,47
2025-04-13,SKU049,WH004,82,1,21,20,0,0,84
2025-04-13,SKU084,WH003,34,6,0,6,1,0,33
2025-04-13,SKU107,WH002,240,10,0,23,0,0,227
2025-04-13,SKU137,WH005,258,11,11,6,0,2,272
2025-04-13,SKU023,WH004,347,14,25,27,0,2,357
2025-04-13,SKU013,WH004,177,12,0,12,0,1,176
2025-04-13,SKU045,WH004,185,13,0,22,0,2,174
2025-04-13,SKU111,WH002,1166,13,38,29,0,4,1184
2025-04-13,SKU010,WH005,373,13,0,29,0,1,356
2025-04-13,SKU021,WH002,226,14,0,12,1,0,227
2025-04-13,SKU006,WH002,452,17,0,31,1,1,436
2025-04-13,SKU038,WH003,202,18,37,21,0,1,235
2025-04-13,SKU050,WH004,240,7,0,21,0,1,225
2025-04-13,SKU108,WH004,362,5,32,36,0,0,363
2025-04-13,SKU014,WH003,164,5,0,19,0,0,150
2025-04-13,SKU124,WH003,199,5,0,5,1,0,198
2025-04-13,SKU130,WH004,123,2,0,14,0,1,110
2025-04-13,SKU104,WH003,41,17,14,10,0,0,62
2025-04-13,SKU077,WH003,244,6,0,11,0,1,238
2025-04-13,SKU078,WH004,63,8,0,13,2,0,56
2025-04-14,SKU014,WH003,623,4,0,35,2,3,587
2025-04-14,SKU139,WH002,481,11,0,27,0,2,463
2025-04-14,SKU116,WH005,337,16,0,25,0,0,328
2025-04-14,SKU025,WH005,295,15,15,7,0,0,318
2025-04-14,SKU118,WH005,169,16,20,21,0,0,184
2025-04-14,SKU011,WH002,562,3,36,23,0,1,577
2025-04-14,SKU037,WH004,272,13,0,20,0,0,265
2025-04-14,SKU034,WH003,441,5,0,25,0,0,421
2025-04-14,SKU127,WH001,431,1,0,28,0,1,403
2025-04-14,SKU029,WH005,190,9,0,19,0,0,180
2025-04-14,SKU010,WH005,562,20,0,34,0,0,548
2025-04-14,SKU084,WH002,42,7,0,4,0,0,45
2025-04-14,SKU143,WH001,182,13,0,7,1,0,187
2025-04-14,SKU122,WH004,220,23,0,18,0,2,223
2025-04-14,SKU063,WH002,297,10,0,24,0,0,283
2025-04-14,SKU046,WH004,340,16,0,22,0,0,334
2025-04-14,SKU009,WH004,72,18,0,10,0,0,80
2025-04-14,SKU091,WH004,62,21,0,3,0,0,80
2025-04-14,SKU138,WH004,59,19,0,7,0,0,71
2025-04-14,SKU114,WH005,372,14,0,21,0,0,365
2025-04-14,SKU098,WH004,553,2,35,21,0,1,568
2025-04-14,SKU020,WH005,99,6,0,10,0,0,95
2025-04-14,SKU097,WH003,35,11,0,6,0,0,40
2025-04-14,SKU081,WH004,291,12,0,23,0,0,280
2025-04-14,SKU120,WH001,66,3,0,10,0,0,59
2025-04-14,SKU085,WH003,426,3,0,27,0,1,401
2025-04-14,SKU030,WH004,523,14,17,9,0,0,545
2025-04-14,SKU064,WH001,236,21,0,16,0,1,240
2025-04-14,SKU053,WH004,34,10,0,29,0,0,15
2025-04-14,SKU047,WH003,9,20,6,10,0,0,25
2025-04-14,SKU107,WH005,166,5,37,35,0,0,173
2025-04-14,SKU106,WH003,236,17,0,23,0,1,229
2025-04-14,SKU024,WH002,242,17,0,20,0,1,238
2025-04-14,SKU121,WH004,142,11,0,14,0,1,138
2025-04-14,SKU141,WH004,106,15,0,7,0,1,113
2025-04-14,SKU066,WH003,357,15,0,28,0,2,342
2025-04-14,SKU039,WH001,323,13,0,32,0,1,303
2025-04-14,SKU056,WH004,120,5,0,22,0,0,103
2025-04-14,SKU101,WH001,152,4,0,23,0,1,132
2025-04-14,SKU059,WH005,77,9,0,7,1,0,78
2025-04-14,SKU133,WH004,125,16,0,7,0,0,134
2025-04-14,SKU062,WH003,115,9,0,15,0,0,109
2025-04-14,SKU057,WH005,349,21,0,26,0,1,343
2025-04-14,SKU115,WH002,58,7,0,20,0,1,44
2025-04-14,SKU148,WH004,268,2,0,8,1,0,261
2025-04-15,SKU127,WH005,606,4,0,26,0,0,584
2025-04-15,SKU003,WH005,86,10,0,6,0,0,90
2025-04-15,SKU018,WH003,303,6,0,23,0,1,285
2025-04-15,SKU105,WH001,28,5,0,5,0,0,28
2025-04-15,SKU012,WH003,89,8,0,6,0,0,91
2025-04-15,SKU115,WH005,175,5,0,13,0,0,167
2025-04-15,SKU073,WH002,63,6,0,27,0,0,42
2025-04-15,SKU007,WH002,125,12,18,12,0,1,142
2025-04-15,SKU039,WH005,257,11,0,26,0,0,242
2025-04-15,SKU005,WH005,47,6,0,14,0,0,39
2025-04-15,SKU014,WH005,131,7,41,30,1,1,147
2025-04-15,SKU110,WH001,619,12,0,25,0,1,605
2025-04-15,SKU006,WH004,140,12,0,34,1,0,117
2025-04-15,SKU143,WH005,128,19,13,11,0,0,149
2025-04-15,SKU068,WH004,131,7,0,12,0,0,126
2025-04-15,SKU009,WH002,35,12,0,4,0,0,43
2025-04-15,SKU145,WH005,244,22,0,17,0,0,249
2025-04-15,SKU057,WH004,296,12,0,12,0,1,295
2025-04-15,SKU038,WH001,338,10,0,35,1,0,312
2025-04-15,SKU099,WH002,425,11,0,23,0,2,411
2025-04-15,SKU027,WH001,518,5,0,14,0,1,508
2025-04-15,SKU135,WH002,311,11,19,14,0,4,323
2025-04-15,SKU150,WH003,169,22,22,23,0,0,190
2025-04-15,SKU040,WH005,375,13,0,11,0,1,376
2025-04-15,SKU059,WH003,37,19,12,3,0,0,65
2025-04-15,SKU064,WH001,277,16,0,11,0,0,282
2025-04-15,SKU035,WH001,213,16,0,21,0,1,207
2025-04-15,SKU092,WH003,151,12,0,29,0,0,134
2025-04-15,SKU087,WH004,71,8,0,35,0,0,44
2025-04-15,SKU149,WH001,190,18,0,28,0,0,180
2025-04-15,SKU136,WH004,227,12,0,18,0,0,221
2025-04-15,SKU128,WH001,113,10,0,10,0,0,113
2025-04-15,SKU095,WH003,44,18,0,11,0,0,51
2025-04-15,SKU028,WH004,108,9,14,17,0,0,114
2025-04-15,SKU129,WH002,102,15,0,27,1,0,89
2025-04-15,SKU086,WH003,325,16,0,27,0,0,314
2025-04-15,SKU116,WH004,407,16,26,25,0,0,424
2025-04-15,SKU062,WH001,95,3,0,14,0,0,84
2025-04-15,SKU079,WH004,444,4,31,33,0,0,446
2025-04-15,SKU124,WH005,41,9,0,10,0,0,40
2025-04-15,SKU100,WH004,179,9,18,20,0,0,186
2025-04-15,SKU148,WH005,300,6,0,9,0,1,296
2025-04-15,SKU080,WH004,109,16,0,3,0,0,122
2025-04-15,SKU141,WH003,33,13,0,11,0,0,35
2025-04-15,SKU091,WH003,85,20,6,12,1,1,97
2025-04-16,SKU105,WH005,62,11,0,9,0,0,64
2025-04-16,SKU084,WH002,83,10,0,3,0,0,90
2025-04-16,SKU069,WH005,398,2,34,22,0,0,412
2025-04-16,SKU063,WH004,266,9,0,40,0,1,234
2025-04-16,SKU065,WH001,88,12,6,10,1,1,94
2025-04-16,SKU095,WH003,70,17,0,11,0,0,76
2025-04-16,SKU143,WH003,136,14,0,12,0,0,138
2025-04-16,SKU096,WH003,247,18,42,30,2,1,274
2025-04-16,SKU097,WH001,42,13,0,1,0,1,53
2025-04-16,SKU059,WH001,34,13,0,7,0,0,40
2025-04-16,SKU144,WH003,94,11,0,6,0,0,99
2025-04-16,SKU130,WH003,57,3,0,20,0,0,40
2025-04-16,SKU110,WH001,405,19,0,18,0,3,403
2025-04-16,SKU021,WH003,47,19,0,20,1,1,44
2025-04-16,SKU108,WH004,638,17,39,42,1,2,649
2025-04-16,SKU076,WH002,67,13,24,18,0,0,86
2025-04-16,SKU119,WH004,250,10,0,13,0,0,247
2025-04-16,SKU052,WH004,34,8,0,18,0,0,24
2025-04-16,SKU041,WH001,323,15,21,32,2,1,324
2025-04-16,SKU005,WH003,73,2,0,11,0,0,64
2025-04-16,SKU139,WH005,312,5,45,26,0,0,336
2025-04-16,SKU112,WH002,22,4,0,9,0,0,17
2025-04-16,SKU125,WH002,351,2,45,33,1,1,363
2025-04-16,SKU043,WH004,216,4,0,11,0,1,208
2025-04-16,SKU062,WH003,118,5,17,14,1,0,125
2025-04-16,SKU093,WH001,204,1,0,35,0,0,170
2025-04-16,SKU067,WH005,367,11,0,28,0,0,350
2025-04-16,SKU003,WH002,92,10,0,15,1,0,86
2025-04-16,SKU013,WH004,148,11,26,17,1,1,166
2025-04-16,SKU060,WH005,96,7,23,25,0,1,100
2025-04-16,SKU090,WH004,64,6,0,19,0,0,51
2025-04-16,SKU117,WH001,39,6,0,6,0,0,39
2025-04-16,SKU087,WH004,146,13,0,30,0,0,129
2025-04-16,SKU051,WH002,48,19,12,4,0,0,75
2025-04-16,SKU106,WH001,148,18,0,27,0,1,138
2025-04-16,SKU037,WH003,70,25,19,14,0,1,99
2025-04-16,SKU054,WH003,214,12,0,24,0,0,202
2025-04-16,SKU134,WH003,376,2,32,23,0,0,387
2025-04-16,SKU121,WH001,219,16,0,14,0,0,221
2025-04-16,SKU092,WH005,470,7,0,29,0,0,448
2025-04-16,SKU030,WH001,352,11,0,18,0,0,345
2025-04-16,SKU070,WH004,252,11,29,15,0,0,277
2025-04-16,SKU127,WH001,286,4,0,24,0,1,265
2025-04-16,SKU056,WH004,122,7,17,22,0,0,124
2025-04-16,SKU126,WH004,567,1,0,23,0,1,544
2025-04-17,SKU091,WH005,88,13,0,11,0,0,90
2025-04-17,SKU150,WH002,211,19,29,15,0,0,244
2025-04-17,SKU020,WH001,260,24,0,11,0,0,273
2025-04-17,SKU038,WH003,472,14,0,34,0,2,450
2025-04-17,SKU071,WH001,78,6,0,7,0,0,77
2025-04-17,SKU032,WH005,59,15,0,13,0,0,61
2025-04-17,SKU039,WH002,128,7,0,25,0,0,110
2025-04-17,SKU142,WH002,514,4,31,33,0,0,516
2025-04-17,SKU034,WH004,179,7,0,13,0,0,173
2025-04-17,SKU127,WH002,161,7,0,23,0,1,144
2025-04-17,SKU050,WH003,334,7,41,30,0,0,352
2025-04-17,SKU012,WH003,41,6,14,6,0,0,55
2025-04-17,SKU086,WH003,259,11,0,18,0,0,252
2025-04-17,SKU036,WH002,153,15,0,13,0,0,155
2025-04-17,SKU062,WH004,175,5,0,15,0,0,165
2025-04-17,SKU057,WH005,200,18,24,28,0,0,214
2025-04-17,SKU123,WH001,56,12,0,7,0,0,61
2025-04-17,SKU077,WH003,238,9,16,20,2,0,241
2025-04-17,SKU035,WH003,442,17,18,39,0,1,437
2025-04-17,SKU027,WH003,214,9,0,22,0,0,201
2025-04-17,SKU089,WH004,67,21,0,6,0,0,82
2025-04-17,SKU103,WH005,14,17,8,6,0,0,33
2025-04-17,SKU104,WH001,43,14,0,10,0,0,47
2025-04-17,SKU132,WH001,249,15,0,38,0,0,226
2025-04-17,SKU002,WH001,118,6,0,25,1,0,98
2025-04-17,SKU098,WH002,204,3,0,19,0,0,188
2025-04-17,SKU141,WH003,65,11,0,6,0,0,70
2025-04-17,SKU029,WH004,336,17,0,29,0,4,320
2025-04-17,SKU067,WH004,391,14,28,23,0,0,410
2025-04-17,SKU136,WH001,260,14,0,18,0,0,256
2025-04-17,SKU138,WH001,47,15,0,5,0,0,57
2025-04-17,SKU081,WH001,318,21,33,29,0,0,343
2025-04-17,SKU052,WH003,35,9,0,12,0,0,32
2025-04-17,SKU022,WH004,284,16,0,29,0,1,270
2025-04-17,SKU105,WH004,66,14,7,5,0,0,82
2025-04-17,SKU146,WH003,238,16,0,23,0,0,231
2025-04-17,SKU084,WH002,36,9,0,2,0,0,43
2025-04-17,SKU079,WH001,626,8,26,31,1,1,627
2025-04-17,SKU046,WH005,619,8,0,28,0,0,599
2025-04-17,SKU054,WH002,233,14,21,26,0,0,242
2025-04-17,SKU137,WH004,70,17,7,7,1,1,85
2025-04-17,SKU083,WH003,150,4,0,13,0,0,141
2025-04-17,SKU041,WH003,201,16,0,23,0,0,194
2025-04-17,SKU049,WH004,529,4,0,19,0,3,511
2025-04-17,SKU011,WH001,169,7,22,25,0,0,173
2025-04-18,SKU042,WH005,79,13,6,4,0,0,94
2025-04-18,SKU100,WH004,331,16,20,14,0,0,353
2025-04-18,SKU107,WH003,667,4,27,21,0,3,674
2025-04-18,SKU072,WH005,205,4,35,30,0,2,212
2025-04-18,SKU011,WH001,154,8,0,30,0,0,132
2025-04-18,SKU136,WH004,529,12,20,23,0,1,537
2025-04-18,SKU054,WH004,118,14,0,17,1,0,114
2025-04-18,SKU083,WH001,48,3,0,17,1,0,33
2025-04-18,SKU049,WH001,409,5,23,18,0,1,418
2025-04-18,SKU099,WH001,344,15,26,35,1,0,349
2025-04-18,SKU031,WH001,307,1,0,22,0,0,286
2025-04-18,SKU080,WH003,44,15,0,6,0,0,53
2025-04-18,SKU062,WH005,182,2,19,11,0,0,192
2025-04-18,SKU001,WH001,139,15,12,11,0,0,155
2025-04-18,SKU098,WH005,481,1,0,26,0,1,455
2025-04-18,SKU106,WH004,461,18,37,34,0,2,480
2025-04-18,SKU138,WH002,39,14,0,3,0,0,50
2025-04-18,SKU052,WH002,118,8,0,8,0,0,118
2025-04-18,SKU048,WH001,42,14,0,3,0,0,53
2025-04-18,SKU051,WH005,80,13,0,7,0,0,86
2025-04-18,SKU139,WH005,247,5,0,23,0,0,229
2025-04-18,SKU019,WH004,264,15,0,29,0,1,249
2025-04-18,SKU150,WH001,232,10,0,27,1,0,214
2025-04-18,SKU143,WH003,102,19,0,13,0,0,108
2025-04-18,SKU144,WH005,32,10,1,4,0,0,39
2025-04-18,SKU097,WH003,66,13,0,5,0,0,74
2025-04-18,SKU044,WH003,464,22,40,41,1,1,483
2025-04-18,SKU128,WH002,308,7,13,6,0,2,320
2025-04-18,SKU090,WH002,157,6,23,17,1,0,168
2025-04-18,SKU007,WH003,125,11,0,17,1,0,118
2025-04-18,SKU074,WH004,603,19,0,26,0,0,596
2025-04-18,SKU020,WH005,193,18,0,14,0,0,197
2025-04-18,SKU015,WH001,95,7,0,9,0,0,93
2025-04-18,SKU060,WH005,159,6,0,19,0,0,146
2025-04-18,SKU091,WH001,102,16,0,8,0,0,110
2025-04-18,SKU075,WH005,12,8,0,23,0,0,0
2025-04-18,SKU141,WH001,51,24,0,7,0,0,68
2025-04-18,SKU067,WH005,161,10,0,25,0,0,146
2025-04-18,SKU037,WH004,237,16,0,13,0,0,240
2025-04-18,SKU040,WH001,188,15,24,16,0,1,210
2025-04-18,SKU114,WH004,88,8,0,16,0,0,80
2025-04-18,SKU089,WH003,34,11,4,5,0,0,44
2025-04-18,SKU103,WH004,157,10,0,8,0,1,158
2025-04-18,SKU130,WH001,309,3,0,14,0,0,298
2025-04-18,SKU057,WH004,409,15,0,19,1,0,404
2025-04-19,SKU142,WH004,444,4,0,35,0,2,411
2025-04-19,SKU111,WH003,339,18,0,31,0,1,325
2025-04-19,SKU052,WH004,121,16,7,6,0,0,138
2025-04-19,SKU087,WH001,169,9,29,22,0,0,185
2025-04-19,SKU139,WH005,266,10,41,29,0,1,287
2025-04-19,SKU048,WH003,71,10,0,4,0,0,77
2025-04-19,SKU080,WH005,23,12,0,11,0,0,24
2025-04-19,SKU011,WH002,219,7,0,23,0,1,202
2025-04-19,SKU025,WH001,145,19,18,13,0,0,169
2025-04-19,SKU014,WH003,388,4,0,36,0,1,355
2025-04-19,SKU041,WH002,457,14,0,41,1,1,428
2025-04-19,SKU006,WH002,464,7,0,28,0,0,443
2025-04-19,SKU002,WH004,418,4,0,25,0,2,395
2025-04-19,SKU077,WH004,369,7,17,21,0,2,370
2025-04-19,SKU105,WH003,96,14,0,6,0,0,104
2025-04-19,SKU097,WH001,105,6,10,3,0,0,118
2025-04-19,SKU074,WH002,478,21,30,32,0,0,497
2025-04-19,SKU086,WH001,143,17,0,19,0,0,141
2025-04-19,SKU039,WH005,555,6,0,38,1,1,521
2025-04-19,SKU092,WH001,250,11,0,24,0,0,237
2025-04-19,SKU132,WH001,189,19,0,44,0,1,163
2025-04-19,SKU091,WH003,127,12,0,7,0,0,132
2025-04-19,SKU145,WH002,206,20,0,28,0,0,198
2025-04-19,SKU071,WH004,155,7,0,12,0,0,150
2025-04-19,SKU062,WH004,96,3,0,12,0,0,87
2025-04-19,SKU128,WH001,130,7,13,9,0,1,140
2025-04-19,SKU064,WH005,96,14,0,14,0,0,96
2025-04-19,SKU095,WH003,228,12,14,9,0,0,245
2025-04-19,SKU104,WH001,134,14,21,15,0,1,153
2025-04-19,SKU126,WH004,89,5,31,23,1,0,101
2025-04-19,SKU044,WH001,236,19,0,28,1,1,225
2025-04-19,SKU093,WH003,624,2,0,22,0,1,603
2025-04-19,SKU083,WH003,89,0,28,22,0,0,95
2025-04-19,SKU029,WH001,321,15,0,26,0,1,309
2025-04-19,SKU007,WH005,167,3,11,18,0,1,162
2025-04-19,SKU099,WH004,271,8,0,24,0,0,255
2025-04-19,SKU065,WH003,181,21,8,9,1,1,199
2025-04-19,SKU150,WH004,405,15,0,22,0,2,396
2025-04-19,SKU119,WH003,346,14,0,17,0,0,343
2025-04-19,SKU035,WH001,138,21,32,27,0,0,164
2025-04-19,SKU027,WH004,267,7,0,20,0,0,254
2025-04-19,SKU089,WH002,46,21,12,3,0,0,76
2025-04-19,SKU116,WH005,972,16,0,34,0,2,952
2025-04-19,SKU114,WH005,286,15,0,13,0,0,288
2025-04-19,SKU143,WH002,160,20,0,10,1,1,168
2025-04-20,SKU013,WH003,220,11,19,21,0,0,229
2025-04-20,SKU062,WH002,96,5,19,17,1,0,102
2025-04-20,SKU128,WH003,178,7,0,9,0,0,176
2025-04-20,SKU070,WH001,363,10,0,8,0,1,364
2025-04-20,SKU003,WH004,59,13,0,9,1,0,62
2025-04-20,SKU113,WH005,121,15,0,11,0,0,125
2025-04-20,SKU143,WH004,94,21,11,6,0,0,120
2025-04-20,SKU120,WH004,104,1,10,9,0,0,106
2025-04-20,SKU058,WH002,352,13,0,19,2,0,344
2025-04-20,SKU095,WH003,119,12,6,9,0,0,128
2025-04-20,SKU115,WH002,26,6,0,9,0,0,23
2025-04-20,SKU074,WH005,169,19,0,25,0,0,163
2025-04-20,SKU056,WH005,179,2,0,23,0,0,158
2025-04-20,SKU073,WH002,524,3,0,40,1,1,485
2025-04-20,SKU049,WH003,318,6,0,18,1,1,304
2025-04-20,SKU029,WH005,369,9,0,22,0,0,356
2025-04-20,SKU117,WH004,133,6,0,10,0,0,129
2025-04-20,SKU032,WH002,37,15,0,9,0,0,43
2025-04-20,SKU039,WH005,443,7,30,33,0,0,447
2025-04-20,SKU018,WH004,413,12,0,17,0,2,406
2025-04-20,SKU016,WH003,310,11,0,15,0,0,306
2025-04-20,SKU083,WH005,249,3,21,14,0,0,259
2025-04-20,SKU108,WH003,226,8,0,32,1,0,201
2025-04-20,SKU044,WH004,324,9,0,28,0,0,305
2025-04-20,SKU024,WH004,136,14,0,17,0,0,133
2025-04-20,SKU099,WH004,200,9,0,27,0,0,182
2025-04-20,SKU145,WH004,673,11,0,33,1,0,650
2025-04-20,SKU028,WH003,146,4,19,9,0,0,160
2025-04-20,SKU055,WH003,261,19,26,22,0,1,283
2025-04-20,SKU088,WH002,61,10,3,4,0,0,70
2025-04-20,SKU122,WH003,82,15,19,12,0,1,103
2025-04-20,SKU037,WH005,198,16,0,17,0,0,197
2025-04-20,SKU066,WH002,191,5,0,32,1,1,162
2025-04-20,SKU134,WH002,123,6,37,23,0,0,143
2025-04-20,SKU010,WH004,259,11,33,27,0,0,276
2025-04-20,SKU065,WH001,59,23,0,7,0,0,75
2025-04-20,SKU012,WH001,88,8,4,9,0,0,91
2025-04-20,SKU109,WH004,103,6,9,12,2,0,104
2025-04-20,SKU043,WH001,170,8,0,14,0,0,164
2025-04-20,SKU118,WH004,125,20,0,21,0,0,124
2025-04-20,SKU138,WH004,46,15,0,4,0,0,57
2025-04-20,SKU076,WH005,151,5,0,14,0,1,141
2025-04-20,SKU045,WH002,158,12,15,17,1,0,167
2025-04-20,SKU131,WH004,66,12,0,3,0,0,75
2025-04-20,SKU101,WH003,387,7,0,20,0,0,374
2025-04-21,SKU089,WH001,39,17,0,5,1,0,50
2025-04-21,SKU017,WH003,510,20,0,30,0,1,499
2025-04-21,SKU011,WH005,533,6,0,15,0,0,524
2025-04-21,SKU125,WH004,200,4,0,32,0,0,172
2025-04-21,SKU037,WH005,235,17,0,15,0,0,237
2025-04-21,SKU068,WH005,127,7,13,4,0,1,142
2025-04-21,SKU054,WH002,246,16,0,14,0,0,248
2025-04-21,SKU150,WH005,199,15,0,18,0,0,196
2025-04-21,SKU092,WH003,276,13,0,16,0,0,273
2025-04-21,SKU053,WH003,210,6,32,27,1,2,218
2025-04-21,SKU140,WH002,211,12,0,23,2,0,198
2025-04-21,SKU137,WH005,57,15,8,4,0,0,76
2025-04-21,SKU052,WH002,112,16,0,12,0,0,116
2025-04-21,SKU100,WH003,315,13,15,12,1,0,330
2025-04-21,SKU035,WH002,286,21,0,17,0,0,290
2025-04-21,SKU103,WH004,34,15,0,4,0,0,45
2025-04-21,SKU147,WH001,518,7,21,19,0,1,526
2025-04-21,SKU072,WH003,140,2,34,25,0,0,151
2025-04-21,SKU062,WH002,303,9,0,12,0,2,298
2025-04-21,SKU133,WH003,149,18,0,9,0,0,158
2025-04-21,SKU005,WH002,102,7,19,15,0,0,113
2025-04-21,SKU122,WH001,271,10,0,12,0,1,268
2025-04-21,SKU048,WH001,56,14,0,8,0,1,61
2025-04-21,SKU006,WH004,59,14,0,24,3,0,46
2025-04-21,SKU039,WH005,512,11,0,26,0,0,497
2025-04-21,SKU129,WH003,132,12,30,25,0,0,149
2025-04-21,SKU079,WH005,429,5,42,26,0,2,448
2025-04-21,SKU112,WH003,111,9,8,3,0,0,125
2025-04-21,SKU085,WH005,429,3,0,41,0,1,390
2025-04-21,SKU033,WH004,138,6,0,23,1,0,120
2025-04-21,SKU004,WH001,243,15,0,5,0,2,251
2025-04-21,SKU099,WH004,817,13,0,21,0,0,809
2025-04-21,SKU020,WH002,62,19,0,11,0,0,70
2025-04-21,SKU030,WH004,260,8,26,20,0,1,273
2025-04-21,SKU045,WH005,475,17,18,6,0,5,499
2025-04-21,SKU076,WH005,57,5,0,19,0,0,43
2025-04-21,SKU069,WH005,151,7,0,45,1,0,112
2025-04-21,SKU027,WH001,481,9,0,18,0,0,472
2025-04-21,SKU094,WH005,155,3,0,24,0,0,134
2025-04-21,SKU087,WH002,534,11,0,18,0,0,527
2025-04-21,SKU124,WH002,108,8,0,17,0,0,99
2025-04-21,SKU013,WH001,458,16,0,13,0,2,459
2025-04-21,SKU064,WH002,155,15,0,24,0,0,146
2025-04-21,SKU074,WH004,264,18,0,28,0,0,254
2025-04-21,SKU130,WH005,116,1,0,20,0,0,97
2025-04-22,SKU117,WH003,63,5,10,6,0,0,72
2025-04-22,SKU145,WH003,383,14,0,21,0,0,376
2025-04-22,SKU004,WH004,72,13,0,9,0,0,76
2025-04-22,SKU010,WH001,438,19,39,23,0,3,470
2025-04-22,SKU094,WH001,537,13,0,32,0,3,515
2025-04-22,SKU043,WH001,444,6,0,17,0,1,432
2025-04-22,SKU008,WH001,103,7,0,32,0,0,78
2025-04-22,SKU080,WH004,87,14,8,8,0,0,101
2025-04-22,SKU028,WH004,159,8,12,13,1,1,164
2025-04-22,SKU038,WH005,143,21,0,28,1,0,135
2025-04-22,SKU082,WH003,288,5,30,19,0,1,303
2025-04-22,SKU090,WH004,256,7,0,17,0,1,245
2025-04-22,SKU060,WH002,122,9,19,21,0,0,129
2025-04-22,SKU091,WH005,185,7,9,13,0,1,187
2025-04-22,SKU064,WH002,277,16,0,12,0,0,281
2025-04-22,SKU009,WH003,156,9,0,6,0,1,158
2025-04-22,SKU077,WH004,102,4,15,18,0,0,103
2025-04-22,SKU133,WH001,62,17,6,5,0,0,80
2025-04-22,SKU057,WH003,338,12,30,13,0,1,366
2025-04-22,SKU014,WH004,433,2,0,27,0,0,408
2025-04-22,SKU099,WH001,225,12,37,25,0,1,248
2025-04-22,SKU138,WH003,134,26,0,6,0,0,154
2025-04-22,SKU053,WH001,263,3,0,18,0,0,248
2025-04-22,SKU013,WH001,303,18,0,12,0,2,307
2025-04-22,SKU116,WH001,106,22,25,26,1,0,126
2025-04-22,SKU067,WH001,249,9,36,28,0,0,266
2025-04-22,SKU129,WH002,249,19,21,22,0,2,265
2025-04-22,SKU128,WH005,154,1,0,8,1,0,146
2025-04-22,SKU113,WH005,196,9,27,13,0,0,219
2025-04-22,SKU141,WH005,68,13,0,6,0,0,75
2025-04-22,SKU049,WH002,242,7,0,17,0,1,231
2025-04-22,SKU127,WH005,465,6,0,27,1,1,442
2025-04-22,SKU089,WH004,48,13,0,7,0,0,54
2025-04-22,SKU041,WH001,405,13,0,32,0,0,386
2025-04-22,SKU073,WH001,687,4,0,32,1,3,655
2025-04-22,SKU125,WH001,185,5,0,33,0,1,156
2025-04-22,SKU054,WH001,170,12,0,24,0,0,158
2025-04-22,SKU040,WH005,231,20,0,27,1,0,223
2025-04-22,SKU071,WH002,32,8,0,8,0,0,32
2025-04-22,SKU051,WH005,39,20,0,9,0,0,50
2025-04-22,SKU092,WH001,238,10,0,20,0,1,227
2025-04-22,SKU134,WH003,54,5,38,36,1,0,60
2025-04-22,SKU022,WH001,321,15,0,22,0,0,314
2025-04-22,SKU012,WH001,33,4,0,8,0,0,29
2025-04-22,SKU059,WH004,48,13,0,2,0,0,59
2025-04-23,SKU049,WH005,366,6,0,17,0,1,354
2025-04-23,SKU048,WH002,90,12,0,5,0,0,97
2025-04-23,SKU047,WH002,92,6,0,5,0,0,93
2025-04-23,SKU121,WH002,89,13,0,13,0,0,89
2025-04-23,SKU118,WH003,309,14,0,20,0,1,302
2025-04-23,SKU098,WH003,317,5,0,26,0,0,296
2025-04-23,SKU125,WH001,605,2,42,28,0,1,620
2025-04-23,SKU070,WH001,296,7,0,24,0,1,278
2025-04-23,SKU030,WH005,246,15,27,18,0,0,270
2025-04-23,SKU113,WH002,58,16,15,15,0,0,74
2025-04-23,SKU059,WH005,67,18,0,7,0,0,78
2025-04-23,SKU053,WH004,222,6,0,22,0,1,205
2025-04-23,SKU148,WH003,210,1,0,10,0,1,200
2025-04-23,SKU106,WH005,179,6,0,29,0,0,156
2025-04-23,SKU027,WH003,234,6,0,17,0,1,222
2025-04-23,SKU052,WH002,134,15,0,9,1,0,139
2025-04-23,SKU135,WH001,293,13,0,12,0,1,293
2025-04-23,SKU117,WH002,25,8,0,14,0,0,19
2025-04-23,SKU142,WH004,478,2,42,32,0,1,489
2025-04-23,SKU055,WH005,188,19,0,18,0,1,188
2025-04-23,SKU081,WH003,259,15,0,21,0,0,253
2025-04-23,SKU096,WH001,81,11,0,34,0,0,58
2025-04-23,SKU112,WH005,88,12,7,7,0,0,100
2025-04-23,SKU073,WH001,372,3,42,32,0,1,384
2025-04-23,SKU145,WH001,119,20,0,37,1,0,101
2025-04-23,SKU133,WH002,116,21,0,7,0,0,130
2025-04-23,SKU085,WH004,475,8,0,36,0,0,447
2025-04-23,SKU128,WH002,49,0,0,14,0,0,35
2025-04-23,SKU092,WH005,296,10,0,22,0,0,284
2025-04-23,SKU017,WH001,193,15,0,29,0,2,177
2025-04-23,SKU009,WH004,52,6,0,10,0,0,48
2025-04-23,SKU028,WH004,104,13,0,16,0,1,100
2025-04-23,SKU021,WH005,66,13,15,15,0,0,79
2025-04-23,SKU043,WH005,132,3,0,10,0,0,125
2025-04-23,SKU003,WH001,56,11,0,7,0,0,60
2025-04-23,SKU124,WH005,114,7,0,12,0,1,108
2025-04-23,SKU134,WH001,208,3,0,35,1,0,175
2025-04-23,SKU008,WH004,456,4,29,40,0,0,449
2025-04-23,SKU139,WH005,125,12,0,35,0,0,102
2025-04-23,SKU038,WH005,233,17,38,23,0,0,265
2025-04-23,SKU095,WH004,138,14,8,16,0,0,144
2025-04-23,SKU101,WH001,107,3,0,17,0,0,93
2025-04-23,SKU004,WH004,234,19,7,9,0,1,250
2025-04-23,SKU040,WH002,152,18,14,15,0,0,169
2025-04-23,SKU064,WH002,83,11,0,14,0,0,80
2025-04-24,SKU141,WH004,88,14,6,4,0,0,104
2025-04-24,SKU150,WH003,138,22,0,27,0,0,133
2025-04-24,SKU103,WH001,137,22,2,4,0,0,157
2025-04-24,SKU124,WH005,96,4,10,9,0,0,101
2025-04-24,SKU065,WH002,82,14,0,11,0,0,85
2025-04-24,SKU008,WH002,261,9,0,35,0,0,235
2025-04-24,SKU147,WH005,154,6,0,16,0,1,143
2025-04-24,SKU026,WH001,324,4,0,34,0,0,294
2025-04-24,SKU030,WH004,203,8,27,16,0,0,222
2025-04-24,SKU100,WH002,104,12,0,16,0,0,100
2025-04-24,SKU136,WH003,488,15,24,21,0,1,505
2025-04-24,SKU062,WH004,149,5,0,16,0,0,138
2025-04-24,SKU012,WH005,60,7,0,8,0,0,59
2025-04-24,SKU013,WH004,348,12,15,15,0,1,359
2025-04-24,SKU144,WH003,188,14,0,6,0,0,196
2025-04-24,SKU041,WH001,98,11,43,33,0,0,119
2025-04-24,SKU107,WH004,593,8,0,28,2,0,571
2025-04-24,SKU089,WH004,66,5,0,4,0,0,67
2025-04-24,SKU011,WH003,137,9,0,21,0,1,124
2025-04-24,SKU064,WH004,277,17,0,19,1,0,274
2025-04-24,SKU020,WH002,87,19,0,9,0,0,97
2025-04-24,SKU048,WH001,63,12,0,3,0,0,72
2025-04-24,SKU129,WH001,358,14,0,19,0,0,353
2025-04-24,SKU066,WH002,593,10,13,18,0,3,595
2025-04-24,SKU140,WH005,223,10,0,24,0,0,209
2025-04-24,SKU087,WH001,600,17,41,21,0,1,636
2025-04-24,SKU060,WH004,179,11,24,22,0,0,192
2025-04-24,SKU118,WH003,179,10,21,19,0,0,191
2025-04-24,SKU007,WH004,121,11,24,17,0,0,139
2025-04-24,SKU056,WH005,234,4,0,22,0,1,215
2025-04-24,SKU078,WH003,128,13,0,13,0,1,127
2025-04-24,SKU115,WH002,192,2,0,13,0,0,181
2025-04-24,SKU088,WH005,21,9,0,8,0,0,22
2025-04-24,SKU010,WH005,426,13,0,29,0,1,409
2025-04-24,SKU114,WH002,44,10,12,17,0,0,49
2025-04-24,SKU016,WH004,124,14,20,10,0,1,147
2025-04-24,SKU003,WH004,38,8,0,3,0,0,43
2025-04-24,SKU074,WH004,588,14,0,34,0,0,568
2025-04-24,SKU108,WH002,161,7,45,23,0,0,190
2025-04-24,SKU119,WH001,306,22,0,24,0,1,303
2025-04-24,SKU132,WH002,220,13,0,26,0,1,206
2025-04-24,SKU098,WH002,419,3,33,28,1,0,426
2025-04-24,SKU059,WH001,125,7,0,5,0,1,126
2025-04-24,SKU143,WH003,66,15,15,12,0,0,84
2025-04-24,SKU023,WH005,117,15,0,22,0,0,110
2025-04-25,SKU112,WH003,45,10,0,5,0,0,50
2025-04-25,SKU068,WH003,51,4,0,14,0,0,41
2025-04-25,SKU096,WH003,119,12,34,25,0,0,140
2025-04-25,SKU059,WH002,42,13,0,4,0,0,51
2025-04-25,SKU117,WH001,100,9,0,4,0,0,105
2025-04-25,SKU074,WH002,422,14,0,31,1,0,404
2025-04-25,SKU143,WH001,168,17,0,14,0,0,171
2025-04-25,SKU085,WH001,186,3,0,31,0,1,157
2025-04-25,SKU055,WH004,387,15,0,15,0,0,387
2025-04-25,SKU019,WH001,452,11,41,33,1,1,469
2025-04-25,SKU053,WH002,535,7,41,21,0,1,561
2025-04-25,SKU065,WH004,40,24,0,8,0,1,55
2025-04-25,SKU075,WH003,119,9,16,22,0,1,121
2025-04-25,SKU006,WH001,324,15,31,31,0,0,339
2025-04-25,SKU128,WH001,85,10,9,7,0,0,97
2025-04-25,SKU109,WH002,182,5,0,11,0,0,176
2025-04-25,SKU114,WH002,69,11,19,16,0,0,83
2025-04-25,SKU070,WH002,131,12,0,15,1,0,127
2025-04-25,SKU027,WH001,150,5,20,21,0,1,153
2025-04-25,SKU063,WH004,150,10,0,28,0,0,132
2025-04-25,SKU016,WH001,300,11,23,12,0,0,322
2025-04-25,SKU123,WH002,90,6,8,9,0,0,95
2025-04-25,SKU041,WH002,64,14,41,22,0,0,97
2025-04-25,SKU010,WH004,467,15,0,24,0,0,458
2025-04-25,SKU125,WH005,269,1,0,31,2,0,237
2025-04-25,SKU115,WH005,255,4,0,13,0,0,246
2025-04-25,SKU150,WH002,492,20,0,10,0,0,502
2025-04-25,SKU062,WH004,110,3,13,12,0,0,114
2025-04-25,SKU089,WH005,92,19,7,7,0,0,111
2025-04-25,SKU050,WH005,540,4,0,38,0,0,506
2025-04-25,SKU013,WH004,162,8,0,18,1,0,151
2025-04-25,SKU111,WH005,326,14,0,32,0,0,308
2025-04-25,SKU018,WH001,86,11,0,15,0,0,82
2025-04-25,SKU060,WH004,87,10,0,21,0,2,74
2025-04-25,SKU009,WH004,128,12,14,9,0,0,145
2025-04-25,SKU102,WH003,360,13,0,21,0,1,351
2025-04-25,SKU035,WH003,249,28,25,27,0,0,275
2025-04-25,SKU029,WH002,122,20,0,33,0,0,109
2025-04-25,SKU107,WH001,411,8,0,22,0,0,397
2025-04-25,SKU126,WH004,328,1,0,38,1,0,290
2025-04-25,SKU025,WH004,165,17,17,13,0,0,186
2025-04-25,SKU139,WH002,500,7,43,22,0,2,526
2025-04-25,SKU093,WH001,337,0,0,31,0,0,306
2025-04-25,SKU047,WH001,107,13,0,4,0,0,116
2025-04-25,SKU061,WH002,62,14,9,3,0,0,82
2025-04-26,SKU033,WH002,120,6,0,23,0,1,102
2025-04-26,SKU080,WH003,51,15,0,9,0,0,57
2025-04-26,SKU089,WH003,70,20,0,5,0,0,85
2025-04-26,SKU105,WH004,39,10,0,3,0,0,46
2025-04-26,SKU040,WH002,157,17,0,15,0,1,158
2025-04-26,SKU136,WH004,44,5,0,25,0,0,24
2025-04-26,SKU108,WH005,470,15,0,31,0,0,454
2025-04-26,SKU131,WH001,46,8,0,6,0,0,48
2025-04-26,SKU122,WH004,221,14,0,17,0,0,218
2025-04-26,SKU099,WH001,348,6,0,32,0,0,322
2025-04-26,SKU035,WH003,171,15,26,22,0,0,190
2025-04-26,SKU007,WH002,328,13,18,15,0,3,341
2025-04-26,SKU056,WH002,203,4,0,17,0,0,190
2025-04-26,SKU075,WH005,255,9,0,15,0,1,248
2025-04-26,SKU148,WH005,204,0,17,14,0,0,207
2025-04-26,SKU139,WH005,444,12,0,29,0,0,427
2025-04-26,SKU054,WH004,89,17,18,20,0,0,104
2025-04-26,SKU064,WH002,113,22,0,24,0,0,111
2025-04-26,SKU020,WH003,283,14,0,12,0,2,283
2025-04-26,SKU021,WH003,461,16,13,17,0,0,473
2025-04-26,SKU019,WH004,561,23,0,26,0,1,557
2025-04-26,SKU043,WH001,75,4,0,15,0,0,64
2025-04-26,SKU097,WH001,94,7,11,7,0,0,105
2025-04-26,SKU102,WH001,243,13,0,19,0,0,237
2025-04-26,SKU032,WH001,82,10,0,8,0,0,84
2025-04-26,SKU104,WH004,28,20,0,14,0,0,34
2025-04-26,SKU088,WH005,34,14,7,10,1,0,44
2025-04-26,SKU059,WH001,53,19,12,7,0,0,77
2025-04-26,SKU079,WH003,271,5,0,36,0,0,240
2025-04-26,SKU077,WH001,63,2,0,17,0,0,48
2025-04-26,SKU083,WH003,164,4,0,24,0,0,144
2025-04-26,SKU116,WH004,268,27,0,28,0,0,267
2025-04-26,SKU031,WH002,242,11,33,36,0,0,250
2025-04-26,SKU092,WH004,282,9,0,20,0,2,269
2025-04-26,SKU117,WH001,64,9,13,9,0,0,77
2025-04-26,SKU138,WH004,60,15,0,4,0,0,71
2025-04-26,SKU094,WH005,228,5,29,32,0,1,229
2025-04-26,SKU150,WH005,89,14,0,40,0,0,63
2025-04-26,SKU074,WH001,676,8,32,35,0,0,681
2025-04-26,SKU058,WH002,377,13,27,34,0,2,381
2025-04-26,SKU005,WH003,107,5,0,5,0,0,107
2025-04-26,SKU067,WH003,224,13,44,29,0,0,252
2025-04-26,SKU124,WH005,170,7,0,7,0,0,170
2025-04-26,SKU107,WH001,97,3,0,31,1,0,68
2025-04-26,SKU044,WH001,423,16,41,25,1,1,453
2025-04-27,SKU112,WH002,61,9,0,8,0,0,62
2025-04-27,SKU095,WH002,60,13,14,10,0,0,77
2025-04-27,SKU092,WH003,118,15,0,30,0,0,103
2025-04-27,SKU102,WH003,296,8,0,24,0,0,280
2025-04-27,SKU121,WH004,48,9,12,15,0,1,53
2025-04-27,SKU142,WH001,755,4,0,32,0,2,725
2025-04-27,SKU034,WH002,110,7,0,22,0,0,95
2025-04-27,SKU091,WH005,130,23,0,4,0,0,149
2025-04-27,SKU032,WH005,35,23,7,6,0,1,58
2025-04-27,SKU018,WH004,146,12,18,25,0,2,149
2025-04-27,SKU039,WH001,415,5,42,33,1,0,428
2025-04-27,SKU019,WH001,198,16,0,38,1,0,175
2025-04-27,SKU024,WH002,97,10,20,16,1,0,110
2025-04-27,SKU145,WH004,513,11,0,38,0,3,483
2025-04-27,SKU074,WH001,327,11,38,31,1,0,344
2025-04-27,SKU075,WH002,553,9,0,22,0,1,539
2025-04-27,SKU088,WH001,83,5,5,4,0,1,88
2025-04-27,SKU028,WH004,165,12,0,18,0,1,158
2025-04-27,SKU108,WH002,178,17,37,32,0,0,200
2025-04-27,SKU010,WH002,763,16,0,34,0,2,743
2025-04-27,SKU001,WH004,67,15,0,12,0,0,70
2025-04-27,SKU098,WH005,330,3,0,23,1,2,307
2025-04-27,SKU033,WH002,320,9,44,28,0,0,345
2025-04-27,SKU042,WH001,44,18,0,5,0,0,57
2025-04-27,SKU118,WH003,90,20,14,14,2,1,107
2025-04-27,SKU138,WH001,24,18,12,5,0,0,49
2025-04-27,SKU122,WH002,297,10,0,16,0,0,291
2025-04-27,SKU052,WH002,98,11,11,11,0,0,109
2025-04-27,SKU016,WH004,246,9,0,16,0,0,239
2025-04-27,SKU056,WH004,235,1,0,10,0,1,225
2025-04-27,SKU143,WH004,57,23,0,8,0,0,72
2025-04-27,SKU066,WH005,241,11,0,10,0,0,242
2025-04-27,SKU058,WH001,206,5,0,23,1,0,187
2025-04-27,SKU017,WH001,96,34,0,19,0,0,111
2025-04-27,SKU060,WH001,228,4,0,24,1,0,207
2025-04-27,SKU065,WH001,216,19,0,8,0,0,227
2025-04-27,SKU057,WH002,353,18,25,19,0,0,377
2025-04-27,SKU072,WH002,412,2,0,37,1,0,376
2025-04-27,SKU116,WH004,204,26,0,26,1,1,202
2025-04-27,SKU111,WH005,262,18,0,22,0,0,258
2025-04-27,SKU046,WH002,223,12,32,19,0,0,248
2025-04-27,SKU027,WH005,73,6,13,23,0,0,69
2025-04-27,SKU084,WH004,47,4,0,6,0,0,45
2025-04-27,SKU085,WH005,381,5,39,40,1,0,384
2025-04-27,SKU089,WH005,43,20,0,2,0,0,61
2025-04-28,SKU033,WH004,1031,2,0,24,0,1,1008
2025-04-28,SKU056,WH001,338,2,0,28,0,1,311
2025-04-28,SKU137,WH005,101,13,5,10,0,0,109
2025-04-28,SKU093,WH002,203,6,0,26,1,2,180
2025-04-28,SKU047,WH002,117,13,0,11,0,0,119
2025-04-28,SKU106,WH004,23,10,0,25,0,0,8
2025-04-28,SKU104,WH002,56,20,0,8,0,0,68
2025-04-28,SKU052,WH001,89,9,0,6,0,0,92
2025-04-28,SKU132,WH003,315,16,0,35,1,0,295
2025-04-28,SKU020,WH002,31,18,13,10,0,0,52
2025-04-28,SKU051,WH001,123,17,0,9,0,1,130
2025-04-28,SKU134,WH004,1000,2,0,26,2,2,972
2025-04-28,SKU127,WH003,221,4,0,17,0,0,208
2025-04-28,SKU038,WH003,382,11,37,22,2,0,406
2025-04-28,SKU060,WH004,367,7,0,21,0,0,353
2025-04-28,SKU076,WH005,116,7,21,21,1,0,122
2025-04-28,SKU010,WH003,318,16,0,40,2,0,292
2025-04-28,SKU015,WH005,49,8,7,4,0,0,60
2025-04-28,SKU126,WH002,251,3,0,34,0,1,219
2025-04-28,SKU139,WH004,835,10,0,40,0,1,804
2025-04-28,SKU078,WH003,165,7,10,14,0,1,167
2025-04-28,SKU043,WH001,226,1,0,14,0,5,208
2025-04-28,SKU065,WH004,85,13,0,12,0,0,86
2025-04-28,SKU110,WH001,269,16,38,25,0,1,297
2025-04-28,SKU121,WH003,141,12,0,12,0,0,141
2025-04-28,SKU087,WH001,133,17,0,17,0,0,133
2025-04-28,SKU018,WH002,156,11,25,23,0,0,169
2025-04-28,SKU094,WH003,153,10,0,16,0,0,147
2025-04-28,SKU103,WH003,115,12,0,6,0,0,121
2025-04-28,SKU045,WH001,191,11,28,16,0,0,214
2025-04-28,SKU055,WH005,279,15,0,24,0,1,269
2025-04-28,SKU108,WH002,113,14,0,28,0,0,99
2025-04-28,SKU028,WH005,67,10,0,16,1,0,60
2025-04-28,SKU070,WH003,80,9,30,11,1,0,107
2025-04-28,SKU149,WH001,625,13,25,24,0,0,639
2025-04-28,SKU097,WH005,31,10,0,4,0,0,37
2025-04-28,SKU006,WH002,114,12,0,24,0,1,101
2025-04-28,SKU002,WH003,557,8,0,33,1,0,531
2025-04-28,SKU128,WH004,203,5,0,5,0,0,203
2025-04-28,SKU040,WH005,163,9,23,16,1,0,178
2025-04-28,SKU088,WH002,73,15,8,2,0,0,94
2025-04-28,SKU119,WH005,349,17,0,22,1,0,343
2025-04-28,SKU124,WH002,53,3,0,12,0,0,44
2025-04-28,SKU118,WH003,274,12,0,19,0,1,266
2025-04-28,SKU069,WH005,533,6,0,33,0,0,506
2025-04-29,SKU143,WH002,105,16,17,11,0,0,127
2025-04-29,SKU102,WH004,246,12,0,26,0,1,231
2025-04-29,SKU001,WH002,202,19,18,12,0,0,227
2025-04-29,SKU128,WH004,81,6,0,12,0,0,75
2025-04-29,SKU062,WH003,232,4,12,8,1,0,239
2025-04-29,SKU129,WH004,249,12,27,14,0,0,274
2025-04-29,SKU085,WH003,262,6,0,27,1,2,238
2025-04-29,SKU114,WH002,166,9,17,18,0,0,174
2025-04-29,SKU122,WH004,164,7,0,11,0,0,160
2025-04-29,SKU116,WH002,204,15,0,27,0,0,192
2025-04-29,SKU135,WH004,150,15,0,16,0,0,149
2025-04-29,SKU022,WH001,46,17,24,25,0,0,62
2025-04-29,SKU065,WH001,157,21,0,9,0,0,169
2025-04-29,SKU140,WH001,495,11,0,22,0,2,482
2025-04-29,SKU141,WH003,122,13,9,6,0,1,137
2025-04-29,SKU130,WH003,32,1,0,12,0,0,21
2025-04-29,SKU133,WH005,101,15,0,3,0,0,113
2025-04-29,SKU106,WH001,429,11,0,17,0,1,422
2025-04-29,SKU038,WH005,380,12,0,29,0,1,362
2025-04-29,SKU147,WH001,198,3,30,31,0,0,200
2025-04-29,SKU090,WH003,193,6,0,15,0,1,183
2025-04-29,SKU059,WH002,41,16,6,4,0,0,59
2025-04-29,SKU024,WH003,155,12,0,14,0,0,153
2025-04-29,SKU041,WH002,413,11,0,29,0,0,395
2025-04-29,SKU030,WH001,279,9,0,31,1,2,254
2025-04-29,SKU032,WH004,22,15,0,10,0,0,27
2025-04-29,SKU075,WH004,140,10,16,20,1,0,145
2025-04-29,SKU096,WH002,97,10,39,21,0,0,125
2025-04-29,SKU112,WH002,72,8,4,8,0,0,76
2025-04-29,SKU018,WH003,228,12,0,23,0,0,217
2025-04-29,SKU015,WH004,137,2,8,10,0,0,137
2025-04-29,SKU099,WH002,234,18,31,23,0,1,259
2025-04-29,SKU007,WH001,88,12,0,11,0,0,89
2025-04-29,SKU010,WH003,211,9,0,22,0,1,197
2025-04-29,SKU076,WH002,240,8,16,12,0,0,252
2025-04-29,SKU011,WH004,260,8,32,23,1,1,275
2025-04-29,SKU039,WH005,143,10,0,27,0,0,126
2025-04-29,SKU058,WH003,165,10,0,29,0,1,145
2025-04-29,SKU006,WH001,84,15,0,29,0,0,70
2025-04-29,SKU008,WH004,1134,4,42,32,0,1,1147
2025-04-29,SKU040,WH003,201,19,22,18,0,0,224
2025-04-29,SKU046,WH004,266,17,0,26,1,0,256
2025-04-29,SKU149,WH004,162,16,37,33,1,0,181
2025-04-29,SKU081,WH005,254,12,0,32,0,3,231
2025-04-29,SKU061,WH001,64,6,0,7,0,0,63
2025-04-30,SKU119,WH003,176,12,0,22,0,1,165
2025-04-30,SKU084,WH005,56,4,4,2,0,0,62
2025-04-30,SKU022,WH005,453,15,0,32,1,1,434
2025-04-30,SKU094,WH005,518,6,0,34,0,1,489
2025-04-30,SKU085,WH004,516,2,0,22,0,3,493
2025-04-30,SKU026,WH003,128,1,31,30,0,0,130
2025-04-30,SKU056,WH001,33,6,0,16,0,0,23
2025-04-30,SKU148,WH005,238,1,0,13,0,0,226
2025-04-30,SKU018,WH004,106,12,0,13,0,0,105
2025-04-30,SKU041,WH001,523,9,46,30,0,2,546
2025-04-30,SKU124,WH003,93,7,13,12,0,0,101
2025-04-30,SKU014,WH004,310,5,0,32,0,1,282
2025-04-30,SKU006,WH002,131,9,29,24,0,0,145
2025-04-30,SKU103,WH001,40,12,9,4,0,0,57
2025-04-30,SKU131,WH002,165,4,7,7,0,0,169
2025-04-30,SKU019,WH004,243,10,0,30,0,1,222
2025-04-30,SKU141,WH003,24,12,0,6,0,0,30
2025-04-30,SKU008,WH004,316,4,0,32,0,1,287
2025-04-30,SKU121,WH004,97,10,0,19,0,0,88
2025-04-30,SKU024,WH005,105,12,0,26,0,2,89
2025-04-30,SKU080,WH005,67,13,0,1,0,0,79
2025-04-30,SKU025,WH003,110,21,0,18,0,0,113
2025-04-30,SKU013,WH001,34,12,21,19,0,0,48
2025-04-30,SKU001,WH005,189,17,0,12,0,0,194
2025-04-30,SKU049,WH005,521,9,0,21,0,1,508
2025-04-30,SKU134,WH005,330,3,0,21,0,1,311
2025-04-30,SKU053,WH004,460,2,24,20,0,1,465
2025-04-30,SKU112,WH002,22,5,17,8,0,0,36
2025-04-30,SKU140,WH003,195,11,0,23,0,0,183
2025-04-30,SKU111,WH002,447,18,0,30,0,0,435
2025-04-30,SKU064,WH005,124,25,0,25,0,0,124
2025-04-30,SKU082,WH004,110,6,0,24,0,1,91
2025-04-30,SKU110,WH004,364,18,0,24,0,0,358
2025-04-30,SKU079,WH004,237,3,36,27,0,0,249
2025-04-30,SKU072,WH004,143,2,45,25,1,0,164
2025-04-30,SKU021,WH001,129,21,13,13,0,1,149
2025-04-30,SKU007,WH001,89,7,0,13,0,0,83
2025-04-30,SKU003,WH001,74,17,10,7,0,0,94
2025-04-30,SKU071,WH002,180,10,12,5,0,1,196
2025-04-30,SKU029,WH002,106,16,24,23,0,0,123
2025-04-30,SKU123,WH001,195,10,18,10,0,0,213
2025-04-30,SKU059,WH004,78,12,0,9,0,0,81
2025-04-30,SKU142,WH004,894,5,0,33,0,3,863
2025-04-30,SKU020,WH001,132,21,13,14,0,2,150
2025-04-30,SKU067,WH004,449,8,0,35,1,1,420
2025-05-01,SKU037,WH003,150,17,0,19,0,0,148
2025-05-01,SKU055,WH005,286,10,19,16,0,0,299
2025-05-01,SKU044,WH002,142,14,35,37,0,0,154
2025-05-01,SKU103,WH002,47,15,0,5,0,0,57
2025-05-01,SKU087,WH005,147,9,27,26,0,0,157
2025-05-01,SKU126,WH003,189,1,0,39,0,0,151
2025-05-01,SKU006,WH004,361,16,20,32,0,1,364
2025-05-01,SKU054,WH004,347,14,0,20,1,0,340
2025-05-01,SKU016,WH004,148,6,27,16,0,0,165
2025-05-01,SKU077,WH002,105,11,24,20,0,0,120
2025-05-01,SKU001,WH002,74,15,0,17,0,0,72
2025-05-01,SKU095,WH001,46,20,0,10,0,0,56
2025-05-01,SKU141,WH001,70,12,3,6,0,0,79
2025-05-01,SKU118,WH005,62,14,0,11,0,0,65
2025-05-01,SKU042,WH001,49,12,0,3,0,0,58
2025-05-01,SKU036,WH004,76,10,0,16,1,0,69
2025-05-01,SKU045,WH003,63,9,0,16,2,0,54
2025-05-01,SKU035,WH005,620,21,0,20,0,2,619
2025-05-01,SKU004,WH005,155,14,0,16,0,0,153
2025-05-01,SKU135,WH003,219,11,23,11,0,0,242
2025-05-01,SKU133,WH004,60,15,0,4,0,0,71
2025-05-01,SKU011,WH002,451,9,0,30,1,1,428
2025-05-01,SKU078,WH002,184,9,0,10,1,1,181
2025-05-01,SKU098,WH005,549,5,24,18,0,0,560
2025-05-01,SKU008,WH005,104,3,0,30,0,0,77
2025-05-01,SKU075,WH004,237,6,19,14,1,1,246
2025-05-01,SKU074,WH002,626,17,0,33,0,1,609
2025-05-01,SKU003,WH001,75,14,0,6,0,0,83
2025-05-01,SKU020,WH002,31,11,11,11,0,0,42
2025-05-01,SKU108,WH002,180,13,0,29,0,1,163
2025-05-01,SKU119,WH004,395,14,26,17,0,2,416
2025-05-01,SKU015,WH002,29,7,0,13,0,1,22
2025-05-01,SKU082,WH005,409,14,0,20,1,0,402
2025-05-01,SKU147,WH001,137,4,0,29,0,0,112
2025-05-01,SKU093,WH003,650,0,36,38,1,1,646
2025-05-01,SKU062,WH003,77,7,0,12,0,1,71
2025-05-01,SKU051,WH001,91,13,15,3,0,1,115
2025-05-01,SKU117,WH004,70,5,10,10,0,0,75
2025-05-01,SKU067,WH005,532,6,0,29,0,0,509
2025-05-01,SKU046,WH002,255,14,31,36,1,0,263
2025-05-01,SKU049,WH005,204,8,0,18,1,0,193
2025-05-01,SKU128,WH002,360,10,0,6,0,1,363
2025-05-01,SKU043,WH005,334,5,20,19,0,0,340
2025-05-01,SKU122,WH001,158,16,0,12,0,1,161
2025-05-01,SKU113,WH001,165,13,0,12,0,1,165
2025-05-02,SKU092,WH003,192,8,0,25,1,0,174
2025-05-02,SKU130,WH001,186,2,19,13,0,1,193
2025-05-02,SKU074,WH001,636,12,0,35,0,1,612
2025-05-02,SKU035,WH005,383,19,0,25,0,1,376
2025-05-02,SKU028,WH005,406,4,18,13,0,2,413
2025-05-02,SKU069,WH003,191,3,0,31,1,3,159
2025-05-02,SKU099,WH001,483,17,0,27,0,2,471
2025-05-02,SKU057,WH003,406,18,18,25,0,1,416
2025-05-02,SKU138,WH005,16,15,0,4,0,0,27
2025-05-02,SKU036,WH003,200,21,0,19,0,0,202
2025-05-02,SKU143,WH002,179,17,0,20,0,0,176
2025-05-02,SKU087,WH003,397,8,28,30,1,3,399
2025-05-02,SKU041,WH004,256,12,0,26,0,0,242
2025-05-02,SKU030,WH001,78,15,26,18,0,0,101
2025-05-02,SKU079,WH005,475,7,0,33,1,0,448
2025-05-02,SKU100,WH002,193,11,0,18,0,0,186
2025-05-02,SKU009,WH004,23,15,8,6,0,0,40
2025-05-02,SKU129,WH001,97,13,0,19,0,0,91
2025-05-02,SKU043,WH002,488,8,17,13,0,1,499
2025-05-02,SKU146,WH001,541,19,22,26,0,0,556
2025-05-02,SKU048,WH002,119,14,0,10,0,0,123
2025-05-02,SKU107,WH005,302,8,0,22,0,0,288
2025-05-02,SKU053,WH001,114,6,28,23,1,0,124
2025-05-02,SKU105,WH003,68,8,0,2,1,0,73
2025-05-02,SKU113,WH003,301,11,0,18,0,0,294
2025-05-02,SKU111,WH001,208,13,0,37,0,2,182
2025-05-02,SKU126,WH005,124,3,35,36,0,0,126
2025-05-02,SKU106,WH001,426,20,0,19,0,0,427
2025-05-02,SKU051,WH001,89,17,0,6,0,0,100
2025-05-02,SKU046,WH004,229,7,0,25,0,1,210
2025-05-02,SKU004,WH004,126,22,0,10,1,1,136
2025-05-02,SKU095,WH004,86,13,0,7,0,0,92
2025-05-02,SKU128,WH002,33,9,0,9,0,0,33
2025-05-02,SKU109,WH001,62,5,0,9,0,0,58
2025-05-02,SKU026,WH002,279,4,0,30,1,0,252
2025-05-02,SKU067,WH002,572,15,24,32,0,0,579
2025-05-02,SKU071,WH004,25,13,0,10,0,0,28
2025-05-02,SKU029,WH005,483,19,0,25,0,0,477
2025-05-02,SKU055,WH002,294,10,0,24,0,1,279
2025-05-02,SKU005,WH002,186,7,0,16,0,2,175
2025-05-02,SKU114,WH003,187,7,16,18,0,0,192
2025-05-02,SKU145,WH005,540,15,0,34,1,1,519
2025-05-02,SKU068,WH004,43,9,0,7,0,0,45
2025-05-02,SKU089,WH005,109,19,0,4,0,0,124
2025-05-02,SKU101,WH004,256,5,0,21,0,0,240
2025-05-03,SKU061,WH002,31,13,8,7,0,0,45
2025-05-03,SKU054,WH003,249,20,27,21,0,1,274
2025-05-03,SKU101,WH005,233,8,0,31,1,0,209
2025-05-03,SKU008,WH001,342,6,47,32,0,1,362
2025-05-03,SKU043,WH003,268,6,20,11,0,1,282
2025-05-03,SKU030,WH004,270,13,0,16,0,2,265
2025-05-03,SKU125,WH003,300,2,0,32,0,0,270
2025-05-03,SKU089,WH002,75,13,0,5,0,0,83
2025-05-03,SKU076,WH001,396,6,24,25,0,1,400
2025-05-03,SKU040,WH003,32,19,0,20,1,0,30
2025-05-03,SKU078,WH005,30,12,0,17,0,0,25
2025-05-03,SKU083,WH003,57,1,0,12,0,0,46
2025-05-03,SKU015,WH001,52,1,0,5,0,0,48
2025-05-03,SKU142,WH002,371,5,0,33,0,0,343
2025-05-03,SKU017,WH003,613,13,0,27,0,0,599
2025-05-03,SKU060,WH002,361,4,0,21,1,1,342
2025-05-03,SKU016,WH003,152,12,18,19,1,0,162
2025-05-03,SKU121,WH002,191,13,0,16,0,0,188
2025-05-03,SKU132,WH003,214,11,0,36,1,1,187
2025-05-03,SKU134,WH003,687,2,0,27,0,3,659
2025-05-03,SKU112,WH004,56,13,6,8,0,0,67
2025-05-03,SKU033,WH002,711,10,0,18,0,3,700
2025-05-03,SKU126,WH005,300,5,0,17,0,0,288
2025-05-03,SKU080,WH005,29,12,0,5,1,0,35
2025-05-03,SKU117,WH003,46,7,7,8,0,0,52
2025-05-03,SKU056,WH005,43,2,18,20,0,0,43
2025-05-03,SKU005,WH002,27,7,23,10,0,0,47
2025-05-03,SKU068,WH001,60,5,0,7,0,0,58
2025-05-03,SKU053,WH004,63,6,0,21,0,0,48
2025-05-03,SKU087,WH003,205,16,0,36,0,0,185
2025-05-03,SKU026,WH003,312,4,33,26,0,0,323
2025-05-03,SKU001,WH002,148,15,0,14,0,1,148
2025-05-03,SKU038,WH001,592,11,33,27,0,1,608
2025-05-03,SKU025,WH003,382,15,10,13,0,0,394
2025-05-03,SKU097,WH003,28,10,14,8,0,0,44
2025-05-03,SKU073,WH002,444,7,30,28,1,0,452
2025-05-03,SKU111,WH005,459,18,0,43,0,0,434
2025-05-03,SKU139,WH001,295,4,0,29,0,1,269
2025-05-03,SKU116,WH002,233,19,33,14,0,0,271
2025-05-03,SKU144,WH003,52,12,15,8,1,0,70
2025-05-03,SKU049,WH004,338,8,0,16,0,1,329
2025-05-03,SKU065,WH002,244,13,0,7,0,1,249
2025-05-03,SKU113,WH003,70,13,16,12,0,0,87
2025-05-03,SKU051,WH004,79,21,3,6,0,1,96
2025-05-03,SKU110,WH002,455,17,0,21,0,1,450
2025-05-04,SKU107,WH001,443,9,0,28,0,2,422
2025-05-04,SKU139,WH002,994,8,0,26,0,1,975
2025-05-04,SKU077,WH003,188,8,0,14,0,0,182
2025-05-04,SKU140,WH004,219,12,0,25,0,0,206
2025-05-04,SKU110,WH003,338,16,0,26,0,0,328
2025-05-04,SKU060,WH002,420,9,16,27,1,0,417
2025-05-04,SKU086,WH003,226,11,0,21,0,0,216
2025-05-04,SKU005,WH005,142,5,0,11,1,0,135
2025-05-04,SKU100,WH004,228,7,0,15,1,2,217
2025-05-04,SKU105,WH002,50,4,9,4,0,0,59
2025-05-04,SKU033,WH002,207,7,39,31,0,1,221
2025-05-04,SKU024,WH001,71,10,0,16,0,0,65
2025-05-04,SKU027,WH001,316,8,0,18,0,0,306
2025-05-04,SKU068,WH002,114,4,0,6,0,0,112
2025-05-04,SKU080,WH004,91,9,0,5,0,0,95
2025-05-04,SKU118,WH003,247,14,0,24,0,0,237
2025-05-04,SKU132,WH002,476,15,39,45,0,2,483
2025-05-04,SKU112,WH003,129,13,14,8,1,0,147
2025-05-04,SKU089,WH001,32,21,6,5,0,0,54
2025-05-04,SKU085,WH004,299,2,0,24,0,0,277
2025-05-04,SKU019,WH002,207,15,23,34,1,1,209
2025-05-04,SKU041,WH002,91,15,0,20,0,0,86
2025-05-04,SKU122,WH003,78,17,17,13,0,0,99
2025-05-04,SKU050,WH003,529,3,0,22,1,0,509
2025-05-04,SKU072,WH005,612,4,0,16,1,0,599
2025-05-04,SKU114,WH003,367,13,0,11,0,1,368
2025-05-04,SKU059,WH005,95,15,11,5,0,1,115
2025-05-04,SKU054,WH002,293,19,0,19,0,1,292
2025-05-04,SKU148,WH004,201,2,0,15,0,0,188
2025-05-04,SKU047,WH004,76,14,0,7,0,0,83
2025-05-04,SKU006,WH003,238,8,32,27,0,0,251
2025-05-04,SKU111,WH002,452,9,0,28,3,1,429
2025-05-04,SKU125,WH001,978,2,0,31,0,2,947
2025-05-04,SKU096,WH002,245,27,37,29,1,2,277
2025-05-04,SKU007,WH002,64,7,0,14,0,1,56
2025-05-04,SKU032,WH004,141,13,0,5,0,1,148
2025-05-04,SKU123,WH001,12,9,14,8,0,0,27
2025-05-04,SKU071,WH004,95,3,9,5,0,0,102
2025-05-04,SKU023,WH001,354,11,25,19,0,0,371
2025-05-04,SKU098,WH004,90,3,0,36,2,0,55
2025-05-04,SKU143,WH002,70,17,0,7,0,0,80
2025-05-04,SKU142,WH002,359,3,0,35,0,2,325
2025-05-04,SKU102,WH004,605,10,0,28,0,1,586
2025-05-04,SKU108,WH004,482,10,0,35,0,5,452
2025-05-04,SKU051,WH003,103,24,7,5,0,0,129
2025-05-05,SKU020,WH004,75,18,6,8,0,0,91
2025-05-05,SKU096,WH003,407,15,0,29,0,0,393
2025-05-05,SKU084,WH003,16,7,0,2,0,0,21
2025-05-05,SKU029,WH004,157,15,0,21,0,0,151
2025-05-05,SKU071,WH002,113,8,0,8,0,0,113
2025-05-05,SKU132,WH001,354,19,49,32,0,1,389
2025-05-05,SKU148,WH005,370,1,22,9,0,1,383
2025-05-05,SKU008,WH004,444,3,46,44,2,1,446
2025-05-05,SKU064,WH002,198,15,24,16,0,0,221
2025-05-05,SKU040,WH003,76,12,0,19,0,0,69
2025-05-05,SKU108,WH004,849,12,35,32,0,3,861
2025-05-05,SKU100,WH005,163,10,0,12,0,0,161
2025-05-05,SKU114,WH005,60,9,14,16,0,0,67
2025-05-05,SKU028,WH002,107,8,0,13,0,0,102
2025-05-05,SKU030,WH004,109,11,22,14,1,1,126
2025-05-05,SKU045,WH005,171,14,0,13,0,0,172
2025-05-05,SKU150,WH004,161,21,0,25,2,0,155
2025-05-05,SKU126,WH004,373,4,49,21,1,0,404
2025-05-05,SKU003,WH003,38,13,0,12,0,0,39
2025-05-05,SKU122,WH003,221,12,0,13,0,0,220
2025-05-05,SKU113,WH002,212,20,12,15,0,0,229
2025-05-05,SKU047,WH001,62,12,0,8,0,0,66
2025-05-05,SKU075,WH004,362,13,0,21,0,0,354
2025-05-05,SKU023,WH002,287,19,0,18,0,0,288
2025-05-05,SKU014,WH001,427,5,0,33,0,0,399
2025-05-05,SKU144,WH005,31,8,0,7,0,0,32
2025-05-05,SKU140,WH002,136,14,0,21,0,0,129
2025-05-05,SKU041,WH001,153,9,0,34,1,1,126
2025-05-05,SKU059,WH003,59,24,0,7,0,1,75
2025-05-05,SKU037,WH003,623,13,23,23,2,2,632
2025-05-05,SKU137,WH004,89,15,0,11,0,0,93
2025-05-05,SKU005,WH005,344,6,0,13,0,0,337
2025-05-05,SKU109,WH001,137,9,0,13,0,0,133
2025-05-05,SKU006,WH002,596,15,30,33,1,1,606
2025-05-05,SKU039,WH004,680,16,43,36,0,1,702
2025-05-05,SKU027,WH005,119,7,0,17,0,2,107
2025-05-05,SKU043,WH003,17,1,0,15,0,0,3
2025-05-05,SKU092,WH001,273,12,0,16,0,0,269
2025-05-05,SKU136,WH003,75,12,33,21,0,0,99
2025-05-05,SKU065,WH002,136,17,0,9,0,1,143
2025-05-05,SKU062,WH002,104,3,0,16,0,0,91
2025-05-05,SKU019,WH002,330,8,0,26,0,1,311
2025-05-05,SKU013,WH001,63,9,0,21,0,0,51
2025-05-05,SKU095,WH002,262,7,0,9,1,0,259
2025-05-05,SKU088,WH002,60,13,0,1,0,0,72
2025-05-06,SKU115,WH004,76,9,0,11,0,0,74
2025-05-06,SKU025,WH005,110,10,0,17,0,1,102
2025-05-06,SKU086,WH003,224,18,0,23,0,0,219
2025-05-06,SKU036,WH002,74,18,0,15,0,0,77
2025-05-06,SKU050,WH003,437,7,0,29,0,2,413
2025-05-06,SKU139,WH003,402,16,0,31,0,1,386
2025-05-06,SKU095,WH004,138,9,11,8,0,1,149
2025-05-06,SKU039,WH002,184,3,0,37,1,0,149
2025-05-06,SKU113,WH004,129,14,11,19,1,0,134
2025-05-06,SKU032,WH002,78,16,0,9,0,0,85
2025-05-06,SKU055,WH004,159,19,17,17,0,0,178
2025-05-06,SKU076,WH005,187,7,0,22,0,0,172
2025-05-06,SKU043,WH002,82,5,0,11,0,0,76
2025-05-06,SKU140,WH005,280,12,0,19,0,0,273
2025-05-06,SKU063,WH005,526,13,0,30,0,0,509
2025-05-06,SKU002,WH003,727,11,0,21,1,1,715
2025-05-06,SKU105,WH003,65,4,0,10,0,0,59
2025-05-06,SKU068,WH003,55,6,9,10,0,0,60
2025-05-06,SKU060,WH004,257,6,17,25,0,1,254
2025-05-06,SKU044,WH005,199,19,0,26,0,0,192
2025-05-06,SKU107,WH005,238,10,32,13,0,0,267
2025-05-06,SKU056,WH001,345,4,25,18,0,0,356
2025-05-06,SKU128,WH001,133,2,14,9,1,0,139
2025-05-06,SKU112,WH001,84,3,0,4,0,0,83
2025-05-06,SKU130,WH003,586,3,0,17,1,3,568
2025-05-06,SKU097,WH004,138,12,0,9,0,0,141
2025-05-06,SKU146,WH001,380,23,22,20,2,0,403
2025-05-06,SKU123,WH004,110,15,0,6,0,0,119
2025-05-06,SKU040,WH001,175,14,0,13,0,2,174
2025-05-06,SKU100,WH003,136,15,10,8,1,0,152
2025-05-06,SKU034,WH004,69,4,0,19,0,0,54
2025-05-06,SKU042,WH005,21,18,0,6,0,0,33
2025-05-06,SKU150,WH003,182,14,22,23,0,0,195
2025-05-06,SKU045,WH002,152,22,0,23,0,0,151
2025-05-06,SKU111,WH005,185,16,39,29,1,0,210
2025-05-06,SKU104,WH005,230,8,0,15,0,1,222
2025-05-06,SKU037,WH003,382,10,20,17,0,1,394
2025-05-06,SKU118,WH004,589,11,26,17,0,1,608
2025-05-06,SKU138,WH004,59,16,2,9,0,0,68
2025-05-06,SKU035,WH003,259,10,0,25,1,1,242
2025-05-06,SKU084,WH001,44,4,5,4,0,0,49
2025-05-06,SKU093,WH003,344,7,36,42,2,3,340
2025-05-06,SKU114,WH003,24,6,25,11,0,0,44
2025-05-06,SKU143,WH001,132,15,0,19,0,0,128
2025-05-06,SKU091,WH004,79,15,0,11,0,0,83
2025-05-07,SKU082,WH002,307,11,0,21,0,0,297
2025-05-07,SKU027,WH003,110,8,0,17,1,0,100
2025-05-07,SKU032,WH002,25,20,0,8,0,0,37
2025-05-07,SKU102,WH001,163,23,21,14,0,0,193
2025-05-07,SKU081,WH004,98,18,21,29,0,0,108
2025-05-07,SKU040,WH004,332,18,0,16,0,0,334
2025-05-07,SKU030,WH002,107,15,0,23,0,0,99
2025-05-07,SKU021,WH001,193,25,12,15,1,0,214
2025-05-07,SKU130,WH003,212,3,23,13,0,0,225
2025-05-07,SKU075,WH001,65,7,0,15,2,0,55
2025-05-07,SKU066,WH002,125,15,0,19,0,0,121
2025-05-07,SKU110,WH004,395,18,0,20,0,1,392
2025-05-07,SKU073,WH001,188,1,41,32,1,1,196
2025-05-07,SKU014,WH001,402,8,0,36,0,0,374
2025-05-07,SKU017,WH002,414,20,0,31,0,0,403
2025-05-07,SKU044,WH005,150,10,45,33,1,0,171
2025-05-07,SKU011,WH002,121,8,31,35,1,2,122
2025-05-07,SKU117,WH001,304,8,0,14,0,0,298
2025-05-07,SKU050,WH004,110,7,0,25,0,0,92
2025-05-07,SKU142,WH001,229,4,0,30,0,0,203
2025-05-07,SKU131,WH003,229,4,0,9,0,0,224
2025-05-07,SKU101,WH003,366,4,23,20,0,0,373
2025-05-07,SKU135,WH005,144,15,0,9,0,0,150
2025-05-07,SKU146,WH002,176,14,0,18,0,0,172
2025-05-07,SKU136,WH004,105,6,26,20,0,2,115
2025-05-07,SKU145,WH005,125,11,34,29,0,0,141
2025-05-07,SKU065,WH001,123,16,0,12,0,0,127
2025-05-07,SKU128,WH005,75,11,0,10,0,0,76
2025-05-07,SKU097,WH003,51,8,8,2,0,0,65
2025-05-07,SKU125,WH002,742,5,0,33,0,2,712
2025-05-07,SKU138,WH005,31,10,6,4,0,0,43
2025-05-07,SKU100,WH003,186,13,0,10,0,0,189
2025-05-07,SKU077,WH003,234,6,20,16,0,0,244
2025-05-07,SKU043,WH002,76,3,0,20,0,0,59
2025-05-07,SKU149,WH003,745,8,0,34,0,3,716
2025-05-07,SKU063,WH001,300,9,43,25,0,0,327
2025-05-07,SKU086,WH002,353,16,0,28,1,0,340
2025-05-07,SKU106,WH002,365,18,41,31,0,0,393
2025-05-07,SKU068,WH003,223,5,8,8,0,0,228
2025-05-07,SKU079,WH002,201,11,0,30,0,0,182
2025-05-07,SKU115,WH005,237,7,0,12,0,0,232
2025-05-07,SKU084,WH002,62,5,0,0,0,0,67
2025-05-07,SKU059,WH001,58,11,0,8,1,1,59
2025-05-07,SKU058,WH003,937,12,0,20,1,1,927
2025-05-07,SKU038,WH002,581,17,0,33,0,4,561
2025-05-08,SKU062,WH004,367,8,10,12,1,2,370
2025-05-08,SKU108,WH003,463,2,0,32,1,1,431
2025-05-08,SKU076,WH005,32,14,20,23,0,0,43
2025-05-08,SKU109,WH004,71,5,16,12,0,0,80
2025-05-08,SKU107,WH002,344,9,39,22,1,0,369
2025-05-08,SKU094,WH002,326,8,0,28,0,1,305
2025-05-08,SKU031,WH002,254,5,0,31,0,2,226
2025-05-08,SKU036,WH002,242,16,0,21,1,0,236
2025-05-08,SKU025,WH004,276,15,0,16,0,0,275
2025-05-08,SKU017,WH005,263,11,0,22,1,0,251
2025-05-08,SKU092,WH005,352,16,0,30,0,0,338
2025-05-08,SKU024,WH005,177,10,19,15,0,1,190
2025-05-08,SKU042,WH002,55,16,0,1,0,0,70
2025-05-08,SKU011,WH002,702,3,34,24,0,1,714
2025-05-08,SKU022,WH003,140,16,0,33,0,0,123
2025-05-08,SKU089,WH004,50,20,0,10,0,1,59
2025-05-08,SKU146,WH004,74,17,0,31,1,0,59
2025-05-08,SKU057,WH001,316,14,30,20,0,0,340
2025-05-08,SKU006,WH002,343,11,38,33,0,0,359
2025-05-08,SKU091,WH003,80,13,7,4,1,0,95
2025-05-08,SKU043,WH004,275,2,0,10,0,1,266
2025-05-08,SKU052,WH003,116,15,0,7,0,0,124
2025-05-08,SKU080,WH005,31,10,0,6,0,0,35
2025-05-08,SKU098,WH001,506,1,0,24,0,3,480
2025-05-08,SKU103,WH005,81,17,0,7,0,0,91
2025-05-08,SKU102,WH003,126,13,0,25,1,0,113
2025-05-08,SKU013,WH004,230,13,22,14,0,0,251
2025-05-08,SKU068,WH005,105,2,0,11,1,0,95
2025-05-08,SKU134,WH003,336,5,25,25,0,0,341
2025-05-08,SKU077,WH002,60,7,0,19,0,0,48
2025-05-08,SKU101,WH003,776,5,0,23,0,2,756
2025-05-08,SKU122,WH002,218,14,0,14,1,0,217
2025-05-08,SKU007,WH004,12,8,0,17,0,0,3
2025-05-08,SKU027,WH003,241,5,20,16,0,0,250
2025-05-08,SKU113,WH002,121,7,0,12,0,0,116
2025-05-08,SKU064,WH003,42,11,18,26,1,0,44
2025-05-08,SKU096,WH003,199,12,29,31,1,1,207
2025-05-08,SKU116,WH003,263,13,0,26,0,3,247
2025-05-08,SKU118,WH003,304,21,0,19,0,0,306
2025-05-08,SKU053,WH005,170,7,0,23,0,0,154
2025-05-08,SKU071,WH003,52,4,12,4,0,0,64
2025-05-08,SKU106,WH005,182,11,0,19,0,0,174
2025-05-08,SKU126,WH004,316,4,0,30,0,1,289
2025-05-08,SKU083,WH005,80,5,20,25,0,0,80
2025-05-08,SKU049,WH004,173,6,22,24,0,0,177
2025-05-09,SKU065,WH003,168,17,0,10,0,0,175
2025-05-09,SKU143,WH004,144,16,0,10,1,1,148
2025-05-09,SKU027,WH002,291,4,0,14,0,0,281
2025-05-09,SKU106,WH004,171,9,0,33,1,0,146
2025-05-09,SKU064,WH003,158,12,0,23,1,0,146
2025-05-09,SKU044,WH002,526,11,0,31,0,0,506
2025-05-09,SKU068,WH003,103,8,0,9,0,0,102
2025-05-09,SKU040,WH004,519,18,20,13,0,3,541
2025-05-09,SKU111,WH003,355,10,0,26,1,1,337
2025-05-09,SKU092,WH004,231,15,0,30,1,0,215
2025-05-09,SKU086,WH005,94,19,0,14,0,0,99
2025-05-09,SKU113,WH005,188,9,0,16,0,2,179
2025-05-09,SKU094,WH002,240,3,0,18,0,0,225
2025-05-09,SKU081,WH002,877,9,0,23,1,2,860
2025-05-09,SKU119,WH002,206,17,0,26,0,0,197
2025-05-09,SKU091,WH003,34,15,0,9,0,0,40
2025-05-09,SKU149,WH004,268,13,0,28,0,1,252
2025-05-09,SKU061,WH004,65,14,0,7,0,0,72
2025-05-09,SKU085,WH004,247,5,31,38,0,1,244
2025-05-09,SKU138,WH004,28,15,11,2,0,0,52
2025-05-09,SKU075,WH003,140,8,0,20,0,0,128
2025-05-09,SKU082,WH003,300,4,0,28,0,1,275
2025-05-09,SKU069,WH002,573,11,37,37,0,0,584
2025-05-09,SKU137,WH005,134,16,11,8,0,0,153
2025-05-09,SKU021,WH004,62,29,0,9,0,0,82
2025-05-09,SKU042,WH001,18,17,13,6,0,0,42
2025-05-09,SKU083,WH003,204,3,0,24,1,0,182
2025-05-09,SKU071,WH002,59,11,0,5,0,0,65
2025-05-09,SKU001,WH003,375,11,0,12,0,0,374
2025-05-09,SKU011,WH005,157,14,26,29,0,1,167
2025-05-09,SKU135,WH001,116,13,16,14,0,0,131
2025-05-09,SKU087,WH004,179,11,28,27,0,0,191
2025-05-09,SKU126,WH003,507,4,42,29,0,1,523
2025-05-09,SKU077,WH001,270,6,21,17,0,0,280
2025-05-09,SKU144,WH004,26,18,7,13,0,0,38
2025-05-09,SKU145,WH005,690,15,46,33,0,0,718
2025-05-09,SKU017,WH004,314,10,0,24,0,0,300
2025-05-09,SKU057,WH001,266,15,0,24,0,0,257
2025-05-09,SKU026,WH002,346,2,0,35,0,2,311
2025-05-09,SKU003,WH003,34,8,0,7,0,0,35
2025-05-09,SKU110,WH003,404,12,0,21,0,1,394
2025-05-09,SKU093,WH002,370,2,0,32,0,0,340
2025-05-09,SKU022,WH004,325,16,35,20,0,1,355
2025-05-09,SKU014,WH003,248,2,0,34,0,0,216
2025-05-09,SKU127,WH003,232,6,0,28,0,0,210
2025-05-10,SKU060,WH001,457,10,0,24,0,1,442
2025-05-10,SKU098,WH004,349,6,40,26,1,2,366
2025-05-10,SKU087,WH003,233,14,0,32,1,1,213
2025-05-10,SKU115,WH004,62,2,16,13,0,0,67
2025-05-10,SKU091,WH002,87,19,12,4,0,1,113
2025-05-10,SKU138,WH001,103,23,0,5,0,0,121
2025-05-10,SKU016,WH005,187,7,0,16,0,1,177
2025-05-10,SKU124,WH004,177,1,0,12,0,1,165
2025-05-10,SKU033,WH001,113,10,0,29,0,0,94
2025-05-10,SKU062,WH004,90,8,0,11,0,0,87
2025-05-10,SKU042,WH002,55,21,6,5,0,0,77
2025-05-10,SKU096,WH001,113,14,0,21,0,0,106
2025-05-10,SKU116,WH003,66,19,0,34,0,0,51
2025-05-10,SKU006,WH004,251,18,38,24,0,0,283
2025-05-10,SKU101,WH005,269,4,0,36,0,0,237
2025-05-10,SKU047,WH003,104,18,0,9,0,0,113
2025-05-10,SKU127,WH004,649,8,0,28,1,0,628
2025-05-10,SKU070,WH002,127,6,19,17,0,0,135
2025-05-10,SKU023,WH004,203,9,0,15,0,0,197
2025-05-10,SKU003,WH001,80,10,12,9,0,0,93
2025-05-10,SKU095,WH005,53,15,0,12,0,0,56
2025-05-10,SKU036,WH005,327,22,0,17,0,0,332
2025-05-10,SKU102,WH002,300,14,0,14,1,1,298
2025-05-10,SKU071,WH005,64,11,10,4,0,0,81
2025-05-10,SKU147,WH005,196,6,0,30,0,0,172
2025-05-10,SKU106,WH001,142,11,32,25,2,0,158
2025-05-10,SKU104,WH003,81,12,0,11,0,0,82
2025-05-10,SKU025,WH004,269,16,0,11,0,0,274
2025-05-10,SKU037,WH002,112,13,0,21,1,0,103
2025-05-10,SKU049,WH004,400,6,21,27,0,0,400
2025-05-10,SKU144,WH001,62,19,8,7,0,0,82
2025-05-10,SKU069,WH001,329,4,33,30,0,1,335
2025-05-10,SKU031,WH002,524,5,0,24,0,0,505
2025-05-10,SKU009,WH004,80,9,13,10,0,2,90
2025-05-10,SKU122,WH005,151,11,24,16,0,0,170
2025-05-10,SKU146,WH003,179,12,28,32,0,1,186
2025-05-10,SKU022,WH003,323,21,0,21,0,0,323
2025-05-10,SKU013,WH004,114,9,0,13,0,0,110
2025-05-10,SKU143,WH003,63,6,0,14,0,0,55
2025-05-10,SKU081,WH003,363,12,0,29,0,1,345
2025-05-10,SKU112,WH001,112,7,0,7,0,0,112
2025-05-10,SKU117,WH003,211,4,0,5,0,0,210
2025-05-10,SKU130,WH003,88,7,0,20,0,1,74
2025-05-10,SKU134,WH005,1086,2,0,24,0,5,1059
2025-05-10,SKU048,WH004,63,18,0,6,1,0,74
2025-05-11,SKU101,WH001,332,1,0,23,0,0,310
2025-05-11,SKU102,WH003,250,17,28,21,0,2,272
2025-05-11,SKU004,WH004,145,20,0,8,0,0,157
2025-05-11,SKU031,WH001,388,5,0,29,0,1,363
2025-05-11,SKU088,WH004,15,5,0,4,0,0,16
2025-05-11,SKU084,WH004,45,8,6,7,0,0,52
2025-05-11,SKU058,WH005,416,11,45,26,0,1,445
2025-05-11,SKU035,WH005,652,32,0,15,0,0,669
2025-05-11,SKU126,WH003,321,3,0,30,0,0,294
2025-05-11,SKU129,WH005,335,17,28,17,0,2,361
2025-05-11,SKU049,WH005,210,0,26,18,0,0,218
2025-05-11,SKU141,WH003,71,21,0,8,0,0,84
2025-05-11,SKU136,WH004,74,16,25,17,0,0,98
2025-05-11,SKU144,WH004,58,19,6,8,0,0,75
2025-05-11,SKU007,WH004,167,10,0,8,0,0,169
2025-05-11,SKU123,WH004,70,13,13,7,0,0,89
2025-05-11,SKU062,WH001,27,2,10,12,1,0,26
2025-05-11,SKU145,WH004,154,8,0,31,0,1,130
2025-05-11,SKU078,WH003,39,11,15,15,0,0,50
2025-05-11,SKU096,WH004,444,15,0,28,0,0,431
2025-05-11,SKU121,WH002,144,9,22,14,0,0,161
2025-05-11,SKU014,WH005,206,2,0,37,1,0,170
2025-05-11,SKU150,WH002,287,19,0,21,0,0,285
2025-05-11,SKU072,WH002,218,11,0,30,0,0,199
2025-05-11,SKU036,WH003,337,19,25,19,1,0,361
2025-05-11,SKU124,WH005,257,8,0,8,0,0,257
2025-05-11,SKU044,WH004,563,17,0,31,0,0,549
2025-05-11,SKU095,WH002,186,16,0,12,0,0,190
2025-05-11,SKU038,WH002,322,14,34,32,0,1,337
2025-05-11,SKU066,WH005,316,15,0,21,0,0,310
2025-05-11,SKU045,WH004,186,15,0,17,0,0,184
2025-05-11,SKU003,WH001,234,10,0,10,0,0,234
2025-05-11,SKU085,WH004,655,1,0,39,0,0,617
2025-05-11,SKU104,WH003,178,16,14,17,0,1,190
2025-05-11,SKU005,WH004,61,6,18,17,0,0,68
2025-05-11,SKU092,WH003,290,16,18,25,2,0,297
2025-05-11,SKU137,WH004,162,12,6,6,0,1,173
2025-05-11,SKU127,WH004,499,2,33,29,1,2,502
2025-05-11,SKU013,WH001,325,17,0,11,0,1,330
2025-05-11,SKU111,WH004,451,16,36,37,0,3,463
2025-05-11,SKU149,WH003,376,11,0,29,1,0,357
2025-05-11,SKU071,WH003,20,6,9,7,0,0,28
2025-05-11,SKU064,WH005,470,9,0,23,0,1,455
2025-05-11,SKU070,WH004,201,8,34,19,1,0,223
2025-05-11,SKU133,WH001,212,23,0,9,0,0,226
2025-05-12,SKU098,WH001,896,6,0,26,0,1,875
2025-05-12,SKU136,WH003,208,9,0,25,1,0,191
2025-05-12,SKU002,WH002,276,12,0,26,0,0,262
2025-05-12,SKU101,WH005,419,2,0,23,0,0,398
2025-05-12,SKU116,WH001,517,19,0,28,0,0,508
2025-05-12,SKU150,WH005,482,13,0,17,0,1,477
2025-05-12,SKU083,WH004,81,2,23,24,0,0,82
2025-05-12,SKU056,WH004,205,6,22,14,1,0,218
2025-05-12,SKU059,WH004,68,14,0,5,1,0,76
2025-05-12,SKU085,WH002,521,5,0,37,0,0,489
2025-05-12,SKU072,WH001,424,5,30,36,0,0,423
2025-05-12,SKU095,WH004,104,14,0,10,0,1,107
2025-05-12,SKU082,WH005,299,9,0,23,0,0,285
2025-05-12,SKU019,WH001,193,16,0,26,0,0,183
2025-05-12,SKU087,WH005,113,12,0,20,0,0,105
2025-05-12,SKU060,WH002,105,6,27,23,0,0,115
2025-05-12,SKU054,WH003,146,13,0,16,0,0,143
2025-05-12,SKU064,WH005,101,18,0,14,0,0,105
2025-05-12,SKU111,WH003,575,11,36,27,0,0,595
2025-05-12,SKU020,WH002,156,19,0,17,0,0,158
2025-05-12,SKU125,WH002,220,3,0,33,0,1,189
2025-05-12,SKU139,WH003,466,7,0,29,1,5,438
2025-05-12,SKU047,WH003,108,8,9,8,0,0,117
2025-05-12,SKU107,WH003,187,6,27,41,1,0,178
2025-05-12,SKU034,WH004,433,10,0,17,0,2,424
2025-05-12,SKU117,WH004,69,6,0,7,0,0,68
2025-05-12,SKU071,WH001,136,12,11,3,0,3,153
2025-05-12,SKU052,WH003,75,12,0,12,0,0,75
2025-05-12,SKU122,WH002,415,10,21,12,0,2,432
2025-05-12,SKU026,WH004,170,3,28,28,0,0,173
2025-05-12,SKU053,WH002,314,6,0,16,1,0,303
2025-05-12,SKU115,WH001,67,7,0,11,0,0,63
2025-05-12,SKU145,WH004,715,17,0,28,0,0,704
2025-05-12,SKU114,WH001,232,9,0,12,0,2,227
2025-05-12,SKU048,WH005,102,14,0,7,0,0,109
2025-05-12,SKU068,WH001,74,4,0,8,0,0,70
2025-05-12,SKU137,WH005,240,15,0,5,0,0,250
2025-05-12,SKU039,WH003,297,18,37,28,0,0,324
2025-05-12,SKU066,WH003,221,10,0,21,1,0,209
2025-05-12,SKU073,WH001,182,6,0,35,1,0,152
2025-05-12,SKU147,WH002,397,6,0,21,0,0,382
2025-05-12,SKU123,WH003,69,12,0,13,0,0,68
2025-05-12,SKU088,WH001,141,7,0,3,0,0,145
2025-05-12,SKU077,WH003,105,10,0,22,1,1,91
2025-05-12,SKU149,WH004,480,6,41,37,0,1,489
2025-05-13,SKU111,WH005,820,16,38,36,0,3,835
2025-05-13,SKU114,WH001,166,8,0,22,0,1,151
2025-05-13,SKU103,WH002,36,17,4,4,0,0,53
2025-05-13,SKU083,WH001,97,4,21,20,0,0,102
2025-05-13,SKU088,WH001,145,14,0,2,0,0,157
2025-05-13,SKU016,WH003,140,18,0,12,1,1,144
2025-05-13,SKU021,WH001,148,24,0,12,0,0,160
2025-05-13,SKU138,WH004,25,12,0,7,0,0,30
2025-05-13,SKU038,WH005,134,15,0,21,0,0,128
2025-05-13,SKU047,WH001,270,8,10,7,0,0,281
2025-05-13,SKU020,WH001,57,9,0,13,0,0,53
2025-05-13,SKU075,WH002,206,6,24,25,1,0,210
2025-05-13,SKU149,WH005,299,12,0,30,0,0,281
2025-05-13,SKU042,WH002,45,19,5,6,0,0,63
2025-05-13,SKU056,WH005,306,3,0,13,0,0,296
2025-05-13,SKU085,WH001,413,4,36,47,2,2,402
2025-05-13,SKU122,WH005,164,16,23,24,0,1,178
2025-05-13,SKU081,WH001,142,20,38,24,0,0,176
2025-05-13,SKU109,WH001,161,9,0,2,0,0,168
2025-05-13,SKU092,WH002,223,12,26,20,0,2,239
2025-05-13,SKU112,WH004,147,5,0,5,0,1,146
2025-05-13,SKU098,WH002,721,1,0,31,0,1,690
2025-05-13,SKU004,WH001,72,13,0,6,0,0,79
2025-05-13,SKU043,WH002,185,6,0,14,0,1,176
2025-05-13,SKU135,WH003,120,10,21,11,0,0,140
2025-05-13,SKU024,WH002,343,20,0,12,0,0,351
2025-05-13,SKU046,WH002,320,10,24,32,0,0,322
2025-05-13,SKU027,WH003,242,14,24,15,0,1,264
2025-05-13,SKU048,WH002,162,12,9,6,0,0,177
2025-05-13,SKU013,WH005,220,16,0,16,0,1,219
2025-05-13,SKU107,WH004,403,17,21,26,0,1,414
2025-05-13,SKU117,WH002,136,4,0,5,0,0,135
2025-05-13,SKU133,WH004,122,15,0,7,0,0,130
2025-05-13,SKU108,WH004,441,16,0,39,1,1,416
2025-05-13,SKU146,WH001,610,11,25,28,0,1,617
2025-05-13,SKU023,WH001,216,18,0,27,1,1,205
2025-05-13,SKU120,WH001,44,1,0,7,0,1,37
2025-05-13,SKU049,WH003,151,6,25,30,0,0,152
2025-05-13,SKU054,WH001,359,10,0,17,0,0,352
2025-05-13,SKU061,WH002,34,7,5,5,0,0,41
2025-05-13,SKU051,WH001,75,16,0,4,0,0,87
2025-05-13,SKU091,WH001,161,17,0,6,0,1,171
2025-05-13,SKU077,WH004,110,9,0,17,0,0,102
2025-05-13,SKU068,WH003,62,8,0,10,0,0,60
2025-05-13,SKU121,WH003,26,11,18,14,1,0,40
2025-05-14,SKU113,WH002,33,18,16,11,0,0,56
2025-05-14,SKU112,WH004,68,8,0,7,0,0,69
2025-05-14,SKU020,WH005,197,20,20,10,0,0,227
2025-05-14,SKU115,WH003,95,3,0,14,0,0,84
2025-05-14,SKU090,WH005,327,8,20,16,0,1,338
2025-05-14,SKU053,WH002,156,5,38,18,1,0,180
2025-05-14,SKU064,WH002,269,16,0,27,0,1,257
2025-05-14,SKU007,WH003,91,7,13,13,0,0,98
2025-05-14,SKU038,WH004,445,11,0,25,0,2,429
2025-05-14,SKU023,WH005,189,13,37,21,0,0,218
2025-05-14,SKU012,WH004,55,6,8,10,0,0,59
2025-05-14,SKU048,WH001,80,12,0,9,0,0,83
2025-05-14,SKU061,WH004,67,10,0,3,0,0,74
2025-05-14,SKU004,WH001,182,23,18,8,0,0,215
2025-05-14,SKU084,WH002,28,6,0,3,0,0,31
2025-05-14,SKU055,WH001,231,19,0,17,1,0,232
2025-05-14,SKU116,WH005,264,19,0,26,0,0,257
2025-05-14,SKU073,WH003,246,5,40,28,0,0,263
2025-05-14,SKU135,WH005,48,11,14,8,0,0,65
2025-05-14,SKU138,WH005,82,16,9,6,0,0,101
2025-05-14,SKU030,WH003,145,13,23,13,0,0,168
2025-05-14,SKU001,WH002,103,9,0,14,0,0,98
2025-05-14,SKU058,WH002,149,8,32,25,0,0,164
2025-05-14,SKU065,WH001,109,24,9,13,0,0,129
2025-05-14,SKU091,WH002,43,12,0,5,0,0,50
2025-05-14,SKU022,WH003,365,17,26,27,1,0,380
2025-05-14,SKU049,WH002,255,7,0,24,0,0,238
2025-05-14,SKU094,WH002,232,6,0,35,1,0,202
2025-05-14,SKU144,WH003,108,17,0,9,0,0,116
2025-05-14,SKU067,WH003,536,11,0,18,0,3,526
2025-05-14,SKU031,WH004,451,4,0,21,0,1,433
2025-05-14,SKU025,WH003,149,12,23,19,1,0,164
2025-05-14,SKU078,WH004,70,6,15,14,0,0,77
2025-05-14,SKU077,WH003,210,4,17,25,0,1,205
2025-05-14,SKU056,WH005,262,5,0,21,0,1,245
2025-05-14,SKU035,WH004,277,17,0,21,0,1,272
2025-05-14,SKU122,WH004,37,20,24,13,0,0,68
2025-05-14,SKU069,WH004,301,5,0,26,0,1,279
2025-05-14,SKU149,WH003,409,10,0,40,0,2,377
2025-05-14,SKU057,WH003,259,16,0,18,0,1,256
2025-05-14,SKU076,WH003,197,4,0,17,0,0,184
2025-05-14,SKU110,WH001,266,13,0,14,0,2,263
2025-05-14,SKU011,WH002,154,3,0,31,0,0,126
2025-05-14,SKU107,WH001,341,6,0,18,0,0,329
2025-05-14,SKU100,WH004,181,20,9,16,0,0,194
2025-05-15,SKU114,WH004,78,4,0,10,0,1,71
2025-05-15,SKU038,WH001,317,22,0,23,0,0,316
2025-05-15,SKU026,WH002,439,2,31,29,0,1,442
2025-05-15,SKU063,WH003,185,10,0,29,0,0,166
2025-05-15,SKU050,WH001,778,4,41,36,0,2,785
2025-05-15,SKU078,WH005,79,8,16,19,1,0,83
2025-05-15,SKU142,WH003,164,3,44,27,0,0,184
2025-05-15,SKU110,WH005,117,17,34,29,0,0,139
2025-05-15,SKU049,WH004,410,5,0,18,1,0,396
2025-05-15,SKU058,WH003,372,8,31,24,0,0,387
2025-05-15,SKU120,WH005,262,6,0,9,0,0,259
2025-05-15,SKU133,WH001,138,15,0,6,0,0,147
2025-05-15,SKU123,WH004,51,9,0,11,0,0,49
2025-05-15,SKU030,WH001,572,9,0,22,0,0,559
2025-05-15,SKU143,WH002,57,15,17,12,0,0,77
2025-05-15,SKU093,WH004,1015,6,0,30,0,3,988
2025-05-15,SKU096,WH002,648,14,37,33,0,1,665
2025-05-15,SKU147,WH004,100,4,35,10,1,0,128
2025-05-15,SKU051,WH004,75,17,0,10,0,1,81
2025-05-15,SKU019,WH003,126,14,0,31,0,0,109
2025-05-15,SKU070,WH001,171,13,19,16,0,1,186
2025-05-15,SKU139,WH005,602,10,0,41,1,0,570
2025-05-15,SKU148,WH003,152,2,0,19,0,0,135
2025-05-15,SKU004,WH002,143,17,0,4,0,2,154
2025-05-15,SKU130,WH001,283,1,0,19,0,2,263
2025-05-15,SKU066,WH001,86,17,0,21,0,1,81
2025-05-15,SKU088,WH005,98,11,0,5,0,0,104
2025-05-15,SKU068,WH001,175,8,0,7,0,0,176
2025-05-15,SKU137,WH005,30,14,10,12,0,0,42
2025-05-15,SKU035,WH005,457,14,0,29,0,0,442
2025-05-15,SKU115,WH005,94,9,20,9,0,0,114
2025-05-15,SKU011,WH005,218,6,0,20,1,2,201
2025-05-15,SKU016,WH005,125,13,0,13,0,1,124
2025-05-15,SKU128,WH005,153,11,13,9,0,1,167
2025-05-15,SKU083,WH004,353,4,21,23,0,2,353
2025-05-15,SKU032,WH004,57,18,0,7,0,1,67
2025-05-15,SKU007,WH005,80,11,0,8,0,0,83
2025-05-15,SKU009,WH003,119,10,8,3,0,2,132
2025-05-15,SKU112,WH004,129,12,9,7,0,0,143
2025-05-15,SKU023,WH001,143,16,0,20,0,0,139
2025-05-15,SKU055,WH001,283,12,0,23,0,0,272
2025-05-15,SKU117,WH004,30,4,0,10,0,0,24
2025-05-15,SKU008,WH005,193,4,45,37,0,0,205
2025-05-15,SKU037,WH002,43,20,0,18,0,0,45
2025-05-15,SKU057,WH003,153,22,23,22,0,0,176
2025-05-16,SKU007,WH003,100,6,20,12,0,0,114
2025-05-16,SKU127,WH004,332,5,0,27,0,1,309
2025-05-16,SKU095,WH005,120,14,0,6,0,0,128
2025-05-16,SKU099,WH002,150,8,27,21,0,0,164
2025-05-16,SKU113,WH002,207,16,0,8,0,1,214
2025-05-16,SKU096,WH001,343,14,40,38,1,2,356
2025-05-16,SKU021,WH005,171,19,0,16,0,2,172
2025-05-16,SKU141,WH004,177,20,0,5,0,2,190
2025-05-16,SKU123,WH005,88,16,0,9,0,0,95
2025-05-16,SKU122,WH003,61,17,0,22,0,0,56
2025-05-16,SKU005,WH004,102,4,0,15,0,0,91
2025-05-16,SKU104,WH005,111,11,0,11,0,0,111
2025-05-16,SKU010,WH002,205,18,0,36,0,1,186
2025-05-16,SKU067,WH003,436,11,35,38,1,0,443
2025-05-16,SKU107,WH002,326,11,0,25,1,0,311
2025-05-16,SKU044,WH004,206,23,0,26,0,1,202
2025-05-16,SKU035,WH002,60,25,17,22,0,0,80
2025-05-16,SKU019,WH003,580,12,0,28,0,0,564
2025-05-16,SKU148,WH005,336,3,0,17,0,0,322
2025-05-16,SKU031,WH003,142,6,0,18,0,0,130
2025-05-16,SKU093,WH001,615,6,38,33,1,0,625
2025-05-16,SKU029,WH004,231,11,26,29,0,0,239
2025-05-16,SKU008,WH002,230,4,47,44,0,0,237
2025-05-16,SKU045,WH005,263,17,0,14,0,0,266
2025-05-16,SKU018,WH004,66,18,26,16,1,0,93
2025-05-16,SKU036,WH002,377,8,0,17,0,0,368
2025-05-16,SKU133,WH005,125,20,0,12,0,0,133
2025-05-16,SKU118,WH005,208,10,22,19,0,0,221
2025-05-16,SKU066,WH003,285,16,0,20,0,0,281
2025-05-16,SKU001,WH001,151,16,0,9,0,1,157
2025-05-16,SKU084,WH002,50,5,0,5,0,0,50
2025-05-16,SKU048,WH003,151,15,8,6,0,0,168
2025-05-16,SKU097,WH001,48,17,0,9,0,0,56
2025-05-16,SKU149,WH004,83,14,0,27,1,0,69
2025-05-16,SKU076,WH003,251,6,0,16,0,1,240
2025-05-16,SKU052,WH004,55,14,11,10,0,0,70
2025-05-16,SKU002,WH003,280,11,29,24,0,2,294
2025-05-16,SKU085,WH004,328,4,0,31,0,2,299
2025-05-16,SKU092,WH002,322,8,0,16,0,1,313
2025-05-16,SKU056,WH003,98,0,0,11,0,1,86
2025-05-16,SKU039,WH001,501,7,0,43,0,1,464
2025-05-16,SKU063,WH002,247,8,0,28,1,0,226
2025-05-16,SKU049,WH003,415,8,22,20,0,2,423
2025-05-16,SKU115,WH002,94,4,0,11,0,0,87
2025-05-16,SKU102,WH001,250,13,0,22,0,0,241
2025-05-17,SKU137,WH005,33,14,0,6,0,0,41
2025-05-17,SKU003,WH002,148,13,12,10,1,0,162
2025-05-17,SKU051,WH003,26,16,0,7,0,0,35
2025-05-17,SKU055,WH001,163,14,25,17,0,0,185
2025-05-17,SKU034,WH003,291,10,0,17,0,1,283
2025-05-17,SKU014,WH004,243,8,40,20,1,0,270
2025-05-17,SKU006,WH003,484,14,0,25,1,2,470
2025-05-17,SKU133,WH003,101,17,0,10,0,0,108
2025-05-17,SKU063,WH002,147,14,43,41,1,0,162
2025-05-17,SKU087,WH002,212,19,25,28,0,0,228
2025-05-17,SKU140,WH004,385,10,0,22,0,0,373
2025-05-17,SKU004,WH002,87,20,0,5,0,0,102
2025-05-17,SKU150,WH001,185,18,30,25,0,0,208
2025-05-17,SKU086,WH005,53,21,0,21,0,0,53
2025-05-17,SKU043,WH003,267,7,0,11,0,1,262
2025-05-17,SKU061,WH003,112,12,4,6,0,0,122
2025-05-17,SKU039,WH004,166,8,0,27,0,0,147
2025-05-17,SKU107,WH004,197,4,27,28,0,0,200
2025-05-17,SKU007,WH002,312,9,0,15,1,0,305
2025-05-17,SKU147,WH001,196,3,21,19,0,0,201
2025-05-17,SKU143,WH002,41,19,16,11,0,1,64
2025-05-17,SKU033,WH002,189,4,21,35,1,1,177
2025-05-17,SKU058,WH002,313,12,28,34,0,2,317
2025-05-17,SKU026,WH005,35,3,0,32,0,0,6
2025-05-17,SKU049,WH001,94,7,0,20,0,1,80
2025-05-17,SKU101,WH004,263,7,0,18,0,0,252
2025-05-17,SKU018,WH001,248,11,0,19,1,0,239
2025-05-17,SKU053,WH001,222,6,0,16,0,1,211
2025-05-17,SKU038,WH002,479,9,0,31,1,0,456
2025-05-17,SKU074,WH001,154,15,44,29,0,0,184
2025-05-17,SKU030,WH002,306,16,31,15,0,0,338
2025-05-17,SKU017,WH005,357,12,0,35,0,0,334
2025-05-17,SKU040,WH003,390,14,0,9,0,1,394
2025-05-17,SKU128,WH005,249,10,0,11,0,0,248
2025-05-17,SKU123,WH001,32,15,14,5,0,0,56
2025-05-17,SKU097,WH002,24,18,4,8,0,0,38
2025-05-17,SKU057,WH003,334,16,0,23,0,0,327
2025-05-17,SKU059,WH005,56,16,8,5,0,0,75
2025-05-17,SKU016,WH001,219,8,0,17,0,0,210
2025-05-17,SKU036,WH001,143,14,0,27,0,0,130
2025-05-17,SKU148,WH001,220,1,13,14,0,0,220
2025-05-17,SKU142,WH005,368,3,51,32,0,0,390
2025-05-17,SKU149,WH002,310,16,41,34,1,0,332
2025-05-17,SKU108,WH004,1099,16,0,37,0,2,1076
2025-05-17,SKU113,WH003,45,16,18,18,0,0,61
2025-05-18,SKU105,WH004,44,6,3,2,0,0,51
2025-05-18,SKU104,WH002,167,15,0,11,0,0,171
2025-05-18,SKU150,WH002,471,20,0,29,0,1,461
2025-05-18,SKU090,WH001,259,9,0,19,0,1,248
2025-05-18,SKU084,WH004,25,4,0,4,0,0,25
2025-05-18,SKU119,WH002,69,23,29,36,0,0,85
2025-05-18,SKU145,WH002,79,7,0,36,0,0,50
2025-05-18,SKU034,WH002,189,9,0,15,0,0,183
2025-05-18,SKU123,WH004,113,10,0,8,0,1,114
2025-05-18,SKU142,WH004,252,7,0,23,0,1,235
2025-05-18,SKU049,WH001,201,8,0,20,0,0,189
2025-05-18,SKU115,WH005,119,7,0,14,0,1,111
2025-05-18,SKU069,WH001,927,4,0,38,0,2,891
2025-05-18,SKU149,WH003,427,10,40,30,0,0,447
2025-05-18,SKU013,WH001,131,22,21,16,0,0,158
2025-05-18,SKU044,WH003,409,20,0,18,1,0,410
2025-05-18,SKU146,WH003,335,11,0,22,0,0,324
2025-05-18,SKU133,WH004,97,22,9,9,1,1,117
2025-05-18,SKU110,WH002,294,15,28,22,0,1,314
2025-05-18,SKU012,WH005,102,6,0,10,0,0,98
2025-05-18,SKU016,WH001,65,12,24,14,0,0,87
2025-05-18,SKU136,WH005,519,10,31,24,0,1,535
2025-05-18,SKU082,WH005,312,7,37,16,0,1,339
2025-05-18,SKU014,WH003,867,2,33,30,0,0,872
2025-05-18,SKU135,WH001,18,6,0,18,1,0,5
2025-05-18,SKU047,WH005,102,9,0,9,0,0,102
2025-05-18,SKU109,WH004,162,12,0,11,1,1,161
2025-05-18,SKU148,WH002,129,8,0,10,0,0,127
2025-05-18,SKU019,WH001,238,23,0,31,0,0,230
2025-05-18,SKU128,WH002,104,5,0,9,0,0,100
2025-05-18,SKU028,WH004,180,12,0,16,0,0,176
2025-05-18,SKU141,WH005,168,13,0,3,0,2,176
2025-05-18,SKU054,WH004,61,23,0,11,0,0,73
2025-05-18,SKU125,WH004,785,1,36,33,0,1,788
2025-05-18,SKU009,WH004,117,13,0,10,0,0,120
2025-05-18,SKU026,WH002,446,1,34,33,0,0,448
2025-05-18,SKU011,WH001,65,7,0,19,0,0,53
2025-05-18,SKU103,WH003,64,10,0,4,0,0,70
2025-05-18,SKU029,WH005,242,12,25,23,0,1,255
2025-05-18,SKU102,WH002,401,13,19,25,0,3,405
2025-05-18,SKU066,WH004,493,16,0,18,0,1,490
2025-05-18,SKU076,WH003,639,9,0,16,0,2,630
2025-05-18,SKU024,WH004,529,17,0,14,1,0,531
2025-05-18,SKU088,WH001,55,7,0,6,0,0,56
2025-05-18,SKU056,WH004,164,4,0,21,0,0,147
2025-05-19,SKU092,WH002,230,11,0,24,0,0,217
2025-05-19,SKU095,WH003,324,9,7,5,0,2,333
2025-05-19,SKU018,WH001,224,12,0,18,0,0,218
2025-05-19,SKU055,WH003,203,14,0,29,0,0,188
2025-05-19,SKU146,WH001,379,16,24,23,0,2,394
2025-05-19,SKU065,WH002,100,21,0,13,0,1,107
2025-05-19,SKU117,WH004,36,8,0,6,0,0,38
2025-05-19,SKU009,WH005,131,10,6,10,0,0,137
2025-05-19,SKU108,WH003,288,18,34,31,0,0,309
2025-05-19,SKU094,WH003,329,8,0,30,0,0,307
2025-05-19,SKU068,WH005,77,7,0,7,0,0,77
2025-05-19,SKU048,WH002,76,8,9,5,0,0,88
2025-05-19,SKU013,WH003,114,12,14,16,0,0,124
2025-05-19,SKU081,WH004,752,7,0,34,2,0,723
2025-05-19,SKU071,WH004,189,10,9,10,0,0,198
2025-05-19,SKU116,WH005,116,15,30,24,0,0,137
2025-05-19,SKU051,WH005,63,17,5,12,0,0,73
2025-05-19,SKU135,WH005,295,17,0,9,0,0,303
2025-05-19,SKU064,WH002,81,16,28,16,0,0,109
2025-05-19,SKU057,WH003,316,13,25,20,0,0,334
2025-05-19,SKU140,WH001,377,15,0,20,1,1,370
2025-05-19,SKU035,WH001,190,28,24,15,0,0,227
2025-05-19,SKU134,WH001,313,3,49,34,1,1,329
2025-05-19,SKU053,WH004,445,6,0,22,0,0,429
2025-05-19,SKU044,WH005,653,20,0,30,0,2,641
2025-05-19,SKU080,WH001,69,13,10,9,0,0,83
2025-05-19,SKU091,WH003,148,13,0,4,0,0,157
2025-05-19,SKU102,WH004,1048,15,0,31,0,1,1031
2025-05-19,SKU042,WH002,23,16,7,10,0,0,36
2025-05-19,SKU126,WH004,415,0,0,25,0,0,390
2025-05-19,SKU084,WH002,25,3,5,3,0,0,30
2025-05-19,SKU105,WH001,63,6,6,4,0,0,71
2025-05-19,SKU059,WH003,43,16,0,3,0,0,56
2025-05-19,SKU025,WH002,145,18,19,14,0,0,168
2025-05-19,SKU150,WH004,65,18,0,17,0,0,66
2025-05-19,SKU007,WH004,142,9,0,13,0,1,137
2025-05-19,SKU119,WH005,277,16,0,20,1,0,272
2025-05-19,SKU107,WH001,783,7,24,22,0,3,789
2025-05-19,SKU129,WH004,83,12,0,21,0,0,74
2025-05-19,SKU062,WH004,79,8,14,16,0,0,85
2025-05-19,SKU110,WH003,143,9,26,18,0,0,160
2025-05-19,SKU028,WH004,213,9,0,16,0,2,204
2025-05-19,SKU085,WH001,197,4,36,38,0,1,198
2025-05-19,SKU123,WH002,62,14,10,16,1,0,69
2025-05-19,SKU045,WH004,272,9,0,11,0,0,270
2025-05-20,SKU055,WH003,69,21,0,18,1,0,71
2025-05-20,SKU125,WH004,865,0,42,34,2,2,869
2025-05-20,SKU087,WH002,40,12,27,31,1,0,47
2025-05-20,SKU128,WH004,78,2,0,12,0,0,68
2025-05-20,SKU028,WH003,107,7,0,12,0,0,102
2025-05-20,SKU076,WH004,179,7,21,19,0,2,186
2025-05-20,SKU101,WH004,470,3,0,15,0,3,455
2025-05-20,SKU036,WH002,131,22,0,15,0,0,138
2025-05-20,SKU069,WH004,237,6,0,33,0,1,209
2025-05-20,SKU112,WH001,80,8,0,10,0,1,77
2025-05-20,SKU139,WH001,92,9,37,37,0,0,101
2025-05-20,SKU025,WH004,128,15,0,14,0,0,129
2025-05-20,SKU013,WH005,55,16,17,10,0,1,77
2025-05-20,SKU010,WH003,1261,16,0,31,1,2,1243
2025-05-20,SKU045,WH002,101,18,16,13,0,0,122
2025-05-20,SKU122,WH001,123,21,0,15,1,0,128
2025-05-20,SKU046,WH004,293,12,0,20,0,1,284
2025-05-20,SKU113,WH002,110,13,11,9,0,0,125
2025-05-20,SKU062,WH002,67,6,23,13,0,0,83
2025-05-20,SKU022,WH005,373,21,0,14,0,1,379
2025-05-20,SKU032,WH001,63,20,8,7,0,0,84
2025-05-20,SKU027,WH005,38,3,0,18,0,1,22
2025-05-20,SKU092,WH001,283,14,0,26,0,0,271
2025-05-20,SKU001,WH002,184,18,0,15,0,0,187
2025-05-20,SKU059,WH002,86,18,0,5,0,0,99
2025-05-20,SKU098,WH003,176,2,0,30,0,1,147
2025-05-20,SKU074,WH001,331,15,0,33,0,1,312
2025-05-20,SKU016,WH001,230,16,0,14,0,0,232
2025-05-20,SKU006,WH005,273,18,0,24,0,1,266
2025-05-20,SKU082,WH004,60,12,0,26,0,0,46
2025-05-20,SKU086,WH001,139,16,30,20,1,0,164
2025-05-20,SKU148,WH004,112,3,0,19,0,0,96
2025-05-20,SKU021,WH005,64,24,0,18,0,0,70
2025-05-20,SKU026,WH003,485,3,17,20,0,0,485
2025-05-20,SKU078,WH003,276,13,0,15,0,0,274
2025-05-20,SKU009,WH001,68,11,13,5,0,0,87
2025-05-20,SKU005,WH002,103,0,0,15,0,0,88
2025-05-20,SKU145,WH001,601,12,0,32,0,1,580
2025-05-20,SKU081,WH005,385,5,0,26,0,2,362
2025-05-20,SKU143,WH004,154,19,0,12,1,0,160
2025-05-20,SKU107,WH002,383,7,0,17,1,1,371
2025-05-20,SKU094,WH003,239,5,24,29,0,1,238
2025-05-20,SKU085,WH001,460,6,0,27,0,1,438
2025-05-20,SKU140,WH005,91,17,0,27,0,0,81
2025-05-20,SKU103,WH002,51,12,0,3,0,0,60
2025-05-21,SKU096,WH001,182,20,0,29,0,0,173
2025-05-21,SKU009,WH001,74,13,0,5,0,0,82
2025-05-21,SKU126,WH002,499,2,0,30,0,0,471
2025-05-21,SKU054,WH005,312,16,0,29,1,3,295
2025-05-21,SKU026,WH003,145,6,0,23,0,0,128
2025-05-21,SKU133,WH001,202,22,12,5,0,0,231
2025-05-21,SKU027,WH004,174,12,18,14,0,0,190
2025-05-21,SKU011,WH004,521,6,0,25,0,0,502
2025-05-21,SKU104,WH002,317,11,16,16,1,1,326
2025-05-21,SKU021,WH004,87,17,0,14,0,1,89
2025-05-21,SKU037,WH002,365,21,0,13,0,1,372
2025-05-21,SKU020,WH001,53,25,10,10,0,0,78
2025-05-21,SKU128,WH003,58,5,16,5,0,0,74
2025-05-21,SKU015,WH001,63,8,0,4,0,0,67
2025-05-21,SKU066,WH001,214,11,23,24,0,0,224
2025-05-21,SKU076,WH001,483,7,0,22,0,1,467
2025-05-21,SKU047,WH005,56,12,0,4,0,0,64
2025-05-21,SKU144,WH001,46,20,10,4,0,0,72
2025-05-21,SKU052,WH001,113,12,0,11,1,0,113
2025-05-21,SKU138,WH003,75,20,0,2,0,0,93
2025-05-21,SKU129,WH003,311,15,23,36,0,1,312
2025-05-21,SKU008,WH005,150,3,0,34,0,0,119
2025-05-21,SKU024,WH005,42,12,0,15,1,0,38
2025-05-21,SKU050,WH003,504,3,47,33,0,0,521
2025-05-21,SKU006,WH003,538,11,0,31,0,0,518
2025-05-21,SKU105,WH001,88,5,0,7,0,0,86
2025-05-21,SKU029,WH004,536,16,27,28,1,1,549
2025-05-21,SKU017,WH005,583,14,0,33,0,3,561
2025-05-21,SKU007,WH003,173,10,12,9,0,1,185
2025-05-21,SKU019,WH004,501,11,26,39,0,1,498
2025-05-21,SKU045,WH001,201,12,0,14,0,0,199
2025-05-21,SKU141,WH001,46,22,0,3,0,0,65
2025-05-21,SKU107,WH004,377,10,0,29,2,0,356
2025-05-21,SKU012,WH004,90,4,0,7,0,0,87
2025-05-21,SKU099,WH004,379,13,0,17,0,1,374
2025-05-21,SKU067,WH001,459,8,28,33,0,0,462
2025-05-21,SKU134,WH001,174,0,51,38,1,0,186
2025-05-21,SKU034,WH004,104,6,0,14,0,0,96
2025-05-21,SKU085,WH005,332,2,0,34,0,2,298
2025-05-21,SKU032,WH004,107,22,7,2,0,0,134
2025-05-21,SKU040,WH005,278,19,14,16,0,0,295
2025-05-21,SKU061,WH001,77,11,5,7,0,0,86
2025-05-21,SKU070,WH002,208,11,0,23,1,0,195
2025-05-21,SKU135,WH004,157,8,0,12,0,1,152
2025-05-21,SKU092,WH002,226,8,26,23,1,1,235
2025-05-22,SKU125,WH004,484,3,0,28,0,1,458
2025-05-22,SKU091,WH003,18,18,0,10,0,0,26
2025-05-22,SKU029,WH003,337,17,0,25,0,2,327
2025-05-22,SKU142,WH001,638,2,0,34,1,0,605
2025-05-22,SKU011,WH002,222,8,29,25,0,1,233
2025-05-22,SKU134,WH001,677,7,0,31,0,0,653
2025-05-22,SKU110,WH004,97,7,23,28,0,1,98
2025-05-22,SKU034,WH003,443,7,0,21,0,1,428
2025-05-22,SKU019,WH001,41,12,0,27,1,0,25
2025-05-22,SKU022,WH001,240,11,0,22,0,0,229
2025-05-22,SKU081,WH001,315,4,0,25,0,2,292
2025-05-22,SKU099,WH001,284,8,0,24,0,0,268
2025-05-22,SKU017,WH003,399,21,40,22,0,0,438
2025-05-22,SKU135,WH005,136,10,11,8,0,0,149
2025-05-22,SKU140,WH002,159,13,0,23,0,0,149
2025-05-22,SKU002,WH005,357,6,42,22,0,0,383
2025-05-22,SKU035,WH003,326,15,19,22,1,0,337
2025-05-22,SKU098,WH005,266,2,0,26,1,2,239
2025-05-22,SKU013,WH003,191,9,0,17,0,0,183
2025-05-22,SKU032,WH005,6,12,0,5,0,0,13
2025-05-22,SKU010,WH005,1079,12,33,20,0,3,1101
2025-05-22,SKU086,WH004,214,13,0,28,0,1,198
2025-05-22,SKU049,WH005,212,15,17,27,1,0,216
2025-05-22,SKU082,WH004,370,11,0,21,0,0,360
2025-05-22,SKU039,WH002,294,6,37,25,0,2,310
2025-05-22,SKU042,WH001,67,17,0,2,0,0,82
2025-05-22,SKU120,WH003,60,2,0,10,0,0,52
2025-05-22,SKU058,WH004,114,8,43,34,0,0,131
2025-05-22,SKU020,WH001,84,15,0,12,1,0,86
2025-05-22,SKU066,WH004,147,9,0,20,0,0,136
2025-05-22,SKU055,WH002,705,12,0,14,0,1,702
2025-05-22,SKU092,WH003,145,9,27,17,0,0,164
2025-05-22,SKU102,WH004,151,14,0,26,0,0,139
2025-05-22,SKU115,WH001,169,6,0,10,0,2,163
2025-05-22,SKU021,WH003,219,10,0,11,0,0,218
2025-05-22,SKU004,WH005,210,17,11,13,0,0,225
2025-05-22,SKU012,WH003,193,6,0,7,0,0,192
2025-05-22,SKU146,WH004,486,8,0,19,0,1,474
2025-05-22,SKU005,WH001,128,3,16,21,1,4,121
2025-05-22,SKU077,WH003,166,11,21,15,0,0,183
2025-05-22,SKU023,WH003,316,8,29,21,0,2,330
2025-05-22,SKU070,WH001,85,13,0,14,0,1,83
2025-05-22,SKU103,WH001,90,16,0,2,0,0,104
2025-05-22,SKU083,WH005,273,3,32,15,0,1,292
2025-05-22,SKU048,WH003,70,15,0,6,0,0,79
2025-05-23,SKU136,WH005,350,14,0,11,0,0,353
2025-05-23,SKU062,WH002,393,6,18,15,0,2,400
2025-05-23,SKU072,WH001,397,0,33,30,0,1,399
2025-05-23,SKU035,WH004,26,13,0,22,0,1,16
2025-05-23,SKU143,WH005,234,18,18,16,0,0,254
2025-05-23,SKU089,WH001,49,20,4,8,0,0,65
2025-05-23,SKU006,WH005,700,22,0,29,0,1,692
2025-05-23,SKU088,WH005,58,10,0,3,0,0,65
2025-05-23,SKU083,WH002,279,4,0,27,0,0,256
2025-05-23,SKU087,WH004,396,8,0,30,0,1,373
2025-05-23,SKU042,WH003,23,16,0,1,0,0,38
2025-05-23,SKU011,WH005,230,10,34,26,0,0,248
2025-05-23,SKU053,WH003,82,5,21,20,0,0,88
2025-05-23,SKU047,WH005,39,12,0,7,0,0,44
2025-05-23,SKU126,WH005,250,3,0,27,0,1,225
2025-05-23,SKU045,WH001,140,15,0,16,0,1,138
2025-05-23,SKU106,WH003,238,17,27,33,1,1,247
2025-05-23,SKU082,WH005,211,8,30,21,0,0,228
2025-05-23,SKU037,WH003,189,12,0,19,0,0,182
2025-05-23,SKU001,WH003,262,15,18,15,0,0,280
2025-05-23,SKU101,WH003,298,7,0,26,1,0,278
2025-05-23,SKU023,WH003,86,15,0,21,0,0,80
2025-05-23,SKU117,WH005,179,12,0,15,0,0,176
2025-05-23,SKU038,WH002,290,12,0,31,0,0,271
2025-05-23,SKU094,WH005,98,6,0,21,0,0,83
2025-05-23,SKU009,WH003,189,7,0,5,0,1,190
2025-05-23,SKU108,WH003,272,13,44,34,0,0,295
2025-05-23,SKU013,WH003,302,11,19,27,0,0,305
2025-05-23,SKU060,WH004,575,6,0,18,0,1,562
2025-05-23,SKU066,WH004,224,14,20,20,0,0,238
2025-05-23,SKU079,WH004,659,5,0,34,0,0,630
2025-05-23,SKU056,WH002,117,2,27,18,0,0,128
2025-05-23,SKU078,WH004,301,10,0,17,0,1,293
2025-05-23,SKU058,WH004,323,11,0,36,0,0,298
2025-05-23,SKU121,WH005,237,13,0,17,0,0,233
2025-05-23,SKU019,WH001,489,13,0,29,2,1,470
2025-05-23,SKU147,WH001,377,4,0,23,0,0,358
2025-05-23,SKU131,WH002,123,9,12,5,0,0,139
2025-05-23,SKU141,WH004,74,13,0,7,0,0,80
2025-05-23,SKU113,WH002,88,7,12,10,0,0,97
2025-05-23,SKU003,WH003,148,28,0,6,0,1,169
2025-05-23,SKU064,WH005,165,9,25,11,0,0,188
2025-05-23,SKU036,WH003,104,23,28,25,0,0,130
2025-05-23,SKU021,WH001,175,22,0,10,0,0,187
2025-05-23,SKU085,WH004,413,2,0,35,2,4,374
2025-05-24,SKU003,WH001,100,14,0,10,0,0,104
2025-05-24,SKU005,WH002,79,3,0,12,0,0,70
2025-05-24,SKU052,WH002,104,15,0,6,0,0,113
2025-05-24,SKU010,WH001,100,8,41,22,2,0,125
2025-05-24,SKU109,WH002,122,7,0,8,0,0,121
2025-05-24,SKU083,WH004,251,2,0,21,0,0,232
2025-05-24,SKU058,WH004,369,11,22,33,1,1,367
2025-05-24,SKU093,WH004,306,3,0,35,0,1,273
2025-05-24,SKU131,WH002,126,9,0,6,0,0,129
2025-05-24,SKU146,WH005,264,28,0,19,0,1,272
2025-05-24,SKU060,WH001,192,10,0,20,0,0,182
2025-05-24,SKU011,WH004,193,1,0,35,0,0,159
2025-05-24,SKU088,WH001,40,10,0,4,0,0,46
2025-05-24,SKU128,WH004,170,4,0,11,0,1,162
2025-05-24,SKU117,WH005,67,10,0,9,0,0,68
2025-05-24,SKU120,WH001,284,3,0,4,0,0,283
2025-05-24,SKU099,WH003,462,10,29,29,1,0,471
2025-05-24,SKU135,WH004,163,5,14,12,0,0,170
2025-05-24,SKU006,WH004,373,19,0,21,0,0,371
2025-05-24,SKU114,WH004,222,9,0,16,0,1,214
2025-05-24,SKU096,WH003,361,12,44,33,0,1,383
2025-05-24,SKU043,WH001,151,4,0,18,0,0,137
2025-05-24,SKU015,WH004,18,9,0,3,0,0,24
2025-05-24,SKU095,WH005,142,14,11,6,0,0,161
2025-05-24,SKU123,WH001,172,5,0,7,0,0,170
2025-05-24,SKU110,WH005,292,13,0,26,0,0,279
2025-05-24,SKU027,WH004,67,9,0,17,0,0,59
2025-05-24,SKU032,WH004,108,21,0,10,0,0,119
2025-05-24,SKU103,WH004,45,18,0,11,1,0,51
2025-05-24,SKU074,WH005,160,14,0,28,0,0,146
2025-05-24,SKU100,WH004,42,16,19,19,0,0,58
2025-05-24,SKU014,WH005,230,3,0,38,1,0,194
2025-05-24,SKU019,WH001,379,12,36,30,0,0,397
2025-05-24,SKU029,WH005,62,13,0,35,0,1,39
2025-05-24,SKU129,WH002,228,25,0,26,1,1,225
2025-05-24,SKU047,WH005,130,11,7,2,0,0,146
2025-05-24,SKU079,WH005,249,7,34,28,0,0,262
2025-05-24,SKU028,WH003,124,13,23,17,0,0,143
2025-05-24,SKU097,WH003,66,8,14,7,0,0,81
2025-05-24,SKU125,WH005,655,4,0,28,0,2,629
2025-05-24,SKU051,WH002,121,15,0,4,0,0,132
2025-05-24,SKU089,WH005,76,14,7,5,0,0,92
2025-05-24,SKU105,WH004,59,14,8,6,0,0,75
2025-05-24,SKU067,WH002,335,12,36,30,2,1,350
2025-05-24,SKU087,WH003,338,20,34,26,0,1,365
2025-05-25,SKU029,WH004,279,15,0,29,0,0,265
2025-05-25,SKU012,WH004,136,7,0,10,0,0,133
2025-05-25,SKU060,WH003,62,9,0,25,0,1,45
2025-05-25,SKU102,WH001,229,13,29,23,0,0,248
2025-05-25,SKU010,WH004,514,13,0,19,1,2,505
2025-05-25,SKU058,WH005,524,10,32,28,0,0,538
2025-05-25,SKU028,WH001,112,10,0,14,0,0,108
2025-05-25,SKU054,WH004,372,14,21,23,1,2,381
2025-05-25,SKU008,WH003,420,4,44,33,0,0,435
2025-05-25,SKU017,WH003,377,19,34,27,1,1,401
2025-05-25,SKU136,WH004,365,15,0,21,0,0,359
2025-05-25,SKU116,WH003,676,18,0,16,0,1,677
2025-05-25,SKU132,WH005,98,10,50,29,0,0,129
2025-05-25,SKU144,WH004,30,10,0,8,0,0,32
2025-05-25,SKU073,WH003,415,4,0,28,0,0,391
2025-05-25,SKU070,WH005,319,8,0,17,1,2,307
2025-05-25,SKU068,WH003,182,2,13,6,0,1,190
2025-05-25,SKU103,WH001,30,17,0,3,0,0,44
2025-05-25,SKU082,WH003,578,6,0,20,0,0,564
2025-05-25,SKU131,WH001,56,5,0,9,0,0,52
2025-05-25,SKU079,WH002,613,6,0,23,0,2,594
2025-05-25,SKU127,WH001,537,5,0,29,0,1,512
2025-05-25,SKU084,WH002,15,7,0,2,0,0,20
2025-05-25,SKU031,WH003,270,7,27,28,0,0,276
2025-05-25,SKU139,WH003,358,10,0,36,0,0,332
2025-05-25,SKU089,WH003,43,15,0,8,0,0,50
2025-05-25,SKU005,WH003,254,5,0,14,0,1,244
2025-05-25,SKU023,WH005,166,15,19,13,0,0,187
2025-05-25,SKU053,WH004,191,8,0,14,2,0,183
2025-05-25,SKU087,WH005,209,9,23,27,0,0,214
2025-05-25,SKU034,WH005,517,4,22,18,0,0,525
2025-05-25,SKU065,WH003,116,15,0,7,0,0,124
2025-05-25,SKU111,WH005,223,13,46,22,0,0,260
2025-05-25,SKU006,WH004,232,8,0,25,0,0,215
2025-05-25,SKU124,WH001,105,7,0,20,1,1,90
2025-05-25,SKU056,WH001,151,2,0,18,0,1,134
2025-05-25,SKU048,WH001,39,10,11,8,0,0,52
2025-05-25,SKU092,WH005,326,5,0,25,0,0,306
2025-05-25,SKU045,WH004,227,20,0,17,0,1,229
2025-05-25,SKU059,WH005,17,19,0,6,0,0,30
2025-05-25,SKU100,WH003,46,9,0,23,0,0,32
2025-05-25,SKU135,WH003,127,9,0,18,1,0,117
2025-05-25,SKU123,WH002,20,11,12,12,0,0,31
2025-05-25,SKU093,WH005,372,1,45,28,1,5,384
2025-05-25,SKU015,WH005,79,5,15,5,1,1,92
2025-05-26,SKU130,WH005,197,3,21,17,0,2,202
2025-05-26,SKU119,WH005,237,18,0,24,0,0,231
2025-05-26,SKU002,WH004,346,7,41,25,0,0,369
2025-05-26,SKU139,WH004,418,7,32,42,1,3,411
2025-05-26,SKU073,WH001,961,4,0,33,0,2,930
2025-05-26,SKU050,WH002,488,5,0,29,1,1,462
2025-05-26,SKU132,WH004,135,12,35,38,0,2,142
2025-05-26,SKU010,WH003,701,8,33,35,0,0,707
2025-05-26,SKU146,WH005,260,18,0,20,1,0,257
2025-05-26,SKU063,WH001,155,10,0,37,1,0,127
2025-05-26,SKU137,WH004,33,11,7,11,0,0,40
2025-05-26,SKU145,WH004,464,12,28,26,1,0,477
2025-05-26,SKU015,WH004,88,6,13,5,0,0,102
2025-05-26,SKU100,WH004,297,13,0,19,0,0,291
2025-05-26,SKU112,WH004,68,3,12,2,0,0,81
2025-05-26,SKU093,WH004,100,3,0,32,2,0,69
2025-05-26,SKU061,WH001,37,8,6,5,0,0,46
2025-05-26,SKU017,WH002,330,20,0,45,0,0,305
2025-05-26,SKU058,WH003,446,4,0,26,0,1,423
2025-05-26,SKU106,WH003,501,16,0,27,0,1,489
2025-05-26,SKU082,WH001,243,8,0,32,0,1,218
2025-05-26,SKU019,WH002,462,20,0,27,1,0,454
2025-05-26,SKU075,WH002,168,12,0,14,0,0,166
2025-05-26,SKU149,WH002,641,14,44,34,0,3,662
2025-05-26,SKU104,WH002,119,11,19,13,0,0,136
2025-05-26,SKU056,WH001,108,5,0,14,0,0,99
2025-05-26,SKU043,WH002,288,6,0,14,0,1,279
2025-05-26,SKU042,WH005,13,14,5,5,0,0,27
2025-05-26,SKU121,WH001,131,12,0,6,1,0,136
2025-05-26,SKU117,WH003,243,5,0,10,0,0,238
2025-05-26,SKU052,WH001,80,7,0,14,0,0,73
2025-05-26,SKU144,WH004,69,16,0,5,0,0,80
2025-05-26,SKU143,WH004,168,19,0,11,0,1,175
2025-05-26,SKU059,WH004,60,20,0,4,0,0,76
2025-05-26,SKU115,WH001,121,6,18,14,0,0,131
2025-05-26,SKU085,WH004,395,4,0,30,1,2,366
2025-05-26,SKU118,WH005,162,19,16,13,2,0,182
2025-05-26,SKU142,WH002,58,6,0,30,0,0,34
2025-05-26,SKU114,WH004,124,14,14,14,0,0,138
2025-05-26,SKU092,WH004,296,9,27,18,0,0,314
2025-05-26,SKU038,WH001,86,19,0,28,0,0,77
2025-05-26,SKU027,WH001,162,4,21,16,0,1,170
2025-05-26,SKU099,WH002,383,13,25,29,0,0,392
2025-05-26,SKU041,WH002,61,14,27,25,1,0,76
2025-05-26,SKU026,WH004,283,2,30,26,1,2,286
2025-05-27,SKU107,WH002,138,4,0,19,0,0,123
2025-05-27,SKU029,WH005,164,12,37,22,0,0,191
2025-05-27,SKU139,WH003,421,4,39,27,0,0,437
2025-05-27,SKU054,WH001,322,11,26,21,1,0,337
2025-05-27,SKU105,WH005,40,4,0,5,0,0,39
2025-05-27,SKU090,WH005,97,6,26,16,0,0,113
2025-05-27,SKU118,WH001,463,10,0,23,0,0,450
2025-05-27,SKU137,WH001,83,14,0,7,0,2,88
2025-05-27,SKU121,WH005,316,7,21,11,0,2,331
2025-05-27,SKU143,WH003,81,22,0,9,0,0,94
2025-05-27,SKU093,WH003,358,4,0,33,0,1,328
2025-05-27,SKU059,WH005,50,8,0,4,0,0,54
2025-05-27,SKU117,WH005,34,9,0,8,0,0,35
2025-05-27,SKU111,WH004,248,9,35,24,0,0,268
2025-05-27,SKU126,WH002,131,6,0,30,0,0,107
2025-05-27,SKU040,WH002,50,16,0,22,0,0,44
2025-05-27,SKU078,WH004,185,15,0,13,0,1,186
2025-05-27,SKU033,WH004,760,2,0,25,0,3,734
2025-05-27,SKU081,WH001,361,11,0,19,0,0,353
2025-05-27,SKU135,WH005,248,12,0,12,0,1,247
2025-05-27,SKU140,WH005,384,11,0,20,0,1,374
2025-05-27,SKU006,WH001,279,11,0,25,0,1,264
2025-05-27,SKU022,WH002,319,13,0,30,0,0,302
2025-05-27,SKU150,WH005,124,19,0,14,0,0,129
2025-05-27,SKU053,WH003,90,6,0,15,0,0,81
2025-05-27,SKU063,WH001,243,8,0,23,0,0,228
2025-05-27,SKU041,WH003,195,7,0,24,0,1,177
2025-05-27,SKU120,WH001,152,2,14,15,0,0,153
2025-05-27,SKU074,WH001,485,9,0,25,1,1,467
2025-05-27,SKU142,WH003,355,1,30,23,0,0,363
2025-05-27,SKU003,WH005,179,9,9,8,0,1,188
2025-05-27,SKU130,WH004,178,6,0,20,0,0,164
2025-05-27,SKU099,WH003,368,8,0,35,0,1,340
2025-05-27,SKU147,WH001,673,5,0,20,0,1,657
2025-05-27,SKU122,WH003,130,19,0,19,0,0,130
2025-05-27,SKU061,WH001,75,11,0,8,0,0,78
2025-05-27,SKU070,WH002,57,13,22,17,0,0,75
2025-05-27,SKU065,WH005,16,17,0,6,1,0,26
2025-05-27,SKU109,WH003,55,7,0,3,0,0,59
2025-05-27,SKU076,WH004,97,6,0,30,0,1,72
2025-05-27,SKU009,WH003,136,10,0,11,1,0,134
2025-05-27,SKU045,WH001,108,18,0,16,0,0,110
2025-05-27,SKU012,WH004,89,10,0,5,0,1,93
2025-05-27,SKU013,WH004,254,20,0,20,0,2,252
2025-05-27,SKU100,WH004,83,6,0,17,0,1,71
2025-05-28,SKU015,WH004,32,7,9,7,0,0,41
2025-05-28,SKU129,WH001,113,25,24,18,0,1,143
2025-05-28,SKU054,WH005,126,17,26,18,0,0,151
2025-05-28,SKU021,WH004,150,14,0,11,0,0,153
2025-05-28,SKU150,WH003,399,16,0,20,0,1,394
2025-05-28,SKU011,WH005,234,2,0,18,0,1,217
2025-05-28,SKU109,WH001,74,6,0,8,1,0,71
2025-05-28,SKU009,WH004,292,13,0,5,0,0,300
2025-05-28,SKU047,WH003,28,11,8,9,0,0,38
2025-05-28,SKU038,WH002,515,18,0,21,0,0,512
2025-05-28,SKU118,WH003,78,17,0,24,0,0,71
2025-05-28,SKU125,WH005,206,5,0,19,0,0,192
2025-05-28,SKU069,WH002,200,4,53,29,1,0,227
2025-05-28,SKU036,WH002,150,25,0,19,1,0,155
2025-05-28,SKU111,WH004,395,18,0,28,0,0,385
2025-05-28,SKU090,WH005,126,4,0,17,0,1,112
2025-05-28,SKU108,WH005,364,9,0,28,0,0,345
2025-05-28,SKU077,WH002,655,3,0,15,1,2,640
2025-05-28,SKU073,WH003,178,2,0,28,0,0,152
2025-05-28,SKU006,WH004,64,18,33,29,0,0,86
2025-05-28,SKU016,WH005,121,9,17,11,1,0,135
2025-05-28,SKU140,WH003,242,11,0,29,0,1,223
2025-05-28,SKU042,WH003,54,13,8,3,0,0,72
2025-05-28,SKU131,WH005,101,6,0,12,0,0,95
2025-05-28,SKU103,WH003,36,17,0,8,0,0,45
2025-05-28,SKU100,WH004,280,16,0,10,0,0,286
2025-05-28,SKU148,WH001,288,0,0,17,0,2,269
2025-05-28,SKU010,WH005,375,10,0,34,0,1,350
2025-05-28,SKU084,WH005,128,9,5,3,0,0,139
2025-05-28,SKU146,WH005,369,13,24,25,0,1,380
2025-05-28,SKU052,WH001,63,18,0,6,0,0,75
2025-05-28,SKU033,WH001,408,5,43,38,0,0,418
2025-05-28,SKU094,WH004,138,7,0,19,0,0,126
2025-05-28,SKU031,WH005,343,4,41,27,1,0,360
2025-05-28,SKU029,WH005,272,19,23,28,1,0,285
2025-05-28,SKU106,WH002,709,10,32,30,0,1,720
2025-05-28,SKU053,WH004,242,3,19,18,0,0,246
2025-05-28,SKU026,WH001,527,6,0,29,2,1,501
2025-05-28,SKU041,WH005,300,12,33,41,1,1,302
2025-05-28,SKU004,WH004,87,17,0,7,0,0,97
2025-05-28,SKU060,WH001,287,9,0,19,0,2,275
2025-05-28,SKU022,WH002,90,20,16,21,0,0,105
2025-05-28,SKU122,WH004,296,19,18,14,0,2,317
2025-05-28,SKU116,WH001,143,22,0,26,0,0,139
2025-05-28,SKU068,WH005,44,4,10,3,0,1,54
2025-05-29,SKU115,WH001,308,7,0,12,0,1,302
2025-05-29,SKU025,WH005,131,13,0,10,0,0,134
2025-05-29,SKU007,WH001,181,10,0,11,0,0,180
2025-05-29,SKU134,WH002,269,5,0,33,0,2,239
2025-05-29,SKU003,WH004,162,18,0,12,0,1,167
2025-05-29,SKU064,WH002,159,11,29,15,0,1,183
2025-05-29,SKU050,WH001,394,6,42,35,0,0,407
2025-05-29,SKU102,WH004,148,11,0,25,0,0,134
2025-05-29,SKU004,WH001,64,22,0,12,0,0,74
2025-05-29,SKU144,WH005,168,12,3,4,0,0,179
2025-05-29,SKU131,WH003,42,10,12,7,0,0,57
2025-05-29,SKU083,WH004,153,5,0,22,0,0,136
2025-05-29,SKU067,WH005,46,12,0,29,0,0,29
2025-05-29,SKU077,WH005,251,3,0,22,0,0,232
2025-05-29,SKU044,WH004,123,13,0,34,0,0,102
2025-05-29,SKU081,WH004,162,15,30,44,1,0,162
2025-05-29,SKU033,WH005,709,3,0,31,1,0,680
2025-05-29,SKU038,WH005,429,14,0,24,0,1,418
2025-05-29,SKU068,WH003,136,11,0,9,1,0,137
2025-05-29,SKU006,WH002,102,14,39,32,0,0,123
2025-05-29,SKU076,WH005,143,8,26,14,1,0,162
2025-05-29,SKU049,WH001,214,7,0,22,0,1,198
2025-05-29,SKU147,WH005,306,2,0,24,0,1,283
2025-05-29,SKU001,WH002,605,10,0,18,0,1,596
2025-05-29,SKU019,WH002,381,23,0,39,0,0,365
2025-05-29,SKU027,WH001,134,12,0,16,0,1,129
2025-05-29,SKU087,WH005,104,13,0,25,1,0,91
2025-05-29,SKU032,WH002,46,11,0,4,0,0,53
2025-05-29,SKU135,WH003,158,7,0,10,0,1,154
2025-05-29,SKU034,WH001,170,4,0,21,1,0,152
2025-05-29,SKU121,WH003,167,10,23,17,0,1,182
2025-05-29,SKU078,WH001,215,14,0,16,0,1,212
2025-05-29,SKU015,WH002,54,8,5,9,1,0,57
2025-05-29,SKU053,WH003,265,5,0,21,0,2,247
2025-05-29,SKU094,WH004,153,2,0,22,0,1,132
2025-05-29,SKU079,WH003,463,7,0,42,0,2,426
2025-05-29,SKU061,WH002,28,15,3,6,0,0,40
2025-05-29,SKU043,WH002,180,2,0,17,0,0,165
2025-05-29,SKU059,WH002,129,14,0,6,0,0,137
2025-05-29,SKU126,WH003,654,4,0,27,0,1,630
2025-05-29,SKU030,WH002,271,17,0,14,0,0,274
2025-05-29,SKU072,WH001,227,3,0,28,0,1,201
2025-05-29,SKU045,WH004,388,18,24,11,0,0,419
2025-05-29,SKU116,WH005,375,19,0,28,0,3,363
2025-05-29,SKU149,WH002,286,13,0,34,0,0,265
2025-05-30,SKU006,WH004,329,9,0,15,1,0,322
2025-05-30,SKU049,WH001,170,8,0,15,0,1,162
2025-05-30,SKU120,WH004,123,1,12,6,0,0,130
2025-05-30,SKU060,WH001,118,12,0,23,0,1,106
2025-05-30,SKU110,WH004,80,13,0,16,1,0,76
2025-05-30,SKU087,WH004,204,12,0,19,1,0,196
2025-05-30,SKU067,WH001,600,11,0,22,0,1,588
2025-05-30,SKU007,WH005,121,11,11,14,1,0,128
2025-05-30,SKU064,WH001,136,16,0,17,0,1,134
2025-05-30,SKU112,WH003,149,9,0,5,0,1,152
2025-05-30,SKU026,WH004,80,6,33,24,0,0,95
2025-05-30,SKU050,WH004,168,5,0,30,1,0,142
2025-05-30,SKU080,WH004,123,7,0,7,0,1,122
2025-05-30,SKU072,WH004,236,2,39,30,0,0,247
2025-05-30,SKU079,WH002,577,8,0,30,0,1,554
2025-05-30,SKU081,WH003,153,12,31,31,0,0,165
2025-05-30,SKU140,WH005,165,6,0,17,0,1,153
2025-05-30,SKU077,WH002,149,13,0,19,0,1,142
2025-05-30,SKU124,WH004,100,4,14,9,0,1,108
2025-05-30,SKU141,WH005,115,18,0,3,0,0,130
2025-05-30,SKU098,WH002,140,5,23,14,1,0,153
2025-05-30,SKU018,WH004,183,10,0,12,0,0,181
2025-05-30,SKU111,WH001,142,11,0,35,1,2,115
2025-05-30,SKU085,WH004,368,3,0,26,0,0,345
2025-05-30,SKU071,WH003,20,4,10,3,0,0,31
2025-05-30,SKU137,WH005,146,19,0,9,0,0,156
2025-05-30,SKU113,WH001,79,16,0,15,0,0,80
2025-05-30,SKU107,WH003,290,2,0,23,1,0,268
2025-05-30,SKU028,WH002,31,9,14,17,0,0,37
2025-05-30,SKU066,WH001,111,16,16,16,0,0,127
2025-05-30,SKU132,WH001,275,17,0,44,0,0,248
2025-05-30,SKU082,WH001,123,8,0,11,0,0,120
2025-05-30,SKU108,WH004,503,9,0,28,1,2,481
2025-05-30,SKU148,WH001,211,2,18,16,0,0,215
2025-05-30,SKU037,WH004,327,15,0,19,0,0,323
2025-05-30,SKU138,WH004,48,20,6,4,0,0,70
2025-05-30,SKU053,WH003,130,8,29,23,0,0,144
2025-05-30,SKU059,WH004,27,10,0,7,0,0,30
2025-05-30,SKU106,WH005,538,10,0,22,0,0,526
2025-05-30,SKU095,WH001,108,10,0,14,0,0,104
2025-05-30,SKU109,WH001,25,4,16,11,0,0,34
2025-05-30,SKU033,WH005,385,3,0,24,0,0,364
2025-05-30,SKU083,WH003,240,3,0,25,0,0,218
2025-05-30,SKU011,WH001,105,5,28,19,0,0,119
2025-05-30,SKU017,WH005,416,11,0,29,0,0,398
2025-05-31,SKU090,WH004,530,1,23,18,0,1,535
2025-05-31,SKU103,WH003,22,14,0,4,0,0,32
2025-05-31,SKU128,WH002,159,3,17,7,0,0,172
2025-05-31,SKU043,WH005,115,5,15,14,0,0,121
2025-05-31,SKU015,WH005,47,7,8,5,0,0,57
2025-05-31,SKU122,WH005,143,19,28,10,0,3,177
2025-05-31,SKU114,WH005,164,14,0,11,0,0,167
2025-05-31,SKU013,WH003,179,13,0,18,0,0,174
2025-05-31,SKU088,WH002,134,12,0,2,0,0,144
2025-05-31,SKU117,WH005,89,7,9,7,0,0,98
2025-05-31,SKU004,WH001,88,19,0,6,0,0,101
2025-05-31,SKU143,WH004,185,23,0,12,0,2,194
2025-05-31,SKU111,WH005,382,10,0,29,0,2,361
2025-05-31,SKU044,WH002,163,11,0,41,1,0,132
2025-05-31,SKU100,WH001,49,15,0,15,0,0,49
2025-05-31,SKU055,WH005,93,17,0,16,0,0,94
2025-05-31,SKU081,WH002,257,7,39,35,0,1,267
2025-05-31,SKU123,WH003,85,14,0,7,0,0,92
2025-05-31,SKU071,WH002,45,8,0,6,0,0,47
2025-05-31,SKU016,WH004,175,9,13,19,1,0,177
2025-05-31,SKU115,WH003,51,6,0,6,0,0,51
2025-05-31,SKU089,WH003,57,8,0,3,0,0,62
2025-05-31,SKU076,WH003,174,8,0,25,0,0,157
2025-05-31,SKU118,WH005,112,12,23,20,0,0,127
2025-05-31,SKU101,WH004,309,4,0,25,1,1,286
2025-05-31,SKU150,WH001,193,20,0,14,0,0,199
2025-05-31,SKU012,WH002,55,8,0,10,0,1,52
2025-05-31,SKU050,WH001,347,4,49,29,0,1,370
2025-05-31,SKU147,WH001,211,0,0,23,0,0,188
2025-05-31,SKU036,WH002,229,8,0,12,0,1,224
2025-05-31,SKU075,WH003,156,10,0,20,0,0,146
2025-05-31,SKU041,WH004,392,3,0,39,0,1,355
2025-05-31,SKU087,WH003,412,17,0,23,0,0,406
2025-05-31,SKU105,WH004,70,8,4,3,0,0,79
2025-05-31,SKU144,WH001,191,12,0,6,0,1,196
2025-05-31,SKU065,WH003,41,14,0,9,0,0,46
2025-05-31,SKU107,WH001,185,8,0,21,0,0,172
2025-05-31,SKU109,WH001,62,10,0,13,0,0,59
2025-05-31,SKU127,WH003,303,1,0,27,0,0,277
2025-05-31,SKU011,WH001,267,4,0,20,0,0,251
2025-05-31,SKU049,WH005,106,4,0,16,1,0,93
2025-05-31,SKU021,WH002,107,21,0,12,0,0,116
2025-05-31,SKU113,WH001,95,11,9,20,1,0,94
2025-05-31,SKU002,WH005,63,10,38,16,0,0,95
2025-05-31,SKU132,WH003,447,19,0,32,0,3,431
2025-06-01,SKU043,WH005,179,3,0,14,0,2,166
2025-06-01,SKU011,WH002,688,3,0,29,1,1,660
2025-06-01,SKU108,WH001,327,10,0,28,0,2,307
2025-06-01,SKU047,WH004,92,8,12,4,0,0,108
2025-06-01,SKU018,WH004,18,16,19,16,0,0,37
2025-06-01,SKU132,WH004,191,17,42,32,0,1,217
2025-06-01,SKU059,WH003,160,15,0,6,0,0,169
2025-06-01,SKU122,WH003,458,14,0,20,0,0,452
2025-06-01,SKU052,WH003,168,11,0,6,0,0,173
2025-06-01,SKU130,WH001,51,3,0,28,0,1,25
2025-06-01,SKU109,WH004,42,8,0,11,0,1,38
2025-06-01,SKU110,WH001,111,16,0,26,0,0,101
2025-06-01,SKU024,WH004,255,16,24,19,0,0,276
2025-06-01,SKU030,WH004,99,14,0,16,0,0,97
2025-06-01,SKU140,WH001,47,14,0,18,0,0,43
2025-06-01,SKU070,WH003,299,8,0,17,1,0,289
2025-06-01,SKU050,WH003,111,4,32,27,0,0,120
2025-06-01,SKU007,WH003,67,7,21,10,0,0,85
2025-06-01,SKU049,WH001,290,2,0,19,0,0,273
2025-06-01,SKU090,WH005,222,5,0,16,0,1,210
2025-06-01,SKU002,WH004,571,17,26,32,1,1,580
2025-06-01,SKU017,WH002,461,24,0,25,1,2,457
2025-06-01,SKU063,WH002,427,12,0,31,0,0,408
2025-06-01,SKU057,WH004,109,23,23,21,0,0,134
2025-06-01,SKU083,WH002,210,4,22,15,0,0,221
2025-06-01,SKU038,WH001,206,16,0,24,0,0,198
2025-06-01,SKU102,WH003,518,19,0,19,0,0,518
2025-06-01,SKU100,WH003,56,14,14,14,0,0,70
2025-06-01,SKU144,WH001,65,16,12,10,0,0,83
2025-06-01,SKU039,WH001,249,15,0,30,0,0,234
2025-06-01,SKU138,WH003,67,10,0,4,0,0,73
2025-06-01,SKU048,WH002,64,18,11,6,0,0,87
2025-06-01,SKU013,WH003,122,16,23,15,0,0,146
2025-06-01,SKU032,WH003,26,16,0,6,0,1,35
2025-06-01,SKU150,WH001,136,18,0,20,1,0,133
2025-06-01,SKU112,WH003,74,4,0,6,0,0,72
2025-06-01,SKU079,WH005,761,8,0,24,0,0,745
2025-06-01,SKU021,WH003,96,20,18,10,0,0,124
2025-06-01,SKU042,WH005,27,16,4,8,0,0,39
2025-06-01,SKU126,WH002,705,2,0,32,1,2,672
2025-06-01,SKU136,WH002,214,13,0,26,0,1,200
2025-06-01,SKU054,WH002,127,16,0,27,0,1,115
2025-06-01,SKU106,WH003,116,13,32,28,0,0,133
2025-06-01,SKU095,WH002,76,9,6,9,0,0,82
2025-06-01,SKU123,WH001,258,6,0,5,0,0,259
2025-06-02,SKU095,WH003,130,23,0,7,0,1,145
2025-06-02,SKU102,WH001,215,13,27,20,0,0,235
2025-06-02,SKU115,WH003,100,5,20,8,0,0,117
2025-06-02,SKU006,WH004,162,15,25,22,0,0,180
2025-06-02,SKU138,WH002,52,23,8,6,0,0,77
2025-06-02,SKU066,WH002,797,14,0,20,0,0,791
2025-06-02,SKU122,WH003,58,13,0,15,0,0,56
2025-06-02,SKU105,WH005,49,9,0,7,0,0,51
2025-06-02,SKU143,WH003,225,19,0,17,0,0,227
2025-06-02,SKU075,WH001,256,13,0,18,0,2,249
2025-06-02,SKU141,WH002,56,17,0,3,0,0,70
2025-06-02,SKU134,WH004,336,5,0,22,0,1,318
2025-06-02,SKU096,WH001,442,21,37,34,0,0,466
2025-06-02,SKU118,WH004,386,14,0,19,0,0,381
2025-06-02,SKU035,WH004,224,18,28,25,0,1,244
2025-06-02,SKU135,WH002,100,12,0,21,0,0,91
2025-06-02,SKU086,WH002,384,18,0,22,0,0,380
2025-06-02,SKU137,WH002,243,13,0,8,0,1,247
2025-06-02,SKU145,WH003,293,8,0,26,1,1,273
2025-06-02,SKU026,WH005,207,2,0,20,0,2,187
2025-06-02,SKU079,WH001,428,4,34,28,0,1,437
2025-06-02,SKU087,WH003,83,13,0,30,1,0,65
2025-06-02,SKU074,WH002,275,11,0,25,0,1,260
2025-06-02,SKU124,WH001,290,5,15,10,1,1,298
2025-06-02,SKU126,WH004,313,2,0,26,0,1,288
2025-06-02,SKU106,WH003,136,13,30,36,0,0,143
2025-06-02,SKU107,WH001,732,7,26,17,1,2,745
2025-06-02,SKU058,WH005,112,12,0,19,0,0,105
2025-06-02,SKU076,WH004,319,11,14,21,0,1,322
2025-06-02,SKU117,WH002,156,4,0,14,0,0,146
2025-06-02,SKU016,WH001,196,18,28,16,0,1,225
2025-06-02,SKU100,WH004,120,14,22,13,0,1,142
2025-06-02,SKU020,WH001,121,24,0,14,0,0,131
2025-06-02,SKU013,WH001,272,19,0,17,1,0,273
2025-06-02,SKU119,WH005,462,13,0,17,0,1,457
2025-06-02,SKU067,WH002,250,15,0,23,0,1,241
2025-06-02,SKU052,WH002,57,16,0,13,0,1,59
2025-06-02,SKU128,WH003,315,12,0,14,0,0,313
2025-06-02,SKU028,WH002,365,5,0,9,0,1,360
2025-06-02,SKU014,WH004,268,7,0,37,0,3,235
2025-06-02,SKU130,WH002,120,3,14,22,0,0,115
2025-06-02,SKU048,WH002,101,21,0,8,0,1,113
2025-06-02,SKU049,WH002,246,2,0,15,0,1,232
2025-06-02,SKU030,WH003,120,14,0,27,0,0,107
2025-06-02,SKU068,WH003,48,6,0,8,0,0,46
2025-06-03,SKU062,WH003,106,7,13,13,0,1,112
2025-06-03,SKU048,WH002,67,15,0,13,0,0,69
2025-06-03,SKU043,WH005,168,5,26,13,0,0,186
2025-06-03,SKU100,WH001,172,12,0,18,0,0,166
2025-06-03,SKU035,WH001,78,23,24,19,1,0,105
2025-06-03,SKU135,WH005,243,8,0,11,0,1,239
2025-06-03,SKU018,WH005,236,3,21,17,1,0,242
2025-06-03,SKU101,WH005,218,4,0,17,0,0,205
2025-06-03,SKU093,WH001,223,5,35,22,1,0,240
2025-06-03,SKU087,WH001,234,17,0,17,0,1,233
2025-06-03,SKU070,WH001,186,5,23,15,0,1,198
2025-06-03,SKU021,WH002,124,15,0,14,0,1,124
2025-06-03,SKU142,WH004,494,4,0,41,1,0,456
2025-06-03,SKU139,WH002,263,8,0,38,0,0,233
2025-06-03,SKU007,WH004,166,8,0,13,0,0,161
2025-06-03,SKU116,WH004,202,15,37,21,1,1,231
2025-06-03,SKU040,WH004,331,15,20,13,0,0,353
2025-06-03,SKU001,WH001,191,20,0,12,0,0,199
2025-06-03,SKU082,WH005,806,10,0,25,0,1,790
2025-06-03,SKU049,WH004,137,10,0,13,1,0,133
2025-06-03,SKU141,WH001,135,13,8,4,0,0,152
2025-06-03,SKU149,WH003,534,10,0,30,2,1,511
2025-06-03,SKU095,WH004,80,13,0,6,0,0,87
2025-06-03,SKU129,WH004,273,14,34,22,0,1,298
2025-06-03,SKU008,WH004,453,3,38,45,1,0,448
2025-06-03,SKU025,WH004,193,13,18,21,0,0,203
2025-06-03,SKU045,WH005,201,16,0,15,1,0,201
2025-06-03,SKU088,WH002,59,7,2,1,0,0,67
2025-06-03,SKU133,WH005,187,18,0,8,0,0,197
2025-06-03,SKU051,WH005,35,19,0,5,0,0,49
2025-06-03,SKU077,WH004,203,3,0,21,0,0,185
2025-06-03,SKU125,WH003,313,3,0,24,2,0,290
2025-06-03,SKU094,WH001,224,4,0,23,0,0,205
2025-06-03,SKU009,WH004,43,8,0,6,0,0,45
2025-06-03,SKU036,WH003,228,14,0,21,0,1,220
2025-06-03,SKU097,WH005,85,9,9,8,0,0,95
2025-06-03,SKU104,WH003,238,22,0,14,0,0,246
2025-06-03,SKU054,WH002,204,14,20,25,0,0,213
2025-06-03,SKU105,WH005,34,8,0,5,0,0,37
2025-06-03,SKU032,WH003,82,16,0,8,0,0,90
2025-06-03,SKU013,WH003,62,21,0,19,0,0,64
2025-06-03,SKU068,WH005,52,7,11,10,0,0,60
2025-06-03,SKU085,WH001,151,4,0,38,0,0,117
2025-06-03,SKU038,WH003,398,14,36,32,0,0,416
2025-06-03,SKU089,WH001,97,21,7,5,0,0,120
2025-06-04,SKU050,WH001,253,4,41,32,0,1,265
2025-06-04,SKU097,WH002,46,11,0,6,0,0,51
2025-06-04,SKU029,WH003,542,13,0,22,1,1,531
2025-06-04,SKU010,WH002,706,13,46,31,0,0,734
2025-06-04,SKU012,WH003,56,3,8,7,0,0,60
2025-06-04,SKU090,WH003,193,5,0,20,0,0,178
2025-06-04,SKU149,WH004,509,9,0,25,0,1,492
2025-06-04,SKU112,WH005,89,9,0,9,1,0,88
2025-06-04,SKU099,WH004,105,9,42,29,0,2,125
2025-06-04,SKU119,WH005,160,16,0,18,0,1,157
2025-06-04,SKU003,WH005,58,14,7,8,0,0,71
2025-06-04,SKU084,WH002,30,4,0,3,0,0,31
2025-06-04,SKU036,WH004,101,10,0,25,0,0,86
2025-06-04,SKU089,WH001,20,10,8,3,0,0,35
2025-06-04,SKU144,WH001,96,16,0,2,0,0,110
2025-06-04,SKU133,WH003,112,17,0,9,0,0,120
2025-06-04,SKU106,WH002,418,18,39,31,0,1,443
2025-06-04,SKU025,WH001,110,21,16,15,0,1,131
2025-06-04,SKU055,WH004,45,12,0,18,0,0,39
2025-06-04,SKU022,WH004,318,15,0,32,1,0,300
2025-06-04,SKU081,WH002,228,8,29,29,1,0,235
2025-06-04,SKU067,WH001,22,8,0,25,1,0,4
2025-06-04,SKU008,WH003,426,5,40,40,0,0,431
2025-06-04,SKU026,WH002,617,5,33,35,1,0,619
2025-06-04,SKU032,WH002,65,23,0,2,0,0,86
2025-06-04,SKU110,WH001,193,16,0,26,0,0,183
2025-06-04,SKU118,WH003,277,10,0,19,0,0,268
2025-06-04,SKU066,WH003,456,14,20,27,0,0,463
2025-06-04,SKU107,WH001,805,8,0,23,0,5,785
2025-06-04,SKU079,WH002,106,10,0,24,0,0,92
2025-06-04,SKU113,WH003,268,15,0,8,0,2,273
2025-06-04,SKU052,WH002,19,9,0,4,0,0,24
2025-06-04,SKU005,WH003,125,2,0,10,0,1,116
2025-06-04,SKU127,WH005,238,4,0,33,1,1,207
2025-06-04,SKU072,WH001,277,5,0,33,0,1,248
2025-06-04,SKU098,WH005,296,4,27,28,1,0,298
2025-06-04,SKU140,WH004,321,11,0,28,1,1,302
2025-06-04,SKU082,WH002,144,8,0,20,0,0,132
2025-06-04,SKU047,WH003,139,10,0,12,0,0,137
2025-06-04,SKU043,WH003,157,3,0,17,1,0,142
2025-06-04,SKU059,WH003,58,16,0,10,0,0,64
2025-06-04,SKU004,WH005,279,20,0,8,0,0,291
2025-06-04,SKU035,WH002,61,16,32,22,0,0,87
2025-06-04,SKU015,WH001,165,9,0,4,0,0,170
2025-06-04,SKU048,WH004,65,14,9,5,0,0,83
2025-06-05,SKU054,WH003,569,15,0,29,0,1,554
2025-06-05,SKU014,WH003,579,4,50,32,0,1,600
2025-06-05,SKU058,WH002,308,9,0,33,1,0,283
2025-06-05,SKU035,WH004,504,19,29,14,0,1,537
2025-06-05,SKU005,WH004,23,2,0,11,0,0,14
2025-06-05,SKU067,WH005,152,6,0,32,0,1,125
2025-06-05,SKU052,WH004,102,14,0,6,0,0,110
2025-06-05,SKU074,WH005,345,16,0,22,0,0,339
2025-06-05,SKU010,WH002,181,13,0,47,0,0,147
2025-06-05,SKU057,WH005,228,17,30,31,0,0,244
2025-06-05,SKU115,WH002,125,7,0,11,0,0,121
2025-06-05,SKU142,WH001,241,6,0,23,0,0,224
2025-06-05,SKU002,WH001,426,5,40,35,0,3,433
2025-06-05,SKU109,WH001,101,6,19,8,0,0,118
2025-06-05,SKU049,WH002,64,7,0,28,0,0,43
2025-06-05,SKU092,WH001,60,8,0,21,0,0,47
2025-06-05,SKU106,WH005,196,17,0,28,1,0,184
2025-06-05,SKU111,WH002,964,15,0,41,0,4,934
2025-06-05,SKU069,WH002,368,6,41,32,1,0,382
2025-06-05,SKU141,WH005,66,17,0,5,0,0,78
2025-06-05,SKU050,WH005,723,6,0,34,0,0,695
2025-06-05,SKU042,WH004,11,20,0,2,0,0,29
2025-06-05,SKU027,WH004,227,7,20,22,0,1,231
2025-06-05,SKU051,WH001,81,23,0,5,0,0,99
2025-06-05,SKU098,WH004,401,1,27,24,0,1,404
2025-06-05,SKU077,WH002,546,7,0,10,0,1,542
2025-06-05,SKU046,WH005,188,14,37,18,0,0,221
2025-06-05,SKU124,WH003,94,3,0,8,0,1,88
2025-06-05,SKU003,WH003,75,17,0,4,0,0,88
2025-06-05,SKU103,WH004,37,18,0,8,0,0,47
2025-06-05,SKU129,WH002,445,15,19,25,1,3,450
2025-06-05,SKU062,WH003,174,9,16,10,0,0,189
2025-06-05,SKU095,WH005,131,10,0,11,0,0,130
2025-06-05,SKU040,WH002,396,13,26,16,1,0,418
2025-06-05,SKU041,WH005,222,12,0,21,1,0,212
2025-06-05,SKU068,WH005,42,6,16,3,0,0,61
2025-06-05,SKU023,WH005,192,20,0,22,0,0,190
2025-06-05,SKU126,WH002,270,1,36,31,0,0,276
2025-06-05,SKU084,WH002,46,4,0,2,0,1,47
2025-06-05,SKU043,WH003,310,4,0,16,0,1,297
2025-06-05,SKU096,WH003,118,21,0,46,1,0,92
2025-06-05,SKU130,WH005,117,5,20,13,0,0,129
2025-06-05,SKU144,WH004,77,9,0,10,0,0,76
2025-06-05,SKU064,WH004,203,19,0,13,0,1,208
2025-06-05,SKU094,WH005,187,6,0,19,0,0,174
2025-06-06,SKU018,WH002,202,11,0,21,1,0,191
2025-06-06,SKU084,WH003,21,3,0,3,0,0,21
2025-06-06,SKU079,WH003,366,4,0,27,1,0,342
2025-06-06,SKU098,WH003,747,4,36,26,0,1,760
2025-06-06,SKU103,WH004,121,16,0,8,0,0,129
2025-06-06,SKU044,WH003,775,10,0,32,2,2,749
2025-06-06,SKU038,WH003,248,9,42,17,1,1,280
2025-06-06,SKU127,WH002,423,2,34,27,1,1,430
2025-06-06,SKU116,WH005,97,14,0,25,1,0,85
2025-06-06,SKU082,WH005,728,10,28,18,0,1,747
2025-06-06,SKU065,WH004,63,10,9,8,0,0,74
2025-06-06,SKU004,WH004,41,22,12,8,1,0,66
2025-06-06,SKU097,WH004,51,9,16,9,0,0,67
2025-06-06,SKU090,WH001,55,10,0,22,0,0,43
2025-06-06,SKU025,WH001,112,14,21,17,0,0,130
2025-06-06,SKU100,WH002,58,13,0,21,0,0,50
2025-06-06,SKU021,WH003,49,19,0,10,0,0,58
2025-06-06,SKU125,WH004,185,2,0,35,0,1,151
2025-06-06,SKU086,WH004,51,20,0,27,1,0,43
2025-06-06,SKU129,WH005,291,18,30,23,0,3,313
2025-06-06,SKU051,WH004,116,28,0,7,0,0,137
2025-06-06,SKU028,WH003,93,12,0,14,1,1,89
2025-06-06,SKU133,WH002,79,11,0,14,1,0,75
2025-06-06,SKU022,WH005,372,14,0,23,0,0,363
2025-06-06,SKU143,WH004,73,10,0,8,0,1,74
2025-06-06,SKU095,WH005,153,14,0,12,0,0,155
2025-06-06,SKU053,WH003,431,7,33,28,0,2,441
2025-06-06,SKU083,WH003,131,2,0,14,0,0,119
2025-06-06,SKU096,WH001,236,18,35,34,0,0,255
2025-06-06,SKU048,WH003,85,17,0,7,0,0,95
2025-06-06,SKU126,WH001,536,3,0,31,0,1,507
2025-06-06,SKU032,WH005,67,17,4,10,0,0,78
2025-06-06,SKU087,WH002,288,11,0,25,1,1,272
2025-06-06,SKU009,WH004,202,10,8,10,0,0,210
2025-06-06,SKU067,WH005,404,10,0,30,0,0,384
2025-06-06,SKU108,WH005,130,7,55,39,0,0,153
2025-06-06,SKU089,WH005,142,13,0,5,0,0,150
2025-06-06,SKU023,WH003,287,21,0,21,0,1,286
2025-06-06,SKU069,WH004,510,5,0,31,0,1,483
2025-06-06,SKU124,WH001,371,7,0,12,0,2,364
2025-06-06,SKU003,WH005,93,16,0,9,0,0,100
2025-06-06,SKU073,WH001,163,4,43,35,0,0,175
2025-06-06,SKU077,WH002,267,6,0,17,0,0,256
2025-06-06,SKU134,WH002,354,2,36,29,0,1,362
2025-06-06,SKU088,WH002,4,8,0,6,0,0,6
2025-06-07,SKU100,WH005,269,11,0,15,0,0,265
2025-06-07,SKU007,WH001,182,11,0,8,0,0,185
2025-06-07,SKU032,WH001,54,18,0,6,0,0,66
2025-06-07,SKU137,WH003,186,11,10,9,0,0,198
2025-06-07,SKU139,WH005,120,8,36,26,0,0,138
2025-06-07,SKU010,WH005,432,7,33,27,0,0,445
2025-06-07,SKU008,WH005,338,2,0,37,1,2,300
2025-06-07,SKU031,WH002,169,7,0,24,0,0,152
2025-06-07,SKU068,WH002,317,4,0,9,0,0,312
2025-06-07,SKU138,WH003,21,18,0,1,0,0,38
2025-06-07,SKU079,WH003,523,9,0,26,0,0,506
2025-06-07,SKU121,WH001,227,8,16,21,0,3,227
2025-06-07,SKU003,WH001,158,14,11,6,0,0,177
2025-06-07,SKU011,WH005,331,5,35,24,0,2,345
2025-06-07,SKU054,WH005,66,15,0,21,1,0,59
2025-06-07,SKU005,WH005,345,4,11,11,0,2,347
2025-06-07,SKU093,WH004,400,1,0,38,1,2,360
2025-06-07,SKU141,WH004,34,19,0,8,0,0,45
2025-06-07,SKU071,WH003,2,13,0,4,0,0,11
2025-06-07,SKU085,WH003,427,2,43,44,1,0,427
2025-06-07,SKU147,WH003,428,3,0,19,0,0,412
2025-06-07,SKU002,WH004,290,6,23,28,0,2,289
2025-06-07,SKU122,WH003,166,16,0,9,0,2,171
2025-06-07,SKU069,WH001,556,2,0,45,0,5,508
2025-06-07,SKU017,WH003,481,17,30,19,0,1,508
2025-06-07,SKU074,WH002,260,20,0,27,0,0,253
2025-06-07,SKU075,WH005,161,12,0,17,0,0,156
2025-06-07,SKU107,WH002,677,6,0,22,1,3,657
2025-06-07,SKU126,WH001,190,1,0,25,0,0,166
2025-06-07,SKU127,WH001,75,6,0,19,0,2,60
2025-06-07,SKU095,WH001,243,14,0,14,0,2,241
2025-06-07,SKU013,WH004,137,19,16,13,0,0,159
2025-06-07,SKU150,WH004,261,19,0,14,0,1,265
2025-06-07,SKU057,WH002,201,12,0,28,1,0,184
2025-06-07,SKU143,WH001,133,12,0,10,0,0,135
2025-06-07,SKU025,WH005,42,27,0,10,1,0,58
2025-06-07,SKU062,WH004,173,3,0,11,0,2,163
2025-06-07,SKU083,WH004,388,2,0,26,2,1,361
2025-06-07,SKU148,WH005,330,2,16,25,0,1,322
2025-06-07,SKU041,WH004,1034,9,0,24,0,3,1016
2025-06-07,SKU135,WH002,145,12,0,19,0,0,138
2025-06-07,SKU036,WH002,88,14,0,21,0,0,81
2025-06-07,SKU136,WH002,222,13,23,23,1,0,234
2025-06-07,SKU077,WH004,374,8,0,15,0,1,366
2025-06-07,SKU060,WH004,255,6,12,14,0,1,258
2025-06-08,SKU128,WH004,129,10,14,12,0,0,141
2025-06-08,SKU051,WH001,89,12,0,3,0,0,98
2025-06-08,SKU148,WH002,319,4,18,17,0,0,324
2025-06-08,SKU095,WH002,193,14,0,10,0,2,195
2025-06-08,SKU086,WH005,186,12,0,21,0,1,176
2025-06-08,SKU091,WH005,58,14,0,8,0,0,64
2025-06-08,SKU056,WH001,199,1,0,25,0,0,175
2025-06-08,SKU040,WH004,203,15,15,12,0,0,221
2025-06-08,SKU048,WH005,7,14,11,11,0,0,21
2025-06-08,SKU070,WH004,147,9,0,21,0,0,135
2025-06-08,SKU088,WH002,101,9,0,8,0,0,102
2025-06-08,SKU141,WH002,60,16,0,5,0,0,71
2025-06-08,SKU105,WH004,54,6,8,7,0,0,61
2025-06-08,SKU020,WH003,177,15,0,13,0,0,179
2025-06-08,SKU146,WH003,146,8,0,30,1,1,122
2025-06-08,SKU009,WH005,187,14,0,6,1,1,193
2025-06-08,SKU097,WH002,72,11,0,12,0,0,71
2025-06-08,SKU090,WH002,335,7,0,17,0,1,324
2025-06-08,SKU030,WH003,263,14,0,19,0,1,257
2025-06-08,SKU120,WH001,135,2,7,7,0,0,137
2025-06-08,SKU044,WH001,207,8,0,27,0,0,188
2025-06-08,SKU046,WH001,257,10,0,22,0,3,242
2025-06-08,SKU147,WH005,67,3,0,18,0,0,52
2025-06-08,SKU132,WH001,199,14,0,32,0,0,181
2025-06-08,SKU047,WH001,37,10,11,6,0,0,52
2025-06-08,SKU026,WH004,164,1,0,23,0,0,142
2025-06-08,SKU093,WH003,256,5,54,32,1,0,282
2025-06-08,SKU006,WH001,390,18,0,25,0,0,383
2025-06-08,SKU058,WH005,818,8,29,27,0,2,826
2025-06-08,SKU042,WH002,110,13,5,4,0,0,124
2025-06-08,SKU038,WH005,87,14,0,38,0,0,63
2025-06-08,SKU080,WH003,42,20,10,7,0,0,65
2025-06-08,SKU029,WH004,198,13,20,28,0,0,203
2025-06-08,SKU130,WH004,192,3,0,19,0,0,176
2025-06-08,SKU036,WH005,77,16,11,25,1,0,78
2025-06-08,SKU024,WH001,258,19,0,19,0,1,257
2025-06-08,SKU118,WH005,151,13,0,16,0,0,148
2025-06-08,SKU007,WH001,243,10,0,12,0,0,241
2025-06-08,SKU072,WH004,551,3,0,28,0,1,525
2025-06-08,SKU116,WH005,155,13,27,20,0,0,175
2025-06-08,SKU098,WH003,104,5,0,31,0,0,78
2025-06-08,SKU113,WH001,43,14,0,12,0,0,45
2025-06-08,SKU032,WH005,65,16,0,3,0,0,78
2025-06-08,SKU101,WH004,253,2,21,29,0,0,247
2025-06-08,SKU126,WH003,58,1,0,34,1,0,24
2025-06-09,SKU075,WH002,120,12,0,22,1,0,109
2025-06-09,SKU107,WH004,262,7,0,23,0,0,246
2025-06-09,SKU025,WH001,292,16,0,20,1,0,287
2025-06-09,SKU108,WH001,488,15,36,33,0,3,503
2025-06-09,SKU139,WH002,156,6,0,21,0,1,140
2025-06-09,SKU095,WH003,127,13,17,6,0,0,151
2025-06-09,SKU017,WH005,286,19,32,22,0,1,314
2025-06-09,SKU143,WH004,333,14,0,13,0,1,333
2025-06-09,SKU048,WH001,265,18,0,6,0,0,277
2025-06-09,SKU116,WH001,405,16,36,28,1,1,427
2025-06-09,SKU077,WH001,70,9,17,18,0,0,78
2025-06-09,SKU070,WH004,161,9,25,22,0,1,172
2025-06-09,SKU023,WH003,146,16,0,30,1,0,131
2025-06-09,SKU024,WH003,135,13,0,17,0,0,131
2025-06-09,SKU013,WH005,156,13,0,15,0,1,153
2025-06-09,SKU136,WH001,234,8,33,20,0,0,255
2025-06-09,SKU129,WH004,331,22,0,19,0,0,334
2025-06-09,SKU018,WH003,131,17,0,17,0,0,131
2025-06-09,SKU134,WH004,175,6,39,30,0,0,190
2025-06-09,SKU007,WH003,224,10,0,14,0,0,220
2025-06-09,SKU099,WH002,148,7,24,29,0,0,150
2025-06-09,SKU063,WH002,569,8,0,36,0,0,541
2025-06-09,SKU091,WH002,33,12,0,6,0,0,39
2025-06-09,SKU150,WH001,125,26,25,21,0,1,154
2025-06-09,SKU037,WH004,165,21,24,25,0,0,185
2025-06-09,SKU053,WH001,38,6,0,20,0,0,24
2025-06-09,SKU085,WH004,445,2,43,33,0,2,455
2025-06-09,SKU103,WH002,65,8,0,4,0,1,68
2025-06-09,SKU087,WH001,125,17,0,39,2,0,101
2025-06-09,SKU019,WH003,69,13,0,31,0,1,50
2025-06-09,SKU100,WH001,121,11,17,24,0,0,125
2025-06-09,SKU062,WH002,90,4,0,9,0,0,85
2025-06-09,SKU148,WH003,102,2,0,6,1,3,94
2025-06-09,SKU141,WH005,66,13,9,4,0,0,84
2025-06-09,SKU008,WH001,335,6,42,37,0,0,346
2025-06-09,SKU086,WH001,93,17,0,25,1,0,84
2025-06-09,SKU065,WH002,162,18,14,5,0,1,188
2025-06-09,SKU080,WH001,81,11,0,6,0,0,86
2025-06-09,SKU056,WH003,138,6,22,25,0,0,141
2025-06-09,SKU101,WH003,293,4,0,31,0,0,266
2025-06-09,SKU057,WH001,140,11,0,21,0,1,129
2025-06-09,SKU132,WH001,955,23,0,35,1,1,941
2025-06-09,SKU088,WH001,92,8,10,7,0,0,103
2025-06-09,SKU027,WH005,255,5,0,16,0,0,244
2025-06-09,SKU093,WH004,95,4,40,32,0,0,107
2025-06-10,SKU090,WH005,40,6,0,20,1,0,25
2025-06-10,SKU058,WH003,432,18,26,24,0,0,452
2025-06-10,SKU061,WH001,49,11,0,3,0,0,57
2025-06-10,SKU118,WH003,173,24,0,20,0,0,177
2025-06-10,SKU071,WH004,42,5,8,8,0,0,47
2025-06-10,SKU082,WH001,375,8,31,31,0,1,382
2025-06-10,SKU104,WH002,108,19,0,13,0,0,114
2025-06-10,SKU078,WH003,171,17,22,14,1,0,195
2025-06-10,SKU044,WH004,872,18,0,34,0,1,855
2025-06-10,SKU087,WH001,438,23,0,27,0,0,434
2025-06-10,SKU015,WH003,99,15,7,4,0,0,117
2025-06-10,SKU133,WH005,60,12,0,10,0,0,62
2025-06-10,SKU150,WH001,290,20,25,26,0,0,309
2025-06-10,SKU083,WH002,334,3,21,14,1,2,341
2025-06-10,SKU045,WH005,149,20,0,20,0,0,149
2025-06-10,SKU033,WH004,653,4,0,24,1,4,628
2025-06-10,SKU146,WH001,128,15,0,16,1,1,125
2025-06-10,SKU114,WH002,70,9,23,15,1,0,86
2025-06-10,SKU027,WH005,309,7,0,16,1,0,299
2025-06-10,SKU080,WH001,36,5,7,13,0,0,35
2025-06-10,SKU093,WH002,191,0,0,27,0,0,164
2025-06-10,SKU009,WH003,7,17,0,9,0,0,15
2025-06-10,SKU120,WH002,111,3,12,9,0,0,117
2025-06-10,SKU077,WH002,360,10,0,12,0,1,357
2025-06-10,SKU049,WH004,401,8,0,19,0,0,390
2025-06-10,SKU088,WH004,46,11,0,3,0,0,54
2025-06-10,SKU140,WH001,281,7,0,29,0,2,257
2025-06-10,SKU106,WH002,153,9,0,28,0,0,134
2025-06-10,SKU076,WH005,157,7,0,18,1,1,144
2025-06-10,SKU130,WH003,63,2,18,18,0,0,65
2025-06-10,SKU030,WH005,89,16,0,26,0,0,79
2025-06-10,SKU123,WH003,112,11,12,7,2,0,126
2025-06-10,SKU148,WH001,131,6,0,16,2,0,119
2025-06-10,SKU008,WH001,692,3,42,35,0,1,701
2025-06-10,SKU132,WH003,397,17,34,43,0,1,404
2025-06-10,SKU010,WH005,518,16,0,41,0,1,492
2025-06-10,SKU091,WH001,133,13,9,2,0,0,153
2025-06-10,SKU067,WH001,492,16,25,20,1,2,510
2025-06-10,SKU043,WH005,81,6,17,9,1,0,94
2025-06-10,SKU038,WH001,549,13,0,23,0,0,539
2025-06-10,SKU101,WH004,74,3,0,26,1,2,48
2025-06-10,SKU032,WH005,30,28,0,7,1,0,50
2025-06-10,SKU025,WH003,109,9,21,12,0,0,127
2025-06-10,SKU056,WH004,425,7,20,16,0,4,432
2025-06-10,SKU005,WH003,104,7,13,6,0,0,118
2025-06-11,SKU101,WH003,406,2,0,33,1,0,374
2025-06-11,SKU073,WH004,325,5,0,34,0,0,296
2025-06-11,SKU150,WH003,265,17,0,18,0,0,264
2025-06-11,SKU013,WH004,232,15,0,19,0,0,228
2025-06-11,SKU033,WH001,103,7,0,33,2,0,75
2025-06-11,SKU138,WH003,41,8,3,8,0,1,43
2025-06-11,SKU072,WH001,638,2,0,23,0,0,617
2025-06-11,SKU083,WH004,328,3,23,14,0,1,339
2025-06-11,SKU046,WH005,256,12,0,33,1,1,233
2025-06-11,SKU085,WH005,316,7,56,28,0,2,349
2025-06-11,SKU136,WH004,175,13,0,18,0,0,170
2025-06-11,SKU008,WH003,708,10,0,37,0,0,681
2025-06-11,SKU016,WH001,149,12,19,19,1,0,160
2025-06-11,SKU011,WH001,64,6,0,27,0,0,43
2025-06-11,SKU069,WH004,185,2,29,43,2,0,171
2025-06-11,SKU087,WH004,442,16,0,28,0,0,430
2025-06-11,SKU035,WH005,112,17,0,20,0,0,109
2025-06-11,SKU094,WH001,66,4,27,15,0,0,82
2025-06-11,SKU118,WH003,100,14,19,21,0,0,112
2025-06-11,SKU108,WH005,348,11,0,32,0,1,326
2025-06-11,SKU043,WH001,292,4,18,17,0,2,295
2025-06-11,SKU026,WH002,268,2,24,26,0,0,268
2025-06-11,SKU056,WH001,140,3,0,20,0,0,123
2025-06-11,SKU052,WH004,147,11,0,10,0,0,148
2025-06-11,SKU140,WH002,292,8,0,17,0,0,283
2025-06-11,SKU005,WH005,46,4,0,11,0,0,39
2025-06-11,SKU028,WH005,262,12,0,9,0,0,265
2025-06-11,SKU125,WH001,393,4,34,20,0,0,411
2025-06-11,SKU030,WH003,203,18,0,28,0,0,193
2025-06-11,SKU097,WH005,64,14,8,4,0,0,82
2025-06-11,SKU059,WH003,49,11,0,7,0,0,53
2025-06-11,SKU067,WH003,378,13,40,37,0,0,394
2025-06-11,SKU127,WH005,136,2,37,22,0,0,153
2025-06-11,SKU004,WH004,88,16,0,9,0,0,95
2025-06-11,SKU042,WH005,66,13,0,4,0,0,75
2025-06-11,SKU045,WH002,131,19,0,24,0,0,126
2025-06-11,SKU112,WH001,96,7,0,4,0,0,99
2025-06-11,SKU032,WH002,58,24,0,8,0,0,74
2025-06-11,SKU061,WH004,86,15,3,7,0,0,97
2025-06-11,SKU018,WH003,184,13,0,20,2,0,175
2025-06-11,SKU054,WH002,441,14,26,20,0,0,461
2025-06-11,SKU121,WH003,264,21,0,18,0,0,267
2025-06-11,SKU081,WH003,588,11,28,16,0,1,610
2025-06-11,SKU148,WH003,16,0,0,18,0,0,0
2025-06-11,SKU039,WH003,197,14,0,30,1,0,180
2025-06-12,SKU072,WH005,55,4,0,28,0,0,31
2025-06-12,SKU031,WH004,268,8,0,26,0,0,250
2025-06-12,SKU070,WH003,22,10,0,14,0,0,18
2025-06-12,SKU120,WH004,123,3,0,10,0,0,116
2025-06-12,SKU042,WH004,89,14,0,4,1,0,98
2025-06-12,SKU107,WH005,186,5,46,19,0,0,218
2025-06-12,SKU066,WH002,182,12,26,19,0,0,201
2025-06-12,SKU063,WH002,148,8,43,35,1,0,163
2025-06-12,SKU019,WH003,535,13,38,25,1,3,557
2025-06-12,SKU117,WH004,52,7,0,11,0,0,48
2025-06-12,SKU116,WH005,379,16,44,22,0,0,417
2025-06-12,SKU082,WH003,339,6,0,20,0,0,325
2025-06-12,SKU096,WH004,345,10,0,30,0,1,324
2025-06-12,SKU083,WH004,111,2,12,23,0,1,101
2025-06-12,SKU008,WH003,612,5,0,40,0,1,576
2025-06-12,SKU078,WH003,186,7,0,15,0,0,178
2025-06-12,SKU052,WH001,79,17,0,11,0,0,85
2025-06-12,SKU011,WH005,218,5,25,21,0,0,227
2025-06-12,SKU133,WH002,161,18,8,7,0,0,180
2025-06-12,SKU006,WH002,194,7,34,31,0,0,204
2025-06-12,SKU059,WH003,32,16,0,4,0,0,44
2025-06-12,SKU055,WH005,185,20,0,20,0,0,185
2025-06-12,SKU137,WH001,21,14,15,15,0,0,35
2025-06-12,SKU079,WH001,261,9,0,44,1,0,225
2025-06-12,SKU105,WH002,65,11,7,5,0,0,78
2025-06-12,SKU138,WH002,47,19,4,3,0,0,67
2025-06-12,SKU130,WH002,91,2,0,15,1,1,76
2025-06-12,SKU100,WH002,83,18,29,13,0,0,117
2025-06-12,SKU061,WH001,72,13,9,6,0,0,88
2025-06-12,SKU033,WH005,190,7,0,27,0,0,170
2025-06-12,SKU108,WH004,204,16,32,44,0,0,208
2025-06-12,SKU003,WH002,141,6,7,9,0,0,145
2025-06-12,SKU047,WH003,97,7,13,13,0,0,104
2025-06-12,SKU007,WH001,291,9,15,14,0,0,301
2025-06-12,SKU029,WH005,160,14,0,26,0,0,148
2025-06-12,SKU015,WH001,72,8,4,5,1,0,78
2025-06-12,SKU091,WH003,34,16,10,7,0,0,53
2025-06-12,SKU010,WH003,320,15,25,33,1,0,326
2025-06-12,SKU084,WH002,45,8,0,2,0,0,51
2025-06-12,SKU144,WH005,65,15,0,10,0,0,70
2025-06-12,SKU037,WH003,117,12,0,14,0,0,115
2025-06-12,SKU068,WH004,128,5,10,9,0,1,133
2025-06-12,SKU013,WH005,83,16,0,11,0,0,88
2025-06-12,SKU027,WH005,139,5,18,21,1,0,140
2025-06-12,SKU024,WH004,195,14,0,13,0,0,196
2025-06-13,SKU013,WH002,123,11,16,12,1,0,137
2025-06-13,SKU130,WH003,269,1,18,15,0,2,271
2025-06-13,SKU008,WH003,495,5,0,33,0,2,465
2025-06-13,SKU086,WH001,350,19,24,16,0,0,377
2025-06-13,SKU133,WH002,136,19,0,7,0,0,148
2025-06-13,SKU014,WH002,50,3,32,25,1,0,59
2025-06-13,SKU147,WH001,123,8,0,19,0,0,112
2025-06-13,SKU015,WH004,126,4,0,10,0,1,119
2025-06-13,SKU142,WH001,263,5,0,28,0,0,240
2025-06-13,SKU081,WH003,359,13,0,26,0,0,346
2025-06-13,SKU145,WH004,150,17,26,30,0,2,161
2025-06-13,SKU033,WH004,1005,5,27,29,0,3,1005
2025-06-13,SKU021,WH003,83,15,0,12,0,0,86
2025-06-13,SKU149,WH002,342,10,0,38,1,1,312
2025-06-13,SKU009,WH002,50,13,10,6,0,0,67
2025-06-13,SKU076,WH002,106,15,25,22,0,0,124
2025-06-13,SKU109,WH002,165,0,11,7,0,0,169
2025-06-13,SKU010,WH005,574,12,37,25,1,2,595
2025-06-13,SKU137,WH002,27,18,0,12,0,0,33
2025-06-13,SKU044,WH004,555,18,36,22,0,1,586
2025-06-13,SKU023,WH004,49,14,0,21,0,0,42
2025-06-13,SKU045,WH002,181,10,0,15,0,0,176
2025-06-13,SKU042,WH004,45,14,0,4,0,0,55
2025-06-13,SKU135,WH001,358,7,0,12,0,0,353
2025-06-13,SKU064,WH002,57,13,0,30,0,0,40
2025-06-13,SKU018,WH004,280,5,0,19,0,2,264
2025-06-13,SKU029,WH003,110,11,0,23,0,0,98
2025-06-13,SKU104,WH004,218,18,11,8,0,0,239
2025-06-13,SKU114,WH005,164,10,21,12,0,1,182
2025-06-13,SKU063,WH003,237,10,43,36,2,2,250
2025-06-13,SKU061,WH001,58,12,5,5,0,0,70
2025-06-13,SKU062,WH005,242,8,12,13,0,0,249
2025-06-13,SKU106,WH001,347,20,30,46,0,1,350
2025-06-13,SKU129,WH003,49,22,30,29,0,0,72
2025-06-13,SKU118,WH001,238,10,0,16,0,2,230
2025-06-13,SKU051,WH002,40,14,0,12,0,0,42
2025-06-13,SKU107,WH002,604,4,0,22,0,1,585
2025-06-13,SKU056,WH001,230,4,0,19,0,1,214
2025-06-13,SKU095,WH003,51,17,0,11,0,0,57
2025-06-13,SKU001,WH001,87,12,16,11,0,2,102
2025-06-13,SKU072,WH003,416,3,25,35,0,1,408
2025-06-13,SKU089,WH005,23,19,0,5,0,0,37
2025-06-13,SKU037,WH004,52,20,0,16,0,1,55
2025-06-13,SKU005,WH001,71,6,0,6,0,0,71
2025-06-13,SKU041,WH001,410,7,0,24,0,0,393
2025-06-14,SKU057,WH003,55,10,0,25,0,1,39
2025-06-14,SKU082,WH005,196,3,27,21,0,0,205
2025-06-14,SKU010,WH001,242,16,0,33,0,0,225
2025-06-14,SKU073,WH002,503,6,0,36,0,2,471
2025-06-14,SKU128,WH002,164,7,19,9,0,0,181
2025-06-14,SKU136,WH001,164,8,16,17,0,0,171
2025-06-14,SKU051,WH005,75,22,8,8,0,1,96
2025-06-14,SKU059,WH001,115,14,0,6,1,0,122
2025-06-14,SKU090,WH005,192,4,0,19,1,0,176
2025-06-14,SKU031,WH003,609,6,0,27,1,0,587
2025-06-14,SKU123,WH003,94,11,0,5,0,0,100
2025-06-14,SKU132,WH002,222,10,0,38,0,1,193
2025-06-14,SKU056,WH002,67,4,0,21,0,0,50
2025-06-14,SKU111,WH001,628,13,37,26,0,0,652
2025-06-14,SKU005,WH005,107,2,12,11,1,0,109
2025-06-14,SKU116,WH005,516,21,33,29,0,0,541
2025-06-14,SKU050,WH005,146,4,0,36,0,0,114
2025-06-14,SKU044,WH005,221,12,0,31,0,0,202
2025-06-14,SKU018,WH005,237,4,0,18,1,2,220
2025-06-14,SKU118,WH002,54,21,20,14,0,0,81
2025-06-14,SKU072,WH001,592,5,0,34,1,0,562
2025-06-14,SKU114,WH005,158,16,0,26,0,0,148
2025-06-14,SKU081,WH003,213,20,0,26,0,0,207
2025-06-14,SKU133,WH002,65,20,12,6,0,0,91
2025-06-14,SKU099,WH004,374,12,0,20,0,1,365
2025-06-14,SKU089,WH004,46,19,0,4,0,0,61
2025-06-14,SKU048,WH001,155,10,10,9,1,0,165
2025-06-14,SKU095,WH001,66,18,0,8,0,0,76
2025-06-14,SKU074,WH002,467,13,0,27,0,0,453
2025-06-14,SKU088,WH001,11,11,0,6,0,0,16
2025-06-14,SKU025,WH005,159,13,0,17,0,0,155
2025-06-14,SKU067,WH001,250,11,0,24,0,1,236
2025-06-14,SKU017,WH005,433,21,31,24,0,2,459
2025-06-14,SKU024,WH005,244,16,0,23,0,0,237
2025-06-14,SKU038,WH003,390,17,0,35,0,1,371
2025-06-14,SKU060,WH005,157,8,0,24,0,0,141
2025-06-14,SKU149,WH002,139,15,0,32,0,0,122
2025-06-14,SKU043,WH001,449,5,19,19,0,0,454
2025-06-14,SKU117,WH002,38,5,0,5,0,1,37
2025-06-14,SKU148,WH003,216,3,0,15,0,0,204
2025-06-14,SKU008,WH003,816,5,0,33,0,1,787
2025-06-14,SKU143,WH002,190,13,14,10,0,0,207
2025-06-14,SKU006,WH002,361,21,0,33,0,0,349
2025-06-14,SKU062,WH005,232,9,19,24,1,1,234
2025-06-14,SKU034,WH004,86,9,13,20,0,0,88
2025-06-15,SKU010,WH003,622,13,0,28,0,0,607
2025-06-15,SKU130,WH001,274,3,14,10,0,0,281
2025-06-15,SKU025,WH005,208,13,0,8,0,0,213
2025-06-15,SKU009,WH005,64,15,0,3,0,0,76
2025-06-15,SKU141,WH001,162,15,7,6,0,1,177
2025-06-15,SKU064,WH005,656,18,0,15,1,2,656
2025-06-15,SKU020,WH002,119,17,0,17,0,0,119
2025-06-15,SKU011,WH004,622,6,0,29,1,0,598
2025-06-15,SKU135,WH003,246,7,0,6,0,0,247
2025-06-15,SKU007,WH001,281,6,0,9,0,0,278
2025-06-15,SKU079,WH002,329,8,0,39,0,1,297
2025-06-15,SKU074,WH004,1083,12,0,28,0,0,1067
2025-06-15,SKU069,WH002,452,5,0,32,0,1,424
2025-06-15,SKU112,WH002,143,6,0,6,0,2,141
2025-06-15,SKU016,WH001,178,15,0,22,0,0,171
2025-06-15,SKU001,WH003,45,16,18,19,0,0,60
2025-06-15,SKU012,WH005,122,5,0,3,0,0,124
2025-06-15,SKU076,WH005,433,7,0,15,0,1,424
2025-06-15,SKU066,WH002,141,14,0,16,0,0,139
2025-06-15,SKU028,WH002,248,7,0,7,0,1,247
2025-06-15,SKU054,WH003,315,14,0,14,1,0,314
2025-06-15,SKU101,WH001,354,4,0,17,0,0,341
2025-06-15,SKU072,WH001,159,1,45,24,0,1,180
2025-06-15,SKU142,WH001,307,4,53,28,0,0,336
2025-06-15,SKU124,WH003,102,9,0,8,0,0,103
2025-06-15,SKU088,WH005,54,14,5,0,0,0,73
2025-06-15,SKU058,WH001,571,19,0,28,0,2,560
2025-06-15,SKU103,WH003,51,16,0,2,0,0,65
2025-06-15,SKU041,WH003,272,13,33,28,0,0,290
2025-06-15,SKU067,WH005,303,11,0,21,0,1,292
2025-06-15,SKU107,WH003,233,5,24,23,0,1,238
2025-06-15,SKU049,WH003,209,3,18,27,0,1,202
2025-06-15,SKU024,WH005,371,18,27,15,0,2,399
2025-06-15,SKU092,WH005,281,9,0,23,1,0,266
2025-06-15,SKU125,WH002,127,3,44,29,0,0,145
2025-06-15,SKU117,WH004,79,8,0,8,0,0,79
2025-06-15,SKU059,WH001,54,15,10,0,0,1,78
2025-06-15,SKU144,WH002,68,21,0,6,0,1,82
2025-06-15,SKU105,WH004,25,8,0,3,0,0,30
2025-06-15,SKU137,WH005,87,17,0,5,0,0,99
2025-06-15,SKU047,WH001,127,6,0,7,0,0,126
2025-06-15,SKU077,WH005,183,8,15,17,0,0,189
2025-06-15,SKU094,WH001,254,11,0,19,0,0,246
2025-06-15,SKU133,WH003,108,21,11,4,0,0,136
2025-06-15,SKU026,WH004,231,3,0,27,0,2,205
2025-06-16,SKU078,WH002,21,13,11,8,0,0,37
2025-06-16,SKU075,WH005,120,7,17,17,0,0,127
2025-06-16,SKU049,WH001,360,7,0,21,1,0,345
2025-06-16,SKU018,WH005,440,10,0,28,0,1,421
2025-06-16,SKU042,WH005,97,18,0,3,0,0,112
2025-06-16,SKU074,WH003,112,22,0,19,0,0,115
2025-06-16,SKU089,WH002,112,15,0,5,0,0,122
2025-06-16,SKU144,WH002,31,20,9,11,0,0,49
2025-06-16,SKU021,WH005,143,25,17,11,0,0,174
2025-06-16,SKU148,WH001,171,2,28,12,0,0,189
2025-06-16,SKU017,WH002,333,19,27,36,0,1,342
2025-06-16,SKU026,WH004,540,5,0,36,1,1,507
2025-06-16,SKU043,WH003,46,5,0,15,0,0,36
2025-06-16,SKU141,WH003,52,16,8,1,0,0,75
2025-06-16,SKU034,WH002,142,7,0,26,1,0,122
2025-06-16,SKU077,WH002,152,10,0,15,0,0,147
2025-06-16,SKU041,WH003,531,13,0,14,1,0,529
2025-06-16,SKU116,WH005,169,16,0,19,0,0,166
2025-06-16,SKU119,WH004,377,23,0,21,0,2,377
2025-06-16,SKU133,WH004,99,31,0,8,0,0,122
2025-06-16,SKU147,WH005,893,4,0,30,0,2,865
2025-06-16,SKU127,WH002,783,2,0,33,0,0,752
2025-06-16,SKU053,WH002,269,12,0,22,0,0,259
2025-06-16,SKU064,WH001,106,19,0,15,0,0,110
2025-06-16,SKU033,WH005,556,6,0,26,2,1,533
2025-06-16,SKU002,WH001,252,11,0,19,0,0,244
2025-06-16,SKU140,WH001,376,11,0,20,1,0,366
2025-06-16,SKU001,WH001,154,18,0,17,0,2,153
2025-06-16,SKU030,WH004,74,8,0,14,0,0,68
2025-06-16,SKU085,WH004,634,6,0,36,0,0,604
2025-06-16,SKU027,WH005,10,6,0,19,0,0,0
2025-06-16,SKU121,WH003,139,8,0,13,0,0,134
2025-06-16,SKU149,WH005,84,14,0,26,0,0,72
2025-06-16,SKU088,WH005,41,7,0,4,0,0,44
2025-06-16,SKU052,WH005,20,16,8,6,0,0,38
2025-06-16,SKU115,WH004,83,9,0,9,1,0,82
2025-06-16,SKU050,WH005,302,2,0,25,1,0,278
2025-06-16,SKU036,WH002,57,18,0,15,0,1,59
2025-06-16,SKU111,WH004,227,8,41,34,0,0,242
2025-06-16,SKU132,WH003,958,20,0,21,0,1,956
2025-06-16,SKU101,WH003,282,3,0,21,0,0,264
2025-06-16,SKU096,WH003,402,16,0,17,0,1,400
2025-06-16,SKU039,WH003,414,7,0,35,1,2,383
2025-06-16,SKU091,WH004,74,17,0,7,0,0,84
2025-06-16,SKU009,WH001,35,6,0,10,0,0,31
2025-06-17,SKU007,WH002,77,11,0,11,0,0,77
2025-06-17,SKU143,WH002,194,13,10,7,0,0,210
2025-06-17,SKU134,WH001,115,4,0,32,1,1,85
2025-06-17,SKU063,WH001,539,9,43,25,0,3,563
2025-06-17,SKU035,WH005,224,12,0,20,1,0,215
2025-06-17,SKU113,WH002,88,14,0,12,0,0,90
2025-06-17,SKU100,WH005,138,16,26,20,0,1,159
2025-06-17,SKU112,WH001,47,7,0,12,0,0,42
2025-06-17,SKU026,WH003,233,2,0,18,0,0,217
2025-06-17,SKU103,WH003,123,15,0,7,0,0,131
2025-06-17,SKU012,WH002,82,2,13,11,0,0,86
2025-06-17,SKU095,WH004,93,11,0,8,0,0,96
2025-06-17,SKU050,WH004,9,5,0,28,0,0,0
2025-06-17,SKU079,WH005,465,9,19,17,1,2,473
2025-06-17,SKU097,WH002,121,13,0,9,0,0,125
2025-06-17,SKU066,WH005,139,8,34,21,0,0,160
2025-06-17,SKU037,WH002,196,24,0,16,0,1,203
2025-06-17,SKU130,WH005,324,3,21,16,0,0,332
2025-06-17,SKU046,WH002,414,13,0,25,0,1,401
2025-06-17,SKU074,WH004,312,20,0,25,0,0,307
2025-06-17,SKU128,WH002,166,7,15,11,0,0,177
2025-06-17,SKU150,WH005,132,19,0,26,1,0,124
2025-06-17,SKU019,WH004,112,18,0,29,0,0,101
2025-06-17,SKU108,WH005,160,13,34,32,2,0,173
2025-06-17,SKU017,WH001,104,19,0,24,0,1,98
2025-06-17,SKU071,WH002,107,10,0,6,0,0,111
2025-06-17,SKU104,WH005,55,16,0,11,0,0,60
2025-06-17,SKU083,WH001,81,4,30,20,0,0,95
2025-06-17,SKU145,WH004,190,19,0,25,1,0,183
2025-06-17,SKU102,WH002,428,11,34,22,0,1,450
2025-06-17,SKU027,WH005,356,8,18,17,1,0,364
2025-06-17,SKU084,WH003,75,8,6,3,0,0,86
2025-06-17,SKU011,WH005,108,10,0,26,0,0,92
2025-06-17,SKU131,WH002,26,7,0,7,0,0,26
2025-06-17,SKU070,WH002,374,9,0,32,1,0,350
2025-06-17,SKU025,WH002,119,14,0,23,0,1,109
2025-06-17,SKU133,WH003,62,19,0,10,0,0,71
2025-06-17,SKU080,WH001,33,11,0,6,0,0,38
2025-06-17,SKU073,WH003,252,1,0,32,0,1,220
2025-06-17,SKU109,WH001,49,5,13,13,0,1,53
2025-06-17,SKU135,WH003,311,7,0,10,0,0,308
2025-06-17,SKU060,WH001,140,9,18,12,0,0,155
2025-06-17,SKU072,WH005,212,1,0,30,0,0,183
2025-06-17,SKU055,WH005,414,13,0,27,0,2,398
2025-06-17,SKU076,WH004,180,9,0,20,0,1,168
2025-06-18,SKU148,WH001,92,2,22,24,1,0,91
2025-06-18,SKU092,WH004,131,14,0,24,0,0,121
2025-06-18,SKU026,WH004,300,5,28,26,1,1,305
2025-06-18,SKU130,WH001,152,7,16,13,0,1,161
2025-06-18,SKU033,WH003,868,6,0,27,0,3,844
2025-06-18,SKU049,WH004,401,4,0,24,0,2,379
2025-06-18,SKU112,WH004,58,8,7,5,0,0,68
2025-06-18,SKU126,WH001,283,1,0,29,0,2,253
2025-06-18,SKU136,WH001,272,9,0,20,0,1,260
2025-06-18,SKU055,WH002,145,17,31,20,0,0,173
2025-06-18,SKU127,WH004,808,4,33,18,0,0,827
2025-06-18,SKU076,WH004,177,14,0,23,0,1,167
2025-06-18,SKU147,WH001,245,3,0,22,0,1,225
2025-06-18,SKU021,WH005,205,23,0,17,0,0,211
2025-06-18,SKU075,WH005,188,9,0,12,1,0,184
2025-06-18,SKU093,WH002,558,3,0,25,1,1,534
2025-06-18,SKU009,WH005,98,10,0,11,0,0,97
2025-06-18,SKU058,WH004,341,10,0,34,0,1,316
2025-06-18,SKU086,WH004,120,18,0,27,0,1,110
2025-06-18,SKU053,WH001,117,7,0,22,1,0,101
2025-06-18,SKU084,WH001,54,6,0,2,0,0,58
2025-06-18,SKU089,WH002,31,17,0,5,0,0,43
2025-06-18,SKU011,WH003,107,8,34,26,0,0,123
2025-06-18,SKU010,WH001,256,21,37,29,1,0,284
2025-06-18,SKU054,WH001,55,13,0,14,1,0,53
2025-06-18,SKU013,WH001,101,17,0,18,0,0,100
2025-06-18,SKU100,WH003,246,11,19,8,0,0,268
2025-06-18,SKU129,WH003,195,17,0,13,0,0,199
2025-06-18,SKU116,WH001,417,20,0,25,0,0,412
2025-06-18,SKU118,WH005,301,15,0,19,0,3,294
2025-06-18,SKU040,WH003,340,14,0,9,0,1,344
2025-06-18,SKU019,WH002,92,14,29,35,1,1,98
2025-06-18,SKU002,WH003,700,12,0,23,0,0,689
2025-06-18,SKU090,WH004,292,8,16,26,0,1,289
2025-06-18,SKU146,WH004,127,11,17,33,0,0,122
2025-06-18,SKU145,WH001,406,16,0,23,0,2,397
2025-06-18,SKU012,WH004,76,6,0,9,0,0,73
2025-06-18,SKU015,WH005,108,4,0,8,0,2,102
2025-06-18,SKU122,WH005,179,18,18,19,0,1,195
2025-06-18,SKU135,WH001,224,9,0,6,0,0,227
2025-06-18,SKU078,WH003,136,8,0,6,0,1,137
2025-06-18,SKU018,WH004,429,18,0,15,0,2,430
2025-06-18,SKU007,WH001,91,11,0,13,0,0,89
2025-06-18,SKU124,WH005,49,5,0,18,0,1,35
2025-06-18,SKU032,WH003,111,18,9,6,0,1,131
2025-06-19,SKU111,WH001,150,11,30,27,2,0,162
2025-06-19,SKU022,WH005,222,27,0,33,1,0,215
2025-06-19,SKU115,WH003,142,10,0,15,0,0,137
2025-06-19,SKU060,WH001,74,10,0,23,1,0,60
2025-06-19,SKU031,WH005,134,4,0,34,0,1,103
2025-06-19,SKU047,WH003,99,10,0,10,0,0,99
2025-06-19,SKU137,WH001,94,13,13,2,0,0,118
2025-06-19,SKU016,WH002,144,6,0,20,0,0,130
2025-06-19,SKU064,WH001,133,18,24,19,0,1,155
2025-06-19,SKU042,WH001,64,11,0,5,0,0,70
2025-06-19,SKU148,WH001,235,4,0,19,0,0,220
2025-06-19,SKU018,WH003,263,6,0,18,0,0,251
2025-06-19,SKU033,WH003,228,10,0,27,0,0,211
2025-06-19,SKU105,WH003,84,10,6,4,0,0,96
2025-06-19,SKU070,WH004,88,11,0,16,0,2,81
2025-06-19,SKU128,WH003,78,6,9,13,0,0,80
2025-06-19,SKU130,WH001,219,2,0,13,0,0,208
2025-06-19,SKU039,WH004,123,14,0,31,0,0,106
2025-06-19,SKU032,WH003,72,8,0,6,0,0,74
2025-06-19,SKU043,WH002,34,5,0,14,0,0,25
2025-06-19,SKU090,WH004,70,9,0,17,0,0,62
2025-06-19,SKU073,WH003,546,4,47,33,0,1,563
2025-06-19,SKU100,WH003,278,8,0,15,0,1,270
2025-06-19,SKU065,WH001,112,21,0,11,0,0,122
2025-06-19,SKU003,WH004,193,16,0,4,0,0,205
2025-06-19,SKU131,WH001,66,7,0,6,0,0,67
2025-06-19,SKU050,WH005,178,3,0,35,0,0,146
2025-06-19,SKU011,WH001,105,10,0,24,0,0,91
2025-06-19,SKU015,WH001,147,7,0,4,0,1,149
2025-06-19,SKU005,WH001,68,3,0,12,0,0,59
2025-06-19,SKU106,WH004,168,22,0,29,2,1,158
2025-06-19,SKU014,WH001,323,4,0,43,1,0,283
2025-06-19,SKU066,WH004,166,10,0,18,0,1,157
2025-06-19,SKU004,WH001,51,19,0,6,0,0,64
2025-06-19,SKU030,WH005,111,16,32,19,0,0,140
2025-06-19,SKU117,WH004,72,5,0,5,0,0,72
2025-06-19,SKU082,WH002,384,10,0,27,1,1,365
2025-06-19,SKU098,WH001,655,2,27,19,0,1,664
2025-06-19,SKU141,WH004,32,17,0,6,0,0,43
2025-06-19,SKU021,WH004,123,14,0,20,0,0,117
2025-06-19,SKU143,WH001,154,26,0,17,0,2,161
2025-06-19,SKU001,WH003,67,14,23,18,0,0,86
2025-06-19,SKU044,WH005,282,13,55,27,0,0,323
2025-06-19,SKU132,WH002,677,12,0,40,0,0,649
2025-06-19,SKU006,WH005,229,23,0,25,0,0,227
2025-06-20,SKU066,WH004,505,26,0,22,1,1,507
2025-06-20,SKU121,WH002,186,8,0,14,1,0,179
2025-06-20,SKU074,WH005,292,11,0,29,0,0,274
2025-06-20,SKU039,WH002,592,11,0,40,0,2,561
2025-06-20,SKU004,WH003,58,12,0,10,0,0,60
2025-06-20,SKU091,WH001,79,22,0,5,0,0,96
2025-06-20,SKU132,WH003,82,18,0,23,0,0,77
2025-06-20,SKU037,WH003,139,18,0,17,0,0,140
2025-06-20,SKU094,WH003,84,7,0,28,0,0,63
2025-06-20,SKU096,WH004,287,19,29,33,0,0,302
2025-06-20,SKU075,WH003,208,9,0,18,0,0,199
2025-06-20,SKU135,WH001,303,9,0,8,0,0,304
2025-06-20,SKU030,WH004,286,13,27,32,0,1,293
2025-06-20,SKU077,WH003,205,4,23,14,0,0,218
2025-06-20,SKU067,WH001,254,5,33,33,0,1,258
2025-06-20,SKU118,WH004,221,12,24,16,0,0,241
2025-06-20,SKU141,WH005,66,22,8,8,0,0,88
2025-06-20,SKU061,WH002,42,14,5,2,0,0,59
2025-06-20,SKU033,WH001,422,5,0,30,0,0,397
2025-06-20,SKU027,WH004,228,9,0,13,0,1,223
2025-06-20,SKU085,WH002,501,2,0,37,0,0,466
2025-06-20,SKU104,WH004,88,11,0,8,0,0,91
2025-06-20,SKU063,WH005,152,4,37,37,0,0,156
2025-06-20,SKU130,WH002,259,3,0,24,1,2,235
2025-06-20,SKU062,WH001,250,5,0,18,0,0,237
2025-06-20,SKU035,WH004,181,19,18,20,0,0,198
2025-06-20,SKU009,WH001,132,11,0,14,0,0,129
2025-06-20,SKU028,WH002,193,8,0,20,0,2,179
2025-06-20,SKU120,WH003,53,3,0,12,0,0,44
2025-06-20,SKU122,WH003,266,16,0,14,0,1,267
2025-06-20,SKU139,WH001,735,10,41,35,0,1,750
2025-06-20,SKU109,WH002,33,6,0,11,0,0,28
2025-06-20,SKU108,WH005,535,9,47,36,0,3,552
2025-06-20,SKU036,WH001,367,20,30,16,0,1,400
2025-06-20,SKU095,WH003,143,11,12,9,0,1,156
2025-06-20,SKU025,WH002,10,11,0,22,0,0,0
2025-06-20,SKU042,WH002,71,24,0,10,0,0,85
2025-06-20,SKU092,WH005,300,6,28,23,0,1,310
2025-06-20,SKU050,WH003,235,3,0,28,0,0,210
2025-06-20,SKU113,WH001,67,17,0,12,0,0,72
2025-06-20,SKU125,WH004,439,2,0,24,0,1,416
2025-06-20,SKU049,WH003,232,14,0,17,0,0,229
2025-06-20,SKU008,WH005,167,2,0,32,1,0,136
2025-06-20,SKU053,WH001,165,10,0,16,0,0,159
2025-06-20,SKU133,WH001,65,8,12,8,0,0,77
2025-06-21,SKU148,WH002,152,2,0,13,0,0,141
2025-06-21,SKU014,WH003,189,5,0,28,0,1,165
2025-06-21,SKU124,WH001,137,3,0,14,0,0,126
2025-06-21,SKU114,WH004,156,6,0,11,0,0,151
2025-06-21,SKU064,WH003,191,12,32,18,0,1,216
2025-06-21,SKU093,WH003,214,3,37,34,0,0,220
2025-06-21,SKU073,WH003,534,3,0,32,1,3,501
2025-06-21,SKU030,WH003,170,5,0,21,1,0,153
2025-06-21,SKU087,WH004,352,14,0,25,0,1,340
2025-06-21,SKU102,WH001,1055,12,0,19,0,1,1047
2025-06-21,SKU001,WH002,93,14,13,14,0,0,106
2025-06-21,SKU070,WH004,525,13,19,25,1,0,531
2025-06-21,SKU069,WH003,425,2,36,35,0,0,428
2025-06-21,SKU058,WH003,156,16,31,28,1,0,174
2025-06-21,SKU051,WH005,116,15,0,5,0,0,126
2025-06-21,SKU025,WH005,200,15,0,14,0,2,199
2025-06-21,SKU103,WH001,64,14,12,6,0,0,84
2025-06-21,SKU056,WH001,497,2,0,15,0,0,484
2025-06-21,SKU084,WH004,48,2,0,4,0,0,46
2025-06-21,SKU123,WH002,139,11,0,9,1,1,139
2025-06-21,SKU090,WH002,246,6,0,12,1,2,237
2025-06-21,SKU027,WH001,377,4,0,20,0,2,359
2025-06-21,SKU086,WH005,134,15,0,15,0,0,134
2025-06-21,SKU013,WH003,225,15,0,15,0,1,224
2025-06-21,SKU113,WH005,138,9,16,13,0,0,150
2025-06-21,SKU053,WH004,207,10,0,25,0,3,189
2025-06-21,SKU074,WH001,436,17,0,27,0,3,423
2025-06-21,SKU136,WH005,177,11,0,22,0,1,165
2025-06-21,SKU106,WH003,201,12,27,25,0,0,215
2025-06-21,SKU105,WH005,27,10,0,7,0,0,30
2025-06-21,SKU126,WH002,191,2,0,28,1,0,164
2025-06-21,SKU034,WH002,432,10,0,20,0,1,421
2025-06-21,SKU147,WH003,186,4,0,27,1,0,162
2025-06-21,SKU018,WH004,96,3,20,20,0,1,98
2025-06-21,SKU040,WH003,130,13,16,16,0,1,142
2025-06-21,SKU052,WH005,170,4,0,7,0,0,167
2025-06-21,SKU137,WH001,36,12,11,11,0,1,47
2025-06-21,SKU130,WH004,446,1,21,17,0,0,451
2025-06-21,SKU129,WH003,522,12,24,17,1,0,540
2025-06-21,SKU128,WH005,106,7,9,14,0,0,108
2025-06-21,SKU145,WH002,538,14,45,33,1,2,561
2025-06-21,SKU098,WH005,411,4,28,30,0,0,413
2025-06-21,SKU089,WH004,32,13,0,4,0,0,41
2025-06-21,SKU005,WH001,147,2,0,10,0,0,139
2025-06-21,SKU060,WH002,287,3,27,13,0,0,304
2025-06-22,SKU126,WH005,341,2,0,23,0,0,320
2025-06-22,SKU086,WH003,119,19,0,25,0,0,113
2025-06-22,SKU077,WH004,332,4,16,12,0,0,340
2025-06-22,SKU061,WH002,68,16,0,5,0,0,79
2025-06-22,SKU038,WH001,227,17,40,27,0,0,257
2025-06-22,SKU003,WH005,25,16,8,7,0,0,42
2025-06-22,SKU118,WH003,202,16,26,19,1,0,224
2025-06-22,SKU078,WH003,52,11,0,14,0,0,49
2025-06-22,SKU096,WH003,113,10,0,42,0,1,80
2025-06-22,SKU030,WH002,327,22,0,26,0,0,323
2025-06-22,SKU071,WH004,53,7,10,4,0,0,66
2025-06-22,SKU052,WH001,128,12,5,9,0,0,136
2025-06-22,SKU148,WH003,378,2,0,21,1,1,357
2025-06-22,SKU058,WH005,43,12,41,22,1,0,73
2025-06-22,SKU067,WH004,458,10,38,30,1,2,473
2025-06-22,SKU111,WH003,759,23,0,24,0,0,758
2025-06-22,SKU122,WH003,87,11,0,17,0,0,81
2025-06-22,SKU139,WH004,257,6,0,16,0,0,247
2025-06-22,SKU109,WH005,41,6,0,8,0,1,38
2025-06-22,SKU084,WH002,2,3,0,6,0,0,0
2025-06-22,SKU048,WH002,180,12,9,6,0,1,194
2025-06-22,SKU002,WH001,643,16,0,25,2,2,630
2025-06-22,SKU076,WH001,194,13,0,14,0,0,193
2025-06-22,SKU133,WH003,51,18,0,10,0,0,59
2025-06-22,SKU016,WH004,68,6,11,18,1,0,66
2025-06-22,SKU017,WH002,389,10,0,24,0,0,375
2025-06-22,SKU059,WH003,13,19,8,3,0,0,37
2025-06-22,SKU037,WH001,170,18,20,22,0,0,186
2025-06-22,SKU098,WH003,340,1,0,23,0,1,317
2025-06-22,SKU019,WH001,429,19,0,33,1,1,413
2025-06-22,SKU054,WH005,119,10,0,21,0,0,108
2025-06-22,SKU121,WH002,268,5,0,18,0,1,254
2025-06-22,SKU137,WH005,85,17,12,7,1,0,106
2025-06-22,SKU104,WH005,142,12,13,12,0,0,155
2025-06-22,SKU051,WH003,61,23,0,13,0,0,71
2025-06-22,SKU011,WH005,452,5,31,19,0,0,469
2025-06-22,SKU130,WH005,289,2,0,15,0,1,275
2025-06-22,SKU069,WH001,175,5,32,24,1,1,186
2025-06-22,SKU026,WH003,213,2,0,28,0,0,187
2025-06-22,SKU023,WH005,196,9,19,21,0,0,203
2025-06-22,SKU024,WH005,214,15,0,17,0,2,210
2025-06-22,SKU102,WH003,60,13,22,20,1,0,74
2025-06-22,SKU022,WH004,131,23,0,21,1,0,132
2025-06-22,SKU021,WH003,184,12,14,16,0,0,194
2025-06-22,SKU033,WH002,356,4,31,30,0,1,360
2025-06-23,SKU097,WH004,183,12,8,2,0,0,201
2025-06-23,SKU009,WH004,95,8,0,6,0,0,97
2025-06-23,SKU074,WH003,290,14,0,32,1,1,270
2025-06-23,SKU002,WH001,250,13,0,19,0,1,243
2025-06-23,SKU092,WH002,398,8,0,18,1,2,385
2025-06-23,SKU103,WH001,39,16,0,6,0,0,49
2025-06-23,SKU034,WH001,232,8,0,22,0,0,218
2025-06-23,SKU089,WH003,204,23,11,2,0,0,236
2025-06-23,SKU005,WH005,62,6,0,11,0,0,57
2025-06-23,SKU145,WH004,206,20,0,30,0,0,196
2025-06-23,SKU066,WH001,483,13,0,13,0,2,481
2025-06-23,SKU003,WH005,188,9,0,9,0,1,187
2025-06-23,SKU059,WH005,18,14,8,4,0,0,36
2025-06-23,SKU113,WH002,139,16,16,17,0,0,154
2025-06-23,SKU106,WH002,626,9,25,27,1,3,629
2025-06-23,SKU121,WH001,48,9,0,17,1,0,39
2025-06-23,SKU012,WH004,28,12,10,9,0,0,41
2025-06-23,SKU050,WH001,213,2,38,32,0,0,221
2025-06-23,SKU044,WH005,559,15,38,26,0,1,585
2025-06-23,SKU014,WH002,512,2,31,37,0,1,507
2025-06-23,SKU120,WH003,89,2,0,14,1,0,76
2025-06-23,SKU033,WH001,518,5,39,35,0,2,525
2025-06-23,SKU031,WH004,367,3,0,34,1,0,335
2025-06-23,SKU146,WH004,144,14,0,30,0,0,128
2025-06-23,SKU143,WH003,236,20,0,20,0,0,236
2025-06-23,SKU047,WH004,177,15,9,10,0,0,191
2025-06-23,SKU015,WH003,74,9,13,10,0,0,86
2025-06-23,SKU132,WH004,422,12,0,31,0,0,403
2025-06-23,SKU008,WH001,448,3,0,24,0,1,426
2025-06-23,SKU046,WH004,144,5,0,25,0,1,123
2025-06-23,SKU018,WH004,35,6,0,20,0,0,21
2025-06-23,SKU141,WH001,76,23,7,6,0,0,100
2025-06-23,SKU081,WH001,162,13,38,26,0,0,187
2025-06-23,SKU114,WH005,94,12,18,15,0,0,109
2025-06-23,SKU007,WH004,110,9,0,12,0,1,106
2025-06-23,SKU094,WH001,573,12,0,21,1,0,563
2025-06-23,SKU085,WH001,320,4,36,34,1,0,325
2025-06-23,SKU041,WH004,223,15,0,30,0,0,208
2025-06-23,SKU125,WH004,429,2,0,35,0,2,394
2025-06-23,SKU112,WH002,75,7,7,5,0,0,84
2025-06-23,SKU057,WH003,152,11,0,20,0,0,143
2025-06-23,SKU102,WH003,170,17,0,20,0,0,167
2025-06-23,SKU090,WH002,47,5,0,18,0,0,34
2025-06-23,SKU107,WH004,132,9,30,24,0,0,147
2025-06-23,SKU043,WH001,27,4,26,10,0,0,47
2025-06-24,SKU071,WH004,86,9,0,7,0,0,88
2025-06-24,SKU028,WH005,68,9,0,18,0,0,59
2025-06-24,SKU054,WH001,132,17,0,29,1,0,119
2025-06-24,SKU139,WH005,360,8,35,31,0,0,372
2025-06-24,SKU074,WH003,283,22,0,38,1,0,266
2025-06-24,SKU076,WH002,360,6,28,19,0,0,375
2025-06-24,SKU099,WH002,425,14,42,25,0,0,456
2025-06-24,SKU125,WH005,31,3,0,38,0,0,0
2025-06-24,SKU090,WH001,122,5,0,22,0,0,105
2025-06-24,SKU118,WH004,74,23,0,20,1,0,76
2025-06-24,SKU041,WH003,213,7,27,24,0,0,223
2025-06-24,SKU102,WH002,293,14,0,26,1,3,277
2025-06-24,SKU057,WH002,176,14,29,22,0,1,196
2025-06-24,SKU106,WH004,453,11,0,32,0,0,432
2025-06-24,SKU142,WH003,237,4,0,39,0,1,201
2025-06-24,SKU111,WH001,201,10,0,33,1,0,177
2025-06-24,SKU034,WH001,202,11,0,15,0,1,197
2025-06-24,SKU140,WH002,173,11,0,23,1,0,160
2025-06-24,SKU010,WH005,260,13,0,33,1,0,239
2025-06-24,SKU030,WH003,380,11,0,19,0,2,370
2025-06-24,SKU135,WH005,99,11,0,12,0,1,97
2025-06-24,SKU005,WH004,60,4,10,13,0,0,61
2025-06-24,SKU114,WH004,371,8,0,21,0,2,356
2025-06-24,SKU062,WH003,542,5,0,15,0,1,531
2025-06-24,SKU020,WH003,184,21,8,4,0,0,209
2025-06-24,SKU036,WH005,248,24,21,23,0,1,269
2025-06-24,SKU017,WH005,356,11,48,36,0,1,378
2025-06-24,SKU044,WH004,564,16,0,22,0,1,557
2025-06-24,SKU088,WH003,89,9,0,2,0,0,96
2025-06-24,SKU066,WH002,260,15,0,27,0,0,248
2025-06-24,SKU093,WH005,143,2,0,36,0,0,109
2025-06-24,SKU040,WH004,505,15,19,18,0,0,521
2025-06-24,SKU006,WH002,276,10,0,29,0,0,257
2025-06-24,SKU047,WH004,25,11,0,7,0,0,29
2025-06-24,SKU045,WH001,234,15,26,13,0,0,262
2025-06-24,SKU035,WH004,146,18,31,18,0,3,174
2025-06-24,SKU085,WH001,402,2,27,29,1,1,400
2025-06-24,SKU094,WH005,462,6,0,26,0,2,440
2025-06-24,SKU024,WH002,294,4,0,17,0,2,279
2025-06-24,SKU073,WH004,330,2,0,35,1,0,296
2025-06-24,SKU072,WH003,846,3,32,36,1,0,844
2025-06-24,SKU105,WH004,52,6,0,3,0,0,55
2025-06-24,SKU023,WH004,123,13,19,19,0,1,135
2025-06-24,SKU116,WH002,468,25,27,23,0,1,496
2025-06-24,SKU113,WH005,190,17,11,14,0,0,204
2025-06-25,SKU041,WH002,182,13,0,24,1,0,170
2025-06-25,SKU068,WH004,107,5,17,9,0,0,120
2025-06-25,SKU027,WH001,91,6,0,15,0,0,82
2025-06-25,SKU118,WH002,103,17,0,20,1,1,98
2025-06-25,SKU018,WH001,66,12,0,16,1,0,61
2025-06-25,SKU017,WH001,162,18,31,25,0,1,185
2025-06-25,SKU099,WH001,390,9,0,24,0,0,375
2025-06-25,SKU012,WH002,43,7,8,12,0,0,46
2025-06-25,SKU115,WH005,198,4,10,11,0,0,201
2025-06-25,SKU090,WH005,62,3,0,15,0,0,50
2025-06-25,SKU047,WH001,64,7,13,11,0,0,73
2025-06-25,SKU081,WH003,257,9,0,27,0,1,238
2025-06-25,SKU001,WH003,216,13,0,16,1,0,212
2025-06-25,SKU048,WH005,196,16,0,8,0,0,204
2025-06-25,SKU071,WH004,99,15,0,7,0,0,107
2025-06-25,SKU145,WH002,293,9,0,27,0,0,275
2025-06-25,SKU123,WH005,84,11,0,11,0,0,84
2025-06-25,SKU130,WH002,418,2,19,11,1,1,426
2025-06-25,SKU127,WH005,251,7,0,17,0,0,241
2025-06-25,SKU085,WH005,419,1,0,36,1,2,381
2025-06-25,SKU050,WH002,290,11,0,33,1,0,267
2025-06-25,SKU112,WH001,40,7,9,6,0,0,50
2025-06-25,SKU109,WH004,165,4,0,12,0,1,156
2025-06-25,SKU117,WH005,70,0,0,7,0,0,63
2025-06-25,SKU057,WH003,256,25,31,30,0,0,282
2025-06-25,SKU132,WH002,375,17,33,32,0,1,392
2025-06-25,SKU052,WH003,101,12,9,12,0,0,110
2025-06-25,SKU142,WH004,366,3,0,40,0,0,329
2025-06-25,SKU134,WH004,63,2,0,31,0,0,34
2025-06-25,SKU125,WH002,355,3,46,33,0,0,371
2025-06-25,SKU010,WH003,335,17,36,21,0,0,367
2025-06-25,SKU037,WH001,145,13,0,17,0,0,141
2025-06-25,SKU014,WH003,439,2,0,38,0,1,402
2025-06-25,SKU097,WH003,76,17,10,9,0,0,94
2025-06-25,SKU028,WH004,111,7,0,11,0,0,107
2025-06-25,SKU108,WH001,387,7,0,39,0,1,354
2025-06-25,SKU024,WH002,350,14,0,22,0,0,342
2025-06-25,SKU056,WH003,509,3,0,18,0,1,493
2025-06-25,SKU004,WH001,82,17,0,9,0,0,90
2025-06-25,SKU006,WH002,180,11,23,17,0,0,197
2025-06-25,SKU015,WH001,51,10,0,8,0,0,53
2025-06-25,SKU046,WH002,240,11,0,30,1,0,220
2025-06-25,SKU091,WH003,29,16,0,9,0,0,36
2025-06-25,SKU122,WH001,126,21,0,11,0,0,136
2025-06-25,SKU137,WH002,51,14,12,7,0,0,70
2025-06-26,SKU017,WH004,84,22,34,21,0,1,118
2025-06-26,SKU138,WH001,26,22,3,4,0,0,47
2025-06-26,SKU053,WH003,324,6,0,22,0,1,307
2025-06-26,SKU099,WH004,523,12,0,32,0,0,503
2025-06-26,SKU043,WH003,222,2,0,10,0,0,214
2025-06-26,SKU011,WH003,89,5,0,25,0,0,69
2025-06-26,SKU094,WH004,227,6,27,31,0,1,228
2025-06-26,SKU127,WH002,346,2,0,24,0,1,323
2025-06-26,SKU057,WH005,352,21,19,24,1,0,367
2025-06-26,SKU007,WH005,138,11,0,10,0,0,139
2025-06-26,SKU071,WH003,144,9,0,6,0,0,147
2025-06-26,SKU041,WH005,284,11,0,19,1,0,275
2025-06-26,SKU146,WH003,323,22,20,12,1,1,351
2025-06-26,SKU026,WH005,395,2,37,32,0,1,401
2025-06-26,SKU059,WH001,32,9,9,7,0,0,43
2025-06-26,SKU097,WH003,49,10,0,9,0,0,50
2025-06-26,SKU054,WH003,278,18,0,19,0,1,276
2025-06-26,SKU135,WH002,207,11,0,11,0,0,207
2025-06-26,SKU150,WH002,317,20,0,22,0,0,315
2025-06-26,SKU073,WH004,8,4,0,30,1,0,0
2025-06-26,SKU129,WH001,91,21,0,29,0,0,83
2025-06-26,SKU103,WH002,34,13,0,5,0,0,42
2025-06-26,SKU056,WH004,138,5,0,14,0,0,129
2025-06-26,SKU131,WH005,29,8,11,8,0,0,40
2025-06-26,SKU114,WH002,130,14,22,11,0,0,155
2025-06-26,SKU035,WH001,319,11,0,19,0,1,310
2025-06-26,SKU010,WH005,216,13,0,29,0,1,199
2025-06-26,SKU081,WH002,270,14,0,31,0,1,252
2025-06-26,SKU005,WH002,220,9,0,10,0,2,217
2025-06-26,SKU078,WH003,238,11,0,7,0,0,242
2025-06-26,SKU016,WH002,156,10,0,15,0,0,151
2025-06-26,SKU109,WH002,53,4,0,3,0,1,53
2025-06-26,SKU141,WH005,101,22,0,14,0,0,109
2025-06-26,SKU001,WH001,114,21,10,17,0,1,127
2025-06-26,SKU118,WH001,80,18,0,27,0,0,71
2025-06-26,SKU128,WH005,83,6,10,5,0,1,93
2025-06-26,SKU076,WH005,275,8,27,14,0,0,296
2025-06-26,SKU082,WH001,515,11,0,25,0,1,500
2025-06-26,SKU033,WH005,140,5,0,27,0,1,117
2025-06-26,SKU086,WH004,98,18,0,14,0,0,102
2025-06-26,SKU027,WH004,101,6,0,14,0,0,93
2025-06-26,SKU077,WH004,371,6,20,16,0,2,379
2025-06-26,SKU107,WH001,169,13,0,23,0,1,158
2025-06-26,SKU047,WH002,57,14,0,9,0,0,62
2025-06-26,SKU028,WH003,92,8,0,12,0,0,88
2025-06-27,SKU035,WH004,180,15,0,26,0,0,169
2025-06-27,SKU049,WH001,164,5,0,18,0,1,150
2025-06-27,SKU089,WH002,44,17,5,3,0,0,63
2025-06-27,SKU114,WH001,101,5,28,14,0,0,120
2025-06-27,SKU006,WH002,188,12,0,15,0,1,184
2025-06-27,SKU063,WH003,204,8,34,34,0,0,212
2025-06-27,SKU012,WH005,96,9,0,8,0,0,97
2025-06-27,SKU123,WH004,135,10,0,7,0,0,138
2025-06-27,SKU037,WH002,294,19,20,18,1,3,311
2025-06-27,SKU033,WH004,215,7,0,19,0,0,203
2025-06-27,SKU081,WH001,442,12,27,30,0,0,451
2025-06-27,SKU096,WH001,487,12,0,34,0,1,464
2025-06-27,SKU124,WH002,92,7,0,8,0,0,91
2025-06-27,SKU045,WH004,122,11,0,9,0,0,124
2025-06-27,SKU139,WH005,404,15,0,24,0,1,394
2025-06-27,SKU098,WH005,244,1,0,22,0,0,223
2025-06-27,SKU044,WH005,140,20,33,29,1,0,163
2025-06-27,SKU108,WH001,132,14,0,29,0,0,117
2025-06-27,SKU104,WH005,51,11,0,17,0,0,45
2025-06-27,SKU014,WH005,177,3,0,24,1,0,155
2025-06-27,SKU127,WH003,61,5,0,28,0,0,38
2025-06-27,SKU075,WH003,307,7,25,12,0,0,327
2025-06-27,SKU002,WH005,321,8,0,25,0,0,304
2025-06-27,SKU020,WH001,30,24,16,11,0,0,59
2025-06-27,SKU134,WH004,344,2,0,22,0,0,324
2025-06-27,SKU069,WH002,502,2,0,26,0,1,477
2025-06-27,SKU024,WH003,354,19,0,14,0,0,359
2025-06-27,SKU097,WH004,84,6,0,8,0,1,81
2025-06-27,SKU149,WH003,56,11,0,38,1,0,28
2025-06-27,SKU028,WH001,419,8,17,15,0,2,427
2025-06-27,SKU070,WH003,17,11,0,19,0,0,9
2025-06-27,SKU021,WH001,308,16,0,16,0,0,308
2025-06-27,SKU050,WH005,148,10,0,28,1,1,128
2025-06-27,SKU040,WH001,379,21,23,20,0,0,403
2025-06-27,SKU030,WH002,287,11,0,21,0,1,276
2025-06-27,SKU120,WH005,140,4,9,10,0,0,143
2025-06-27,SKU043,WH004,73,8,0,18,1,1,61
2025-06-27,SKU039,WH003,336,9,0,31,0,0,314
2025-06-27,SKU076,WH001,95,10,0,19,0,0,86
2025-06-27,SKU034,WH005,147,8,22,18,0,0,159
2025-06-27,SKU083,WH005,176,4,34,21,0,0,193
2025-06-27,SKU032,WH004,67,16,4,5,0,0,82
2025-06-27,SKU133,WH001,84,20,0,5,0,0,99
2025-06-27,SKU117,WH002,186,8,0,12,0,0,182
2025-06-27,SKU092,WH003,224,13,0,31,0,0,206
2025-06-28,SKU016,WH005,174,11,0,15,0,1,169
2025-06-28,SKU074,WH005,228,12,0,35,0,0,205
2025-06-28,SKU100,WH002,96,12,20,18,1,0,109
2025-06-28,SKU087,WH002,384,19,0,27,0,1,375
2025-06-28,SKU049,WH004,227,8,0,14,0,0,221
2025-06-28,SKU075,WH002,293,12,0,15,0,2,288
2025-06-28,SKU120,WH002,83,0,14,12,0,0,85
2025-06-28,SKU076,WH003,92,8,23,16,0,1,106
2025-06-28,SKU043,WH004,55,6,20,16,1,0,64
2025-06-28,SKU018,WH001,287,11,0,13,0,0,285
2025-06-28,SKU121,WH004,99,10,17,21,0,0,105
2025-06-28,SKU063,WH003,405,9,0,37,1,0,376
2025-06-28,SKU106,WH002,412,20,0,23,0,0,409
2025-06-28,SKU045,WH004,152,18,0,12,0,1,157
2025-06-28,SKU128,WH001,113,6,0,12,0,0,107
2025-06-28,SKU013,WH005,102,15,18,16,0,0,119
2025-06-28,SKU107,WH002,113,10,0,29,0,0,94
2025-06-28,SKU081,WH003,90,14,0,13,0,0,91
2025-06-28,SKU003,WH002,48,14,9,6,0,0,65
2025-06-28,SKU136,WH002,113,8,0,20,0,1,100
2025-06-28,SKU042,WH003,102,16,0,3,0,0,115
2025-06-28,SKU090,WH003,362,1,0,24,0,0,339
2025-06-28,SKU134,WH004,548,4,54,32,2,1,571
2025-06-28,SKU088,WH004,17,8,0,7,0,0,18
2025-06-28,SKU108,WH002,352,13,0,37,1,1,326
2025-06-28,SKU017,WH001,395,17,0,39,0,1,372
2025-06-28,SKU077,WH004,143,8,0,15,0,1,135
2025-06-28,SKU071,WH001,21,5,11,6,0,0,31
2025-06-28,SKU122,WH005,155,15,13,29,0,1,153
2025-06-28,SKU039,WH004,449,8,0,27,0,1,429
2025-06-28,SKU050,WH005,523,3,0,19,0,0,507
2025-06-28,SKU118,WH002,158,18,21,18,0,0,179
2025-06-28,SKU046,WH003,133,6,26,38,0,1,126
2025-06-28,SKU033,WH003,149,4,35,23,0,1,164
2025-06-28,SKU035,WH003,155,15,0,21,0,0,149
2025-06-28,SKU104,WH005,144,11,0,14,0,0,141
2025-06-28,SKU149,WH004,347,11,0,28,0,2,328
2025-06-28,SKU020,WH002,206,12,0,8,0,0,210
2025-06-28,SKU132,WH003,434,10,0,38,0,0,406
2025-06-28,SKU094,WH003,209,3,17,30,0,0,199
2025-06-28,SKU001,WH004,149,17,0,10,1,0,155
2025-06-28,SKU036,WH003,188,20,0,15,0,0,193
2025-06-28,SKU032,WH003,97,16,0,5,0,0,108
2025-06-28,SKU059,WH003,51,17,0,3,0,0,65
2025-06-28,SKU038,WH001,19,13,0,28,0,0,4
2025-06-29,SKU104,WH005,131,18,18,13,0,1,153
2025-06-29,SKU083,WH005,232,4,0,18,0,0,218
2025-06-29,SKU116,WH002,261,15,28,24,1,0,279
2025-06-29,SKU147,WH002,259,7,30,22,0,0,274
2025-06-29,SKU086,WH002,59,14,0,19,0,0,54
2025-06-29,SKU018,WH004,94,9,18,14,0,0,107
2025-06-29,SKU106,WH001,410,16,0,24,0,1,401
2025-06-29,SKU120,WH003,181,3,0,9,0,0,175
2025-06-29,SKU107,WH004,88,7,0,24,0,0,71
2025-06-29,SKU108,WH001,385,16,0,26,0,0,375
2025-06-29,SKU102,WH005,411,17,32,18,0,0,442
2025-06-29,SKU095,WH005,32,23,9,8,0,0,56
2025-06-29,SKU130,WH001,191,1,0,12,0,0,180
2025-06-29,SKU082,WH003,119,5,33,19,0,0,138
2025-06-29,SKU005,WH001,90,5,0,13,0,0,82
2025-06-29,SKU091,WH005,170,13,0,5,0,1,177
2025-06-29,SKU058,WH005,472,5,0,24,0,0,453
2025-06-29,SKU138,WH004,143,12,4,4,0,0,155
2025-06-29,SKU051,WH005,133,23,0,5,0,0,151
2025-06-29,SKU105,WH005,11,13,0,6,0,0,18
2025-06-29,SKU124,WH001,107,8,0,13,0,0,102
2025-06-29,SKU121,WH002,118,13,0,19,0,0,112
2025-06-29,SKU110,WH002,90,14,30,21,0,0,113
2025-06-29,SKU039,WH002,765,9,0,24,0,2,748
2025-06-29,SKU077,WH005,232,6,0,17,0,0,221
2025-06-29,SKU074,WH002,154,16,0,20,1,0,149
2025-06-29,SKU043,WH005,141,4,0,12,1,1,131
2025-06-29,SKU032,WH004,40,18,0,6,0,0,52
2025-06-29,SKU097,WH001,55,14,0,10,0,0,59
2025-06-29,SKU103,WH004,62,19,0,3,1,0,77
2025-06-29,SKU013,WH004,140,19,19,18,0,0,160
2025-06-29,SKU135,WH001,108,11,0,12,0,0,107
2025-06-29,SKU044,WH003,412,9,0,26,0,1,394
2025-06-29,SKU133,WH001,104,15,9,6,0,0,122
2025-06-29,SKU055,WH002,280,11,0,20,0,2,269
2025-06-29,SKU023,WH003,135,14,0,17,0,2,130
2025-06-29,SKU006,WH001,20,9,0,22,0,0,7
2025-06-29,SKU064,WH002,107,22,0,21,1,0,107
2025-06-29,SKU126,WH005,289,5,40,29,0,0,305
2025-06-29,SKU073,WH002,39,2,49,27,0,0,63
2025-06-29,SKU011,WH005,157,3,0,24,0,1,135
2025-06-29,SKU075,WH001,197,10,0,13,0,0,194
2025-06-29,SKU144,WH004,125,14,0,3,0,0,136
2025-06-29,SKU070,WH003,166,21,17,21,1,2,180
2025-06-29,SKU115,WH003,169,6,15,13,0,0,177
2025-06-30,SKU006,WH001,441,9,0,26,1,1,422
2025-06-30,SKU087,WH002,174,9,0,36,2,1,144
2025-06-30,SKU090,WH001,121,8,0,21,1,0,107
2025-06-30,SKU008,WH002,203,6,0,27,0,0,182
2025-06-30,SKU097,WH004,53,9,9,8,0,0,63
2025-06-30,SKU028,WH004,40,10,0,12,0,0,38
2025-06-30,SKU105,WH002,19,7,4,5,0,0,25
2025-06-30,SKU050,WH005,258,6,38,42,0,1,259
2025-06-30,SKU129,WH002,621,13,25,29,0,0,630
2025-06-30,SKU025,WH002,135,7,17,14,0,0,145
2025-06-30,SKU085,WH002,297,3,0,38,0,0,262
2025-06-30,SKU086,WH005,158,24,0,21,1,0,160
2025-06-30,SKU032,WH005,47,16,0,5,0,0,58
2025-06-30,SKU128,WH001,160,4,14,10,0,0,168
2025-06-30,SKU070,WH004,411,14,0,20,0,1,404
2025-06-30,SKU057,WH003,231,14,0,20,0,1,224
2025-06-30,SKU030,WH002,153,11,20,18,1,0,165
2025-06-30,SKU031,WH002,531,8,31,24,0,2,544
2025-06-30,SKU022,WH003,129,20,0,31,0,0,118
2025-06-30,SKU047,WH002,95,15,0,7,0,1,102
2025-06-30,SKU041,WH001,699,10,0,19,0,0,690
2025-06-30,SKU023,WH002,593,8,0,24,0,0,577
2025-06-30,SKU017,WH004,169,15,0,32,0,0,152
2025-06-30,SKU039,WH004,393,9,0,34,0,2,366
2025-06-30,SKU040,WH001,76,18,0,16,0,0,78
2025-06-30,SKU134,WH005,480,2,37,25,0,0,494
2025-06-30,SKU088,WH002,79,5,0,4,0,0,80
2025-06-30,SKU062,WH001,297,6,0,13,1,1,288
2025-06-30,SKU014,WH001,56,5,40,38,0,0,63
2025-06-30,SKU147,WH002,80,4,22,23,1,1,81
2025-06-30,SKU106,WH001,210,15,45,25,0,1,244
2025-06-30,SKU083,WH003,309,2,0,18,0,0,293
2025-06-30,SKU082,WH002,362,6,0,17,0,0,351
2025-06-30,SKU038,WH002,265,13,0,32,0,0,246
2025-06-30,SKU010,WH005,175,9,0,23,0,1,160
2025-06-30,SKU072,WH004,510,5,37,32,1,0,519
2025-06-30,SKU126,WH001,160,4,0,40,0,0,124
2025-06-30,SKU051,WH002,13,20,10,7,0,0,36
2025-06-30,SKU112,WH001,150,10,0,5,0,0,155
2025-06-30,SKU037,WH003,77,6,19,10,0,0,92
2025-06-30,SKU060,WH004,167,11,0,17,0,0,161
2025-06-30,SKU052,WH002,120,15,7,7,0,0,135
2025-06-30,SKU114,WH002,43,12,0,12,1,0,42
2025-06-30,SKU093,WH001,287,2,33,36,0,0,286
2025-06-30,SKU133,WH004,167,16,0,9,0,0,174
2025-07-01,SKU069,WH005,124,4,0,38,2,0,88
2025-07-01,SKU038,WH005,1357,12,0,26,1,3,1339
2025-07-01,SKU146,WH001,201,13,0,26,0,1,187
2025-07-01,SKU082,WH002,180,7,0,28,1,0,158
2025-07-01,SKU088,WH004,62,8,8,10,0,0,68
2025-07-01,SKU081,WH004,460,8,0,23,0,0,445
2025-07-01,SKU054,WH004,52,13,22,22,0,0,65
2025-07-01,SKU093,WH004,290,2,43,32,1,4,298
2025-07-01,SKU100,WH004,160,19,0,18,0,2,159
2025-07-01,SKU130,WH002,170,4,0,11,1,0,162
2025-07-01,SKU094,WH005,32,4,21,28,0,0,29
2025-07-01,SKU092,WH001,296,8,0,25,1,0,278
2025-07-01,SKU117,WH005,59,8,0,3,0,0,64
2025-07-01,SKU068,WH005,152,5,0,12,0,0,145
2025-07-01,SKU070,WH005,354,12,25,19,0,1,371
2025-07-01,SKU097,WH005,52,5,7,8,0,0,56
2025-07-01,SKU077,WH005,107,6,23,15,0,0,121
2025-07-01,SKU136,WH002,137,5,0,15,0,0,127
2025-07-01,SKU040,WH005,237,11,0,10,0,1,237
2025-07-01,SKU120,WH002,232,6,0,11,0,0,227
2025-07-01,SKU015,WH005,72,7,4,8,0,0,75
2025-07-01,SKU008,WH004,292,3,0,38,1,0,256
2025-07-01,SKU066,WH003,90,10,0,19,2,0,79
2025-07-01,SKU039,WH005,484,12,0,30,0,1,465
2025-07-01,SKU095,WH005,209,10,0,3,0,1,215
2025-07-01,SKU013,WH003,197,15,17,10,0,0,219
2025-07-01,SKU041,WH005,746,14,30,28,0,1,761
2025-07-01,SKU027,WH002,295,7,0,18,0,1,283
2025-07-01,SKU006,WH001,313,11,0,23,0,0,301
2025-07-01,SKU131,WH004,111,8,0,8,0,0,111
2025-07-01,SKU148,WH003,213,4,0,26,0,0,191
2025-07-01,SKU111,WH005,167,12,0,28,0,0,151
2025-07-01,SKU033,WH002,483,7,0,29,0,0,461
2025-07-01,SKU020,WH003,46,20,0,6,0,0,60
2025-07-01,SKU125,WH002,411,3,0,26,0,1,387
2025-07-01,SKU049,WH001,157,8,0,23,0,0,142
2025-07-01,SKU003,WH005,66,22,0,11,0,0,77
2025-07-01,SKU044,WH004,363,21,0,28,0,1,355
2025-07-01,SKU121,WH002,278,5,17,14,0,1,285
2025-07-01,SKU138,WH001,47,18,0,8,0,0,57
2025-07-01,SKU085,WH003,178,2,0,28,1,1,150
2025-07-01,SKU122,WH005,250,9,25,21,0,1,262
2025-07-01,SKU065,WH002,55,19,0,13,0,1,60
2025-07-01,SKU011,WH003,164,8,0,26,0,0,146
2025-07-01,SKU031,WH005,341,9,30,30,0,1,349
2025-07-02,SKU088,WH003,14,7,0,0,0,0,21
2025-07-02,SKU022,WH005,224,21,0,23,0,0,222
2025-07-02,SKU015,WH005,127,7,6,9,1,0,130
2025-07-02,SKU097,WH003,68,12,0,13,2,1,64
2025-07-02,SKU008,WH003,891,4,0,38,0,1,856
2025-07-02,SKU100,WH005,285,13,27,11,0,0,314
2025-07-02,SKU123,WH001,21,10,0,8,0,0,23
2025-07-02,SKU070,WH005,131,11,0,18,0,0,124
2025-07-02,SKU064,WH001,164,14,0,20,0,1,157
2025-07-02,SKU130,WH002,458,6,0,17,0,1,446
2025-07-02,SKU052,WH003,131,14,0,8,0,0,137
2025-07-02,SKU117,WH003,125,5,0,9,1,0,120
2025-07-02,SKU116,WH005,491,16,28,32,0,1,502
2025-07-02,SKU048,WH001,9,19,8,3,0,0,33
2025-07-02,SKU009,WH001,79,17,0,13,0,0,83
2025-07-02,SKU017,WH005,524,21,0,32,0,1,512
2025-07-02,SKU087,WH002,285,18,0,31,0,0,272
2025-07-02,SKU010,WH005,334,19,0,35,1,3,314
2025-07-02,SKU054,WH001,80,13,17,25,0,0,85
2025-07-02,SKU134,WH002,166,6,37,31,1,0,177
2025-07-02,SKU012,WH004,95,7,11,6,0,0,107
2025-07-02,SKU083,WH001,274,2,0,19,1,1,255
2025-07-02,SKU131,WH004,27,10,0,5,0,0,32
2025-07-02,SKU084,WH004,62,7,0,1,0,0,68
2025-07-02,SKU095,WH003,147,12,9,11,0,0,157
2025-07-02,SKU067,WH004,590,11,0,25,0,0,576
2025-07-02,SKU111,WH005,407,12,0,29,0,0,390
2025-07-02,SKU028,WH004,241,6,18,13,0,1,251
2025-07-02,SKU142,WH004,89,1,0,36,0,3,51
2025-07-02,SKU143,WH002,186,18,24,15,0,0,213
2025-07-02,SKU091,WH004,22,7,0,3,0,0,26
2025-07-02,SKU041,WH004,446,7,0,25,0,2,426
2025-07-02,SKU105,WH005,57,10,0,4,0,1,62
2025-07-02,SKU027,WH003,142,5,25,17,0,1,154
2025-07-02,SKU047,WH002,60,9,10,8,0,0,71
2025-07-02,SKU126,WH003,274,0,36,19,0,1,290
2025-07-02,SKU030,WH002,114,16,0,21,0,1,108
2025-07-02,SKU141,WH003,44,22,0,5,0,0,61
2025-07-02,SKU044,WH005,425,21,0,23,1,2,420
2025-07-02,SKU014,WH004,332,8,0,28,0,3,309
2025-07-02,SKU046,WH004,437,12,26,23,1,0,451
2025-07-02,SKU101,WH003,87,3,29,30,0,1,88
2025-07-02,SKU011,WH002,158,5,23,21,0,0,165
2025-07-02,SKU098,WH001,250,5,0,26,0,0,229
2025-07-02,SKU079,WH005,73,9,0,26,1,0,55
2025-07-03,SKU100,WH001,51,18,0,11,0,0,58
2025-07-03,SKU014,WH005,724,2,0,24,0,6,696
2025-07-03,SKU064,WH004,360,12,0,21,0,1,350
2025-07-03,SKU013,WH003,205,19,0,13,0,0,211
2025-07-03,SKU079,WH005,133,6,0,33,0,1,105
2025-07-03,SKU002,WH003,604,10,33,22,0,0,625
2025-07-03,SKU126,WH004,193,6,0,28,0,0,171
2025-07-03,SKU109,WH002,126,8,17,7,0,0,144
2025-07-03,SKU006,WH002,253,8,0,26,1,0,234
2025-07-03,SKU054,WH003,156,13,0,21,0,0,148
2025-07-03,SKU088,WH004,37,13,0,6,0,0,44
2025-07-03,SKU010,WH004,558,14,0,30,0,0,542
2025-07-03,SKU106,WH002,439,12,0,28,0,2,421
2025-07-03,SKU041,WH002,296,19,0,21,0,2,292
2025-07-03,SKU120,WH003,117,5,0,7,0,1,114
2025-07-03,SKU073,WH005,383,6,0,30,0,1,358
2025-07-03,SKU026,WH001,231,1,0,25,0,0,207
2025-07-03,SKU130,WH001,82,1,0,18,0,0,65
2025-07-03,SKU076,WH004,257,9,12,13,0,3,262
2025-07-03,SKU150,WH001,226,19,23,22,0,0,246
2025-07-03,SKU016,WH005,212,10,0,11,0,0,211
2025-07-03,SKU119,WH005,142,16,28,21,0,0,165
2025-07-03,SKU145,WH005,271,18,0,29,0,0,260
2025-07-03,SKU011,WH003,327,7,29,29,0,1,333
2025-07-03,SKU140,WH002,187,14,26,22,0,0,205
2025-07-03,SKU102,WH001,248,10,24,27,0,0,255
2025-07-03,SKU059,WH003,22,13,0,6,0,0,29
2025-07-03,SKU129,WH001,205,22,0,16,0,1,210
2025-07-03,SKU033,WH005,429,1,0,32,0,1,397
2025-07-03,SKU101,WH001,54,2,0,18,0,0,38
2025-07-03,SKU047,WH003,82,14,0,11,0,0,85
2025-07-03,SKU067,WH004,223,7,0,40,0,0,190
2025-07-03,SKU005,WH003,281,4,0,17,0,1,267
2025-07-03,SKU022,WH001,385,20,26,25,0,1,405
2025-07-03,SKU112,WH004,28,8,0,6,0,0,30
2025-07-03,SKU117,WH004,128,3,0,7,0,0,124
2025-07-03,SKU092,WH001,125,16,0,23,0,0,118
2025-07-03,SKU089,WH005,110,12,6,7,1,0,120
2025-07-03,SKU039,WH005,433,9,34,36,1,1,438
2025-07-03,SKU065,WH003,30,17,0,10,0,0,37
2025-07-03,SKU046,WH001,147,9,0,31,1,1,123
2025-07-03,SKU094,WH001,292,6,0,21,0,0,277
2025-07-03,SKU031,WH003,583,6,33,21,0,1,600
2025-07-03,SKU118,WH001,185,11,27,13,1,0,209
2025-07-03,SKU087,WH001,703,16,0,29,0,1,689
2025-07-04,SKU045,WH001,106,25,0,17,0,0,114
2025-07-04,SKU076,WH001,203,8,0,16,0,0,195
2025-07-04,SKU038,WH001,131,19,39,20,0,0,169
2025-07-04,SKU147,WH001,885,5,23,28,0,1,884
2025-07-04,SKU085,WH003,238,5,0,38,0,0,205
2025-07-04,SKU125,WH003,251,6,0,35,0,0,222
2025-07-04,SKU047,WH001,68,7,0,13,0,0,62
2025-07-04,SKU083,WH005,133,1,27,21,0,0,140
2025-07-04,SKU100,WH003,43,11,0,13,0,0,41
2025-07-04,SKU082,WH001,146,10,0,16,0,1,139
2025-07-04,SKU018,WH004,194,11,0,15,0,0,190
2025-07-04,SKU060,WH001,303,11,0,20,0,0,294
2025-07-04,SKU050,WH001,762,4,0,41,0,1,724
2025-07-04,SKU002,WH002,277,10,0,19,0,0,268
2025-07-04,SKU102,WH001,146,8,0,23,0,0,131
2025-07-04,SKU103,WH002,79,9,3,7,0,0,84
2025-07-04,SKU078,WH003,310,6,18,21,0,0,313
2025-07-04,SKU136,WH003,237,14,0,15,0,1,235
2025-07-04,SKU053,WH002,54,12,26,26,0,2,64
2025-07-04,SKU119,WH003,152,16,0,23,1,0,144
2025-07-04,SKU081,WH003,142,13,0,26,0,2,127
2025-07-04,SKU113,WH004,197,11,0,7,0,0,201
2025-07-04,SKU144,WH002,28,12,7,6,0,0,41
2025-07-04,SKU011,WH001,210,7,0,28,0,0,189
2025-07-04,SKU117,WH002,272,8,15,9,0,0,286
2025-07-04,SKU017,WH003,137,24,0,23,0,0,138
2025-07-04,SKU080,WH005,44,15,0,4,0,0,55
2025-07-04,SKU126,WH001,229,1,0,31,0,1,198
2025-07-04,SKU036,WH002,344,17,20,19,0,0,362
2025-07-04,SKU012,WH005,105,4,0,9,0,0,100
2025-07-04,SKU067,WH004,213,5,0,30,1,0,187
2025-07-04,SKU052,WH005,180,7,0,3,0,1,183
2025-07-04,SKU037,WH004,206,16,0,31,0,0,191
2025-07-04,SKU079,WH005,322,6,27,34,0,0,321
2025-07-04,SKU008,WH003,397,3,40,31,0,2,407
2025-07-04,SKU043,WH002,138,5,0,12,0,0,131
2025-07-04,SKU074,WH002,429,13,0,28,1,1,412
2025-07-04,SKU024,WH001,55,10,24,21,0,0,68
2025-07-04,SKU027,WH005,81,9,31,15,0,0,106
2025-07-04,SKU101,WH005,288,3,0,15,0,0,276
2025-07-04,SKU109,WH002,79,4,10,12,0,0,81
2025-07-04,SKU044,WH001,454,25,40,24,0,0,495
2025-07-04,SKU097,WH002,81,9,0,6,2,0,82
2025-07-04,SKU071,WH002,44,8,0,6,0,0,46
2025-07-04,SKU105,WH004,81,9,10,5,0,1,94
2025-07-05,SKU142,WH005,96,2,0,31,0,0,67
2025-07-05,SKU097,WH002,62,11,9,5,0,0,77
2025-07-05,SKU107,WH001,261,12,0,20,0,1,252
2025-07-05,SKU017,WH004,426,16,25,26,0,0,441
2025-07-05,SKU055,WH003,401,15,0,19,0,0,397
2025-07-05,SKU062,WH003,188,4,0,9,1,1,181
2025-07-05,SKU147,WH003,208,6,0,18,0,0,196
2025-07-05,SKU077,WH004,129,5,0,14,1,1,118
2025-07-05,SKU020,WH001,89,15,0,12,0,0,92
2025-07-05,SKU090,WH005,84,4,0,20,1,0,67
2025-07-05,SKU003,WH002,110,13,7,9,0,0,121
2025-07-05,SKU141,WH002,62,22,0,6,0,0,78
2025-07-05,SKU112,WH003,62,9,0,4,0,0,67
2025-07-05,SKU012,WH005,10,4,0,9,0,0,5
2025-07-05,SKU065,WH005,89,17,16,10,0,0,112
2025-07-05,SKU040,WH003,90,21,26,24,0,0,113
2025-07-05,SKU122,WH002,196,11,0,17,0,0,190
2025-07-05,SKU120,WH002,316,1,11,10,0,2,316
2025-07-05,SKU063,WH003,403,14,0,23,0,0,394
2025-07-05,SKU043,WH003,55,4,0,21,1,0,37
2025-07-05,SKU114,WH002,178,3,0,24,1,1,155
2025-07-05,SKU005,WH005,394,3,0,10,1,1,385
2025-07-05,SKU052,WH001,47,12,0,7,0,0,52
2025-07-05,SKU143,WH004,158,15,0,17,0,0,156
2025-07-05,SKU113,WH003,127,25,0,9,0,0,143
2025-07-05,SKU076,WH003,329,9,0,21,1,0,316
2025-07-05,SKU039,WH002,243,9,0,33,0,0,219
2025-07-05,SKU096,WH005,405,11,0,34,0,0,382
2025-07-05,SKU132,WH002,498,16,0,26,0,2,486
2025-07-05,SKU085,WH002,834,5,0,35,0,0,804
2025-07-05,SKU146,WH004,147,13,0,35,0,0,125
2025-07-05,SKU111,WH003,721,20,0,28,0,2,711
2025-07-05,SKU031,WH003,189,5,0,36,0,1,157
2025-07-05,SKU038,WH004,259,17,0,25,0,0,251
2025-07-05,SKU083,WH004,104,4,28,21,0,0,115
2025-07-05,SKU042,WH001,92,11,4,7,0,0,100
2025-07-05,SKU139,WH002,83,12,0,30,0,1,64
2025-07-05,SKU061,WH005,90,10,0,8,0,2,90
2025-07-05,SKU124,WH001,41,6,0,10,0,0,37
2025-07-05,SKU109,WH004,118,5,0,8,0,0,115
2025-07-05,SKU115,WH002,13,10,8,14,2,0,15
2025-07-05,SKU049,WH001,152,7,0,28,1,0,130
2025-07-05,SKU106,WH002,562,12,36,29,1,2,578
2025-07-05,SKU095,WH005,154,22,0,7,1,0,168
2025-07-05,SKU057,WH004,160,18,0,20,0,0,158
2025-07-06,SKU062,WH003,38,6,11,14,0,0,41
2025-07-06,SKU131,WH005,59,9,0,8,0,0,60
2025-07-06,SKU140,WH001,150,9,0,27,0,0,132
2025-07-06,SKU063,WH002,1117,13,0,37,0,2,1091
2025-07-06,SKU108,WH002,81,13,0,32,0,0,62
2025-07-06,SKU046,WH002,423,9,31,24,0,0,439
2025-07-06,SKU068,WH004,215,3,6,7,1,1,215
2025-07-06,SKU125,WH005,902,4,0,24,0,1,881
2025-07-06,SKU135,WH004,169,7,21,12,1,0,184
2025-07-06,SKU026,WH001,398,2,0,23,0,0,377
2025-07-06,SKU019,WH001,587,13,38,33,0,1,604
2025-07-06,SKU085,WH004,191,3,0,31,0,1,162
2025-07-06,SKU008,WH003,430,2,41,28,0,1,444
2025-07-06,SKU101,WH005,120,3,0,22,0,0,101
2025-07-06,SKU091,WH005,95,25,0,5,0,0,115
2025-07-06,SKU120,WH001,130,3,0,11,1,0,121
2025-07-06,SKU090,WH004,124,4,0,16,0,1,111
2025-07-06,SKU110,WH001,182,14,39,32,2,0,201
2025-07-06,SKU150,WH002,168,20,0,21,0,0,167
2025-07-06,SKU001,WH001,188,16,0,9,0,1,194
2025-07-06,SKU106,WH002,187,7,0,30,0,1,163
2025-07-06,SKU086,WH005,169,19,25,18,0,0,195
2025-07-06,SKU044,WH003,254,14,0,27,0,0,241
2025-07-06,SKU144,WH005,29,11,8,9,0,1,38
2025-07-06,SKU122,WH002,121,13,0,21,0,0,113
2025-07-06,SKU038,WH003,371,19,33,27,1,0,395
2025-07-06,SKU109,WH002,59,3,0,5,0,0,57
2025-07-06,SKU099,WH003,558,13,37,34,0,2,572
2025-07-06,SKU146,WH005,365,17,0,16,0,0,366
2025-07-06,SKU036,WH002,180,18,24,20,0,1,201
2025-07-06,SKU009,WH003,239,8,9,7,0,1,248
2025-07-06,SKU006,WH005,414,17,0,21,0,3,407
2025-07-06,SKU147,WH002,170,6,0,31,0,1,144
2025-07-06,SKU137,WH002,53,14,0,5,0,0,62
2025-07-06,SKU051,WH005,72,22,0,5,0,0,89
2025-07-06,SKU118,WH002,189,20,0,8,0,0,201
2025-07-06,SKU095,WH005,39,17,0,6,0,0,50
2025-07-06,SKU076,WH001,78,8,0,12,0,0,74
2025-07-06,SKU136,WH004,332,10,26,21,0,3,344
2025-07-06,SKU067,WH002,341,14,34,31,1,1,356
2025-07-06,SKU084,WH004,21,4,4,4,0,0,25
2025-07-06,SKU012,WH005,236,6,11,8,0,4,241
2025-07-06,SKU142,WH003,252,6,0,29,1,0,228
2025-07-06,SKU030,WH002,508,7,15,11,0,1,518
2025-07-06,SKU100,WH002,228,13,0,13,0,0,228
2025-07-07,SKU057,WH005,150,23,24,21,0,0,176
2025-07-07,SKU028,WH005,128,7,0,16,0,0,119
2025-07-07,SKU039,WH003,371,10,0,33,0,1,347
2025-07-07,SKU128,WH002,192,4,0,16,0,1,179
2025-07-07,SKU001,WH005,243,10,0,12,0,0,241
2025-07-07,SKU140,WH002,131,10,0,32,0,1,108
2025-07-07,SKU150,WH001,280,22,0,17,0,0,285
2025-07-07,SKU073,WH002,69,7,32,29,0,0,79
2025-07-07,SKU109,WH002,91,6,0,10,0,0,87
2025-07-07,SKU066,WH002,365,18,26,15,0,3,391
2025-07-07,SKU036,WH003,77,17,22,21,0,2,93
2025-07-07,SKU050,WH001,110,4,0,23,0,0,91
2025-07-07,SKU031,WH004,43,5,0,30,0,0,18
2025-07-07,SKU082,WH003,268,7,23,24,0,0,274
2025-07-07,SKU101,WH001,364,1,25,29,0,3,358
2025-07-07,SKU005,WH004,174,9,0,6,0,1,176
2025-07-07,SKU083,WH001,189,5,0,19,0,0,175
2025-07-07,SKU070,WH005,319,15,0,20,0,1,313
2025-07-07,SKU017,WH002,398,17,29,30,0,1,413
2025-07-07,SKU142,WH001,221,4,0,32,1,1,191
2025-07-07,SKU042,WH002,97,11,0,0,0,0,108
2025-07-07,SKU029,WH002,335,13,0,20,1,0,327
2025-07-07,SKU022,WH001,180,19,0,19,0,1,179
2025-07-07,SKU093,WH003,436,4,34,25,0,1,448
2025-07-07,SKU033,WH003,203,2,0,27,0,1,177
2025-07-07,SKU076,WH002,282,6,0,20,0,1,267
2025-07-07,SKU110,WH002,238,15,39,19,1,0,272
2025-07-07,SKU124,WH005,175,4,19,12,0,0,186
2025-07-07,SKU074,WH005,265,20,0,38,0,1,246
2025-07-07,SKU102,WH003,109,13,0,26,0,0,96
2025-07-07,SKU107,WH002,390,13,32,29,1,1,404
2025-07-07,SKU097,WH002,97,9,4,12,0,0,98
2025-07-07,SKU136,WH001,359,12,0,25,0,1,345
2025-07-07,SKU144,WH003,116,18,12,7,0,0,139
2025-07-07,SKU032,WH002,59,26,15,4,0,0,96
2025-07-07,SKU075,WH001,140,10,21,22,0,0,149
2025-07-07,SKU027,WH004,288,10,0,20,0,2,276
2025-07-07,SKU090,WH001,139,6,0,13,0,0,132
2025-07-07,SKU016,WH003,141,2,0,16,0,0,127
2025-07-07,SKU120,WH001,237,2,0,8,0,1,230
2025-07-07,SKU041,WH001,216,13,0,29,0,0,200
2025-07-07,SKU087,WH003,424,10,0,28,0,1,405
2025-07-07,SKU071,WH004,65,9,0,5,0,0,69
2025-07-07,SKU113,WH005,216,10,0,8,1,0,217
2025-07-07,SKU122,WH003,288,9,0,15,0,2,280
2025-07-08,SKU057,WH004,438,24,0,16,1,0,445
2025-07-08,SKU108,WH003,75,8,0,30,0,0,53
2025-07-08,SKU059,WH001,37,12,5,5,0,1,48
2025-07-08,SKU099,WH002,177,10,0,26,0,0,161
2025-07-08,SKU110,WH004,26,13,0,31,0,0,8
2025-07-08,SKU043,WH005,310,4,12,22,0,0,304
2025-07-08,SKU098,WH003,94,1,0,22,0,0,73
2025-07-08,SKU036,WH002,332,21,18,14,1,0,356
2025-07-08,SKU146,WH001,87,16,0,21,0,0,82
2025-07-08,SKU010,WH001,354,21,0,30,1,0,344
2025-07-08,SKU073,WH003,277,5,0,21,0,0,261
2025-07-08,SKU074,WH005,90,14,0,29,0,0,75
2025-07-08,SKU131,WH005,19,13,9,10,1,0,30
2025-07-08,SKU021,WH003,181,19,0,12,0,0,188
2025-07-08,SKU116,WH003,146,18,25,25,0,1,163
2025-07-08,SKU095,WH004,97,18,12,11,0,0,116
2025-07-08,SKU124,WH004,33,14,11,11,0,0,47
2025-07-08,SKU065,WH001,58,17,7,10,0,0,72
2025-07-08,SKU049,WH004,223,3,20,19,0,0,227
2025-07-08,SKU117,WH001,102,5,0,10,0,0,97
2025-07-08,SKU136,WH002,255,16,0,27,0,1,243
2025-07-08,SKU023,WH002,178,16,0,13,0,0,181
2025-07-08,SKU109,WH004,323,1,0,14,0,1,309
2025-07-08,SKU137,WH003,132,14,0,6,0,0,140
2025-07-08,SKU139,WH003,29,14,0,34,2,0,7
2025-07-08,SKU129,WH002,158,17,22,22,0,0,175
2025-07-08,SKU037,WH004,82,17,0,20,0,0,79
2025-07-08,SKU024,WH005,56,15,15,13,0,0,73
2025-07-08,SKU148,WH005,240,4,0,12,0,0,232
2025-07-08,SKU005,WH005,194,4,0,11,0,0,187
2025-07-08,SKU091,WH004,66,21,0,5,0,0,82
2025-07-08,SKU018,WH004,302,6,0,21,0,1,286
2025-07-08,SKU080,WH002,56,8,0,6,0,0,58
2025-07-08,SKU001,WH003,154,14,18,19,1,0,166
2025-07-08,SKU120,WH003,74,4,0,9,0,0,69
2025-07-08,SKU147,WH004,103,5,0,29,0,0,79
2025-07-08,SKU138,WH004,43,14,0,2,0,0,55
2025-07-08,SKU048,WH004,240,9,0,5,0,0,244
2025-07-08,SKU097,WH001,87,7,0,5,0,0,89
2025-07-08,SKU083,WH004,63,6,22,22,0,0,69
2025-07-08,SKU143,WH003,132,16,0,10,0,0,138
2025-07-08,SKU017,WH005,228,20,0,23,0,0,225
2025-07-08,SKU126,WH001,230,0,36,35,1,0,230
2025-07-08,SKU015,WH002,50,8,0,7,0,0,51
2025-07-08,SKU055,WH001,239,16,0,23,0,0,232
2025-07-09,SKU039,WH002,254,10,31,27,0,1,267
2025-07-09,SKU066,WH001,119,13,26,20,0,0,138
2025-07-09,SKU052,WH003,53,13,0,5,0,1,60
2025-07-09,SKU133,WH002,66,26,10,7,0,0,95
2025-07-09,SKU100,WH005,134,12,0,12,1,0,133
2025-07-09,SKU018,WH001,641,5,24,29,1,1,639
2025-07-09,SKU014,WH001,54,2,0,34,1,0,21
2025-07-09,SKU149,WH004,546,9,0,27,0,1,527
2025-07-09,SKU134,WH002,330,2,0,17,0,1,314
2025-07-09,SKU055,WH005,94,27,0,12,0,0,109
2025-07-09,SKU005,WH001,76,4,0,15,0,1,64
2025-07-09,SKU150,WH005,99,16,0,17,0,0,98
2025-07-09,SKU065,WH004,128,24,14,13,0,0,153
2025-07-09,SKU123,WH003,300,5,11,13,0,2,301
2025-07-09,SKU126,WH003,226,0,0,31,0,0,195
2025-07-09,SKU060,WH002,143,8,0,16,0,0,135
2025-07-09,SKU141,WH003,79,11,0,6,0,0,84
2025-07-09,SKU117,WH005,233,6,0,13,0,0,226
2025-07-09,SKU006,WH003,307,15,35,26,0,2,329
2025-07-09,SKU070,WH004,112,15,0,21,2,0,104
2025-07-09,SKU115,WH004,328,6,15,17,0,0,332
2025-07-09,SKU127,WH004,306,2,34,29,1,1,311
2025-07-09,SKU129,WH004,178,20,0,22,0,0,176
2025-07-09,SKU110,WH004,286,23,32,18,0,0,323
2025-07-09,SKU081,WH003,208,14,0,22,0,0,200
2025-07-09,SKU108,WH003,314,11,0,19,0,0,306
2025-07-09,SKU082,WH003,259,2,37,18,0,0,280
2025-07-09,SKU040,WH005,151,15,0,19,1,0,146
2025-07-09,SKU023,WH005,311,16,0,24,0,2,301
2025-07-09,SKU021,WH004,52,16,0,11,0,0,57
2025-07-09,SKU036,WH004,588,17,0,19,1,3,582
2025-07-09,SKU071,WH004,139,11,0,5,0,1,144
2025-07-09,SKU033,WH001,394,4,43,26,0,0,415
2025-07-09,SKU011,WH001,177,9,0,25,0,1,160
2025-07-09,SKU146,WH002,194,10,0,23,0,0,181
2025-07-09,SKU093,WH005,441,3,40,28,0,0,456
2025-07-09,SKU058,WH005,257,12,0,21,0,0,248
2025-07-09,SKU045,WH001,322,13,16,10,0,0,341
2025-07-09,SKU121,WH004,27,12,16,16,0,0,39
2025-07-09,SKU001,WH004,118,11,0,9,0,1,119
2025-07-09,SKU062,WH002,166,5,20,14,0,2,175
2025-07-09,SKU144,WH003,58,11,0,10,1,0,58
2025-07-09,SKU116,WH002,224,19,40,18,0,1,264
2025-07-09,SKU148,WH001,79,2,18,21,0,0,78
2025-07-09,SKU046,WH003,221,12,0,30,1,1,201
2025-07-10,SKU149,WH003,675,15,32,34,1,3,684
2025-07-10,SKU017,WH002,219,20,42,34,0,0,247
2025-07-10,SKU021,WH004,45,20,0,9,0,0,56
2025-07-10,SKU084,WH005,76,8,0,5,0,0,79
2025-07-10,SKU024,WH001,166,10,0,17,0,0,159
2025-07-10,SKU070,WH005,139,12,0,18,0,0,133
2025-07-10,SKU043,WH001,117,3,0,18,0,0,102
2025-07-10,SKU137,WH004,33,22,0,9,0,1,45
2025-07-10,SKU004,WH001,116,21,0,12,0,0,125
2025-07-10,SKU036,WH001,86,14,0,23,0,1,76
2025-07-10,SKU097,WH004,111,10,7,6,2,0,120
2025-07-10,SKU118,WH005,219,10,0,18,0,0,211
2025-07-10,SKU018,WH004,305,14,20,18,0,1,320
2025-07-10,SKU103,WH003,47,23,0,3,0,0,67
2025-07-10,SKU106,WH001,46,12,37,21,0,0,74
2025-07-10,SKU051,WH003,45,12,0,9,0,0,48
2025-07-10,SKU087,WH004,421,18,27,27,0,0,439
2025-07-10,SKU142,WH005,170,11,0,35,0,0,146
2025-07-10,SKU092,WH002,221,8,0,29,1,0,199
2025-07-10,SKU035,WH001,155,17,20,29,1,0,162
2025-07-10,SKU063,WH003,807,12,0,27,0,0,792
2025-07-10,SKU026,WH001,373,7,0,31,0,0,349
2025-07-10,SKU088,WH004,25,13,8,8,0,0,38
2025-07-10,SKU040,WH003,204,18,0,16,1,1,204
2025-07-10,SKU025,WH005,52,19,0,15,0,0,56
2025-07-10,SKU034,WH003,556,7,19,14,0,2,566
2025-07-10,SKU012,WH003,120,7,13,9,0,0,131
2025-07-10,SKU075,WH001,354,13,0,23,0,2,342
2025-07-10,SKU028,WH002,208,15,0,12,1,0,210
2025-07-10,SKU080,WH005,82,14,6,5,0,0,97
2025-07-10,SKU083,WH005,147,1,20,13,0,0,155
2025-07-10,SKU091,WH002,25,17,7,9,0,0,40
2025-07-10,SKU056,WH002,169,3,27,11,1,0,187
2025-07-10,SKU031,WH003,153,3,0,32,0,0,124
2025-07-10,SKU131,WH005,33,7,0,7,0,0,33
2025-07-10,SKU076,WH004,179,7,29,19,1,2,193
2025-07-10,SKU050,WH005,536,6,0,27,2,0,513
2025-07-10,SKU147,WH003,180,1,0,17,1,0,163
2025-07-10,SKU146,WH003,295,13,0,19,0,2,287
2025-07-10,SKU053,WH002,230,8,25,30,0,0,233
2025-07-10,SKU122,WH004,143,17,0,12,0,0,148
2025-07-10,SKU095,WH001,50,16,13,7,0,0,72
2025-07-10,SKU038,WH001,382,13,0,32,0,0,363
2025-07-10,SKU133,WH003,103,23,0,14,0,0,112
2025-07-10,SKU067,WH003,391,9,44,27,0,1,416
2025-07-11,SKU079,WH001,510,8,0,38,1,1,478
2025-07-11,SKU110,WH005,320,20,0,22,1,0,317
2025-07-11,SKU143,WH003,74,15,0,11,0,1,77
2025-07-11,SKU017,WH001,131,20,0,25,0,0,126
2025-07-11,SKU067,WH003,636,12,0,33,1,2,612
2025-07-11,SKU132,WH002,396,18,0,27,1,1,385
2025-07-11,SKU126,WH004,220,4,0,27,0,0,197
2025-07-11,SKU092,WH005,440,9,0,19,0,2,428
2025-07-11,SKU061,WH004,47,16,0,10,0,0,53
2025-07-11,SKU024,WH001,165,13,14,6,0,2,184
2025-07-11,SKU014,WH001,843,6,0,26,0,2,821
2025-07-11,SKU005,WH004,92,1,14,6,0,0,101
2025-07-11,SKU084,WH001,64,8,0,4,0,0,68
2025-07-11,SKU041,WH001,191,7,0,27,0,0,171
2025-07-11,SKU060,WH002,124,6,0,23,1,0,106
2025-07-11,SKU020,WH004,57,18,14,7,0,1,81
2025-07-11,SKU029,WH004,165,15,30,28,0,0,182
2025-07-11,SKU133,WH004,60,19,0,3,0,0,76
2025-07-11,SKU052,WH005,177,20,0,13,0,0,184
2025-07-11,SKU116,WH003,113,13,29,30,0,0,125
2025-07-11,SKU109,WH002,15,10,11,9,0,0,27
2025-07-11,SKU082,WH004,200,9,33,28,1,0,213
2025-07-11,SKU038,WH004,136,13,39,41,0,0,147
2025-07-11,SKU130,WH002,125,5,0,19,0,1,110
2025-07-11,SKU062,WH003,215,9,0,11,0,1,212
2025-07-11,SKU098,WH004,538,4,0,26,0,2,514
2025-07-11,SKU040,WH002,203,15,21,17,0,0,222
2025-07-11,SKU001,WH003,94,8,15,12,0,0,105
2025-07-11,SKU080,WH005,29,8,13,5,0,0,45
2025-07-11,SKU127,WH002,277,3,28,21,0,0,287
2025-07-11,SKU063,WH004,524,6,0,22,0,0,508
2025-07-11,SKU138,WH002,40,20,5,4,0,0,61
2025-07-11,SKU035,WH001,236,16,25,33,0,0,244
2025-07-11,SKU122,WH005,264,14,0,10,0,0,268
2025-07-11,SKU026,WH005,60,9,0,32,0,0,37
2025-07-11,SKU037,WH003,196,23,17,12,0,0,224
2025-07-11,SKU146,WH002,374,15,31,20,1,2,397
2025-07-11,SKU094,WH003,495,4,0,24,0,0,475
2025-07-11,SKU025,WH004,419,14,21,11,0,0,443
2025-07-11,SKU012,WH001,78,8,0,9,1,0,76
2025-07-11,SKU015,WH004,69,6,0,3,0,0,72
2025-07-11,SKU068,WH003,79,4,0,7,0,0,76
2025-07-11,SKU090,WH004,374,1,0,23,0,1,351
2025-07-11,SKU086,WH002,368,16,25,19,0,2,388
2025-07-11,SKU129,WH001,216,22,22,18,1,1,240
2025-07-12,SKU109,WH001,198,5,0,21,0,0,182
2025-07-12,SKU007,WH004,99,5,20,12,0,0,112
2025-07-12,SKU089,WH004,167,14,0,6,0,0,175
2025-07-12,SKU082,WH004,224,4,0,22,0,1,205
2025-07-12,SKU032,WH004,75,21,0,6,0,0,90
2025-07-12,SKU008,WH001,695,6,0,44,1,3,653
2025-07-12,SKU080,WH002,139,7,0,6,0,2,138
2025-07-12,SKU107,WH003,240,7,22,29,0,2,238
2025-07-12,SKU128,WH002,38,5,14,14,0,0,43
2025-07-12,SKU076,WH004,108,11,0,11,0,0,108
2025-07-12,SKU150,WH005,45,12,0,18,1,0,38
2025-07-12,SKU138,WH003,36,16,0,3,0,0,49
2025-07-12,SKU002,WH001,530,8,29,27,0,3,537
2025-07-12,SKU105,WH005,139,16,0,2,0,1,152
2025-07-12,SKU061,WH005,50,13,6,3,0,0,66
2025-07-12,SKU096,WH001,159,19,0,33,0,1,144
2025-07-12,SKU097,WH005,85,9,0,8,0,0,86
2025-07-12,SKU137,WH001,57,17,0,7,1,0,66
2025-07-12,SKU079,WH003,130,7,0,38,0,0,99
2025-07-12,SKU070,WH005,143,10,0,22,0,1,130
2025-07-12,SKU127,WH001,123,7,32,23,0,0,139
2025-07-12,SKU045,WH005,107,13,0,12,0,1,107
2025-07-12,SKU015,WH001,89,5,0,3,0,0,91
2025-07-12,SKU068,WH001,59,3,0,11,0,1,50
2025-07-12,SKU084,WH005,58,10,0,6,0,0,62
2025-07-12,SKU112,WH003,50,15,8,12,0,0,61
2025-07-12,SKU121,WH005,211,12,17,12,0,1,227
2025-07-12,SKU018,WH005,282,10,32,16,0,0,308
2025-07-12,SKU108,WH004,729,8,42,29,0,3,747
2025-07-12,SKU131,WH004,160,1,11,7,0,1,164
2025-07-12,SKU113,WH001,113,15,0,4,0,0,124
2025-07-12,SKU064,WH002,33,16,0,18,0,0,31
2025-07-12,SKU044,WH003,329,22,0,29,0,2,320
2025-07-12,SKU081,WH002,606,10,0,28,0,1,587
2025-07-12,SKU069,WH002,187,0,35,30,0,0,192
2025-07-12,SKU027,WH003,87,4,18,19,0,0,90
2025-07-12,SKU133,WH005,120,15,0,7,0,0,128
2025-07-12,SKU062,WH003,187,9,12,15,0,0,193
2025-07-12,SKU110,WH004,115,18,0,13,0,0,120
2025-07-12,SKU106,WH005,390,17,0,23,0,1,383
2025-07-12,SKU001,WH002,121,12,0,8,0,0,125
2025-07-12,SKU132,WH004,305,10,0,37,0,1,277
2025-07-12,SKU086,WH001,57,21,0,18,0,0,60
2025-07-12,SKU087,WH001,481,16,0,25,0,1,471
2025-07-12,SKU041,WH003,328,10,0,27,0,0,311
2025-07-13,SKU095,WH004,49,8,0,8,0,0,49
2025-07-13,SKU021,WH001,172,17,18,16,0,0,191
2025-07-13,SKU112,WH002,91,8,4,8,0,0,95
2025-07-13,SKU102,WH002,352,17,0,23,0,0,346
2025-07-13,SKU118,WH003,514,15,19,15,0,1,532
2025-07-13,SKU012,WH003,85,2,0,5,0,0,82
2025-07-13,SKU062,WH002,141,1,20,11,0,1,150
2025-07-13,SKU134,WH002,371,1,0,25,1,1,345
2025-07-13,SKU101,WH004,323,3,0,20,0,2,304
2025-07-13,SKU022,WH001,398,32,0,29,0,0,401
2025-07-13,SKU057,WH003,330,23,0,25,1,2,325
2025-07-13,SKU001,WH002,108,11,13,9,0,0,123
2025-07-13,SKU099,WH002,208,14,0,25,0,0,197
2025-07-13,SKU149,WH004,347,11,0,29,0,0,329
2025-07-13,SKU046,WH002,629,11,0,26,0,1,613
2025-07-13,SKU043,WH004,112,4,0,14,0,0,102
2025-07-13,SKU058,WH001,563,10,26,28,1,0,570
2025-07-13,SKU040,WH005,606,17,23,18,0,0,628
2025-07-13,SKU133,WH002,32,19,12,7,0,1,55
2025-07-13,SKU045,WH005,223,12,0,15,0,0,220
2025-07-13,SKU110,WH001,170,18,32,26,0,0,194
2025-07-13,SKU137,WH005,250,9,6,5,1,0,259
2025-07-13,SKU051,WH001,46,17,0,10,1,0,52
2025-07-13,SKU042,WH005,78,10,6,5,0,0,89
2025-07-13,SKU116,WH002,254,19,28,26,0,0,275
2025-07-13,SKU068,WH001,154,8,14,10,0,0,166
2025-07-13,SKU060,WH004,346,4,0,19,0,0,331
2025-07-13,SKU007,WH001,291,12,0,11,0,0,292
2025-07-13,SKU025,WH004,287,14,0,22,1,1,277
2025-07-13,SKU052,WH003,130,11,7,13,0,0,135
2025-07-13,SKU140,WH001,418,16,0,21,0,1,412
2025-07-13,SKU135,WH003,16,11,0,7,0,0,20
2025-07-13,SKU107,WH002,219,7,28,26,1,1,226
2025-07-13,SKU047,WH005,35,6,12,8,0,0,45
2025-07-13,SKU055,WH002,462,14,0,24,0,2,450
2025-07-13,SKU136,WH002,286,18,31,14,0,0,321
2025-07-13,SKU036,WH005,220,23,0,20,0,1,222
2025-07-13,SKU080,WH005,27,11,6,9,1,0,34
2025-07-13,SKU020,WH002,138,17,6,15,0,0,146
2025-07-13,SKU066,WH005,348,13,0,22,0,4,335
2025-07-13,SKU096,WH002,608,17,0,28,1,1,595
2025-07-13,SKU033,WH001,340,3,0,28,0,2,313
2025-07-13,SKU059,WH002,36,19,7,3,0,0,59
2025-07-13,SKU030,WH004,232,11,21,28,0,0,236
2025-07-13,SKU117,WH001,146,5,0,13,0,2,136
2025-07-14,SKU059,WH005,65,13,0,6,0,0,72
2025-07-14,SKU062,WH005,240,10,12,15,0,2,245
2025-07-14,SKU091,WH003,95,14,0,12,0,1,96
2025-07-14,SKU145,WH003,512,17,0,31,0,3,495
2025-07-14,SKU102,WH004,76,10,37,22,0,1,100
2025-07-14,SKU008,WH005,284,7,38,32,1,1,295
2025-07-14,SKU110,WH003,340,17,0,23,0,2,332
2025-07-14,SKU125,WH002,571,2,0,33,1,0,539
2025-07-14,SKU121,WH005,138,9,0,12,1,0,134
2025-07-14,SKU101,WH004,163,3,27,17,0,0,176
2025-07-14,SKU136,WH004,267,12,0,21,0,1,257
2025-07-14,SKU043,WH004,246,2,0,19,0,0,229
2025-07-14,SKU127,WH002,108,6,0,26,0,0,88
2025-07-14,SKU074,WH001,805,13,48,26,1,0,839
2025-07-14,SKU142,WH002,625,8,0,18,0,0,615
2025-07-14,SKU047,WH003,125,15,11,9,0,1,141
2025-07-14,SKU094,WH005,285,5,0,19,0,1,270
2025-07-14,SKU133,WH002,161,19,0,7,0,2,171
2025-07-14,SKU124,WH004,55,6,0,9,0,0,52
2025-07-14,SKU045,WH005,102,17,0,20,0,0,99
2025-07-14,SKU067,WH001,462,9,0,25,1,1,444
2025-07-14,SKU044,WH004,158,19,0,29,0,1,147
2025-07-14,SKU023,WH004,575,18,0,23,0,1,569
2025-07-14,SKU123,WH005,90,11,12,9,0,0,104
2025-07-14,SKU081,WH001,294,11,42,32,0,0,315
2025-07-14,SKU084,WH004,100,5,0,2,0,0,103
2025-07-14,SKU056,WH002,141,1,19,22,0,0,139
2025-07-14,SKU130,WH001,102,3,0,21,1,1,82
2025-07-14,SKU120,WH001,71,3,15,6,0,0,83
2025-07-14,SKU046,WH002,115,12,0,23,0,0,104
2025-07-14,SKU073,WH004,482,6,0,35,0,3,450
2025-07-14,SKU019,WH001,537,20,0,26,1,0,530
2025-07-14,SKU114,WH005,107,7,0,20,1,0,93
2025-07-14,SKU031,WH002,440,3,0,34,0,0,409
2025-07-14,SKU014,WH004,263,3,0,27,1,0,238
2025-07-14,SKU116,WH003,197,18,0,29,0,0,186
2025-07-14,SKU144,WH003,116,10,6,7,0,0,125
2025-07-14,SKU068,WH001,21,5,0,8,0,0,18
2025-07-14,SKU028,WH004,187,11,0,11,0,0,187
2025-07-14,SKU086,WH005,414,17,24,22,0,0,433
2025-07-14,SKU134,WH002,307,4,0,29,1,0,281
2025-07-14,SKU146,WH003,89,19,0,17,0,0,91
2025-07-14,SKU018,WH001,313,12,21,10,0,0,336
2025-07-14,SKU021,WH003,38,19,17,13,0,0,61
2025-07-14,SKU083,WH005,139,2,22,15,0,1,147
2025-07-15,SKU022,WH001,18,18,0,23,0,0,13
2025-07-15,SKU006,WH001,663,13,0,31,0,0,645
2025-07-15,SKU053,WH005,158,6,0,24,0,0,140
2025-07-15,SKU037,WH003,51,16,0,17,0,2,48
2025-07-15,SKU117,WH001,70,8,0,9,0,0,69
2025-07-15,SKU041,WH002,157,5,29,23,0,0,168
2025-07-15,SKU060,WH003,145,6,0,16,1,1,133
2025-07-15,SKU103,WH002,163,7,2,7,0,0,165
2025-07-15,SKU146,WH004,168,13,25,18,0,1,187
2025-07-15,SKU086,WH002,479,21,35,27,1,1,506
2025-07-15,SKU069,WH003,87,1,0,23,0,0,65
2025-07-15,SKU107,WH004,502,4,0,17,0,0,489
2025-07-15,SKU005,WH002,60,5,0,7,0,0,58
2025-07-15,SKU093,WH003,516,1,0,46,1,2,468
2025-07-15,SKU141,WH003,177,13,0,3,0,0,187
2025-07-15,SKU087,WH005,486,11,29,28,0,0,498
2025-07-15,SKU023,WH003,128,17,0,26,0,0,119
2025-07-15,SKU013,WH001,62,13,0,22,0,0,53
2025-07-15,SKU047,WH004,67,9,0,7,0,0,69
2025-07-15,SKU129,WH005,270,13,0,21,0,0,262
2025-07-15,SKU115,WH003,154,4,0,11,0,0,147
2025-07-15,SKU131,WH001,113,12,8,8,0,0,125
2025-07-15,SKU024,WH001,251,12,17,19,1,0,260
2025-07-15,SKU105,WH002,105,3,8,6,0,2,108
2025-07-15,SKU135,WH004,127,6,11,16,0,0,128
2025-07-15,SKU079,WH004,356,3,0,25,0,1,333
2025-07-15,SKU004,WH004,33,12,17,10,0,0,52
2025-07-15,SKU032,WH001,111,6,4,4,0,0,117
2025-07-15,SKU110,WH002,416,15,27,29,1,2,426
2025-07-15,SKU116,WH003,605,18,0,22,0,0,601
2025-07-15,SKU063,WH004,196,10,33,29,1,0,209
2025-07-15,SKU046,WH005,697,9,0,29,0,1,676
2025-07-15,SKU002,WH003,444,8,0,25,0,0,427
2025-07-15,SKU149,WH002,266,14,0,29,1,1,249
2025-07-15,SKU009,WH005,171,13,0,13,0,0,171
2025-07-15,SKU035,WH004,436,17,0,21,0,0,432
2025-07-15,SKU096,WH002,630,8,35,41,1,1,630
2025-07-15,SKU077,WH002,129,6,0,11,0,0,124
2025-07-15,SKU122,WH003,71,19,16,21,0,0,85
2025-07-15,SKU111,WH004,150,13,0,30,0,0,133
2025-07-15,SKU043,WH003,298,2,0,14,0,0,286
2025-07-15,SKU080,WH004,34,8,0,6,0,0,36
2025-07-15,SKU042,WH003,19,21,6,4,0,0,42
2025-07-15,SKU010,WH005,134,14,0,30,0,0,118
2025-07-15,SKU068,WH005,123,1,9,9,0,0,124
2025-07-16,SKU039,WH002,246,6,0,34,0,0,218
2025-07-16,SKU120,WH004,118,0,19,1,0,0,136
2025-07-16,SKU133,WH002,39,13,0,9,0,0,43
2025-07-16,SKU143,WH004,78,17,0,15,0,0,80
2025-07-16,SKU067,WH003,114,10,0,20,0,0,104
2025-07-16,SKU045,WH004,92,17,0,11,0,1,97
2025-07-16,SKU034,WH004,174,3,0,14,1,0,162
2025-07-16,SKU044,WH005,313,8,0,37,0,0,284
2025-07-16,SKU058,WH004,52,14,23,24,0,0,65
2025-07-16,SKU092,WH003,117,6,0,24,0,0,99
2025-07-16,SKU013,WH005,187,12,0,17,0,1,181
2025-07-16,SKU094,WH004,530,6,35,28,0,2,541
2025-07-16,SKU017,WH003,198,31,0,22,0,0,207
2025-07-16,SKU030,WH001,478,13,0,17,1,0,473
2025-07-16,SKU126,WH001,85,2,0,24,1,0,62
2025-07-16,SKU088,WH005,88,8,0,5,0,1,90
2025-07-16,SKU114,WH001,331,15,0,21,0,1,324
2025-07-16,SKU101,WH005,703,2,23,18,0,4,706
2025-07-16,SKU091,WH004,153,10,0,3,0,0,160
2025-07-16,SKU134,WH003,567,5,0,26,0,2,544
2025-07-16,SKU036,WH005,266,21,17,18,0,2,284
2025-07-16,SKU082,WH005,130,12,0,23,0,1,118
2025-07-16,SKU148,WH001,321,1,0,16,1,0,305
2025-07-16,SKU046,WH001,61,11,0,42,1,0,29
2025-07-16,SKU084,WH001,59,5,0,8,0,0,56
2025-07-16,SKU010,WH004,483,11,48,28,0,2,512
2025-07-16,SKU086,WH003,144,17,0,29,0,0,132
2025-07-16,SKU064,WH003,56,18,0,21,0,0,53
2025-07-16,SKU021,WH004,203,13,0,10,0,0,206
2025-07-16,SKU103,WH004,53,8,0,6,0,1,54
2025-07-16,SKU037,WH003,177,20,0,20,0,2,175
2025-07-16,SKU069,WH005,441,3,0,26,0,0,418
2025-07-16,SKU065,WH004,164,14,9,7,1,0,179
2025-07-16,SKU135,WH003,142,9,22,7,0,0,166
2025-07-16,SKU035,WH004,124,17,0,31,0,1,109
2025-07-16,SKU111,WH001,335,17,0,29,1,3,319
2025-07-16,SKU127,WH002,188,5,0,34,0,0,159
2025-07-16,SKU007,WH005,34,9,0,7,0,0,36
2025-07-16,SKU124,WH002,143,5,0,14,0,0,134
2025-07-16,SKU102,WH004,133,11,32,29,0,0,147
2025-07-16,SKU107,WH004,66,3,0,24,0,0,45
2025-07-16,SKU105,WH005,40,9,0,4,0,0,45
2025-07-16,SKU055,WH003,121,13,14,29,0,0,119
2025-07-16,SKU108,WH003,791,12,0,34,0,2,767
2025-07-16,SKU053,WH004,632,4,0,23,0,3,610
2025-07-17,SKU083,WH003,86,5,0,21,0,0,70
2025-07-17,SKU128,WH003,112,7,0,13,0,0,106
2025-07-17,SKU059,WH005,92,12,6,3,0,0,107
2025-07-17,SKU116,WH001,197,19,0,20,0,0,196
2025-07-17,SKU122,WH002,219,18,18,17,0,0,238
2025-07-17,SKU098,WH004,157,2,0,23,0,0,136
2025-07-17,SKU081,WH002,247,5,0,35,0,1,216
2025-07-17,SKU064,WH001,324,21,28,19,0,2,352
2025-07-17,SKU130,WH003,92,3,0,16,0,1,78
2025-07-17,SKU104,WH001,121,16,14,11,0,0,140
2025-07-17,SKU010,WH004,371,7,43,32,2,0,387
2025-07-17,SKU042,WH005,62,20,6,4,0,1,83
2025-07-17,SKU095,WH005,161,17,0,9,0,0,169
2025-07-17,SKU099,WH002,183,14,37,28,2,0,204
2025-07-17,SKU110,WH004,277,18,25,22,0,0,298
2025-07-17,SKU001,WH001,128,13,0,18,0,0,123
2025-07-17,SKU106,WH005,173,13,0,31,0,0,155
2025-07-17,SKU115,WH003,155,6,0,11,0,0,150
2025-07-17,SKU014,WH004,611,1,0,26,2,1,583
2025-07-17,SKU006,WH003,164,6,22,16,1,0,175
2025-07-17,SKU063,WH005,576,12,47,35,0,2,598
2025-07-17,SKU086,WH004,277,12,16,14,0,0,291
2025-07-17,SKU020,WH003,140,18,11,8,1,0,160
2025-07-17,SKU089,WH002,34,19,4,7,0,0,50
2025-07-17,SKU124,WH002,66,9,8,15,0,1,67
2025-07-17,SKU052,WH003,131,11,11,10,0,0,143
2025-07-17,SKU047,WH005,33,17,0,8,0,0,42
2025-07-17,SKU126,WH005,315,1,0,27,0,1,288
2025-07-17,SKU058,WH005,245,7,32,26,0,2,256
2025-07-17,SKU092,WH004,78,9,0,20,0,0,67
2025-07-17,SKU146,WH005,186,12,0,23,0,1,174
2025-07-17,SKU029,WH003,606,13,27,34,1,2,609
2025-07-17,SKU048,WH005,24,16,0,5,0,0,35
2025-07-17,SKU145,WH004,681,18,0,28,0,0,671
2025-07-17,SKU067,WH005,531,12,0,36,0,0,507
2025-07-17,SKU133,WH002,199,16,12,9,0,0,218
2025-07-17,SKU076,WH004,368,8,0,18,0,0,358
2025-07-17,SKU033,WH002,379,12,0,26,0,0,365
2025-07-17,SKU148,WH005,249,2,0,20,0,0,231
2025-07-17,SKU051,WH005,130,22,0,12,0,1,139
2025-07-17,SKU094,WH004,519,7,24,26,1,2,521
2025-07-17,SKU147,WH002,573,3,0,25,1,0,550
2025-07-17,SKU061,WH004,31,11,6,7,0,0,41
2025-07-17,SKU004,WH003,44,14,0,9,0,0,49
2025-07-17,SKU150,WH004,207,25,0,20,0,0,212
2025-07-18,SKU128,WH001,365,8,8,11,1,2,367
2025-07-18,SKU070,WH004,391,13,0,20,1,1,382
2025-07-18,SKU007,WH002,73,14,15,16,0,0,86
2025-07-18,SKU113,WH005,187,7,14,11,0,0,197
2025-07-18,SKU032,WH001,34,20,12,8,0,0,58
2025-07-18,SKU053,WH005,275,3,0,23,0,2,253
2025-07-18,SKU008,WH005,951,5,0,40,1,1,914
2025-07-18,SKU049,WH002,329,5,22,19,0,1,336
2025-07-18,SKU011,WH005,439,7,28,33,1,2,438
2025-07-18,SKU125,WH002,406,3,37,29,1,0,416
2025-07-18,SKU028,WH002,95,9,0,11,0,1,92
2025-07-18,SKU076,WH004,414,12,0,25,0,1,400
2025-07-18,SKU046,WH004,303,11,31,19,1,0,325
2025-07-18,SKU132,WH004,242,11,0,33,0,0,220
2025-07-18,SKU022,WH004,76,6,36,24,0,1,93
2025-07-18,SKU127,WH001,306,7,0,22,0,1,290
2025-07-18,SKU014,WH005,763,7,0,34,0,2,734
2025-07-18,SKU041,WH002,545,6,0,24,1,2,524
2025-07-18,SKU059,WH004,67,15,11,5,0,1,87
2025-07-18,SKU143,WH002,105,18,0,15,0,0,108
2025-07-18,SKU107,WH002,379,5,0,26,0,0,358
2025-07-18,SKU140,WH004,471,14,0,46,0,2,437
2025-07-18,SKU137,WH001,39,17,5,4,0,0,57
2025-07-18,SKU089,WH002,97,19,0,4,0,0,112
2025-07-18,SKU050,WH001,268,6,0,31,0,1,242
2025-07-18,SKU066,WH001,99,12,28,21,0,1,117
2025-07-18,SKU145,WH002,331,15,0,33,0,0,313
2025-07-18,SKU109,WH001,42,3,0,6,2,0,37
2025-07-18,SKU116,WH004,527,12,22,31,0,1,529
2025-07-18,SKU121,WH002,381,13,19,17,0,2,394
2025-07-18,SKU027,WH001,53,5,0,14,0,0,44
2025-07-18,SKU067,WH004,209,10,0,24,1,0,194
2025-07-18,SKU149,WH005,154,11,0,29,0,0,136
2025-07-18,SKU141,WH002,68,15,0,6,0,0,77
2025-07-18,SKU072,WH004,403,5,0,27,0,0,381
2025-07-18,SKU087,WH001,266,18,38,26,0,0,296
2025-07-18,SKU101,WH003,277,3,27,20,0,2,285
2025-07-18,SKU093,WH002,243,5,42,41,1,1,247
2025-07-18,SKU033,WH001,119,7,0,23,0,0,103
2025-07-18,SKU108,WH005,125,6,0,31,1,0,99
2025-07-18,SKU030,WH004,401,10,0,29,0,0,382
2025-07-18,SKU085,WH003,150,1,0,45,2,0,104
2025-07-18,SKU044,WH002,224,18,0,42,0,1,199
2025-07-18,SKU048,WH005,47,14,0,6,0,0,55
2025-07-18,SKU025,WH001,228,18,0,11,1,2,232
2025-07-19,SKU081,WH001,312,10,30,25,1,1,325
2025-07-19,SKU107,WH001,845,12,0,29,0,2,826
2025-07-19,SKU009,WH001,51,15,15,5,0,0,76
2025-07-19,SKU131,WH002,116,4,0,4,0,0,116
2025-07-19,SKU149,WH003,89,3,41,39,0,0,94
2025-07-19,SKU026,WH001,107,4,0,20,0,0,91
2025-07-19,SKU082,WH005,360,5,29,31,0,0,363
2025-07-19,SKU124,WH003,55,11,15,14,0,0,67
2025-07-19,SKU139,WH005,745,3,0,22,0,3,723
2025-07-19,SKU079,WH004,332,12,0,30,0,0,314
2025-07-19,SKU054,WH002,18,19,0,17,0,0,20
2025-07-19,SKU058,WH004,446,13,26,27,1,0,457
2025-07-19,SKU147,WH002,236,3,0,21,0,0,218
2025-07-19,SKU029,WH004,612,10,33,30,0,0,625
2025-07-19,SKU003,WH003,116,12,12,10,0,0,130
2025-07-19,SKU120,WH005,166,2,11,13,0,1,165
2025-07-19,SKU015,WH004,121,3,9,9,0,0,124
2025-07-19,SKU041,WH002,331,15,49,30,0,0,365
2025-07-19,SKU144,WH005,100,18,0,13,0,0,105
2025-07-19,SKU014,WH005,266,3,42,41,0,2,268
2025-07-19,SKU135,WH005,194,8,0,16,1,1,184
2025-07-19,SKU002,WH005,251,7,31,21,0,0,268
2025-07-19,SKU133,WH001,109,16,0,9,0,0,116
2025-07-19,SKU105,WH004,145,7,5,1,0,1,155
2025-07-19,SKU126,WH002,267,1,0,38,1,0,229
2025-07-19,SKU083,WH004,71,4,0,23,0,0,52
2025-07-19,SKU091,WH003,25,14,0,7,0,0,32
2025-07-19,SKU038,WH003,198,15,0,28,0,1,184
2025-07-19,SKU123,WH001,77,8,8,13,0,0,80
2025-07-19,SKU098,WH002,513,4,23,20,0,0,520
2025-07-19,SKU064,WH004,111,11,0,21,0,2,99
2025-07-19,SKU068,WH005,55,4,0,7,0,0,52
2025-07-19,SKU101,WH001,221,2,0,22,0,0,201
2025-07-19,SKU055,WH004,210,13,19,14,0,0,228
2025-07-19,SKU140,WH003,314,12,0,21,1,1,303
2025-07-19,SKU138,WH005,48,19,7,10,0,0,64
2025-07-19,SKU011,WH004,224,8,34,23,0,0,243
2025-07-19,SKU093,WH005,248,2,0,36,0,1,213
2025-07-19,SKU110,WH004,279,20,0,25,1,2,271
2025-07-19,SKU100,WH004,246,12,10,20,0,0,248
2025-07-19,SKU117,WH004,125,7,14,7,0,0,139
2025-07-19,SKU078,WH004,43,10,0,16,1,0,36
2025-07-19,SKU032,WH004,18,12,0,6,0,0,24
2025-07-19,SKU057,WH001,231,15,0,20,0,0,226
2025-07-19,SKU092,WH001,144,10,32,27,0,0,159
2025-07-20,SKU026,WH001,394,2,0,16,0,1,379
2025-07-20,SKU081,WH004,546,16,27,30,0,0,559
2025-07-20,SKU053,WH004,95,7,0,17,0,0,85
2025-07-20,SKU105,WH001,64,5,0,6,1,0,62
2025-07-20,SKU145,WH001,225,19,0,30,0,0,214
2025-07-20,SKU070,WH001,190,3,0,20,0,1,172
2025-07-20,SKU127,WH001,462,4,0,22,1,2,441
2025-07-20,SKU017,WH005,174,14,0,22,0,0,166
2025-07-20,SKU012,WH004,43,8,9,8,0,0,52
2025-07-20,SKU135,WH003,219,8,14,12,0,0,229
2025-07-20,SKU050,WH004,354,5,0,28,0,1,330
2025-07-20,SKU141,WH001,44,14,0,5,1,0,52
2025-07-20,SKU078,WH004,111,14,0,17,0,0,108
2025-07-20,SKU036,WH004,274,14,0,25,0,2,261
2025-07-20,SKU055,WH002,273,14,0,14,0,0,273
2025-07-20,SKU058,WH003,126,14,0,21,0,0,119
2025-07-20,SKU102,WH004,397,19,0,28,0,0,388
2025-07-20,SKU114,WH005,126,17,11,18,0,0,136
2025-07-20,SKU051,WH003,177,18,0,8,0,0,187
2025-07-20,SKU098,WH004,234,5,0,32,0,2,205
2025-07-20,SKU088,WH004,20,12,0,4,0,0,28
2025-07-20,SKU062,WH003,143,11,0,13,1,0,140
2025-07-20,SKU091,WH002,141,25,0,8,0,0,158
2025-07-20,SKU048,WH004,117,17,0,5,0,0,129
2025-07-20,SKU137,WH003,40,19,4,13,0,0,50
2025-07-20,SKU059,WH001,27,16,11,10,0,0,44
2025-07-20,SKU068,WH003,37,7,0,7,0,1,36
2025-07-20,SKU131,WH001,155,11,0,8,0,0,158
2025-07-20,SKU003,WH002,35,11,6,7,0,0,45
2025-07-20,SKU111,WH003,749,18,0,26,0,1,740
2025-07-20,SKU073,WH004,808,7,0,42,2,2,769
2025-07-20,SKU025,WH004,173,13,0,14,0,2,170
2025-07-20,SKU014,WH004,167,5,0,34,1,0,137
2025-07-20,SKU035,WH001,392,27,0,31,0,2,386
2025-07-20,SKU080,WH003,48,16,0,8,1,0,55
2025-07-20,SKU086,WH002,183,20,0,19,0,1,183
2025-07-20,SKU082,WH005,118,11,0,25,0,0,104
2025-07-20,SKU097,WH002,33,13,0,3,0,0,43
2025-07-20,SKU103,WH001,29,12,0,7,0,0,34
2025-07-20,SKU040,WH003,222,15,17,20,1,0,233
2025-07-20,SKU057,WH002,104,14,0,31,0,0,87
2025-07-20,SKU004,WH001,128,15,0,8,0,0,135
2025-07-20,SKU077,WH005,282,9,17,13,1,0,294
2025-07-20,SKU063,WH004,630,13,42,39,2,0,644
2025-07-20,SKU126,WH001,421,1,0,30,1,0,391
2025-07-21,SKU024,WH002,124,10,17,21,0,1,129
2025-07-21,SKU088,WH001,46,3,0,3,0,0,46
2025-07-21,SKU027,WH001,145,6,13,16,0,0,148
2025-07-21,SKU137,WH001,16,10,0,12,0,0,14
2025-07-21,SKU113,WH004,79,12,0,10,0,0,81
2025-07-21,SKU008,WH003,176,2,0,38,0,1,139
2025-07-21,SKU096,WH003,41,17,0,33,0,0,25
2025-07-21,SKU101,WH003,268,1,35,21,0,0,283
2025-07-21,SKU021,WH001,304,18,0,12,0,1,309
2025-07-21,SKU097,WH005,32,8,14,4,0,0,50
2025-07-21,SKU128,WH002,123,7,0,9,0,0,121
2025-07-21,SKU150,WH004,259,10,0,19,1,0,249
2025-07-21,SKU028,WH002,268,16,13,16,0,0,281
2025-07-21,SKU053,WH005,168,9,0,23,0,0,154
2025-07-21,SKU144,WH005,75,16,7,7,0,0,91
2025-07-21,SKU059,WH002,98,13,0,8,0,0,103
2025-07-21,SKU079,WH003,459,7,0,34,0,1,431
2025-07-21,SKU004,WH005,108,14,0,10,0,1,111
2025-07-21,SKU005,WH004,131,2,0,18,0,0,115
2025-07-21,SKU063,WH004,728,7,0,36,0,1,698
2025-07-21,SKU130,WH004,66,3,0,19,0,0,50
2025-07-21,SKU065,WH001,97,9,0,13,0,1,92
2025-07-21,SKU012,WH001,155,6,12,9,1,1,162
2025-07-21,SKU026,WH004,156,2,0,25,0,0,133
2025-07-21,SKU142,WH002,55,1,0,31,0,1,24
2025-07-21,SKU149,WH005,889,9,0,32,0,1,865
2025-07-21,SKU067,WH003,219,7,23,22,0,0,227
2025-07-21,SKU014,WH005,570,4,0,21,0,2,551
2025-07-21,SKU046,WH002,603,9,0,22,2,4,584
2025-07-21,SKU131,WH004,42,5,0,14,0,1,32
2025-07-21,SKU107,WH001,671,5,0,19,0,0,657
2025-07-21,SKU054,WH002,382,18,24,17,0,0,407
2025-07-21,SKU069,WH003,506,3,37,30,0,1,515
2025-07-21,SKU043,WH004,133,6,0,24,1,0,114
2025-07-21,SKU095,WH004,54,14,0,8,1,1,58
2025-07-21,SKU086,WH002,298,17,0,25,0,0,290
2025-07-21,SKU138,WH002,131,18,5,4,0,1,149
2025-07-21,SKU039,WH003,538,12,26,32,1,1,542
2025-07-21,SKU077,WH002,88,5,20,15,0,0,98
2025-07-21,SKU003,WH005,110,11,0,5,0,0,116
2025-07-21,SKU125,WH003,175,1,42,38,0,1,179
2025-07-21,SKU080,WH002,186,8,0,8,0,0,186
2025-07-21,SKU017,WH003,236,25,29,25,0,1,264
2025-07-21,SKU104,WH003,227,9,0,9,0,1,226
2025-07-21,SKU055,WH002,336,20,22,25,1,1,351
2025-07-22,SKU035,WH001,445,24,25,27,1,2,464
2025-07-22,SKU009,WH003,51,12,0,9,0,0,54
2025-07-22,SKU006,WH002,100,18,0,26,0,0,92
2025-07-22,SKU116,WH003,135,21,0,26,0,0,130
2025-07-22,SKU089,WH004,92,21,8,2,0,0,119
2025-07-22,SKU011,WH001,429,9,0,34,0,1,403
2025-07-22,SKU023,WH002,443,8,30,18,0,1,462
2025-07-22,SKU016,WH001,98,9,15,18,0,0,104
2025-07-22,SKU007,WH005,206,6,0,16,0,0,196
2025-07-22,SKU037,WH003,282,11,0,15,0,0,278
2025-07-22,SKU048,WH005,18,13,9,7,0,0,33
2025-07-22,SKU013,WH004,138,14,18,19,0,0,151
2025-07-22,SKU028,WH001,122,9,0,18,0,1,112
2025-07-22,SKU124,WH004,229,7,0,8,0,0,228
2025-07-22,SKU063,WH002,315,10,0,40,1,3,281
2025-07-22,SKU091,WH003,82,18,0,8,0,0,92
2025-07-22,SKU099,WH003,221,9,0,42,1,0,187
2025-07-22,SKU096,WH002,564,21,47,41,0,1,590
2025-07-22,SKU101,WH003,113,7,0,27,1,1,91
2025-07-22,SKU012,WH004,34,6,0,7,0,0,33
2025-07-22,SKU032,WH005,31,22,9,8,0,0,54
2025-07-22,SKU104,WH004,82,13,0,12,0,0,83
2025-07-22,SKU107,WH003,151,6,28,16,0,0,169
2025-07-22,SKU145,WH003,629,18,35,31,0,2,649
2025-07-22,SKU034,WH003,263,7,0,21,0,2,247
2025-07-22,SKU078,WH003,136,8,0,11,1,0,132
2025-07-22,SKU005,WH003,61,4,18,13,0,0,70
2025-07-22,SKU146,WH003,174,12,23,16,0,0,193
2025-07-22,SKU044,WH005,483,14,31,36,0,2,490
2025-07-22,SKU125,WH003,400,7,36,25,0,1,417
2025-07-22,SKU043,WH002,80,2,0,14,1,0,67
2025-07-22,SKU138,WH005,32,19,0,7,0,0,44
2025-07-22,SKU069,WH002,609,3,0,31,0,0,581
2025-07-22,SKU113,WH005,136,14,0,9,0,1,140
2025-07-22,SKU054,WH005,420,20,0,22,0,0,418
2025-07-22,SKU059,WH005,87,15,0,6,0,0,96
2025-07-22,SKU143,WH002,229,23,0,7,0,1,244
2025-07-22,SKU020,WH001,308,22,0,13,1,1,315
2025-07-22,SKU109,WH004,125,4,13,13,0,1,128
2025-07-22,SKU118,WH002,137,19,20,30,1,0,145
2025-07-22,SKU088,WH005,57,12,0,3,0,0,66
2025-07-22,SKU074,WH004,323,19,0,41,1,2,298
2025-07-22,SKU131,WH001,142,9,0,5,0,1,145
2025-07-22,SKU077,WH001,153,4,0,30,1,1,125
2025-07-22,SKU137,WH004,42,6,0,2,0,0,46
2025-07-23,SKU100,WH002,173,13,0,19,0,1,166
2025-07-23,SKU096,WH004,749,17,0,19,0,1,746
2025-07-23,SKU061,WH004,7,14,8,7,0,0,22
2025-07-23,SKU102,WH004,375,22,32,24,0,1,404
2025-07-23,SKU020,WH002,144,16,0,16,0,0,144
2025-07-23,SKU107,WH002,386,10,0,29,0,0,367
2025-07-23,SKU021,WH005,89,13,0,14,1,0,87
2025-07-23,SKU031,WH005,302,6,0,23,0,0,285
2025-07-23,SKU044,WH003,552,22,0,27,1,0,546
2025-07-23,SKU142,WH005,308,0,40,30,0,1,317
2025-07-23,SKU145,WH002,250,13,0,32,0,0,231
2025-07-23,SKU087,WH001,284,5,0,27,0,1,261
2025-07-23,SKU108,WH001,282,18,40,31,0,1,308
2025-07-23,SKU029,WH005,108,11,0,31,0,0,88
2025-07-23,SKU146,WH002,192,17,0,18,0,0,191
2025-07-23,SKU063,WH002,396,8,36,38,0,1,401
2025-07-23,SKU008,WH001,447,5,0,35,0,1,416
2025-07-23,SKU032,WH004,81,11,0,2,0,0,90
2025-07-23,SKU004,WH002,224,20,0,12,0,1,231
2025-07-23,SKU133,WH004,44,9,5,5,0,0,53
2025-07-23,SKU119,WH001,78,28,0,31,0,1,74
2025-07-23,SKU097,WH004,218,7,0,8,0,0,217
2025-07-23,SKU089,WH005,81,10,6,5,0,0,92
2025-07-23,SKU014,WH001,413,7,0,35,1,1,383
2025-07-23,SKU018,WH001,110,11,0,23,0,0,98
2025-07-23,SKU069,WH004,307,6,40,32,0,2,319
2025-07-23,SKU122,WH003,194,21,0,15,1,0,199
2025-07-23,SKU130,WH005,265,1,21,17,0,1,269
2025-07-23,SKU086,WH001,261,12,0,27,0,1,245
2025-07-23,SKU121,WH004,116,5,0,19,0,1,101
2025-07-23,SKU024,WH004,188,21,0,15,0,0,194
2025-07-23,SKU147,WH003,60,4,0,18,0,1,45
2025-07-23,SKU093,WH005,303,4,35,46,0,1,295
2025-07-23,SKU026,WH004,216,2,0,19,0,0,199
2025-07-23,SKU019,WH004,442,18,48,38,1,0,469
2025-07-23,SKU042,WH003,31,14,4,7,0,1,41
2025-07-23,SKU128,WH002,86,3,0,9,0,0,80
2025-07-23,SKU137,WH004,38,20,0,8,0,0,50
2025-07-23,SKU059,WH001,32,16,8,10,1,0,45
2025-07-23,SKU104,WH001,110,10,0,8,0,0,112
2025-07-23,SKU009,WH004,60,11,0,9,0,0,62
2025-07-23,SKU113,WH005,375,10,0,13,0,0,372
2025-07-23,SKU148,WH002,64,3,21,17,0,0,71
2025-07-23,SKU149,WH004,280,10,0,30,0,0,260
2025-07-23,SKU034,WH003,314,4,0,21,0,0,297
2025-07-24,SKU129,WH002,317,14,0,22,0,0,309
2025-07-24,SKU013,WH005,142,15,27,16,0,0,168
2025-07-24,SKU030,WH001,204,17,29,22,0,2,226
2025-07-24,SKU037,WH001,213,16,0,16,0,0,213
2025-07-24,SKU145,WH004,315,22,38,29,0,0,346
2025-07-24,SKU120,WH004,233,2,0,11,0,1,223
2025-07-24,SKU067,WH004,440,13,0,24,1,0,428
2025-07-24,SKU070,WH002,270,15,0,22,0,0,263
2025-07-24,SKU092,WH005,249,7,0,23,0,2,231
2025-07-24,SKU026,WH004,567,1,0,25,0,0,543
2025-07-24,SKU075,WH003,185,10,16,24,0,1,186
2025-07-24,SKU138,WH001,66,14,0,3,0,0,77
2025-07-24,SKU029,WH002,320,10,0,28,1,1,300
2025-07-24,SKU130,WH005,169,1,0,17,0,0,153
2025-07-24,SKU098,WH003,132,7,0,32,0,0,107
2025-07-24,SKU133,WH002,139,17,0,5,0,0,151
2025-07-24,SKU142,WH004,112,2,0,41,0,0,73
2025-07-24,SKU073,WH004,508,0,0,24,0,0,484
2025-07-24,SKU132,WH004,311,20,0,26,1,3,301
2025-07-24,SKU071,WH004,116,7,11,7,0,0,127
2025-07-24,SKU109,WH001,172,4,0,9,1,2,164
2025-07-24,SKU040,WH002,332,12,0,19,0,1,324
2025-07-24,SKU064,WH001,68,19,0,21,0,1,65
2025-07-24,SKU043,WH004,439,1,16,10,0,1,445
2025-07-24,SKU104,WH001,73,14,14,19,0,0,82
2025-07-24,SKU079,WH005,215,10,37,27,0,0,235
2025-07-24,SKU094,WH004,79,9,19,24,0,0,83
2025-07-24,SKU146,WH005,294,11,23,21,1,1,305
2025-07-24,SKU007,WH005,249,4,20,18,0,0,255
2025-07-24,SKU010,WH001,128,12,0,38,1,1,100
2025-07-24,SKU012,WH003,290,6,0,5,0,1,290
2025-07-24,SKU093,WH002,65,1,0,34,0,0,32
2025-07-24,SKU018,WH003,184,13,0,14,0,1,182
2025-07-24,SKU035,WH003,181,14,0,28,1,0,166
2025-07-24,SKU088,WH005,67,13,0,4,0,0,76
2025-07-24,SKU128,WH001,227,3,0,15,0,0,215
2025-07-24,SKU106,WH001,86,13,0,31,0,1,67
2025-07-24,SKU090,WH003,120,8,0,18,0,0,110
2025-07-24,SKU136,WH002,352,16,22,21,1,1,367
2025-07-24,SKU078,WH005,201,10,19,13,0,0,217
2025-07-24,SKU038,WH004,190,16,0,39,0,0,167
2025-07-24,SKU089,WH004,116,18,3,7,0,1,129
2025-07-24,SKU148,WH002,50,6,0,13,0,0,43
2025-07-24,SKU126,WH003,388,3,32,33,0,2,388
2025-07-24,SKU028,WH004,77,6,22,18,0,0,87
2025-07-25,SKU068,WH004,70,8,0,16,0,1,61
2025-07-25,SKU042,WH002,64,16,9,3,0,1,85
2025-07-25,SKU032,WH005,45,24,0,8,0,0,61
2025-07-25,SKU040,WH002,48,16,18,17,0,0,65
2025-07-25,SKU070,WH003,167,10,0,25,0,0,152
2025-07-25,SKU101,WH001,367,6,29,20,0,0,382
2025-07-25,SKU100,WH003,249,12,0,20,0,2,239
2025-07-25,SKU046,WH003,253,11,0,21,0,1,242
2025-07-25,SKU010,WH003,186,11,0,37,1,1,158
2025-07-25,SKU148,WH001,134,1,0,8,0,0,127
2025-07-25,SKU139,WH005,481,6,0,31,0,0,456
2025-07-25,SKU106,WH005,652,10,39,30,0,1,670
2025-07-25,SKU053,WH004,451,3,25,16,0,0,463
2025-07-25,SKU073,WH003,227,3,0,29,0,2,199
2025-07-25,SKU086,WH005,329,12,0,31,0,0,310
2025-07-25,SKU130,WH002,34,2,0,17,0,0,19
2025-07-25,SKU082,WH005,211,15,0,21,0,1,204
2025-07-25,SKU126,WH004,411,4,27,37,0,0,405
2025-07-25,SKU039,WH005,533,10,0,31,1,2,509
2025-07-25,SKU147,WH002,502,4,0,27,0,0,479
2025-07-25,SKU072,WH004,668,6,0,30,0,0,644
2025-07-25,SKU077,WH005,204,5,15,20,0,0,204
2025-07-25,SKU071,WH004,44,11,5,7,0,0,53
2025-07-25,SKU135,WH002,263,7,14,16,0,1,267
2025-07-25,SKU036,WH004,223,17,0,20,0,1,219
2025-07-25,SKU066,WH004,108,13,0,21,0,0,100
2025-07-25,SKU099,WH003,305,12,0,35,0,0,282
2025-07-25,SKU134,WH005,601,6,0,29,0,0,578
2025-07-25,SKU012,WH004,84,5,11,9,0,0,91
2025-07-25,SKU120,WH002,202,2,0,11,0,1,192
2025-07-25,SKU097,WH004,55,11,0,7,0,0,59
2025-07-25,SKU098,WH004,215,1,33,24,0,1,224
2025-07-25,SKU020,WH001,79,21,0,10,0,0,90
2025-07-25,SKU087,WH005,41,21,31,26,0,0,67
2025-07-25,SKU015,WH005,31,4,0,8,0,0,27
2025-07-25,SKU123,WH005,32,10,13,12,1,0,42
2025-07-25,SKU038,WH001,214,25,0,39,1,0,199
2025-07-25,SKU103,WH002,43,17,0,9,0,0,51
2025-07-25,SKU033,WH002,302,6,0,29,0,0,279
2025-07-25,SKU114,WH005,80,10,15,17,0,1,87
2025-07-25,SKU003,WH002,98,18,11,5,0,0,122
2025-07-25,SKU006,WH004,178,8,0,33,0,0,153
2025-07-25,SKU150,WH001,288,28,0,14,0,1,301
2025-07-25,SKU142,WH005,287,6,42,25,0,1,309
2025-07-25,SKU078,WH004,54,10,0,10,0,0,54
2025-07-26,SKU146,WH001,146,15,0,17,0,0,144
2025-07-26,SKU136,WH002,317,13,20,26,0,0,324
2025-07-26,SKU094,WH004,263,5,24,21,1,0,270
2025-07-26,SKU098,WH002,109,10,0,18,1,0,100
2025-07-26,SKU058,WH002,252,8,0,22,0,0,238
2025-07-26,SKU030,WH004,356,21,0,19,0,0,358
2025-07-26,SKU135,WH004,131,9,0,17,1,1,121
2025-07-26,SKU114,WH003,124,9,19,13,0,2,137
2025-07-26,SKU067,WH001,444,10,0,26,0,1,427
2025-07-26,SKU093,WH004,200,3,0,37,1,0,165
2025-07-26,SKU010,WH004,181,15,0,21,0,1,174
2025-07-26,SKU064,WH003,195,20,0,16,0,0,199
2025-07-26,SKU099,WH001,581,12,33,31,1,0,594
2025-07-26,SKU007,WH005,181,11,17,12,0,0,197
2025-07-26,SKU119,WH001,131,12,0,29,0,0,114
2025-07-26,SKU055,WH002,186,16,22,18,0,2,204
2025-07-26,SKU101,WH001,162,1,0,19,0,0,144
2025-07-26,SKU049,WH005,288,6,0,17,0,2,275
2025-07-26,SKU059,WH001,44,16,0,10,0,0,50
2025-07-26,SKU060,WH002,314,4,0,16,0,1,301
2025-07-26,SKU057,WH004,92,16,20,23,1,0,104
2025-07-26,SKU009,WH005,102,16,0,10,0,1,107
2025-07-26,SKU120,WH005,189,5,13,6,0,0,201
2025-07-26,SKU125,WH005,132,2,35,22,0,0,147
2025-07-26,SKU044,WH004,267,18,0,32,1,0,252
2025-07-26,SKU088,WH001,94,7,0,4,0,2,95
2025-07-26,SKU038,WH002,851,20,0,31,0,0,840
2025-07-26,SKU002,WH003,147,13,0,25,0,1,134
2025-07-26,SKU004,WH005,80,17,0,16,0,0,81
2025-07-26,SKU032,WH001,44,13,0,8,0,0,49
2025-07-26,SKU051,WH004,198,23,0,6,0,0,215
2025-07-26,SKU106,WH005,686,12,43,27,0,0,714
2025-07-26,SKU097,WH003,57,6,0,9,1,0,53
2025-07-26,SKU070,WH001,259,12,24,8,0,0,287
2025-07-26,SKU028,WH005,164,10,0,17,0,0,157
2025-07-26,SKU052,WH003,45,12,0,7,0,0,50
2025-07-26,SKU080,WH002,71,8,0,5,0,0,74
2025-07-26,SKU053,WH001,474,6,29,14,0,3,492
2025-07-26,SKU148,WH005,298,3,0,10,0,1,290
2025-07-26,SKU003,WH004,47,14,0,5,0,0,56
2025-07-26,SKU105,WH002,128,12,6,7,0,0,139
2025-07-26,SKU041,WH001,699,13,26,24,0,4,710
2025-07-26,SKU121,WH005,336,16,20,17,0,2,353
2025-07-26,SKU016,WH001,157,15,0,19,0,0,153
2025-07-26,SKU089,WH001,29,20,0,9,0,0,40
2025-07-27,SKU112,WH005,67,6,0,12,0,0,61
2025-07-27,SKU076,WH005,189,10,0,19,0,1,179
2025-07-27,SKU043,WH005,52,3,0,15,0,0,40
2025-07-27,SKU046,WH003,288,8,33,26,0,0,303
2025-07-27,SKU016,WH002,85,8,25,19,2,1,96
2025-07-27,SKU055,WH002,232,14,0,17,2,1,226
2025-07-27,SKU114,WH005,189,11,20,15,0,0,205
2025-07-27,SKU047,WH003,137,14,0,9,0,0,142
2025-07-27,SKU066,WH001,76,12,31,29,1,0,89
2025-07-27,SKU029,WH003,261,10,0,26,0,1,244
2025-07-27,SKU116,WH002,210,15,0,15,0,0,210
2025-07-27,SKU100,WH002,83,12,21,14,0,0,102
2025-07-27,SKU083,WH004,244,3,0,19,0,0,228
2025-07-27,SKU120,WH005,111,2,8,14,1,0,106
2025-07-27,SKU038,WH003,253,13,44,37,1,1,271
2025-07-27,SKU025,WH001,192,13,0,11,0,0,194
2025-07-27,SKU061,WH005,41,11,1,6,1,0,46
2025-07-27,SKU133,WH002,124,20,0,11,0,0,133
2025-07-27,SKU056,WH003,132,4,0,24,0,0,112
2025-07-27,SKU107,WH004,382,6,0,25,0,0,363
2025-07-27,SKU136,WH004,50,12,0,26,0,0,36
2025-07-27,SKU035,WH004,41,12,0,16,0,0,37
2025-07-27,SKU059,WH004,75,20,12,4,0,0,103
2025-07-27,SKU060,WH004,528,9,0,18,0,2,517
2025-07-27,SKU106,WH005,331,20,0,37,0,0,314
2025-07-27,SKU139,WH005,336,13,26,41,1,0,333
2025-07-27,SKU020,WH005,140,28,0,15,0,0,153
2025-07-27,SKU023,WH005,107,14,0,23,2,0,96
2025-07-27,SKU129,WH005,211,21,0,26,0,1,205
2025-07-27,SKU007,WH004,191,6,0,16,1,2,178
2025-07-27,SKU149,WH004,284,9,0,27,0,1,265
2025-07-27,SKU093,WH005,489,1,0,32,0,2,456
2025-07-27,SKU024,WH001,145,12,12,16,0,0,153
2025-07-27,SKU005,WH005,162,9,18,12,0,0,177
2025-07-27,SKU054,WH001,103,17,0,19,0,0,101
2025-07-27,SKU131,WH005,150,11,0,9,0,0,152
2025-07-27,SKU014,WH003,177,6,0,33,0,1,149
2025-07-27,SKU148,WH003,222,1,0,16,0,0,207
2025-07-27,SKU036,WH005,221,9,0,13,1,0,216
2025-07-27,SKU032,WH001,102,17,0,7,1,0,111
2025-07-27,SKU030,WH004,431,8,27,22,0,1,443
2025-07-27,SKU006,WH001,366,14,0,29,1,1,349
2025-07-27,SKU051,WH004,45,16,0,9,0,0,52
2025-07-27,SKU128,WH005,95,4,0,10,0,0,89
2025-07-27,SKU110,WH003,663,20,20,28,0,0,675
2025-07-28,SKU015,WH003,125,4,10,5,0,0,134
2025-07-28,SKU130,WH003,120,2,0,16,0,0,106
2025-07-28,SKU071,WH003,126,8,4,8,0,1,129
2025-07-28,SKU139,WH003,233,5,0,34,0,0,204
2025-07-28,SKU108,WH001,312,12,0,41,0,0,283
2025-07-28,SKU049,WH001,257,5,0,19,0,0,243
2025-07-28,SKU133,WH003,91,21,9,6,0,0,115
2025-07-28,SKU121,WH001,404,17,17,18,0,1,419
2025-07-28,SKU007,WH001,145,7,0,21,0,0,131
2025-07-28,SKU114,WH001,343,11,0,9,0,0,345
2025-07-28,SKU117,WH001,92,14,0,7,0,0,99
2025-07-28,SKU037,WH001,113,18,0,20,1,0,110
2025-07-28,SKU146,WH003,341,18,29,15,0,0,373
2025-07-28,SKU025,WH002,469,17,0,9,0,1,476
2025-07-28,SKU020,WH002,284,12,0,15,0,0,281
2025-07-28,SKU094,WH001,279,2,0,33,0,1,247
2025-07-28,SKU017,WH003,360,19,0,32,2,0,345
2025-07-28,SKU148,WH001,112,3,14,14,0,0,115
2025-07-28,SKU100,WH005,163,14,0,11,0,0,166
2025-07-28,SKU123,WH003,117,15,0,10,0,0,122
2025-07-28,SKU032,WH004,64,13,6,7,0,0,76
2025-07-28,SKU084,WH003,47,7,0,6,0,0,48
2025-07-28,SKU093,WH004,508,2,0,45,1,0,464
2025-07-28,SKU101,WH003,182,3,23,19,1,0,188
2025-07-28,SKU078,WH003,86,12,0,12,0,0,86
2025-07-28,SKU040,WH003,176,24,17,14,0,0,203
2025-07-28,SKU021,WH003,289,19,13,13,0,1,307
2025-07-28,SKU030,WH003,334,16,0,16,0,0,334
2025-07-28,SKU125,WH002,294,3,0,27,0,0,270
2025-07-28,SKU048,WH002,93,12,0,7,0,0,98
2025-07-28,SKU066,WH002,381,15,0,25,1,1,369
2025-07-28,SKU109,WH005,80,8,11,6,0,0,93
2025-07-28,SKU127,WH002,420,7,38,26,0,2,437
2025-07-28,SKU089,WH003,193,9,0,4,0,1,197
2025-07-28,SKU147,WH003,996,4,36,24,0,3,1009
2025-07-28,SKU086,WH002,263,17,29,22,0,2,285
2025-07-28,SKU022,WH005,605,18,0,25,0,0,598
2025-07-28,SKU018,WH001,92,14,0,13,0,0,93
2025-07-28,SKU034,WH005,295,3,0,31,0,1,266
2025-07-28,SKU079,WH005,320,7,52,33,0,2,344
2025-07-28,SKU035,WH001,257,21,0,16,0,2,260
2025-07-28,SKU110,WH001,216,5,25,22,1,1,222
2025-07-28,SKU050,WH005,539,8,0,36,0,0,511
2025-07-28,SKU076,WH002,546,7,0,17,0,1,535
2025-07-28,SKU063,WH003,420,14,41,34,0,0,441
2025-07-29,SKU079,WH003,206,8,0,35,0,0,179
2025-07-29,SKU105,WH002,31,7,0,1,0,0,37
2025-07-29,SKU080,WH004,28,12,0,5,0,0,35
2025-07-29,SKU132,WH003,458,16,47,32,0,1,488
2025-07-29,SKU070,WH004,55,13,0,22,0,0,46
2025-07-29,SKU031,WH002,128,8,0,30,1,0,105
2025-07-29,SKU039,WH001,430,6,31,39,0,1,427
2025-07-29,SKU115,WH001,15,2,0,7,0,1,9
2025-07-29,SKU118,WH001,548,12,0,15,0,1,544
2025-07-29,SKU096,WH001,167,16,34,34,1,0,182
2025-07-29,SKU146,WH003,524,8,0,28,0,0,504
2025-07-29,SKU020,WH002,107,21,0,6,0,0,122
2025-07-29,SKU068,WH005,114,5,0,7,0,0,112
2025-07-29,SKU010,WH002,284,11,36,34,0,0,297
2025-07-29,SKU032,WH005,125,12,0,3,0,0,134
2025-07-29,SKU121,WH004,68,9,0,10,1,0,66
2025-07-29,SKU028,WH003,242,7,21,16,1,1,252
2025-07-29,SKU021,WH005,156,23,9,17,0,1,170
2025-07-29,SKU133,WH003,44,14,0,6,0,0,52
2025-07-29,SKU022,WH005,1075,21,37,32,2,2,1097
2025-07-29,SKU125,WH003,525,6,0,39,0,2,490
2025-07-29,SKU051,WH002,65,21,2,4,0,0,84
2025-07-29,SKU140,WH001,138,17,0,19,0,0,136
2025-07-29,SKU106,WH004,244,9,0,36,2,0,215
2025-07-29,SKU097,WH002,18,9,10,6,0,0,31
2025-07-29,SKU003,WH001,144,17,0,7,0,1,153
2025-07-29,SKU012,WH004,62,5,4,8,0,0,63
2025-07-29,SKU142,WH003,429,6,0,41,0,2,392
2025-07-29,SKU053,WH002,163,8,24,22,0,0,173
2025-07-29,SKU016,WH002,182,14,0,22,1,0,173
2025-07-29,SKU149,WH001,186,14,0,26,0,0,174
2025-07-29,SKU058,WH005,776,13,34,30,1,2,790
2025-07-29,SKU099,WH003,778,13,21,26,0,0,786
2025-07-29,SKU035,WH003,162,23,0,23,0,0,162
2025-07-29,SKU089,WH005,39,18,1,5,0,0,53
2025-07-29,SKU063,WH001,62,15,0,34,0,0,43
2025-07-29,SKU041,WH005,277,15,34,34,0,1,291
2025-07-29,SKU116,WH001,272,12,36,16,0,1,303
2025-07-29,SKU114,WH001,75,8,0,16,0,0,67
2025-07-29,SKU145,WH002,562,20,0,27,0,0,555
2025-07-29,SKU002,WH003,194,7,0,31,0,1,169
2025-07-29,SKU075,WH005,378,14,20,21,0,2,389
2025-07-29,SKU124,WH002,217,10,11,9,0,0,229
2025-07-29,SKU048,WH004,36,12,0,5,0,0,43
2025-07-29,SKU073,WH002,326,8,0,38,0,2,294
2025-07-30,SKU046,WH001,330,12,0,27,1,2,312
2025-07-30,SKU146,WH003,107,12,0,22,0,1,96
2025-07-30,SKU117,WH002,112,1,0,6,0,0,107
2025-07-30,SKU067,WH005,492,7,0,35,0,3,461
2025-07-30,SKU126,WH004,436,0,0,28,0,2,406
2025-07-30,SKU085,WH005,536,7,0,35,0,1,507
2025-07-30,SKU088,WH001,28,10,0,3,0,0,35
2025-07-30,SKU056,WH005,344,2,23,18,0,0,351
2025-07-30,SKU003,WH001,72,11,0,6,0,0,77
2025-07-30,SKU119,WH001,160,16,0,19,0,0,157
2025-07-30,SKU023,WH003,375,16,26,17,0,1,399
2025-07-30,SKU013,WH005,145,18,20,20,0,0,163
2025-07-30,SKU094,WH003,636,5,0,28,0,0,613
2025-07-30,SKU125,WH003,416,3,0,39,0,1,379
2025-07-30,SKU024,WH004,191,11,0,11,0,0,191
2025-07-30,SKU084,WH001,43,6,5,3,0,0,51
2025-07-30,SKU143,WH003,59,19,0,6,1,0,71
2025-07-30,SKU098,WH005,327,1,0,34,1,0,293
2025-07-30,SKU135,WH001,292,12,0,18,0,1,285
2025-07-30,SKU076,WH003,389,5,0,21,0,3,370
2025-07-30,SKU027,WH003,284,8,33,20,0,2,303
2025-07-30,SKU033,WH001,119,3,0,31,0,0,91
2025-07-30,SKU005,WH003,217,4,0,12,0,3,206
2025-07-30,SKU010,WH003,800,11,0,32,0,4,775
2025-07-30,SKU037,WH003,626,13,21,18,0,1,641
2025-07-30,SKU095,WH005,93,14,0,8,0,0,99
2025-07-30,SKU058,WH004,208,18,21,32,0,0,215
2025-07-30,SKU022,WH001,661,18,28,20,0,1,686
2025-07-30,SKU014,WH004,389,2,0,48,0,1,342
2025-07-30,SKU039,WH001,146,17,33,34,1,1,160
2025-07-30,SKU112,WH002,162,9,0,9,1,0,161
2025-07-30,SKU134,WH005,337,3,0,29,0,0,311
2025-07-30,SKU066,WH004,175,11,26,24,2,0,186
2025-07-30,SKU006,WH001,387,11,36,27,0,0,407
2025-07-30,SKU069,WH003,650,6,27,40,0,0,643
2025-07-30,SKU096,WH003,546,17,39,40,1,3,558
2025-07-30,SKU020,WH005,61,22,14,10,1,0,86
2025-07-30,SKU064,WH004,73,19,0,25,0,0,67
2025-07-30,SKU051,WH002,151,18,0,6,0,1,162
2025-07-30,SKU122,WH002,106,12,0,17,0,0,101
2025-07-30,SKU149,WH002,131,10,43,35,0,1,148
2025-07-30,SKU104,WH001,245,16,15,15,0,2,259
2025-07-30,SKU128,WH002,157,6,14,5,1,0,171
2025-07-30,SKU103,WH004,67,17,7,4,0,0,87
2025-07-30,SKU042,WH002,68,11,5,4,0,0,80
2025-07-31,SKU030,WH003,100,13,0,24,0,1,88
2025-07-31,SKU139,WH002,431,10,0,24,1,1,415
2025-07-31,SKU089,WH004,22,14,0,6,0,0,30
2025-07-31,SKU108,WH004,318,11,0,30,1,1,297
2025-07-31,SKU011,WH004,462,12,0,19,2,1,452
2025-07-31,SKU049,WH003,597,5,22,17,1,0,606
2025-07-31,SKU083,WH003,218,1,0,23,0,0,196
2025-07-31,SKU014,WH003,133,4,37,40,2,1,131
2025-07-31,SKU040,WH001,285,17,0,14,0,0,288
2025-07-31,SKU081,WH005,620,14,0,34,0,1,599
2025-07-31,SKU093,WH005,187,4,0,35,0,0,156
2025-07-31,SKU143,WH004,398,14,20,16,2,0,414
2025-07-31,SKU008,WH002,543,9,0,27,0,0,525
2025-07-31,SKU013,WH001,178,18,27,15,0,0,208
2025-07-31,SKU079,WH004,409,6,40,23,1,0,431
2025-07-31,SKU112,WH001,74,9,0,6,0,1,76
2025-07-31,SKU007,WH005,127,11,15,14,1,0,138
2025-07-31,SKU109,WH004,73,6,0,14,0,0,65
2025-07-31,SKU144,WH005,68,19,11,9,0,0,89
2025-07-31,SKU027,WH001,250,3,0,18,0,1,234
2025-07-31,SKU036,WH005,144,15,0,27,0,0,132
2025-07-31,SKU035,WH001,360,16,27,21,0,0,382
2025-07-31,SKU125,WH004,337,2,0,25,0,0,314
2025-07-31,SKU017,WH005,364,16,0,24,0,1,355
2025-07-31,SKU122,WH002,224,16,24,22,1,0,241
2025-07-31,SKU120,WH003,155,5,0,6,0,2,152
2025-07-31,SKU062,WH004,156,7,0,14,0,0,149
2025-07-31,SKU074,WH005,530,11,42,40,1,2,540
2025-07-31,SKU082,WH001,320,11,0,31,0,0,300
2025-07-31,SKU130,WH002,239,3,0,18,1,0,223
2025-07-31,SKU099,WH003,297,15,0,24,0,0,288
2025-07-31,SKU149,WH002,476,7,0,38,1,2,442
2025-07-31,SKU022,WH003,281,14,0,26,0,0,269
2025-07-31,SKU097,WH005,24,6,6,5,0,0,31
2025-07-31,SKU085,WH002,866,6,0,37,0,1,834
2025-07-31,SKU134,WH001,399,2,0,26,1,0,374
2025-07-31,SKU090,WH001,153,11,0,19,0,0,145
2025-07-31,SKU045,WH003,234,5,0,20,2,1,216
2025-07-31,SKU127,WH005,864,7,0,27,0,3,841
2025-07-31,SKU061,WH002,31,12,0,6,1,0,36
2025-07-31,SKU116,WH003,238,14,0,23,0,1,228
2025-07-31,SKU076,WH002,379,10,0,10,0,1,378
2025-07-31,SKU102,WH003,187,17,0,24,2,0,178
2025-07-31,SKU121,WH004,193,10,0,20,0,2,181
2025-07-31,SKU054,WH005,567,17,0,19,0,1,564
2025-08-01,SKU117,WH003,22,8,13,9,0,0,34
2025-08-01,SKU087,WH005,693,14,0,23,0,3,681
2025-08-01,SKU119,WH003,201,21,0,21,0,1,200
2025-08-01,SKU035,WH003,238,12,0,24,1,0,225
2025-08-01,SKU012,WH002,153,2,0,7,0,1,147
2025-08-01,SKU096,WH004,334,11,0,35,2,0,308
2025-08-01,SKU054,WH001,211,10,0,26,1,0,194
2025-08-01,SKU049,WH005,161,12,26,17,0,0,182
2025-08-01,SKU150,WH002,151,21,26,15,0,0,183
2025-08-01,SKU037,WH001,519,8,26,14,1,1,537
2025-08-01,SKU140,WH002,157,11,28,23,1,0,172
2025-08-01,SKU132,WH004,454,19,0,30,1,1,441
2025-08-01,SKU099,WH001,499,17,0,23,0,1,492
2025-08-01,SKU072,WH005,192,4,0,35,0,0,161
2025-08-01,SKU134,WH002,59,6,32,27,0,1,69
2025-08-01,SKU028,WH003,57,14,0,14,0,0,57
2025-08-01,SKU031,WH002,576,3,0,25,0,1,553
2025-08-01,SKU034,WH002,113,8,0,24,1,0,96
2025-08-01,SKU144,WH005,145,18,0,4,0,0,159
2025-08-01,SKU071,WH005,25,6,0,3,0,0,28
2025-08-01,SKU063,WH002,147,10,0,31,0,2,124
2025-08-01,SKU083,WH003,186,7,0,24,0,1,168
2025-08-01,SKU138,WH002,48,8,0,8,1,0,47
2025-08-01,SKU104,WH005,140,14,0,17,0,0,137
2025-08-01,SKU003,WH001,154,17,0,4,0,0,167
2025-08-01,SKU010,WH003,279,11,41,30,0,1,300
2025-08-01,SKU074,WH005,437,17,37,31,0,0,460
2025-08-01,SKU025,WH002,45,14,0,13,0,0,46
2025-08-01,SKU057,WH005,266,13,0,16,0,4,259
2025-08-01,SKU050,WH005,182,3,0,29,0,1,155
2025-08-01,SKU084,WH003,60,8,6,3,0,0,71
2025-08-01,SKU026,WH002,472,3,25,19,0,0,481
2025-08-01,SKU133,WH001,35,19,0,8,1,0,45
2025-08-01,SKU121,WH004,538,12,0,14,0,0,536
2025-08-01,SKU124,WH004,57,4,0,16,0,0,45
2025-08-01,SKU143,WH002,78,17,0,13,0,0,82
2025-08-01,SKU139,WH003,247,4,0,31,1,0,219
2025-08-01,SKU103,WH005,66,14,0,7,0,0,73
2025-08-01,SKU066,WH001,352,19,0,18,0,1,352
2025-08-01,SKU039,WH005,389,13,0,32,0,0,370
2025-08-01,SKU001,WH002,122,21,23,15,0,0,151
2025-08-01,SKU136,WH002,93,16,0,27,0,0,82
2025-08-01,SKU126,WH003,466,4,0,25,0,0,445
2025-08-01,SKU147,WH002,282,2,33,18,0,0,299
2025-08-01,SKU015,WH001,76,5,0,3,0,0,78
2025-08-02,SKU148,WH001,103,4,0,11,0,0,96
2025-08-02,SKU138,WH002,97,15,8,4,0,0,116
2025-08-02,SKU085,WH002,176,4,48,30,1,1,196
2025-08-02,SKU136,WH004,278,11,0,19,0,0,270
2025-08-02,SKU091,WH001,120,25,0,3,0,0,142
2025-08-02,SKU054,WH004,306,16,0,5,0,2,315
2025-08-02,SKU142,WH004,260,1,0,31,0,0,230
2025-08-02,SKU114,WH002,222,13,17,14,0,0,238
2025-08-02,SKU049,WH004,190,10,0,19,0,0,181
2025-08-02,SKU073,WH001,309,3,0,36,1,0,275
2025-08-02,SKU081,WH004,1051,15,34,27,0,3,1070
2025-08-02,SKU041,WH005,437,7,29,31,1,0,441
2025-08-02,SKU092,WH004,306,9,0,29,0,0,286
2025-08-02,SKU018,WH004,268,7,22,17,0,0,280
2025-08-02,SKU008,WH002,376,2,0,48,0,0,330
2025-08-02,SKU060,WH004,336,9,24,15,0,1,353
2025-08-02,SKU026,WH004,108,5,0,26,0,1,86
2025-08-02,SKU033,WH003,776,6,37,29,0,2,788
2025-08-02,SKU134,WH002,231,3,0,30,0,0,204
2025-08-02,SKU014,WH001,219,4,0,35,0,0,188
2025-08-02,SKU149,WH005,274,10,0,32,2,1,249
2025-08-02,SKU128,WH001,11,6,0,11,0,0,6
2025-08-02,SKU021,WH005,119,20,15,8,0,1,145
2025-08-02,SKU037,WH005,140,15,24,30,0,0,149
2025-08-02,SKU078,WH003,184,6,0,11,0,0,179
2025-08-02,SKU016,WH002,194,5,0,19,0,1,179
2025-08-02,SKU028,WH004,118,8,0,13,0,0,113
2025-08-02,SKU112,WH005,26,8,0,6,0,0,28
2025-08-02,SKU103,WH004,44,14,11,2,0,0,67
2025-08-02,SKU137,WH003,104,7,0,11,0,0,100
2025-08-02,SKU061,WH001,41,9,0,5,0,0,45
2025-08-02,SKU121,WH002,137,15,0,12,0,0,140
2025-08-02,SKU070,WH004,271,11,0,16,0,1,265
2025-08-02,SKU013,WH003,300,19,0,10,0,0,309
2025-08-02,SKU089,WH002,13,14,0,6,0,0,21
2025-08-02,SKU145,WH002,97,10,0,25,0,1,81
2025-08-02,SKU075,WH002,113,5,0,16,0,0,102
2025-08-02,SKU084,WH003,41,7,6,6,0,0,48
2025-08-02,SKU002,WH002,239,7,0,28,0,0,218
2025-08-02,SKU015,WH002,122,5,0,7,0,0,120
2025-08-02,SKU024,WH002,379,13,23,22,0,1,392
2025-08-02,SKU105,WH005,134,6,0,5,0,0,135
2025-08-02,SKU038,WH001,209,11,0,22,0,0,198
2025-08-02,SKU058,WH002,577,19,24,40,0,1,579
2025-08-02,SKU072,WH003,198,6,0,28,0,0,176
2025-08-03,SKU017,WH004,82,11,0,23,0,0,70
2025-08-03,SKU029,WH005,277,14,22,20,0,1,292
2025-08-03,SKU038,WH004,370,18,0,34,0,2,352
2025-08-03,SKU033,WH002,978,3,0,32,1,2,946
2025-08-03,SKU064,WH002,245,18,20,14,0,1,268
2025-08-03,SKU035,WH001,316,17,0,18,0,1,314
2025-08-03,SKU002,WH005,191,12,0,39,0,0,164
2025-08-03,SKU056,WH003,132,1,0,16,0,0,117
2025-08-03,SKU090,WH002,202,12,0,11,0,0,203
2025-08-03,SKU131,WH004,83,8,0,3,0,0,88
2025-08-03,SKU120,WH002,155,2,19,12,0,1,163
2025-08-03,SKU014,WH001,551,8,41,27,0,1,572
2025-08-03,SKU150,WH002,97,19,0,18,0,0,98
2025-08-03,SKU147,WH004,173,6,37,20,1,0,195
2025-08-03,SKU108,WH002,523,9,46,28,0,1,549
2025-08-03,SKU105,WH003,23,5,6,4,0,0,30
2025-08-03,SKU046,WH001,727,9,0,25,0,2,709
2025-08-03,SKU015,WH004,61,7,0,4,0,1,63
2025-08-03,SKU141,WH004,156,14,0,5,0,1,164
2025-08-03,SKU146,WH002,148,15,0,17,0,0,146
2025-08-03,SKU004,WH004,131,14,0,7,0,0,138
2025-08-03,SKU051,WH002,26,9,0,9,0,0,26
2025-08-03,SKU107,WH002,326,9,35,26,0,1,343
2025-08-03,SKU024,WH003,89,17,0,12,0,0,94
2025-08-03,SKU071,WH003,215,9,0,4,0,0,220
2025-08-03,SKU060,WH004,621,3,0,18,1,4,601
2025-08-03,SKU086,WH001,387,19,26,21,1,0,410
2025-08-03,SKU098,WH004,156,0,23,25,0,0,154
2025-08-03,SKU123,WH002,39,8,0,6,0,0,41
2025-08-03,SKU113,WH001,73,7,20,12,0,0,88
2025-08-03,SKU096,WH004,342,11,0,25,0,1,327
2025-08-03,SKU066,WH002,212,20,30,19,0,1,242
2025-08-03,SKU089,WH005,122,13,3,5,0,0,133
2025-08-03,SKU032,WH005,97,13,8,7,0,0,111
2025-08-03,SKU095,WH003,171,14,0,6,0,0,179
2025-08-03,SKU007,WH002,198,9,16,9,0,1,213
2025-08-03,SKU121,WH004,298,11,0,16,0,0,293
2025-08-03,SKU006,WH005,241,14,25,18,1,0,261
2025-08-03,SKU003,WH001,51,13,0,9,0,0,55
2025-08-03,SKU045,WH001,61,11,0,10,0,0,62
2025-08-03,SKU048,WH003,7,12,0,11,0,0,8
2025-08-03,SKU047,WH004,73,10,0,10,0,0,73
2025-08-03,SKU050,WH005,95,8,0,21,1,0,81
2025-08-03,SKU058,WH004,242,18,33,24,1,1,267
2025-08-03,SKU081,WH005,476,10,25,23,0,1,487
2025-08-04,SKU081,WH001,281,13,35,28,0,0,301
2025-08-04,SKU119,WH003,228,17,25,18,0,0,252
2025-08-04,SKU104,WH001,99,17,19,11,0,1,123
2025-08-04,SKU097,WH001,102,11,0,11,0,0,102
2025-08-04,SKU086,WH002,460,9,0,14,0,1,454
2025-08-04,SKU026,WH003,188,6,0,20,0,1,173
2025-08-04,SKU045,WH004,483,12,8,9,0,0,494
2025-08-04,SKU084,WH004,46,6,0,4,0,0,48
2025-08-04,SKU112,WH003,113,12,0,8,1,0,116
2025-08-04,SKU085,WH005,352,3,0,30,0,1,324
2025-08-04,SKU060,WH005,146,8,0,20,0,0,134
2025-08-04,SKU117,WH003,57,9,11,10,0,0,67
2025-08-04,SKU062,WH002,159,3,0,17,1,0,144
2025-08-04,SKU016,WH003,197,11,0,14,0,0,194
2025-08-04,SKU065,WH004,58,17,0,8,1,0,66
2025-08-04,SKU073,WH002,348,3,36,38,0,0,349
2025-08-04,SKU053,WH004,154,4,27,23,0,0,162
2025-08-04,SKU101,WH002,207,5,0,23,1,0,188
2025-08-04,SKU077,WH003,581,8,19,18,0,1,589
2025-08-04,SKU109,WH005,61,5,0,7,0,0,59
2025-08-04,SKU107,WH004,273,6,0,30,0,0,249
2025-08-04,SKU143,WH001,272,21,11,13,0,0,291
2025-08-04,SKU092,WH002,256,9,0,18,1,0,246
2025-08-04,SKU001,WH002,80,26,14,7,1,1,111
2025-08-04,SKU028,WH001,139,9,0,8,0,0,140
2025-08-04,SKU031,WH001,347,10,0,29,0,1,327
2025-08-04,SKU002,WH002,287,5,0,26,0,1,265
2025-08-04,SKU096,WH003,608,19,0,37,0,1,589
2025-08-04,SKU038,WH005,287,11,0,22,0,1,275
2025-08-04,SKU068,WH003,188,4,0,7,1,0,184
2025-08-04,SKU072,WH003,766,6,44,24,1,2,789
2025-08-04,SKU091,WH002,91,17,12,4,0,0,116
2025-08-04,SKU099,WH003,499,14,0,30,0,0,483
2025-08-04,SKU011,WH004,121,4,0,25,0,0,100
2025-08-04,SKU005,WH002,404,6,0,17,0,1,392
2025-08-04,SKU025,WH005,175,14,0,27,0,0,162
2025-08-04,SKU055,WH002,105,9,0,21,0,1,92
2025-08-04,SKU024,WH002,79,19,0,11,0,0,87
2025-08-04,SKU042,WH005,141,12,0,5,0,0,148
2025-08-04,SKU022,WH001,280,17,0,27,0,0,270
2025-08-04,SKU106,WH002,662,12,33,31,0,1,675
2025-08-04,SKU059,WH005,157,15,0,3,0,0,169
2025-08-04,SKU066,WH003,60,15,0,21,0,0,54
2025-08-04,SKU083,WH001,139,1,0,15,0,0,125
2025-08-04,SKU067,WH003,313,9,33,29,0,1,325
2025-08-05,SKU020,WH004,144,13,18,10,0,1,164
2025-08-05,SKU087,WH001,321,17,0,23,0,2,313
2025-08-05,SKU068,WH004,154,3,0,8,0,0,149
2025-08-05,SKU125,WH002,1134,2,45,39,1,0,1141
2025-08-05,SKU101,WH005,209,3,0,23,0,2,187
2025-08-05,SKU022,WH005,170,23,39,20,1,0,211
2025-08-05,SKU054,WH005,524,8,0,18,0,1,513
2025-08-05,SKU108,WH001,171,20,0,24,1,0,166
2025-08-05,SKU091,WH003,55,17,0,14,0,0,58
2025-08-05,SKU019,WH004,143,14,0,27,0,0,130
2025-08-05,SKU061,WH001,77,6,5,5,0,0,83
2025-08-05,SKU119,WH003,121,19,24,29,0,0,135
2025-08-05,SKU127,WH005,371,2,0,32,0,0,341
2025-08-05,SKU031,WH002,197,5,0,33,0,1,168
2025-08-05,SKU074,WH003,202,14,0,29,0,0,187
2025-08-05,SKU114,WH002,42,10,19,17,0,0,54
2025-08-05,SKU029,WH002,325,14,29,27,1,0,340
2025-08-05,SKU001,WH005,106,11,0,19,3,1,94
2025-08-05,SKU058,WH003,523,17,0,31,0,1,508
2025-08-05,SKU116,WH001,284,13,37,37,1,0,296
2025-08-05,SKU013,WH002,74,10,0,15,0,0,69
2025-08-05,SKU126,WH004,784,2,37,30,0,1,792
2025-08-05,SKU006,WH003,112,10,0,31,0,0,91
2025-08-05,SKU110,WH004,391,7,0,13,0,0,385
2025-08-05,SKU056,WH001,236,3,0,17,0,0,222
2025-08-05,SKU078,WH005,171,9,9,7,0,0,182
2025-08-05,SKU033,WH002,1015,10,0,27,0,4,994
2025-08-05,SKU080,WH004,86,5,11,7,0,0,95
2025-08-05,SKU129,WH005,611,17,24,29,0,1,622
2025-08-05,SKU143,WH004,93,13,0,12,0,0,94
2025-08-05,SKU117,WH005,56,7,0,10,0,0,53
2025-08-05,SKU076,WH001,194,10,0,13,0,0,191
2025-08-05,SKU147,WH004,411,8,0,28,0,1,390
2025-08-05,SKU064,WH002,114,17,0,20,0,0,111
2025-08-05,SKU030,WH005,256,14,23,23,0,0,270
2025-08-05,SKU040,WH001,213,16,0,15,0,1,213
2025-08-05,SKU115,WH005,153,4,0,11,0,1,145
2025-08-05,SKU028,WH003,130,9,12,13,0,0,138
2025-08-05,SKU082,WH002,683,7,36,25,0,2,699
2025-08-05,SKU130,WH005,238,2,0,24,0,0,216
2025-08-05,SKU138,WH003,41,14,0,5,0,0,50
2025-08-05,SKU070,WH002,310,5,0,16,0,0,299
2025-08-05,SKU150,WH003,352,12,24,17,0,1,370
2025-08-05,SKU092,WH002,559,9,0,13,0,2,553
2025-08-05,SKU010,WH004,87,17,42,33,0,0,113
2025-08-06,SKU072,WH004,143,3,45,33,0,1,157
2025-08-06,SKU013,WH005,216,21,0,13,0,0,224
2025-08-06,SKU078,WH004,459,11,0,15,0,1,454
2025-08-06,SKU081,WH004,184,7,0,19,0,0,172
2025-08-06,SKU045,WH003,69,14,0,14,0,0,69
2025-08-06,SKU103,WH005,63,14,0,6,0,0,71
2025-08-06,SKU067,WH004,181,14,0,27,0,0,168
2025-08-06,SKU132,WH004,231,11,0,38,1,0,203
2025-08-06,SKU069,WH005,280,4,0,28,0,1,255
2025-08-06,SKU008,WH002,755,2,0,37,0,1,719
2025-08-06,SKU122,WH002,419,24,0,22,0,0,421
2025-08-06,SKU061,WH005,45,19,0,6,1,0,57
2025-08-06,SKU049,WH002,432,5,13,13,0,0,437
2025-08-06,SKU006,WH004,190,10,25,28,0,1,196
2025-08-06,SKU113,WH002,142,16,0,15,0,0,143
2025-08-06,SKU075,WH003,190,11,0,20,1,1,179
2025-08-06,SKU093,WH002,250,2,0,22,0,0,230
2025-08-06,SKU109,WH002,113,2,9,9,0,0,115
2025-08-06,SKU126,WH004,797,6,0,37,0,1,765
2025-08-06,SKU059,WH005,113,11,0,4,0,0,120
2025-08-06,SKU025,WH003,58,12,0,14,1,1,54
2025-08-06,SKU136,WH001,43,12,36,23,0,0,68
2025-08-06,SKU101,WH003,437,1,29,31,0,0,436
2025-08-06,SKU130,WH004,102,2,0,25,0,1,78
2025-08-06,SKU099,WH003,205,14,0,32,0,0,187
2025-08-06,SKU073,WH005,220,2,0,39,0,0,183
2025-08-06,SKU033,WH001,120,2,0,18,1,0,103
2025-08-06,SKU128,WH002,20,4,0,12,1,0,11
2025-08-06,SKU014,WH001,168,5,0,28,0,0,145
2025-08-06,SKU070,WH003,241,7,0,13,0,1,234
2025-08-06,SKU142,WH003,183,5,35,36,0,0,187
2025-08-06,SKU107,WH003,33,5,24,23,0,0,39
2025-08-06,SKU020,WH004,156,18,0,15,1,0,158
2025-08-06,SKU038,WH001,370,15,43,31,0,1,396
2025-08-06,SKU015,WH003,122,6,0,8,0,0,120
2025-08-06,SKU121,WH004,224,14,0,15,0,0,223
2025-08-06,SKU094,WH002,227,5,0,19,0,0,213
2025-08-06,SKU021,WH005,106,12,0,21,1,0,96
2025-08-06,SKU079,WH001,143,6,0,24,0,0,125
2025-08-06,SKU017,WH005,302,17,0,24,0,2,293
2025-08-06,SKU141,WH005,76,15,15,6,0,0,100
2025-08-06,SKU056,WH002,204,3,0,30,0,0,177
2025-08-06,SKU055,WH002,116,15,0,18,0,0,113
2025-08-06,SKU040,WH005,97,17,19,14,0,0,119
2025-08-06,SKU007,WH004,37,9,15,22,0,0,39
2025-08-07,SKU026,WH004,257,5,0,32,0,0,230
2025-08-07,SKU099,WH004,438,16,34,29,0,2,457
2025-08-07,SKU124,WH003,42,4,23,19,0,0,50
2025-08-07,SKU109,WH005,230,5,0,12,0,1,222
2025-08-07,SKU111,WH001,377,13,0,30,1,0,359
2025-08-07,SKU105,WH003,48,10,0,4,0,0,54
2025-08-07,SKU082,WH001,662,9,0,28,0,3,640
2025-08-07,SKU052,WH004,7,14,0,8,0,0,13
2025-08-07,SKU024,WH001,303,11,0,14,0,0,300
2025-08-07,SKU139,WH004,159,6,0,30,0,0,135
2025-08-07,SKU085,WH005,302,4,0,44,0,0,262
2025-08-07,SKU009,WH004,29,9,0,12,0,0,26
2025-08-07,SKU129,WH002,214,15,0,17,0,0,212
2025-08-07,SKU028,WH002,124,8,15,11,0,0,136
2025-08-07,SKU096,WH003,541,10,30,31,0,2,548
2025-08-07,SKU069,WH005,316,6,45,29,0,1,337
2025-08-07,SKU046,WH005,344,10,0,38,1,3,312
2025-08-07,SKU134,WH004,477,7,0,32,0,0,452
2025-08-07,SKU033,WH002,393,4,0,27,0,2,368
2025-08-07,SKU147,WH005,88,3,34,22,1,0,102
2025-08-07,SKU020,WH002,45,17,12,10,0,0,64
2025-08-07,SKU076,WH005,71,7,0,22,0,0,56
2025-08-07,SKU067,WH003,402,14,0,18,0,0,398
2025-08-07,SKU016,WH003,386,18,27,18,0,0,413
2025-08-07,SKU066,WH004,485,15,0,22,0,1,477
2025-08-07,SKU120,WH001,174,2,12,14,0,0,174
2025-08-07,SKU106,WH004,448,9,0,30,1,2,424
2025-08-07,SKU086,WH003,144,16,0,19,1,0,140
2025-08-07,SKU061,WH002,26,7,8,5,0,0,36
2025-08-07,SKU090,WH002,69,2,30,10,0,0,91
2025-08-07,SKU117,WH003,43,7,0,10,0,0,40
2025-08-07,SKU150,WH005,134,12,0,19,0,0,127
2025-08-07,SKU058,WH001,173,18,0,30,0,0,161
2025-08-07,SKU112,WH005,148,10,0,6,0,0,152
2025-08-07,SKU021,WH001,66,15,17,8,0,0,90
2025-08-07,SKU132,WH004,221,22,0,26,0,0,217
2025-08-07,SKU142,WH003,802,1,31,36,1,2,795
2025-08-07,SKU093,WH004,227,3,47,23,1,2,251
2025-08-07,SKU037,WH001,86,27,0,16,0,1,96
2025-08-07,SKU023,WH002,320,13,34,18,1,1,347
2025-08-07,SKU043,WH002,55,4,0,8,0,0,51
2025-08-07,SKU075,WH003,99,11,0,18,0,0,92
2025-08-07,SKU148,WH005,26,1,0,14,0,0,13
2025-08-07,SKU123,WH001,37,10,0,5,0,1,41
2025-08-07,SKU143,WH004,152,21,0,20,0,1,152
2025-08-08,SKU093,WH005,396,1,0,47,0,0,350
2025-08-08,SKU026,WH004,173,2,0,23,0,1,151
2025-08-08,SKU120,WH001,82,2,0,8,0,1,75
2025-08-08,SKU057,WH003,250,18,27,25,0,0,270
2025-08-08,SKU130,WH004,280,0,25,18,0,1,286
2025-08-08,SKU111,WH001,550,16,52,36,0,2,580
2025-08-08,SKU047,WH004,158,10,0,7,0,1,160
2025-08-08,SKU119,WH002,321,15,0,22,1,2,311
2025-08-08,SKU147,WH005,309,6,0,36,0,1,278
2025-08-08,SKU126,WH001,550,2,32,43,1,0,540
2025-08-08,SKU059,WH005,76,13,10,6,0,1,92
2025-08-08,SKU132,WH002,333,12,0,38,0,0,307
2025-08-08,SKU138,WH001,91,13,0,9,0,0,95
2025-08-08,SKU077,WH005,195,6,17,14,0,1,203
2025-08-08,SKU129,WH001,34,16,0,19,0,0,31
2025-08-08,SKU094,WH001,504,8,29,28,0,2,511
2025-08-08,SKU051,WH005,71,19,0,7,0,0,83
2025-08-08,SKU150,WH004,462,19,25,20,0,3,483
2025-08-08,SKU065,WH005,114,12,0,7,0,0,119
2025-08-08,SKU070,WH005,67,16,28,16,0,0,95
2025-08-08,SKU098,WH005,118,3,0,27,0,0,94
2025-08-08,SKU081,WH005,61,11,0,26,0,0,46
2025-08-08,SKU006,WH001,109,17,28,40,0,0,114
2025-08-08,SKU110,WH005,347,16,0,16,0,2,345
2025-08-08,SKU062,WH003,203,3,0,15,1,0,190
2025-08-08,SKU018,WH004,335,9,0,12,0,1,331
2025-08-08,SKU044,WH003,98,17,0,30,1,0,84
2025-08-08,SKU014,WH002,320,6,40,35,2,1,328
2025-08-08,SKU086,WH005,687,21,27,23,0,2,710
2025-08-08,SKU087,WH001,147,6,0,11,0,0,142
2025-08-08,SKU011,WH003,257,5,35,23,0,1,273
2025-08-08,SKU074,WH002,196,11,0,40,0,1,166
2025-08-08,SKU108,WH001,446,11,34,22,0,0,469
2025-08-08,SKU114,WH004,95,9,21,9,0,0,116
2025-08-08,SKU023,WH005,104,10,23,27,1,0,109
2025-08-08,SKU091,WH004,79,16,0,7,0,0,88
2025-08-08,SKU037,WH002,139,15,0,26,0,0,128
2025-08-08,SKU020,WH004,85,13,0,12,0,0,86
2025-08-08,SKU043,WH004,189,10,0,17,0,1,181
2025-08-08,SKU144,WH005,56,13,12,7,0,1,73
2025-08-08,SKU030,WH004,485,9,0,18,0,1,475
2025-08-08,SKU083,WH005,498,6,21,22,0,0,503
2025-08-08,SKU036,WH004,197,14,0,16,0,1,194
2025-08-08,SKU127,WH001,146,5,30,31,0,0,150
2025-08-08,SKU015,WH001,36,8,7,5,1,0,45
2025-08-09,SKU061,WH004,110,12,0,6,0,0,116
2025-08-09,SKU041,WH005,615,7,0,28,0,2,592
2025-08-09,SKU052,WH003,55,15,0,9,0,0,61
2025-08-09,SKU002,WH004,355,13,0,24,0,1,343
2025-08-09,SKU085,WH005,208,4,0,33,1,1,177
2025-08-09,SKU056,WH004,138,6,0,22,0,0,122
2025-08-09,SKU102,WH003,272,16,29,21,0,1,295
2025-08-09,SKU066,WH003,224,17,0,15,0,0,226
2025-08-09,SKU090,WH003,134,6,15,21,0,1,133
2025-08-09,SKU023,WH004,159,11,29,30,0,0,169
2025-08-09,SKU141,WH003,59,19,0,10,0,0,68
2025-08-09,SKU004,WH004,66,17,0,14,0,0,69
2025-08-09,SKU112,WH005,65,13,0,12,0,0,66
2025-08-09,SKU149,WH004,303,14,0,33,0,0,284
2025-08-09,SKU106,WH002,474,16,0,24,0,0,466
2025-08-09,SKU070,WH001,136,8,23,12,0,0,155
2025-08-09,SKU069,WH001,551,4,0,34,1,0,520
2025-08-09,SKU105,WH002,34,13,0,5,0,0,42
2025-08-09,SKU111,WH004,190,15,0,39,1,0,165
2025-08-09,SKU074,WH002,539,16,36,32,0,1,558
2025-08-09,SKU140,WH001,267,11,0,25,0,0,253
2025-08-09,SKU046,WH004,326,9,0,24,0,0,311
2025-08-09,SKU021,WH002,446,17,24,14,0,0,473
2025-08-09,SKU118,WH005,209,18,23,21,0,0,229
2025-08-09,SKU150,WH003,336,14,0,25,0,4,321
2025-08-09,SKU082,WH004,218,4,0,23,0,1,198
2025-08-09,SKU113,WH005,175,11,0,10,0,0,176
2025-08-09,SKU088,WH001,43,6,0,6,0,0,43
2025-08-09,SKU011,WH005,416,8,42,22,0,1,443
2025-08-09,SKU039,WH005,98,9,0,31,0,0,76
2025-08-09,SKU114,WH003,95,12,17,18,0,0,106
2025-08-09,SKU032,WH004,67,21,0,6,0,0,82
2025-08-09,SKU095,WH004,129,13,13,9,0,1,145
2025-08-09,SKU065,WH005,108,32,14,8,0,0,146
2025-08-09,SKU051,WH001,155,17,0,5,0,2,165
2025-08-09,SKU081,WH003,257,12,0,26,0,0,243
2025-08-09,SKU054,WH003,205,25,0,23,0,0,207
2025-08-09,SKU103,WH002,87,15,0,7,0,0,95
2025-08-09,SKU079,WH003,53,10,0,25,1,0,37
2025-08-09,SKU033,WH005,202,5,25,30,1,0,201
2025-08-09,SKU104,WH003,169,20,0,17,0,0,172
2025-08-09,SKU096,WH003,173,21,0,36,1,0,157
2025-08-09,SKU024,WH002,82,12,0,11,0,0,83
2025-08-09,SKU020,WH001,49,20,0,8,0,0,61
2025-08-09,SKU050,WH005,471,5,35,29,0,3,479
2025-08-10,SKU010,WH004,302,8,0,29,0,0,281
2025-08-10,SKU067,WH003,298,17,0,26,0,0,289
2025-08-10,SKU017,WH004,183,23,28,26,0,2,206
2025-08-10,SKU063,WH001,445,8,36,33,0,1,455
2025-08-10,SKU061,WH005,25,10,8,2,0,0,41
2025-08-10,SKU089,WH001,124,13,0,4,0,0,133
2025-08-10,SKU136,WH005,472,18,0,21,1,1,467
2025-08-10,SKU088,WH005,33,16,0,2,0,0,47
2025-08-10,SKU149,WH005,423,10,0,33,1,2,397
2025-08-10,SKU073,WH001,254,7,41,44,2,1,255
2025-08-10,SKU102,WH001,115,11,15,30,0,0,111
2025-08-10,SKU054,WH002,29,20,0,17,0,0,32
2025-08-10,SKU042,WH005,98,13,0,1,0,1,109
2025-08-10,SKU065,WH001,250,19,0,8,0,2,259
2025-08-10,SKU117,WH003,18,2,0,12,0,0,8
2025-08-10,SKU041,WH001,177,12,28,29,0,0,188
2025-08-10,SKU112,WH005,117,7,5,4,0,0,125
2025-08-10,SKU118,WH001,96,21,25,21,0,0,121
2025-08-10,SKU031,WH005,626,3,0,24,0,0,605
2025-08-10,SKU011,WH005,121,6,0,18,0,1,108
2025-08-10,SKU144,WH005,20,20,0,8,0,1,31
2025-08-10,SKU105,WH003,73,8,8,5,0,0,84
2025-08-10,SKU108,WH005,487,10,31,36,0,2,490
2025-08-10,SKU066,WH005,56,12,27,24,0,0,71
2025-08-10,SKU003,WH002,81,12,6,7,0,0,92
2025-08-10,SKU087,WH004,340,15,0,29,0,1,325
2025-08-10,SKU133,WH003,104,8,0,8,0,0,104
2025-08-10,SKU004,WH005,162,15,0,10,0,0,167
2025-08-10,SKU014,WH005,274,7,0,28,0,0,253
2025-08-10,SKU123,WH001,117,11,0,7,0,0,121
2025-08-10,SKU052,WH003,97,10,0,6,0,1,100
2025-08-10,SKU051,WH003,86,12,5,2,1,1,99
2025-08-10,SKU009,WH005,58,10,0,3,0,0,65
2025-08-10,SKU077,WH001,82,8,0,16,0,0,74
2025-08-10,SKU106,WH001,552,9,0,31,0,1,529
2025-08-10,SKU036,WH002,224,16,29,23,0,0,246
2025-08-10,SKU046,WH003,522,11,51,28,0,0,556
2025-08-10,SKU097,WH004,144,8,0,5,0,1,146
2025-08-10,SKU076,WH002,475,1,0,11,0,1,464
2025-08-10,SKU008,WH005,109,4,46,36,1,0,122
2025-08-10,SKU099,WH004,111,11,34,27,0,0,129
2025-08-10,SKU016,WH003,122,15,0,19,1,0,117
2025-08-10,SKU104,WH001,75,14,0,13,0,0,76
2025-08-10,SKU132,WH002,514,11,44,25,0,2,542
2025-08-10,SKU060,WH005,398,7,0,24,2,1,378
2025-08-11,SKU035,WH005,196,16,0,22,0,1,189
2025-08-11,SKU080,WH001,68,15,0,4,0,0,79
2025-08-11,SKU003,WH001,238,20,7,7,0,2,256
2025-08-11,SKU131,WH001,138,5,0,10,0,0,133
2025-08-11,SKU081,WH001,779,9,0,30,0,1,757
2025-08-11,SKU021,WH002,323,25,0,13,0,0,335
2025-08-11,SKU076,WH002,285,10,0,17,0,0,278
2025-08-11,SKU017,WH004,180,11,0,32,1,0,158
2025-08-11,SKU043,WH001,310,4,19,14,0,1,318
2025-08-11,SKU126,WH002,340,3,43,28,0,1,357
2025-08-11,SKU096,WH005,67,22,0,35,0,0,54
2025-08-11,SKU011,WH001,386,5,37,28,0,0,400
2025-08-11,SKU018,WH004,342,12,22,16,1,0,359
2025-08-11,SKU092,WH004,128,7,0,21,0,0,114
2025-08-11,SKU090,WH004,154,6,0,11,0,0,149
2025-08-11,SKU148,WH001,111,3,18,8,0,0,124
2025-08-11,SKU024,WH003,106,14,19,19,1,0,119
2025-08-11,SKU098,WH002,187,2,0,28,1,0,160
2025-08-11,SKU100,WH004,79,10,0,15,0,0,74
2025-08-11,SKU058,WH001,328,15,0,21,0,0,322
2025-08-11,SKU140,WH003,224,14,28,31,1,0,234
2025-08-11,SKU055,WH004,187,17,27,25,0,1,205
2025-08-11,SKU120,WH002,186,3,0,7,1,0,181
2025-08-11,SKU142,WH003,324,9,0,30,0,1,302
2025-08-11,SKU095,WH001,24,9,0,8,1,0,24
2025-08-11,SKU079,WH005,47,7,0,35,0,0,19
2025-08-11,SKU082,WH002,680,9,30,28,0,2,689
2025-08-11,SKU046,WH003,459,5,0,20,0,0,444
2025-08-11,SKU077,WH004,326,5,0,19,0,0,312
2025-08-11,SKU040,WH001,113,11,0,15,0,2,107
2025-08-11,SKU022,WH001,201,20,0,36,1,0,184
2025-08-11,SKU006,WH005,319,14,28,25,1,1,334
2025-08-11,SKU110,WH003,154,14,0,24,0,0,144
2025-08-11,SKU068,WH001,101,5,8,9,0,0,105
2025-08-11,SKU099,WH002,463,9,0,13,0,2,457
2025-08-11,SKU030,WH005,438,11,19,26,0,0,442
2025-08-11,SKU016,WH003,182,9,0,14,0,1,176
2025-08-11,SKU097,WH001,108,13,0,5,0,0,116
2025-08-11,SKU048,WH004,123,9,12,6,0,0,138
2025-08-11,SKU005,WH002,149,5,12,13,0,0,153
2025-08-11,SKU034,WH003,87,13,0,28,0,0,72
2025-08-11,SKU093,WH001,146,3,0,31,0,0,118
2025-08-11,SKU132,WH001,251,17,48,24,0,2,290
2025-08-11,SKU101,WH005,104,4,31,23,1,1,114
2025-08-11,SKU146,WH005,216,14,35,26,0,0,239
2025-08-12,SKU034,WH005,103,9,30,25,0,0,117
2025-08-12,SKU035,WH003,229,17,0,23,1,1,221
2025-08-12,SKU111,WH005,320,19,0,28,1,0,310
2025-08-12,SKU108,WH005,616,13,0,25,0,1,603
2025-08-12,SKU001,WH005,78,12,0,21,0,0,69
2025-08-12,SKU053,WH001,65,6,36,22,0,0,85
2025-08-12,SKU117,WH004,154,5,0,6,1,0,152
2025-08-12,SKU103,WH004,112,19,0,12,0,0,119
2025-08-12,SKU138,WH001,99,8,0,5,0,0,102
2025-08-12,SKU110,WH004,301,18,34,25,1,0,327
2025-08-12,SKU039,WH001,130,8,0,26,0,0,112
2025-08-12,SKU131,WH002,65,7,0,7,0,0,65
2025-08-12,SKU107,WH003,249,4,0,19,0,1,233
2025-08-12,SKU004,WH002,148,20,0,10,0,0,158
2025-08-12,SKU146,WH001,820,4,26,16,0,2,832
2025-08-12,SKU056,WH005,383,7,0,28,1,1,360
2025-08-12,SKU028,WH001,138,14,11,12,0,0,151
2025-08-12,SKU116,WH002,237,22,0,27,0,1,231
2025-08-12,SKU101,WH001,280,4,0,23,0,0,261
2025-08-12,SKU128,WH002,197,4,0,8,0,0,193
2025-08-12,SKU057,WH002,209,9,0,27,0,1,190
2025-08-12,SKU148,WH005,87,2,17,15,0,0,91
2025-08-12,SKU095,WH001,19,16,7,10,0,0,32
2025-08-12,SKU041,WH003,44,11,0,31,0,0,24
2025-08-12,SKU012,WH003,157,3,0,14,0,0,146
2025-08-12,SKU077,WH001,185,8,19,25,0,1,186
2025-08-12,SKU006,WH001,687,14,0,25,0,1,675
2025-08-12,SKU104,WH004,287,10,0,12,1,0,284
2025-08-12,SKU064,WH003,77,15,23,22,0,0,93
2025-08-12,SKU049,WH001,258,9,19,23,0,1,262
2025-08-12,SKU032,WH005,55,18,0,7,0,0,66
2025-08-12,SKU043,WH003,124,3,0,18,0,1,108
2025-08-12,SKU098,WH004,220,4,0,20,0,0,204
2025-08-12,SKU007,WH002,49,16,0,10,0,0,55
2025-08-12,SKU059,WH003,73,11,0,5,0,0,79
2025-08-12,SKU055,WH004,37,18,0,21,0,0,34
2025-08-12,SKU127,WH004,199,3,0,24,0,1,177
2025-08-12,SKU020,WH001,163,18,11,9,0,0,183
2025-08-12,SKU122,WH004,366,19,21,14,0,2,390
2025-08-12,SKU015,WH003,74,9,10,9,0,0,84
2025-08-12,SKU125,WH005,171,2,0,27,1,0,145
2025-08-12,SKU076,WH001,372,6,0,22,0,1,355
2025-08-12,SKU092,WH002,258,9,0,24,0,2,241
2025-08-12,SKU060,WH005,614,15,0,19,0,1,609
2025-08-12,SKU042,WH005,25,9,0,7,0,0,27
2025-08-13,SKU121,WH004,184,7,16,14,0,0,193
2025-08-13,SKU103,WH005,26,16,5,5,0,0,42
2025-08-13,SKU008,WH003,693,3,0,40,0,0,656
2025-08-13,SKU018,WH001,120,10,0,13,0,0,117
2025-08-13,SKU097,WH004,72,10,0,5,0,1,76
2025-08-13,SKU147,WH004,172,4,0,22,0,0,154
2025-08-13,SKU050,WH002,540,3,31,36,0,2,536
2025-08-13,SKU068,WH005,20,5,6,9,0,0,22
2025-08-13,SKU091,WH003,92,17,7,7,0,1,108
2025-08-13,SKU010,WH005,113,17,0,37,0,0,93
2025-08-13,SKU001,WH003,191,15,0,19,1,1,185
2025-08-13,SKU062,WH003,86,7,24,9,0,1,107
2025-08-13,SKU125,WH001,545,6,0,28,2,0,521
2025-08-13,SKU020,WH004,221,15,0,11,1,0,224
2025-08-13,SKU075,WH004,122,6,19,21,0,0,126
2025-08-13,SKU111,WH001,814,15,0,38,2,1,788
2025-08-13,SKU134,WH002,482,9,0,28,0,0,463
2025-08-13,SKU065,WH005,161,14,10,9,0,0,176
2025-08-13,SKU140,WH003,154,16,0,29,0,0,141
2025-08-13,SKU086,WH002,78,13,25,25,2,0,89
2025-08-13,SKU002,WH001,553,8,28,24,0,0,565
2025-08-13,SKU090,WH001,55,5,21,26,0,0,55
2025-08-13,SKU148,WH003,83,3,0,24,1,0,61
2025-08-13,SKU116,WH001,394,14,22,34,0,1,395
2025-08-13,SKU063,WH005,288,13,37,35,1,1,301
2025-08-13,SKU012,WH003,52,5,0,11,0,0,46
2025-08-13,SKU110,WH005,165,25,27,24,0,0,193
2025-08-13,SKU014,WH002,490,6,0,28,0,2,466
2025-08-13,SKU040,WH001,74,15,18,7,1,1,98
2025-08-13,SKU015,WH004,135,4,0,4,0,0,135
2025-08-13,SKU149,WH005,528,13,0,33,0,0,508
2025-08-13,SKU119,WH003,216,23,0,24,0,1,214
2025-08-13,SKU046,WH005,376,11,0,29,1,2,355
2025-08-13,SKU089,WH003,91,12,0,3,0,0,100
2025-08-13,SKU073,WH005,210,0,0,32,0,0,178
2025-08-13,SKU037,WH005,47,12,0,12,0,0,47
2025-08-13,SKU099,WH004,122,10,24,32,0,1,123
2025-08-13,SKU074,WH001,321,14,0,24,1,0,310
2025-08-13,SKU038,WH004,359,22,36,21,0,2,394
2025-08-13,SKU138,WH003,152,13,0,2,0,0,163
2025-08-13,SKU044,WH003,366,18,0,27,0,0,357
2025-08-13,SKU144,WH004,76,10,8,4,0,1,89
2025-08-13,SKU135,WH002,198,8,0,8,0,0,198
2025-08-13,SKU083,WH004,145,1,0,9,0,2,135
2025-08-13,SKU088,WH001,37,10,0,5,0,1,41
2025-08-14,SKU073,WH001,324,2,40,28,0,2,336
2025-08-14,SKU076,WH005,194,13,20,15,0,1,211
2025-08-14,SKU138,WH004,27,23,0,5,0,0,45
2025-08-14,SKU140,WH003,241,9,23,31,0,0,242
2025-08-14,SKU008,WH004,115,5,0,31,0,0,89
2025-08-14,SKU129,WH001,185,16,27,25,1,0,202
2025-08-14,SKU096,WH004,308,18,0,35,1,0,290
2025-08-14,SKU068,WH004,27,7,0,8,0,0,26
2025-08-14,SKU041,WH002,216,8,0,20,0,0,204
2025-08-14,SKU058,WH005,783,16,0,20,1,2,776
2025-08-14,SKU042,WH002,32,11,0,10,0,0,33
2025-08-14,SKU147,WH002,204,2,44,24,1,0,225
2025-08-14,SKU139,WH003,310,11,0,30,0,0,291
2025-08-14,SKU057,WH002,284,15,18,15,0,1,301
2025-08-14,SKU136,WH004,57,17,0,19,0,0,55
2025-08-14,SKU127,WH005,1037,6,20,28,0,2,1033
2025-08-14,SKU048,WH005,187,13,8,5,0,0,203
2025-08-14,SKU144,WH003,85,12,0,10,0,0,87
2025-08-14,SKU017,WH003,338,14,0,26,0,1,325
2025-08-14,SKU046,WH004,99,6,0,24,0,0,81
2025-08-14,SKU052,WH004,78,7,9,5,0,0,89
2025-08-14,SKU116,WH004,419,20,0,22,0,1,416
2025-08-14,SKU022,WH005,254,29,0,23,0,0,260
2025-08-14,SKU117,WH001,114,7,0,8,0,1,112
2025-08-14,SKU031,WH003,276,3,0,26,2,0,251
2025-08-14,SKU114,WH002,199,11,0,16,1,0,193
2025-08-14,SKU111,WH001,148,8,39,32,1,0,162
2025-08-14,SKU044,WH001,364,19,0,36,0,1,346
2025-08-14,SKU101,WH002,613,4,0,19,0,1,597
2025-08-14,SKU054,WH002,165,21,0,16,0,0,170
2025-08-14,SKU080,WH001,114,14,0,9,0,0,119
2025-08-14,SKU124,WH002,231,8,13,9,0,2,241
2025-08-14,SKU013,WH001,142,9,0,15,0,0,136
2025-08-14,SKU069,WH003,718,3,0,27,0,0,694
2025-08-14,SKU012,WH004,44,7,0,13,2,0,36
2025-08-14,SKU036,WH001,553,11,0,26,0,0,538
2025-08-14,SKU149,WH004,334,12,0,31,0,2,313
2025-08-14,SKU070,WH001,137,4,0,12,0,0,129
2025-08-14,SKU084,WH003,26,7,0,4,0,0,29
2025-08-14,SKU093,WH001,293,3,0,32,0,2,262
2025-08-14,SKU143,WH002,367,15,16,6,0,0,392
2025-08-14,SKU023,WH001,545,11,19,19,0,2,554
2025-08-14,SKU150,WH002,192,14,24,22,0,0,208
2025-08-14,SKU027,WH003,54,13,24,13,0,0,78
2025-08-14,SKU050,WH004,425,5,46,34,2,1,439
2025-08-15,SKU006,WH002,83,14,47,18,0,0,126
2025-08-15,SKU138,WH004,59,14,4,9,0,0,68
2025-08-15,SKU039,WH001,247,11,42,36,0,1,263
2025-08-15,SKU053,WH005,231,6,27,25,0,1,238
2025-08-15,SKU093,WH005,279,1,0,34,0,0,246
2025-08-15,SKU136,WH003,268,7,0,14,0,0,261
2025-08-15,SKU033,WH005,305,10,37,21,0,0,331
2025-08-15,SKU049,WH004,239,7,0,19,0,0,227
2025-08-15,SKU105,WH004,69,10,4,7,0,0,76
2025-08-15,SKU050,WH005,563,5,49,31,0,3,583
2025-08-15,SKU075,WH001,211,9,24,22,0,0,222
2025-08-15,SKU100,WH005,488,13,13,16,0,3,495
2025-08-15,SKU130,WH005,235,3,0,21,0,1,216
2025-08-15,SKU003,WH005,106,12,0,6,0,0,112
2025-08-15,SKU092,WH005,496,13,0,20,0,2,487
2025-08-15,SKU122,WH001,221,9,0,15,0,0,215
2025-08-15,SKU077,WH001,243,5,18,11,0,0,255
2025-08-15,SKU135,WH001,236,3,0,15,1,1,222
2025-08-15,SKU091,WH001,31,12,0,5,0,0,38
2025-08-15,SKU044,WH004,503,20,0,24,0,0,499
2025-08-15,SKU061,WH003,64,19,0,9,0,0,74
2025-08-15,SKU059,WH001,14,18,0,6,0,0,26
2025-08-15,SKU128,WH005,172,6,0,10,0,0,168
2025-08-15,SKU146,WH004,206,11,0,32,0,0,185
2025-08-15,SKU023,WH002,290,11,0,20,0,0,281
2025-08-15,SKU126,WH003,60,2,0,30,0,0,32
2025-08-15,SKU037,WH001,88,12,26,17,0,0,109
2025-08-15,SKU124,WH005,99,7,0,7,0,0,99
2025-08-15,SKU112,WH004,51,11,10,13,1,0,58
2025-08-15,SKU094,WH003,329,11,30,21,0,0,349
2025-08-15,SKU020,WH002,120,15,23,9,0,0,149
2025-08-15,SKU108,WH001,130,10,0,38,0,0,102
2025-08-15,SKU071,WH001,60,8,0,8,0,0,60
2025-08-15,SKU012,WH002,120,8,0,7,0,1,120
2025-08-15,SKU063,WH001,192,8,0,32,0,1,167
2025-08-15,SKU098,WH004,456,6,0,20,0,0,442
2025-08-15,SKU029,WH005,288,9,37,27,1,2,304
2025-08-15,SKU036,WH001,314,17,0,16,0,0,315
2025-08-15,SKU072,WH003,409,3,0,32,0,1,379
2025-08-15,SKU019,WH004,426,18,0,23,1,1,419
2025-08-15,SKU016,WH002,116,13,0,19,0,0,110
2025-08-15,SKU065,WH003,52,19,0,10,0,0,61
2025-08-15,SKU054,WH005,255,11,0,23,0,0,243
2025-08-15,SKU088,WH003,26,10,0,2,0,0,34
2025-08-15,SKU084,WH001,103,5,0,1,0,0,107
2025-08-16,SKU127,WH004,292,7,0,29,0,0,270
2025-08-16,SKU058,WH005,446,5,30,33,0,1,447
2025-08-16,SKU063,WH004,113,16,0,40,1,0,88
2025-08-16,SKU100,WH005,187,18,0,13,0,0,192
2025-08-16,SKU019,WH005,312,18,48,40,1,1,336
2025-08-16,SKU072,WH005,346,3,0,32,0,1,316
2025-08-16,SKU142,WH004,108,5,0,28,0,1,84
2025-08-16,SKU045,WH005,14,17,11,15,1,0,26
2025-08-16,SKU093,WH005,633,7,0,28,0,2,610
2025-08-16,SKU062,WH001,427,4,22,15,0,3,435
2025-08-16,SKU008,WH004,213,3,0,32,0,0,184
2025-08-16,SKU105,WH005,85,3,3,8,1,0,82
2025-08-16,SKU079,WH003,257,9,0,30,0,0,236
2025-08-16,SKU089,WH001,118,16,0,3,0,0,131
2025-08-16,SKU082,WH005,177,9,32,27,0,1,190
2025-08-16,SKU081,WH004,407,15,0,27,0,3,392
2025-08-16,SKU136,WH001,360,16,20,18,0,0,378
2025-08-16,SKU107,WH003,254,6,0,21,0,1,238
2025-08-16,SKU059,WH003,49,10,0,5,0,0,54
2025-08-16,SKU078,WH001,39,10,23,13,0,0,59
2025-08-16,SKU080,WH004,70,13,5,9,0,0,79
2025-08-16,SKU121,WH003,164,8,0,10,0,0,162
2025-08-16,SKU143,WH002,75,14,14,8,0,0,95
2025-08-16,SKU133,WH002,104,11,7,12,0,0,110
2025-08-16,SKU026,WH003,544,3,0,15,0,0,532
2025-08-16,SKU112,WH005,146,7,0,9,0,0,144
2025-08-16,SKU006,WH004,199,11,30,15,0,0,225
2025-08-16,SKU092,WH001,215,9,0,19,0,1,204
2025-08-16,SKU119,WH003,61,19,0,22,1,0,57
2025-08-16,SKU104,WH003,254,14,0,17,0,1,250
2025-08-16,SKU086,WH003,189,13,36,32,0,1,205
2025-08-16,SKU029,WH003,200,9,0,21,0,0,188
2025-08-16,SKU054,WH005,184,15,0,16,0,0,183
2025-08-16,SKU064,WH003,252,14,0,24,0,1,241
2025-08-16,SKU014,WH002,571,2,36,35,0,1,573
2025-08-16,SKU015,WH003,293,6,0,2,0,0,297
2025-08-16,SKU075,WH001,778,10,20,20,0,3,785
2025-08-16,SKU068,WH002,125,7,0,8,0,0,124
2025-08-16,SKU050,WH002,121,7,0,39,0,0,89
2025-08-16,SKU032,WH002,40,24,0,7,0,0,57
2025-08-16,SKU047,WH002,140,11,12,10,1,0,152
2025-08-16,SKU108,WH004,450,10,0,28,0,1,431
2025-08-16,SKU033,WH003,89,10,30,30,1,0,98
2025-08-16,SKU049,WH004,297,9,0,14,0,0,292
2025-08-16,SKU011,WH003,223,4,0,27,0,0,200
2025-08-17,SKU017,WH001,539,17,0,28,0,1,527
2025-08-17,SKU054,WH004,194,20,14,22,1,0,205
2025-08-17,SKU024,WH002,179,9,0,11,1,1,175
2025-08-17,SKU027,WH001,137,8,29,19,0,0,155
2025-08-17,SKU115,WH002,157,5,14,14,1,1,160
2025-08-17,SKU084,WH003,21,5,0,4,0,0,22
2025-08-17,SKU087,WH004,449,17,0,23,0,1,442
2025-08-17,SKU071,WH001,119,6,6,5,0,0,126
2025-08-17,SKU036,WH001,617,16,29,22,0,1,639
2025-08-17,SKU074,WH001,220,20,0,29,0,1,210
2025-08-17,SKU112,WH003,92,9,0,14,0,1,86
2025-08-17,SKU088,WH005,32,9,0,1,0,0,40
2025-08-17,SKU098,WH005,235,5,31,23,0,0,248
2025-08-17,SKU040,WH005,107,21,0,17,1,0,110
2025-08-17,SKU135,WH002,71,11,0,17,0,0,65
2025-08-17,SKU033,WH001,700,10,29,31,0,2,706
2025-08-17,SKU140,WH005,197,9,0,15,0,1,190
2025-08-17,SKU113,WH004,274,13,0,8,0,0,279
2025-08-17,SKU093,WH002,410,1,0,33,1,2,375
2025-08-17,SKU095,WH002,45,19,0,21,0,0,43
2025-08-17,SKU029,WH003,169,13,40,25,0,0,197
2025-08-17,SKU077,WH005,53,8,23,13,0,0,71
2025-08-17,SKU044,WH002,1024,16,41,28,0,0,1053
2025-08-17,SKU094,WH004,162,2,0,22,0,0,142
2025-08-17,SKU124,WH001,184,4,22,14,0,0,196
2025-08-17,SKU120,WH002,108,3,0,10,0,1,100
2025-08-17,SKU148,WH001,113,1,0,9,0,0,105
2025-08-17,SKU048,WH005,35,8,0,3,0,0,40
2025-08-17,SKU146,WH004,513,15,0,18,0,2,508
2025-08-17,SKU065,WH004,135,20,0,7,0,0,148
2025-08-17,SKU035,WH002,274,16,0,18,0,0,272
2025-08-17,SKU147,WH001,704,3,26,27,0,1,705
2025-08-17,SKU073,WH002,367,3,0,31,0,1,338
2025-08-17,SKU121,WH003,73,14,0,15,0,1,71
2025-08-17,SKU117,WH004,65,4,13,11,0,0,71
2025-08-17,SKU136,WH001,374,11,0,17,0,1,367
2025-08-17,SKU038,WH001,216,19,0,21,0,0,214
2025-08-17,SKU119,WH003,152,19,0,27,0,0,144
2025-08-17,SKU010,WH002,446,17,0,34,0,0,429
2025-08-17,SKU018,WH003,311,7,0,18,0,2,298
2025-08-17,SKU131,WH004,91,1,0,12,0,1,79
2025-08-17,SKU142,WH001,490,1,0,25,0,0,466
2025-08-17,SKU016,WH004,134,10,0,20,0,0,124
2025-08-17,SKU031,WH005,249,1,0,24,0,0,226
2025-08-17,SKU076,WH004,68,9,0,12,0,0,65
2025-08-18,SKU063,WH002,263,6,0,30,0,0,239
2025-08-18,SKU045,WH003,177,19,0,20,0,4,172
2025-08-18,SKU073,WH001,730,9,0,43,2,0,694
2025-08-18,SKU128,WH005,72,2,16,10,0,1,79
2025-08-18,SKU135,WH004,131,12,0,13,0,0,130
2025-08-18,SKU094,WH005,223,7,0,24,0,0,206
2025-08-18,SKU071,WH004,128,8,11,5,0,0,142
2025-08-18,SKU087,WH004,101,14,30,31,0,0,114
2025-08-18,SKU110,WH003,260,16,0,29,0,1,246
2025-08-18,SKU027,WH003,157,2,0,13,0,0,146
2025-08-18,SKU078,WH005,278,1,13,14,0,0,278
2025-08-18,SKU028,WH004,88,9,18,14,0,0,101
2025-08-18,SKU114,WH001,166,6,15,14,0,1,172
2025-08-18,SKU031,WH003,228,7,35,28,1,0,241
2025-08-18,SKU147,WH005,192,5,0,28,0,0,169
2025-08-18,SKU079,WH004,649,5,37,30,1,0,660
2025-08-18,SKU050,WH004,555,8,0,31,0,0,532
2025-08-18,SKU002,WH004,137,11,0,28,0,0,120
2025-08-18,SKU049,WH005,169,5,26,17,0,0,183
2025-08-18,SKU007,WH002,139,6,0,13,0,0,132
2025-08-18,SKU143,WH005,43,15,0,12,0,0,46
2025-08-18,SKU113,WH002,54,14,0,13,0,0,55
2025-08-18,SKU102,WH002,698,14,0,21,0,0,691
2025-08-18,SKU074,WH001,478,17,56,26,0,1,524
2025-08-18,SKU105,WH001,80,12,9,6,0,0,95
2025-08-18,SKU037,WH001,85,18,26,12,0,0,117
2025-08-18,SKU019,WH005,153,14,0,29,0,0,138
2025-08-18,SKU051,WH002,113,15,12,3,0,0,137
2025-08-18,SKU134,WH004,307,3,0,25,1,2,282
2025-08-18,SKU107,WH005,203,15,28,21,0,0,225
2025-08-18,SKU061,WH001,39,8,0,3,0,0,44
2025-08-18,SKU048,WH002,157,18,0,10,0,1,164
2025-08-18,SKU029,WH005,371,10,0,30,0,0,351
2025-08-18,SKU125,WH002,574,4,0,20,0,1,557
2025-08-18,SKU070,WH002,117,6,16,15,0,1,123
2025-08-18,SKU039,WH004,453,10,0,33,0,2,428
2025-08-18,SKU122,WH003,140,17,0,13,0,0,144
2025-08-18,SKU034,WH004,66,19,0,18,0,0,67
2025-08-18,SKU082,WH003,31,6,26,29,0,0,34
2025-08-18,SKU025,WH002,23,15,15,16,0,0,37
2025-08-18,SKU120,WH001,14,2,0,13,1,0,2
2025-08-18,SKU054,WH002,516,16,0,11,0,0,521
2025-08-18,SKU144,WH005,67,13,0,8,0,0,72
2025-08-18,SKU118,WH001,358,14,0,21,0,1,350
2025-08-18,SKU126,WH002,59,3,0,25,1,0,36
2025-08-19,SKU104,WH002,75,16,7,13,0,0,85
2025-08-19,SKU022,WH004,230,19,0,20,0,0,229
2025-08-19,SKU073,WH001,440,1,34,34,0,1,440
2025-08-19,SKU035,WH005,487,20,0,36,0,0,471
2025-08-19,SKU115,WH003,165,4,0,19,0,0,150
2025-08-19,SKU117,WH005,115,7,0,10,0,2,110
2025-08-19,SKU099,WH002,122,15,32,25,0,0,144
2025-08-19,SKU008,WH001,232,4,40,23,0,0,253
2025-08-19,SKU144,WH001,38,15,9,5,0,0,57
2025-08-19,SKU080,WH005,66,10,0,3,0,0,73
2025-08-19,SKU012,WH003,82,3,0,11,0,0,74
2025-08-19,SKU057,WH001,92,15,31,18,0,0,120
2025-08-19,SKU119,WH001,220,17,0,22,0,1,214
2025-08-19,SKU020,WH001,100,18,0,10,0,0,108
2025-08-19,SKU051,WH002,30,17,5,9,0,0,43
2025-08-19,SKU047,WH005,114,12,0,9,0,1,116
2025-08-19,SKU054,WH004,181,18,0,23,0,0,176
2025-08-19,SKU077,WH002,247,7,16,13,0,0,257
2025-08-19,SKU145,WH001,1080,14,0,33,1,3,1057
2025-08-19,SKU118,WH003,88,14,22,21,0,0,103
2025-08-19,SKU064,WH002,25,19,0,16,0,0,28
2025-08-19,SKU134,WH004,805,2,0,29,0,2,776
2025-08-19,SKU076,WH002,288,11,0,12,1,0,286
2025-08-19,SKU074,WH002,157,19,0,29,0,0,147
2025-08-19,SKU147,WH001,161,4,0,23,0,0,142
2025-08-19,SKU089,WH005,70,20,0,2,0,0,88
2025-08-19,SKU061,WH002,49,15,7,4,0,0,67
2025-08-19,SKU139,WH004,328,7,32,32,0,0,335
2025-08-19,SKU105,WH005,24,3,0,7,0,0,20
2025-08-19,SKU029,WH004,125,12,0,23,0,0,114
2025-08-19,SKU023,WH003,142,18,0,11,0,0,149
2025-08-19,SKU143,WH001,35,18,0,13,0,0,40
2025-08-19,SKU049,WH001,396,12,29,21,0,1,415
2025-08-19,SKU059,WH004,103,8,0,13,0,1,97
2025-08-19,SKU107,WH003,513,10,0,19,0,0,504
2025-08-19,SKU116,WH002,323,14,26,21,0,0,342
2025-08-19,SKU130,WH001,459,4,23,12,1,1,472
2025-08-19,SKU111,WH001,807,23,39,33,1,1,834
2025-08-19,SKU131,WH001,115,3,0,7,0,1,110
2025-08-19,SKU030,WH001,250,21,0,19,1,0,251
2025-08-19,SKU142,WH001,582,6,37,33,0,2,590
2025-08-19,SKU041,WH002,326,9,26,19,0,1,341
2025-08-19,SKU100,WH001,502,14,27,19,0,1,523
2025-08-19,SKU066,WH003,15,21,0,23,0,0,13
2025-08-19,SKU038,WH005,314,19,39,27,0,0,345
2025-08-20,SKU040,WH001,37,12,0,13,0,0,36
2025-08-20,SKU036,WH002,108,14,0,20,0,0,102
2025-08-20,SKU079,WH001,218,9,0,36,0,0,191
2025-08-20,SKU022,WH002,313,22,32,28,0,1,338
2025-08-20,SKU076,WH002,154,5,0,14,1,0,144
2025-08-20,SKU048,WH001,104,14,0,7,0,0,111
2025-08-20,SKU092,WH001,291,8,0,22,0,0,277
2025-08-20,SKU058,WH002,393,9,0,22,0,1,379
2025-08-20,SKU038,WH002,302,10,26,25,0,0,313
2025-08-20,SKU069,WH003,185,3,0,27,0,0,161
2025-08-20,SKU098,WH005,360,3,25,28,0,0,360
2025-08-20,SKU139,WH004,746,8,0,23,0,0,731
2025-08-20,SKU043,WH001,214,2,0,17,0,0,199
2025-08-20,SKU014,WH001,715,1,0,31,1,0,684
2025-08-20,SKU096,WH005,179,23,38,26,0,0,214
2025-08-20,SKU032,WH002,63,17,0,4,0,1,75
2025-08-20,SKU110,WH001,179,13,0,26,0,0,166
2025-08-20,SKU033,WH001,890,4,0,32,2,3,857
2025-08-20,SKU122,WH003,226,14,0,17,0,0,223
2025-08-20,SKU024,WH002,327,12,14,12,1,0,340
2025-08-20,SKU037,WH002,120,14,33,17,0,0,150
2025-08-20,SKU086,WH003,13,10,32,14,0,0,41
2025-08-20,SKU064,WH005,226,17,0,21,0,1,221
2025-08-20,SKU018,WH001,387,9,18,22,0,1,391
2025-08-20,SKU085,WH005,234,4,0,35,0,1,202
2025-08-20,SKU075,WH001,69,12,27,12,0,1,95
2025-08-20,SKU059,WH002,64,14,0,6,0,0,72
2025-08-20,SKU095,WH005,99,14,0,12,0,0,101
2025-08-20,SKU074,WH003,625,9,0,23,0,2,609
2025-08-20,SKU109,WH001,61,5,0,6,1,0,59
2025-08-20,SKU148,WH003,224,3,0,14,0,1,212
2025-08-20,SKU017,WH003,126,20,0,31,0,0,115
2025-08-20,SKU016,WH001,249,11,0,13,0,1,246
2025-08-20,SKU028,WH005,82,11,16,17,0,0,92
2025-08-20,SKU126,WH005,302,2,0,27,0,1,276
2025-08-20,SKU087,WH005,403,11,0,19,0,1,394
2025-08-20,SKU068,WH004,172,5,0,4,0,2,171
2025-08-20,SKU090,WH001,395,5,0,13,0,1,386
2025-08-20,SKU094,WH002,243,10,22,19,0,1,255
2025-08-20,SKU080,WH005,67,18,0,2,0,0,83
2025-08-20,SKU027,WH001,213,8,10,15,0,1,215
2025-08-20,SKU019,WH002,261,18,0,32,1,0,246
2025-08-20,SKU145,WH004,384,15,35,25,0,0,409
2025-08-20,SKU010,WH005,324,16,0,32,0,1,307
2025-08-20,SKU065,WH001,145,18,0,17,1,1,144
2025-08-21,SKU135,WH001,202,9,0,13,0,0,198
2025-08-21,SKU094,WH005,246,3,0,16,0,0,233
2025-08-21,SKU113,WH001,34,15,22,15,0,0,56
2025-08-21,SKU104,WH002,396,13,0,10,0,1,398
2025-08-21,SKU142,WH005,113,3,0,22,0,0,94
2025-08-21,SKU034,WH001,307,9,0,18,0,0,298
2025-08-21,SKU013,WH002,145,7,16,15,0,0,153
2025-08-21,SKU108,WH005,254,6,0,39,0,0,221
2025-08-21,SKU109,WH004,156,6,13,7,0,0,168
2025-08-21,SKU031,WH004,435,2,52,23,0,1,465
2025-08-21,SKU039,WH003,674,7,38,32,0,0,687
2025-08-21,SKU121,WH002,121,3,13,14,0,1,122
2025-08-21,SKU098,WH001,280,2,0,29,0,1,252
2025-08-21,SKU119,WH001,80,24,20,23,0,0,101
2025-08-21,SKU016,WH001,252,4,0,16,0,0,240
2025-08-21,SKU095,WH005,91,20,9,11,0,0,109
2025-08-21,SKU024,WH005,98,7,0,19,0,0,86
2025-08-21,SKU125,WH005,102,4,0,30,0,0,76
2025-08-21,SKU103,WH001,56,13,0,4,0,0,65
2025-08-21,SKU092,WH003,216,5,24,24,0,0,221
2025-08-21,SKU137,WH003,93,13,0,9,0,0,97
2025-08-21,SKU101,WH005,296,4,0,28,0,1,271
2025-08-21,SKU028,WH004,244,9,0,15,0,1,237
2025-08-21,SKU082,WH004,176,7,0,18,0,0,165
2025-08-21,SKU077,WH003,108,8,0,12,0,0,104
2025-08-21,SKU036,WH001,248,19,0,18,0,0,249
2025-08-21,SKU089,WH001,112,20,9,4,0,1,136
2025-08-21,SKU042,WH005,56,23,0,5,0,0,74
2025-08-21,SKU020,WH005,88,18,0,8,0,1,97
2025-08-21,SKU029,WH004,219,16,27,28,1,0,233
2025-08-21,SKU053,WH001,95,7,0,23,1,0,78
2025-08-21,SKU044,WH005,124,12,0,37,0,0,99
2025-08-21,SKU099,WH004,209,9,0,34,0,0,184
2025-08-21,SKU114,WH001,222,10,0,13,1,0,218
2025-08-21,SKU057,WH005,154,21,24,19,0,0,180
2025-08-21,SKU019,WH004,57,13,0,32,1,0,37
2025-08-21,SKU083,WH001,286,4,0,23,0,0,267
2025-08-21,SKU023,WH002,89,20,18,22,0,0,105
2025-08-21,SKU058,WH002,287,15,0,35,1,0,266
2025-08-21,SKU001,WH003,199,17,0,19,0,1,196
2025-08-21,SKU063,WH003,352,10,0,26,0,2,334
2025-08-21,SKU040,WH002,169,15,0,15,0,1,168
2025-08-21,SKU041,WH003,1039,14,35,19,0,2,1067
2025-08-21,SKU060,WH004,232,15,0,23,0,0,224
2025-08-21,SKU141,WH001,63,17,0,8,0,0,72
2025-08-22,SKU110,WH001,407,15,0,22,0,1,399
2025-08-22,SKU082,WH005,1022,10,0,21,1,1,1009
2025-08-22,SKU020,WH001,30,13,0,6,0,0,37
2025-08-22,SKU135,WH002,76,11,0,12,0,0,75
2025-08-22,SKU037,WH003,299,21,0,21,0,2,297
2025-08-22,SKU133,WH005,92,15,13,4,0,1,115
2025-08-22,SKU128,WH001,131,4,10,11,0,0,134
2025-08-22,SKU038,WH002,229,14,0,22,0,0,221
2025-08-22,SKU086,WH001,149,19,0,27,0,0,141
2025-08-22,SKU055,WH005,134,11,0,15,0,0,130
2025-08-22,SKU063,WH002,47,11,0,22,0,0,36
2025-08-22,SKU072,WH004,594,4,0,28,0,0,570
2025-08-22,SKU004,WH004,87,19,0,9,0,0,97
2025-08-22,SKU026,WH001,258,3,0,16,1,0,244
2025-08-22,SKU071,WH001,65,8,0,1,0,0,72
2025-08-22,SKU121,WH005,194,12,0,24,0,0,182
2025-08-22,SKU083,WH001,175,4,0,19,0,0,160
2025-08-22,SKU108,WH003,290,7,0,33,1,1,262
2025-08-22,SKU073,WH003,345,2,49,37,0,1,358
2025-08-22,SKU001,WH004,139,14,23,20,0,0,156
2025-08-22,SKU084,WH003,12,4,0,5,0,0,11
2025-08-22,SKU050,WH001,159,8,39,32,0,1,173
2025-08-22,SKU143,WH004,123,18,14,11,1,1,142
2025-08-22,SKU087,WH004,253,13,28,24,0,0,270
2025-08-22,SKU115,WH002,59,6,14,15,0,0,64
2025-08-22,SKU146,WH002,162,10,0,25,0,1,146
2025-08-22,SKU149,WH003,148,12,0,15,0,0,145
2025-08-22,SKU016,WH005,180,13,0,12,0,1,180
2025-08-22,SKU107,WH002,845,10,0,19,0,0,836
2025-08-22,SKU029,WH004,92,9,0,28,0,0,73
2025-08-22,SKU053,WH003,328,9,35,19,0,1,352
2025-08-22,SKU062,WH004,205,7,0,21,0,0,191
2025-08-22,SKU142,WH004,554,6,0,32,0,1,527
2025-08-22,SKU114,WH002,139,8,16,18,0,0,145
2025-08-22,SKU141,WH002,40,17,0,12,0,0,45
2025-08-22,SKU109,WH003,202,9,14,9,0,0,216
2025-08-22,SKU015,WH003,64,5,8,2,2,0,73
2025-08-22,SKU118,WH004,211,23,19,27,0,0,226
2025-08-22,SKU094,WH001,180,1,0,25,1,2,153
2025-08-22,SKU090,WH002,191,3,21,19,0,0,196
2025-08-22,SKU076,WH005,303,9,0,13,0,0,299
2025-08-22,SKU075,WH003,98,7,20,20,0,1,104
2025-08-22,SKU040,WH002,277,18,12,15,0,2,290
2025-08-22,SKU002,WH001,714,10,32,23,0,1,732
2025-08-22,SKU046,WH004,305,9,41,32,1,1,321
2025-08-23,SKU119,WH004,438,9,0,19,1,0,427
2025-08-23,SKU057,WH005,78,11,0,20,1,0,68
2025-08-23,SKU005,WH003,80,4,0,18,0,0,66
2025-08-23,SKU091,WH001,57,18,3,8,0,1,69
2025-08-23,SKU141,WH004,181,21,0,6,0,0,196
2025-08-23,SKU115,WH001,80,9,15,13,0,0,91
2025-08-23,SKU055,WH002,91,16,0,22,0,0,85
2025-08-23,SKU016,WH001,214,11,0,11,0,0,214
2025-08-23,SKU022,WH003,183,19,31,26,0,0,207
2025-08-23,SKU015,WH002,57,9,0,7,0,0,59
2025-08-23,SKU108,WH001,751,12,0,32,0,0,731
2025-08-23,SKU043,WH005,358,1,0,17,1,1,340
2025-08-23,SKU131,WH002,179,6,0,5,0,0,180
2025-08-23,SKU105,WH005,71,5,3,5,0,0,74
2025-08-23,SKU136,WH002,203,8,33,21,0,1,222
2025-08-23,SKU093,WH001,123,3,0,24,0,0,102
2025-08-23,SKU098,WH005,209,5,0,24,0,0,190
2025-08-23,SKU002,WH001,233,10,0,28,1,1,213
2025-08-23,SKU031,WH003,211,0,0,27,0,0,184
2025-08-23,SKU089,WH003,63,15,11,7,0,1,81
2025-08-23,SKU103,WH002,16,15,0,5,0,0,26
2025-08-23,SKU052,WH003,66,12,0,5,0,0,73
2025-08-23,SKU037,WH001,64,26,0,24,0,0,66
2025-08-23,SKU134,WH005,161,5,0,39,0,0,127
2025-08-23,SKU058,WH002,183,15,0,33,0,1,164
2025-08-23,SKU118,WH001,555,13,0,14,0,2,552
2025-08-23,SKU114,WH004,292,7,0,17,1,0,281
2025-08-23,SKU069,WH004,600,0,39,28,0,0,611
2025-08-23,SKU034,WH005,380,8,0,22,1,1,364
2025-08-23,SKU003,WH005,60,16,7,13,0,0,70
2025-08-23,SKU054,WH005,273,12,24,25,0,0,284
2025-08-23,SKU087,WH002,265,16,36,20,0,0,297
2025-08-23,SKU065,WH005,53,24,0,7,0,0,70
2025-08-23,SKU071,WH003,20,9,8,10,0,0,27
2025-08-23,SKU040,WH001,161,18,0,12,0,1,166
2025-08-23,SKU112,WH004,81,6,6,9,0,0,84
2025-08-23,SKU116,WH004,496,19,27,29,0,2,511
2025-08-23,SKU045,WH004,74,11,14,11,0,0,88
2025-08-23,SKU126,WH005,77,2,28,32,0,0,75
2025-08-23,SKU050,WH003,51,8,0,31,0,0,28
2025-08-23,SKU035,WH004,97,10,0,23,1,0,83
2025-08-23,SKU101,WH002,130,4,0,27,0,0,107
2025-08-23,SKU142,WH005,468,4,0,28,0,2,442
2025-08-23,SKU148,WH001,240,2,0,23,0,0,219
2025-08-23,SKU007,WH002,220,8,0,11,0,0,217
2025-08-24,SKU084,WH004,61,7,13,2,0,0,79
2025-08-24,SKU049,WH005,182,7,22,15,0,0,196
2025-08-24,SKU120,WH004,134,2,0,6,0,0,130
2025-08-24,SKU105,WH005,45,6,0,7,1,0,43
2025-08-24,SKU099,WH003,144,14,29,37,1,1,148
2025-08-24,SKU039,WH002,335,9,45,29,2,0,358
2025-08-24,SKU150,WH005,705,21,0,17,0,0,709
2025-08-24,SKU060,WH004,260,8,27,18,0,0,277
2025-08-24,SKU139,WH001,347,12,0,30,0,0,329
2025-08-24,SKU061,WH001,36,6,8,7,0,0,43
2025-08-24,SKU048,WH003,55,16,0,10,1,1,59
2025-08-24,SKU011,WH001,514,10,28,23,0,1,528
2025-08-24,SKU147,WH001,263,6,0,19,0,1,249
2025-08-24,SKU040,WH005,283,15,22,15,0,1,304
2025-08-24,SKU087,WH002,164,11,31,18,0,0,188
2025-08-24,SKU142,WH003,412,5,35,31,0,0,421
2025-08-24,SKU114,WH004,44,7,0,10,0,0,41
2025-08-24,SKU136,WH001,263,12,0,21,0,1,253
2025-08-24,SKU035,WH002,343,17,33,14,0,0,379
2025-08-24,SKU149,WH005,183,7,0,34,0,0,156
2025-08-24,SKU050,WH005,735,6,47,29,1,0,758
2025-08-24,SKU144,WH005,95,17,0,11,0,0,101
2025-08-24,SKU078,WH002,54,5,0,15,0,0,44
2025-08-24,SKU064,WH001,140,16,0,17,0,0,139
2025-08-24,SKU030,WH002,160,9,0,18,1,0,150
2025-08-24,SKU073,WH002,206,1,0,30,1,0,176
2025-08-24,SKU097,WH001,72,8,0,7,0,0,73
2025-08-24,SKU067,WH001,294,11,0,28,0,1,276
2025-08-24,SKU068,WH005,143,9,11,8,0,2,153
2025-08-24,SKU103,WH005,78,15,0,5,0,0,88
2025-08-24,SKU062,WH004,49,7,21,8,0,0,69
2025-08-24,SKU102,WH003,113,13,21,27,0,0,120
2025-08-24,SKU082,WH001,267,7,0,10,1,1,262
2025-08-24,SKU033,WH003,567,7,25,17,0,1,581
2025-08-24,SKU113,WH005,282,19,0,15,0,1,285
2025-08-24,SKU028,WH002,234,5,0,13,1,1,224
2025-08-24,SKU128,WH004,18,5,0,15,0,0,8
2025-08-24,SKU044,WH004,316,12,38,27,0,0,339
2025-08-24,SKU083,WH003,165,7,17,21,0,1,167
2025-08-24,SKU093,WH001,275,3,0,29,0,0,249
2025-08-24,SKU117,WH001,132,6,8,10,0,0,136
2025-08-24,SKU053,WH005,225,7,23,32,0,0,223
2025-08-24,SKU104,WH001,121,17,15,7,0,1,145
2025-08-24,SKU095,WH004,244,12,0,6,0,0,250
2025-08-24,SKU127,WH005,434,0,40,22,0,1,451
2025-08-25,SKU124,WH001,32,12,0,10,0,0,34
2025-08-25,SKU094,WH001,423,11,27,22,0,0,439
2025-08-25,SKU080,WH005,33,9,0,2,0,0,40
2025-08-25,SKU035,WH004,435,14,25,22,0,0,452
2025-08-25,SKU137,WH002,11,11,0,8,0,1,13
2025-08-25,SKU115,WH001,195,3,13,10,0,1,200
2025-08-25,SKU090,WH002,160,7,0,18,0,0,149
2025-08-25,SKU022,WH002,159,18,0,35,1,0,141
2025-08-25,SKU085,WH002,554,2,34,31,0,3,556
2025-08-25,SKU050,WH001,132,2,0,32,0,0,102
2025-08-25,SKU116,WH004,462,21,0,23,0,0,460
2025-08-25,SKU052,WH001,50,12,0,5,0,0,57
2025-08-25,SKU058,WH004,134,14,36,32,0,0,152
2025-08-25,SKU112,WH005,146,5,11,4,0,0,158
2025-08-25,SKU076,WH002,223,5,18,15,0,2,229
2025-08-25,SKU099,WH002,228,15,0,22,0,0,221
2025-08-25,SKU110,WH003,92,18,27,21,0,0,116
2025-08-25,SKU041,WH002,213,9,34,20,0,0,236
2025-08-25,SKU084,WH001,17,7,0,6,0,1,17
2025-08-25,SKU097,WH003,203,7,0,2,0,1,207
2025-08-25,SKU045,WH001,61,23,0,20,1,0,63
2025-08-25,SKU149,WH003,359,10,0,30,1,2,336
2025-08-25,SKU074,WH002,335,7,0,28,0,1,313
2025-08-25,SKU143,WH005,181,8,0,10,0,0,179
2025-08-25,SKU102,WH004,504,16,0,39,1,1,479
2025-08-25,SKU028,WH002,126,13,0,17,0,0,122
2025-08-25,SKU119,WH003,366,23,25,21,1,3,389
2025-08-25,SKU070,WH004,190,12,0,13,0,0,189
2025-08-25,SKU047,WH003,116,6,6,7,0,0,121
2025-08-25,SKU136,WH002,315,17,21,18,0,0,335
2025-08-25,SKU051,WH001,148,15,5,4,0,0,164
2025-08-25,SKU001,WH002,148,16,0,21,0,0,143
2025-08-25,SKU079,WH005,118,4,0,30,0,1,91
2025-08-25,SKU088,WH004,42,13,0,3,0,0,52
2025-08-25,SKU067,WH004,157,8,0,27,0,0,138
2025-08-25,SKU025,WH001,153,20,28,19,0,0,182
2025-08-25,SKU056,WH002,208,2,0,17,0,1,192
2025-08-25,SKU104,WH003,100,18,0,11,0,0,107
2025-08-25,SKU134,WH002,336,5,0,34,0,0,307
2025-08-25,SKU013,WH001,273,21,0,13,0,0,281
2025-08-25,SKU062,WH004,268,8,17,13,0,1,279
2025-08-25,SKU077,WH002,109,10,20,16,0,1,122
2025-08-25,SKU122,WH004,164,12,0,17,0,0,159
2025-08-25,SKU064,WH001,204,9,0,13,0,1,199
2025-08-25,SKU063,WH002,199,10,0,39,0,1,169
2025-08-26,SKU036,WH003,100,19,0,13,0,0,106
2025-08-26,SKU079,WH003,396,6,25,26,0,0,401
2025-08-26,SKU005,WH001,56,4,0,11,0,0,49
2025-08-26,SKU088,WH001,97,7,0,4,0,0,100
2025-08-26,SKU087,WH004,124,16,0,30,0,0,110
2025-08-26,SKU065,WH005,213,11,0,5,0,0,219
2025-08-26,SKU143,WH003,228,19,0,12,0,1,234
2025-08-26,SKU063,WH003,156,14,43,44,2,0,167
2025-08-26,SKU012,WH004,179,11,7,10,0,0,187
2025-08-26,SKU069,WH005,334,6,37,30,0,1,346
2025-08-26,SKU150,WH005,193,30,21,24,1,0,219
2025-08-26,SKU146,WH001,155,18,27,23,0,0,177
2025-08-26,SKU053,WH002,289,8,22,22,0,0,297
2025-08-26,SKU131,WH004,53,8,0,6,0,0,55
2025-08-26,SKU026,WH002,48,1,33,40,3,0,39
2025-08-26,SKU133,WH003,61,15,13,10,0,0,79
2025-08-26,SKU061,WH002,119,12,0,5,0,1,125
2025-08-26,SKU129,WH003,409,13,0,21,1,0,400
2025-08-26,SKU057,WH002,161,20,20,27,0,1,173
2025-08-26,SKU017,WH003,299,13,28,25,0,0,315
2025-08-26,SKU038,WH004,208,13,0,22,0,0,199
2025-08-26,SKU033,WH005,235,2,30,23,0,1,243
2025-08-26,SKU130,WH004,183,1,0,14,0,0,170
2025-08-26,SKU121,WH002,396,10,0,10,0,1,395
2025-08-26,SKU068,WH002,152,3,0,12,0,2,141
2025-08-26,SKU050,WH005,223,4,0,35,1,1,190
2025-08-26,SKU034,WH002,177,7,0,26,0,0,158
2025-08-26,SKU142,WH002,336,2,0,46,0,1,291
2025-08-26,SKU144,WH003,80,11,6,9,0,0,88
2025-08-26,SKU105,WH001,25,6,0,3,0,0,28
2025-08-26,SKU039,WH002,720,9,0,31,0,0,698
2025-08-26,SKU085,WH001,189,5,0,26,0,0,168
2025-08-26,SKU140,WH003,711,15,0,19,1,3,703
2025-08-26,SKU108,WH003,187,16,0,24,0,1,178
2025-08-26,SKU109,WH001,134,9,12,10,1,0,144
2025-08-26,SKU147,WH004,165,4,18,22,0,0,165
2025-08-26,SKU052,WH004,45,19,8,9,0,0,63
2025-08-26,SKU070,WH005,180,10,0,21,0,2,167
2025-08-26,SKU027,WH003,62,7,0,20,0,0,49
2025-08-26,SKU103,WH002,92,11,0,6,0,0,97
2025-08-26,SKU125,WH003,1025,0,0,40,0,0,985
2025-08-26,SKU081,WH005,279,8,0,33,0,1,253
2025-08-26,SKU091,WH004,64,17,0,6,0,0,75
2025-08-26,SKU078,WH001,114,11,0,16,0,0,109
2025-08-26,SKU111,WH003,341,16,0,21,0,1,335
2025-08-27,SKU054,WH002,375,22,15,16,1,2,393
2025-08-27,SKU088,WH001,73,10,7,1,0,0,89
2025-08-27,SKU061,WH001,32,12,0,8,0,0,36
2025-08-27,SKU133,WH003,128,18,0,9,0,1,136
2025-08-27,SKU087,WH005,316,20,0,26,0,1,309
2025-08-27,SKU060,WH003,176,7,0,16,0,0,167
2025-08-27,SKU046,WH005,708,9,0,23,0,3,691
2025-08-27,SKU059,WH004,42,14,5,5,0,0,56
2025-08-27,SKU110,WH001,53,16,29,14,0,1,83
2025-08-27,SKU003,WH004,91,14,9,6,0,0,108
2025-08-27,SKU025,WH004,208,15,0,14,0,0,209
2025-08-27,SKU127,WH003,490,4,39,21,0,0,512
2025-08-27,SKU081,WH004,231,8,35,21,0,0,253
2025-08-27,SKU069,WH003,144,4,0,34,0,1,113
2025-08-27,SKU035,WH003,138,16,32,28,2,0,156
2025-08-27,SKU048,WH002,69,18,5,7,0,0,85
2025-08-27,SKU028,WH003,172,5,0,13,0,0,164
2025-08-27,SKU095,WH004,176,10,0,7,0,0,179
2025-08-27,SKU043,WH003,123,4,0,12,0,0,115
2025-08-27,SKU002,WH002,432,12,33,26,0,0,451
2025-08-27,SKU008,WH004,687,3,0,34,0,3,653
2025-08-27,SKU136,WH001,177,14,32,19,0,0,204
2025-08-27,SKU128,WH002,33,3,0,10,0,0,26
2025-08-27,SKU134,WH002,163,4,32,39,1,1,158
2025-08-27,SKU076,WH002,282,9,22,18,1,0,294
2025-08-27,SKU091,WH004,54,15,0,6,0,0,63
2025-08-27,SKU027,WH003,14,1,0,23,0,0,0
2025-08-27,SKU051,WH005,79,16,0,5,0,0,90
2025-08-27,SKU092,WH002,549,16,0,23,0,0,542
2025-08-27,SKU016,WH001,103,19,0,9,0,0,113
2025-08-27,SKU023,WH002,352,4,0,18,0,2,336
2025-08-27,SKU104,WH003,105,12,0,13,0,0,104
2025-08-27,SKU107,WH004,205,3,28,18,0,0,218
2025-08-27,SKU130,WH003,422,0,0,14,0,3,405
2025-08-27,SKU038,WH004,379,17,0,33,1,1,361
2025-08-27,SKU005,WH005,54,2,0,17,0,0,39
2025-08-27,SKU066,WH004,156,14,34,22,2,1,179
2025-08-27,SKU058,WH004,244,13,0,21,0,1,235
2025-08-27,SKU056,WH005,359,3,0,24,3,0,335
2025-08-27,SKU022,WH004,268,22,0,25,0,1,264
2025-08-27,SKU001,WH002,170,10,18,16,0,0,182
2025-08-27,SKU019,WH002,555,21,0,41,0,0,535
2025-08-27,SKU040,WH001,172,14,26,9,0,2,201
2025-08-27,SKU055,WH003,104,15,0,20,0,0,99
2025-08-27,SKU082,WH005,293,3,26,22,0,0,300
2025-08-28,SKU116,WH005,563,17,34,33,1,2,578
2025-08-28,SKU006,WH003,72,16,36,23,1,0,100
2025-08-28,SKU032,WH003,105,16,0,7,0,0,114
2025-08-28,SKU074,WH002,364,11,0,24,1,0,350
2025-08-28,SKU090,WH003,292,5,0,11,0,1,285
2025-08-28,SKU085,WH005,67,3,36,35,0,1,70
2025-08-28,SKU073,WH002,181,3,0,29,1,0,154
2025-08-28,SKU061,WH004,104,13,0,6,0,0,111
2025-08-28,SKU122,WH002,123,24,0,16,0,0,131
2025-08-28,SKU139,WH004,558,11,0,23,1,0,545
2025-08-28,SKU140,WH002,177,20,0,20,1,2,174
2025-08-28,SKU103,WH001,61,16,0,5,0,2,70
2025-08-28,SKU078,WH002,293,8,0,14,1,0,286
2025-08-28,SKU136,WH002,264,12,27,24,0,0,279
2025-08-28,SKU145,WH002,263,22,0,34,0,1,250
2025-08-28,SKU063,WH001,241,17,48,35,0,0,271
2025-08-28,SKU109,WH005,27,4,10,13,0,0,28
2025-08-28,SKU096,WH003,157,18,0,39,2,0,134
2025-08-28,SKU137,WH004,171,16,6,5,0,0,188
2025-08-28,SKU141,WH002,45,10,0,6,0,0,49
2025-08-28,SKU005,WH004,189,3,0,12,1,0,179
2025-08-28,SKU083,WH004,141,0,0,25,1,2,113
2025-08-28,SKU123,WH003,120,14,0,12,0,1,121
2025-08-28,SKU021,WH004,141,20,0,14,0,0,147
2025-08-28,SKU091,WH004,66,18,6,7,0,0,83
2025-08-28,SKU108,WH003,366,8,0,31,0,1,342
2025-08-28,SKU095,WH001,55,20,13,6,0,0,82
2025-08-28,SKU131,WH001,63,7,9,6,0,1,72
2025-08-28,SKU024,WH003,230,17,0,18,0,0,229
2025-08-28,SKU049,WH004,234,5,0,20,0,1,218
2025-08-28,SKU018,WH005,360,13,0,26,0,0,347
2025-08-28,SKU099,WH003,171,10,28,23,0,2,184
2025-08-28,SKU009,WH002,118,11,0,7,0,0,122
2025-08-28,SKU086,WH003,237,17,0,16,0,1,237
2025-08-28,SKU119,WH001,100,20,0,12,0,0,108
2025-08-28,SKU072,WH004,375,5,0,32,0,1,347
2025-08-28,SKU150,WH003,193,13,0,20,0,1,185
2025-08-28,SKU135,WH004,57,10,0,24,0,0,43
2025-08-28,SKU014,WH004,512,4,0,37,0,1,478
2025-08-28,SKU089,WH002,33,20,0,4,0,0,49
2025-08-28,SKU053,WH002,427,5,29,28,0,0,433
2025-08-28,SKU082,WH004,424,9,0,28,0,0,405
2025-08-28,SKU044,WH002,313,15,33,31,0,0,330
2025-08-28,SKU077,WH002,537,6,19,19,0,1,542
2025-08-28,SKU042,WH001,64,11,4,5,0,0,74
2025-08-29,SKU099,WH003,491,11,0,33,1,1,467
2025-08-29,SKU133,WH002,41,20,0,9,0,0,52
2025-08-29,SKU036,WH002,267,11,0,20,0,1,257
2025-08-29,SKU056,WH004,185,4,0,20,0,0,169
2025-08-29,SKU123,WH001,67,10,0,7,0,1,69
2025-08-29,SKU046,WH002,142,11,0,30,0,0,123
2025-08-29,SKU061,WH002,59,12,0,4,0,0,67
2025-08-29,SKU050,WH001,414,9,0,27,0,1,395
2025-08-29,SKU106,WH005,171,10,0,27,0,2,152
2025-08-29,SKU037,WH003,22,18,0,13,0,1,26
2025-08-29,SKU044,WH003,264,23,0,31,0,0,256
2025-08-29,SKU141,WH003,28,17,8,5,0,0,48
2025-08-29,SKU006,WH004,235,25,0,30,0,0,230
2025-08-29,SKU124,WH004,70,8,0,9,0,0,69
2025-08-29,SKU117,WH002,92,5,0,9,0,0,88
2025-08-29,SKU143,WH001,268,14,20,10,0,1,291
2025-08-29,SKU121,WH004,130,14,17,16,0,2,143
2025-08-29,SKU080,WH005,73,10,0,9,0,0,74
2025-08-29,SKU070,WH002,359,11,0,18,0,1,351
2025-08-29,SKU090,WH002,258,4,0,20,0,0,242
2025-08-29,SKU022,WH003,220,18,0,27,0,0,211
2025-08-29,SKU045,WH004,282,16,11,16,0,0,293
2025-08-29,SKU101,WH002,390,2,0,22,1,0,369
2025-08-29,SKU097,WH001,32,6,9,10,0,0,37
2025-08-29,SKU089,WH003,17,15,0,7,0,0,25
2025-08-29,SKU047,WH001,267,18,0,12,0,0,273
2025-08-29,SKU040,WH002,248,23,0,17,0,0,254
2025-08-29,SKU013,WH004,101,15,27,17,0,1,125
2025-08-29,SKU092,WH003,400,6,0,14,0,1,391
2025-08-29,SKU051,WH001,111,18,0,3,0,1,125
2025-08-29,SKU057,WH001,196,16,0,20,0,0,192
2025-08-29,SKU110,WH005,351,21,37,30,0,0,379
2025-08-29,SKU029,WH003,166,17,0,25,0,0,158
2025-08-29,SKU015,WH003,43,2,6,7,0,0,44
2025-08-29,SKU078,WH004,272,11,0,15,0,0,268
2025-08-29,SKU150,WH004,475,23,0,28,0,1,469
2025-08-29,SKU028,WH002,222,9,0,16,0,0,215
2025-08-29,SKU079,WH002,276,7,33,19,1,0,296
2025-08-29,SKU088,WH001,36,10,5,7,0,0,44
2025-08-29,SKU095,WH003,67,19,8,11,0,1,82
2025-08-29,SKU116,WH004,199,12,0,20,0,0,191
2025-08-29,SKU002,WH003,300,14,0,27,1,2,284
2025-08-29,SKU107,WH004,806,14,0,17,0,4,799
2025-08-29,SKU118,WH001,592,19,0,13,0,2,596
2025-08-29,SKU120,WH003,129,2,14,7,0,0,138
2025-08-30,SKU115,WH003,67,6,0,15,0,0,58
2025-08-30,SKU150,WH001,335,15,0,25,0,0,325
2025-08-30,SKU111,WH005,588,22,32,23,0,2,617
2025-08-30,SKU011,WH005,225,8,25,33,0,1,224
2025-08-30,SKU035,WH004,86,10,0,23,1,0,72
2025-08-30,SKU022,WH004,705,19,0,22,0,0,702
2025-08-30,SKU039,WH004,191,4,0,33,0,0,162
2025-08-30,SKU056,WH004,151,6,22,19,2,0,158
2025-08-30,SKU013,WH002,484,13,0,6,0,2,489
2025-08-30,SKU113,WH001,332,12,11,12,0,1,342
2025-08-30,SKU137,WH002,17,20,0,9,0,0,28
2025-08-30,SKU077,WH004,136,3,21,19,0,0,141
2025-08-30,SKU032,WH005,95,16,0,6,0,0,105
2025-08-30,SKU049,WH005,291,6,20,15,0,1,301
2025-08-30,SKU147,WH004,364,4,0,20,0,1,347
2025-08-30,SKU026,WH004,97,3,0,18,1,0,81
2025-08-30,SKU020,WH004,113,13,10,4,0,0,132
2025-08-30,SKU059,WH003,8,16,12,8,0,0,28
2025-08-30,SKU119,WH004,236,22,0,25,1,2,230
2025-08-30,SKU108,WH003,425,11,43,28,1,0,450
2025-08-30,SKU091,WH004,203,19,0,6,0,0,216
2025-08-30,SKU076,WH004,544,3,0,18,0,2,527
2025-08-30,SKU072,WH002,225,7,0,27,0,1,204
2025-08-30,SKU092,WH004,179,8,0,21,0,0,166
2025-08-30,SKU141,WH005,112,18,5,8,0,0,127
2025-08-30,SKU027,WH003,76,8,0,22,0,0,62
2025-08-30,SKU069,WH003,590,3,0,36,1,1,555
2025-08-30,SKU079,WH004,333,5,0,30,1,0,307
2025-08-30,SKU058,WH001,326,9,25,22,0,0,338
2025-08-30,SKU029,WH002,336,11,37,29,0,0,355
2025-08-30,SKU078,WH004,46,9,0,10,0,0,45
2025-08-30,SKU101,WH001,222,3,0,19,0,0,206
2025-08-30,SKU105,WH005,46,7,0,7,0,0,46
2025-08-30,SKU057,WH001,222,12,0,18,0,2,214
2025-08-30,SKU052,WH003,160,14,0,10,0,1,163
2025-08-30,SKU135,WH002,343,14,16,15,1,0,357
2025-08-30,SKU143,WH004,59,22,0,13,0,0,68
2025-08-30,SKU129,WH005,457,13,0,16,0,2,452
2025-08-30,SKU144,WH003,70,16,0,6,0,0,80
2025-08-30,SKU046,WH005,491,8,0,27,0,0,472
2025-08-30,SKU080,WH003,34,8,9,8,0,0,43
2025-08-30,SKU060,WH003,194,6,25,25,1,1,198
2025-08-30,SKU096,WH001,113,11,0,29,0,0,95
2025-08-30,SKU054,WH003,83,18,19,9,0,2,109
2025-08-30,SKU068,WH003,53,5,11,6,0,0,63
2025-08-31,SKU063,WH001,205,9,0,16,0,0,198
2025-08-31,SKU017,WH002,319,16,0,27,0,0,308
2025-08-31,SKU073,WH001,128,2,0,35,0,0,95
2025-08-31,SKU064,WH005,81,20,21,11,0,0,111
2025-08-31,SKU127,WH003,475,4,24,32,0,0,471
2025-08-31,SKU132,WH001,492,21,0,38,0,0,475
2025-08-31,SKU005,WH005,65,3,12,7,0,0,73
2025-08-31,SKU026,WH005,294,4,0,21,0,0,277
2025-08-31,SKU032,WH005,38,17,0,16,0,0,39
2025-08-31,SKU098,WH004,158,4,0,29,0,0,133
2025-08-31,SKU071,WH001,82,4,7,3,0,0,90
2025-08-31,SKU137,WH004,193,11,0,8,0,0,196
2025-08-31,SKU040,WH005,45,14,0,13,0,0,46
2025-08-31,SKU091,WH003,270,18,0,6,0,2,280
2025-08-31,SKU062,WH004,207,8,0,9,0,0,206
2025-08-31,SKU021,WH002,91,18,0,20,0,0,89
2025-08-31,SKU002,WH002,145,7,0,26,0,0,126
2025-08-31,SKU106,WH001,289,20,0,19,1,0,289
2025-08-31,SKU087,WH001,189,19,33,37,0,2,202
2025-08-31,SKU013,WH002,313,17,17,13,0,0,334
2025-08-31,SKU125,WH003,434,2,0,30,0,1,405
2025-08-31,SKU129,WH001,222,23,24,26,0,0,243
2025-08-31,SKU044,WH002,329,14,40,30,0,0,353
2025-08-31,SKU003,WH004,25,17,6,10,1,0,37
2025-08-31,SKU146,WH002,195,14,30,31,0,0,208
2025-08-31,SKU066,WH004,102,16,0,14,0,0,104
2025-08-31,SKU112,WH001,30,6,0,5,0,1,30
2025-08-31,SKU010,WH003,180,13,0,27,0,0,166
2025-08-31,SKU124,WH003,103,15,0,17,0,0,101
2025-08-31,SKU048,WH001,114,7,0,4,0,0,117
2025-08-31,SKU025,WH002,102,16,18,17,0,2,117
2025-08-31,SKU096,WH004,331,27,0,35,0,0,323
2025-08-31,SKU134,WH002,227,4,0,28,0,1,202
2025-08-31,SKU117,WH004,175,3,0,11,1,1,165
2025-08-31,SKU033,WH001,345,6,0,24,0,1,326
2025-08-31,SKU149,WH001,641,12,0,35,0,0,618
2025-08-31,SKU049,WH001,305,5,0,26,0,0,284
2025-08-31,SKU145,WH004,791,17,33,43,0,3,795
2025-08-31,SKU103,WH003,117,15,7,3,0,0,136
2025-08-31,SKU039,WH001,347,8,0,32,0,0,323
2025-08-31,SKU142,WH004,197,6,0,33,0,1,169
2025-08-31,SKU109,WH003,131,3,9,8,0,0,135
2025-08-31,SKU038,WH003,219,18,0,21,0,0,216
2025-08-31,SKU018,WH005,231,8,0,13,0,1,225
2025-08-31,SKU095,WH003,212,12,5,9,0,0,220
2025-09-01,SKU138,WH002,44,14,2,6,0,0,54
2025-09-01,SKU012,WH002,27,4,0,9,0,0,22
2025-09-01,SKU096,WH002,750,12,42,23,0,1,780
2025-09-01,SKU108,WH005,235,10,0,35,2,0,208
2025-09-01,SKU020,WH005,123,18,0,9,0,0,132
2025-09-01,SKU055,WH003,70,15,0,24,0,0,61
2025-09-01,SKU047,WH004,65,15,10,6,0,0,84
2025-09-01,SKU120,WH004,133,2,15,10,0,0,140
2025-09-01,SKU008,WH003,242,2,31,43,1,0,231
2025-09-01,SKU017,WH004,185,19,0,30,0,0,174
2025-09-01,SKU052,WH001,70,9,0,7,0,0,72
2025-09-01,SKU081,WH003,339,13,0,25,0,2,325
2025-09-01,SKU085,WH005,861,3,33,43,1,3,850
2025-09-01,SKU109,WH001,222,9,0,8,0,0,223
2025-09-01,SKU019,WH003,241,13,0,24,0,2,228
2025-09-01,SKU082,WH002,258,7,0,21,0,1,243
2025-09-01,SKU003,WH004,68,9,0,10,0,0,67
2025-09-01,SKU062,WH005,390,10,0,9,0,0,391
2025-09-01,SKU104,WH003,234,12,0,9,0,0,237
2025-09-01,SKU117,WH001,151,8,0,10,0,0,149
2025-09-01,SKU084,WH004,13,5,0,5,0,0,13
2025-09-01,SKU071,WH004,92,8,9,9,0,1,99
2025-09-01,SKU141,WH003,91,13,0,6,0,0,98
2025-09-01,SKU025,WH002,128,20,0,8,0,0,140
2025-09-01,SKU128,WH001,56,4,0,8,0,0,52
2025-09-01,SKU101,WH003,472,2,0,19,0,1,454
2025-09-01,SKU086,WH001,116,20,0,25,0,1,110
2025-09-01,SKU067,WH005,146,15,0,34,0,0,127
2025-09-01,SKU009,WH003,84,8,0,8,0,0,84
2025-09-01,SKU043,WH004,224,8,0,8,0,0,224
2025-09-01,SKU005,WH005,128,4,14,7,0,0,139
2025-09-01,SKU007,WH001,58,10,0,19,0,0,49
2025-09-01,SKU140,WH004,58,16,0,25,0,0,49
2025-09-01,SKU041,WH002,142,8,0,27,0,0,123
2025-09-01,SKU045,WH002,118,16,16,12,0,0,138
2025-09-01,SKU030,WH002,220,16,30,18,0,0,248
2025-09-01,SKU060,WH003,306,15,18,14,1,1,323
2025-09-01,SKU016,WH001,317,9,0,9,1,0,316
2025-09-01,SKU032,WH003,50,21,0,7,0,0,64
2025-09-01,SKU134,WH003,247,1,0,19,0,0,229
2025-09-01,SKU072,WH002,460,6,36,39,1,1,461
2025-09-01,SKU080,WH005,81,7,7,12,1,0,82
2025-09-01,SKU090,WH003,102,3,29,11,0,1,122
2025-09-01,SKU144,WH003,53,12,0,6,0,0,59
2025-09-01,SKU051,WH001,116,19,10,9,0,0,136
2025-09-02,SKU078,WH002,105,7,0,13,0,0,99
2025-09-02,SKU127,WH005,234,3,0,22,0,0,215
2025-09-02,SKU062,WH003,429,6,0,10,0,1,424
2025-09-02,SKU019,WH003,173,7,38,36,0,0,182
2025-09-02,SKU084,WH005,33,3,0,3,0,0,33
2025-09-02,SKU041,WH004,235,11,27,21,0,1,251
2025-09-02,SKU007,WH003,189,16,0,9,0,0,196
2025-09-02,SKU067,WH005,276,12,33,28,1,1,291
2025-09-02,SKU020,WH002,73,19,0,11,0,1,80
2025-09-02,SKU066,WH003,271,14,0,26,0,0,259
2025-09-02,SKU045,WH001,290,18,0,13,0,0,295
2025-09-02,SKU125,WH005,339,3,0,29,0,1,312
2025-09-02,SKU038,WH003,161,14,0,30,1,0,144
2025-09-02,SKU029,WH001,300,8,0,20,0,0,288
2025-09-02,SKU120,WH002,89,5,14,14,0,0,94
2025-09-02,SKU113,WH001,194,15,0,14,0,1,194
2025-09-02,SKU107,WH005,659,7,0,24,0,0,642
2025-09-02,SKU142,WH001,285,1,0,37,0,0,249
2025-09-02,SKU053,WH002,213,2,0,16,3,1,195
2025-09-02,SKU138,WH002,32,15,0,4,0,0,43
2025-09-02,SKU088,WH004,53,3,0,5,0,0,51
2025-09-02,SKU129,WH001,240,13,0,24,0,1,228
2025-09-02,SKU086,WH002,351,13,0,21,0,1,342
2025-09-02,SKU069,WH002,259,2,0,29,1,1,230
2025-09-02,SKU022,WH003,344,25,0,24,0,1,344
2025-09-02,SKU130,WH005,373,4,0,19,0,0,358
2025-09-02,SKU071,WH001,129,3,0,11,0,0,121
2025-09-02,SKU096,WH003,582,16,29,29,0,0,598
2025-09-02,SKU042,WH003,25,26,1,7,0,0,45
2025-09-02,SKU005,WH004,126,8,0,8,0,1,125
2025-09-02,SKU040,WH004,159,19,0,13,0,1,164
2025-09-02,SKU112,WH002,60,9,0,8,0,0,61
2025-09-02,SKU012,WH005,31,6,11,4,0,0,44
2025-09-02,SKU075,WH001,120,11,22,22,0,0,131
2025-09-02,SKU057,WH001,255,17,0,31,0,0,241
2025-09-02,SKU136,WH003,165,8,0,15,0,1,157
2025-09-02,SKU143,WH003,62,11,9,10,0,0,72
2025-09-02,SKU033,WH005,458,3,40,28,0,3,470
2025-09-02,SKU001,WH001,29,13,8,20,0,0,30
2025-09-02,SKU002,WH005,237,6,0,26,0,0,217
2025-09-02,SKU123,WH004,99,5,0,10,1,0,93
2025-09-02,SKU023,WH004,311,12,36,23,0,0,336
2025-09-02,SKU003,WH004,259,17,0,9,0,1,266
2025-09-02,SKU035,WH001,213,15,30,23,0,0,235
2025-09-02,SKU021,WH004,164,25,23,19,0,1,192
2025-09-03,SKU060,WH002,320,5,0,35,0,0,290
2025-09-03,SKU124,WH003,23,3,10,9,0,0,27
2025-09-03,SKU089,WH002,68,14,0,8,0,0,74
2025-09-03,SKU082,WH005,192,5,30,30,0,0,197
2025-09-03,SKU114,WH001,93,6,17,17,0,0,99
2025-09-03,SKU019,WH002,407,16,0,27,0,0,396
2025-09-03,SKU111,WH001,292,16,0,23,1,2,282
2025-09-03,SKU046,WH002,157,11,0,23,0,0,145
2025-09-03,SKU044,WH004,297,22,0,44,1,1,273
2025-09-03,SKU057,WH002,93,20,25,24,0,1,113
2025-09-03,SKU020,WH003,101,13,0,12,0,0,102
2025-09-03,SKU053,WH001,319,7,0,21,0,0,305
2025-09-03,SKU072,WH004,471,3,0,37,0,0,437
2025-09-03,SKU059,WH001,97,13,0,8,0,0,102
2025-09-03,SKU016,WH001,100,10,0,15,0,0,95
2025-09-03,SKU103,WH005,45,18,0,2,0,0,61
2025-09-03,SKU118,WH002,280,18,0,16,0,2,280
2025-09-03,SKU076,WH002,281,11,0,23,0,0,269
2025-09-03,SKU079,WH001,337,4,0,36,0,0,305
2025-09-03,SKU078,WH002,160,8,11,8,0,1,170
2025-09-03,SKU092,WH003,584,5,17,28,0,0,578
2025-09-03,SKU093,WH002,258,1,0,30,1,0,228
2025-09-03,SKU107,WH005,258,11,0,20,0,1,248
2025-09-03,SKU018,WH005,70,15,21,17,1,0,88
2025-09-03,SKU048,WH002,65,12,5,11,0,0,71
2025-09-03,SKU005,WH005,90,6,0,8,0,0,88
2025-09-03,SKU022,WH002,312,26,31,29,0,0,340
2025-09-03,SKU105,WH005,166,10,0,4,0,1,171
2025-09-03,SKU017,WH004,224,9,31,30,0,0,234
2025-09-03,SKU095,WH002,105,12,0,6,0,0,111
2025-09-03,SKU043,WH002,109,4,0,16,0,0,97
2025-09-03,SKU101,WH004,477,2,0,18,0,0,461
2025-09-03,SKU002,WH002,137,9,28,14,0,0,160
2025-09-03,SKU150,WH002,355,21,0,18,0,1,357
2025-09-03,SKU004,WH003,73,16,0,4,0,1,84
2025-09-03,SKU035,WH003,408,22,0,21,0,2,407
2025-09-03,SKU030,WH005,132,18,25,16,0,1,158
2025-09-03,SKU084,WH001,86,1,4,7,0,0,84
2025-09-03,SKU121,WH001,455,7,0,12,0,0,450
2025-09-03,SKU011,WH005,278,8,0,19,0,0,267
2025-09-03,SKU129,WH003,75,17,23,21,0,0,94
2025-09-03,SKU091,WH001,19,11,8,8,1,0,29
2025-09-03,SKU108,WH005,716,10,39,28,0,1,736
2025-09-03,SKU134,WH004,523,7,0,39,0,0,491
2025-09-03,SKU087,WH001,240,12,27,22,1,2,254
2025-09-04,SKU063,WH002,353,8,0,30,0,0,331
2025-09-04,SKU134,WH004,372,4,0,29,0,0,347
2025-09-04,SKU106,WH005,303,17,0,29,0,0,291
2025-09-04,SKU100,WH005,134,8,0,9,0,1,132
2025-09-04,SKU113,WH002,112,9,18,14,1,0,124
2025-09-04,SKU099,WH001,166,12,29,37,0,0,170
2025-09-04,SKU132,WH005,243,15,0,33,0,1,224
2025-09-04,SKU025,WH005,203,15,19,10,1,0,226
2025-09-04,SKU138,WH002,50,18,6,5,0,0,69
2025-09-04,SKU044,WH005,203,17,37,35,0,1,221
2025-09-04,SKU143,WH002,241,16,0,9,0,3,245
2025-09-04,SKU064,WH001,363,13,29,18,0,2,385
2025-09-04,SKU125,WH005,175,7,0,35,0,0,147
2025-09-04,SKU015,WH002,49,9,0,6,0,0,52
2025-09-04,SKU110,WH003,159,14,0,27,0,0,146
2025-09-04,SKU097,WH003,58,15,4,2,0,0,75
2025-09-04,SKU093,WH005,215,4,0,40,0,0,179
2025-09-04,SKU122,WH003,278,11,0,19,0,1,269
2025-09-04,SKU088,WH004,38,11,0,4,0,0,45
2025-09-04,SKU069,WH004,432,6,0,32,1,1,404
2025-09-04,SKU147,WH001,170,2,34,18,0,0,188
2025-09-04,SKU011,WH005,468,5,0,20,1,1,451
2025-09-04,SKU092,WH005,450,9,21,29,0,1,450
2025-09-04,SKU095,WH003,119,5,0,11,0,0,113
2025-09-04,SKU077,WH002,279,5,0,15,1,1,267
2025-09-04,SKU141,WH004,63,20,0,8,0,0,75
2025-09-04,SKU029,WH004,100,12,0,25,0,0,87
2025-09-04,SKU060,WH005,256,6,0,18,0,1,243
2025-09-04,SKU026,WH003,151,4,34,27,0,0,162
2025-09-04,SKU133,WH002,29,19,0,12,0,0,36
2025-09-04,SKU062,WH002,52,10,0,20,0,0,42
2025-09-04,SKU075,WH001,59,8,0,23,0,1,43
2025-09-04,SKU094,WH001,265,5,0,29,0,1,240
2025-09-04,SKU020,WH003,177,16,0,7,0,0,186
2025-09-04,SKU126,WH001,214,4,33,24,0,0,227
2025-09-04,SKU107,WH003,232,6,0,27,0,1,210
2025-09-04,SKU048,WH001,73,16,10,11,0,0,88
2025-09-04,SKU121,WH003,269,7,0,20,0,1,255
2025-09-04,SKU057,WH004,289,8,0,25,0,2,270
2025-09-04,SKU111,WH004,259,18,0,34,1,0,242
2025-09-04,SKU032,WH004,126,8,0,5,0,0,129
2025-09-04,SKU038,WH005,301,11,0,19,0,0,293
2025-09-04,SKU056,WH004,197,4,0,22,1,1,177
2025-09-04,SKU021,WH004,49,18,0,11,0,0,56
2025-09-04,SKU024,WH002,230,18,16,12,0,0,252
2025-09-05,SKU139,WH003,384,11,0,42,1,1,351
2025-09-05,SKU110,WH005,276,17,0,27,0,0,266
2025-09-05,SKU113,WH002,181,15,0,10,0,0,186
2025-09-05,SKU033,WH005,296,4,0,21,0,0,279
2025-09-05,SKU084,WH002,9,2,0,3,0,1,7
2025-09-05,SKU099,WH004,491,9,0,28,0,0,472
2025-09-05,SKU031,WH002,491,4,0,40,0,1,454
2025-09-05,SKU049,WH003,237,5,0,20,0,1,221
2025-09-05,SKU092,WH004,220,7,0,25,0,1,201
2025-09-05,SKU021,WH002,204,14,22,14,1,2,223
2025-09-05,SKU140,WH002,90,15,0,23,0,0,82
2025-09-05,SKU026,WH005,537,3,0,18,1,2,519
2025-09-05,SKU022,WH005,309,16,0,23,0,0,302
2025-09-05,SKU027,WH003,248,3,0,18,0,0,233
2025-09-05,SKU039,WH004,462,6,0,32,0,1,435
2025-09-05,SKU008,WH004,502,4,0,42,0,0,464
2025-09-05,SKU082,WH001,459,6,0,17,1,0,447
2025-09-05,SKU045,WH003,53,12,0,12,0,0,53
2025-09-05,SKU032,WH005,49,15,13,11,0,0,66
2025-09-05,SKU085,WH002,411,2,0,22,0,1,390
2025-09-05,SKU143,WH001,129,17,16,12,0,0,150
2025-09-05,SKU040,WH004,164,21,0,21,0,1,163
2025-09-05,SKU063,WH005,653,12,36,41,0,3,657
2025-09-05,SKU006,WH003,151,13,30,32,1,0,161
2025-09-05,SKU132,WH001,165,24,46,31,0,0,204
2025-09-05,SKU066,WH003,132,12,22,22,0,0,144
2025-09-05,SKU086,WH004,196,16,0,23,0,0,189
2025-09-05,SKU043,WH002,96,4,0,17,0,0,83
2025-09-05,SKU100,WH005,80,9,23,14,0,0,98
2025-09-05,SKU126,WH003,136,2,0,24,0,0,114
2025-09-05,SKU062,WH004,123,5,18,9,0,0,137
2025-09-05,SKU120,WH002,177,4,0,9,0,0,172
2025-09-05,SKU115,WH001,89,4,11,6,0,0,98
2025-09-05,SKU001,WH004,146,15,12,11,0,0,162
2025-09-05,SKU123,WH003,162,10,0,10,0,0,162
2025-09-05,SKU067,WH003,195,9,0,22,0,2,180
2025-09-05,SKU108,WH005,514,9,0,45,2,0,476
2025-09-05,SKU017,WH004,604,16,0,29,1,1,589
2025-09-05,SKU054,WH003,121,20,0,18,0,1,122
2025-09-05,SKU079,WH005,136,4,40,36,0,0,144
2025-09-05,SKU037,WH001,29,9,0,21,0,0,17
2025-09-05,SKU121,WH002,303,12,17,16,0,0,316
2025-09-05,SKU010,WH002,370,19,0,33,0,1,355
2025-09-05,SKU013,WH003,264,10,21,16,0,2,277
2025-09-05,SKU131,WH005,59,7,0,4,0,0,62
2025-09-06,SKU033,WH001,240,7,0,32,2,1,212
2025-09-06,SKU104,WH001,134,14,16,13,0,0,151
2025-09-06,SKU013,WH003,45,19,0,17,1,0,46
2025-09-06,SKU145,WH004,61,19,0,33,0,0,47
2025-09-06,SKU018,WH001,16,8,0,19,0,0,5
2025-09-06,SKU088,WH003,51,13,0,1,0,0,63
2025-09-06,SKU135,WH005,319,8,0,15,1,0,311
2025-09-06,SKU070,WH004,215,5,0,12,0,0,208
2025-09-06,SKU045,WH003,116,15,8,12,0,0,127
2025-09-06,SKU035,WH003,140,20,0,28,0,0,132
2025-09-06,SKU124,WH003,83,8,0,11,0,0,80
2025-09-06,SKU143,WH003,135,16,20,8,0,0,163
2025-09-06,SKU111,WH002,1090,17,0,30,1,2,1074
2025-09-06,SKU041,WH001,454,11,37,21,0,1,480
2025-09-06,SKU130,WH003,87,1,0,15,0,0,73
2025-09-06,SKU015,WH004,27,6,10,7,1,0,35
2025-09-06,SKU114,WH004,165,7,0,12,0,0,160
2025-09-06,SKU095,WH002,25,12,0,5,0,0,32
2025-09-06,SKU077,WH002,180,13,0,16,0,0,177
2025-09-06,SKU002,WH002,628,5,37,32,0,3,635
2025-09-06,SKU010,WH005,637,12,37,29,1,1,655
2025-09-06,SKU119,WH004,516,21,31,32,1,1,534
2025-09-06,SKU140,WH005,308,7,32,19,0,1,327
2025-09-06,SKU120,WH003,85,2,0,6,0,0,81
2025-09-06,SKU108,WH001,340,15,34,26,0,0,363
2025-09-06,SKU069,WH005,96,3,0,25,0,0,74
2025-09-06,SKU016,WH003,333,11,0,11,0,0,333
2025-09-06,SKU062,WH002,54,7,0,12,0,1,48
2025-09-06,SKU074,WH001,768,20,0,34,0,2,752
2025-09-06,SKU055,WH002,260,9,0,16,0,2,251
2025-09-06,SKU039,WH004,350,10,33,26,0,1,366
2025-09-06,SKU102,WH005,490,11,0,25,0,0,476
2025-09-06,SKU017,WH002,506,20,0,27,1,0,498
2025-09-06,SKU037,WH004,212,14,0,18,0,0,208
2025-09-06,SKU147,WH005,570,5,0,15,0,0,560
2025-09-06,SKU099,WH002,256,15,0,25,0,0,246
2025-09-06,SKU087,WH005,362,11,0,23,1,0,349
2025-09-06,SKU060,WH004,177,3,26,18,0,0,188
2025-09-06,SKU131,WH001,66,6,0,11,0,0,61
2025-09-06,SKU078,WH003,54,12,19,11,0,0,74
2025-09-06,SKU115,WH001,65,3,0,9,0,0,59
2025-09-06,SKU027,WH004,161,7,16,21,0,0,163
2025-09-06,SKU132,WH001,479,13,0,31,0,0,461
2025-09-06,SKU136,WH003,354,16,23,25,0,0,368
2025-09-06,SKU101,WH005,287,3,0,27,0,0,263
2025-09-07,SKU076,WH004,90,11,23,22,1,0,101
2025-09-07,SKU130,WH005,185,4,26,11,0,0,204
2025-09-07,SKU124,WH004,118,6,14,15,0,0,123
2025-09-07,SKU114,WH002,137,8,0,17,0,0,128
2025-09-07,SKU012,WH002,42,7,0,9,0,0,40
2025-09-07,SKU147,WH005,253,5,33,14,0,0,277
2025-09-07,SKU148,WH001,188,4,25,16,0,1,200
2025-09-07,SKU095,WH005,133,24,0,8,0,0,149
2025-09-07,SKU020,WH001,124,17,14,6,0,0,149
2025-09-07,SKU043,WH003,77,6,0,13,0,0,70
2025-09-07,SKU146,WH001,45,18,0,35,0,0,28
2025-09-07,SKU073,WH001,282,6,0,32,0,0,256
2025-09-07,SKU139,WH003,219,6,32,19,0,0,238
2025-09-07,SKU022,WH003,216,16,0,30,0,2,200
2025-09-07,SKU060,WH003,43,9,0,16,0,0,36
2025-09-07,SKU045,WH002,100,19,19,8,0,0,130
2025-09-07,SKU100,WH001,227,13,0,19,1,0,220
2025-09-07,SKU006,WH001,341,11,0,25,1,0,326
2025-09-07,SKU033,WH003,339,2,25,43,1,0,322
2025-09-07,SKU110,WH005,323,12,0,31,0,0,304
2025-09-07,SKU068,WH001,84,7,0,10,0,0,81
2025-09-07,SKU097,WH005,181,12,0,7,0,0,186
2025-09-07,SKU082,WH001,122,8,25,25,0,0,130
2025-09-07,SKU096,WH003,282,14,0,34,1,2,259
2025-09-07,SKU047,WH004,108,14,0,12,0,0,110
2025-09-07,SKU105,WH002,19,3,0,4,0,0,18
2025-09-07,SKU115,WH002,178,4,0,14,0,1,167
2025-09-07,SKU145,WH004,507,26,0,25,0,2,506
2025-09-07,SKU040,WH003,334,24,0,16,0,1,341
2025-09-07,SKU052,WH003,23,15,0,7,0,0,31
2025-09-07,SKU034,WH003,124,7,0,22,0,0,109
2025-09-07,SKU015,WH001,42,5,0,4,0,1,42
2025-09-07,SKU051,WH002,41,12,0,5,0,0,48
2025-09-07,SKU041,WH002,444,11,0,25,0,0,430
2025-09-07,SKU084,WH004,147,7,0,3,0,0,151
2025-09-07,SKU021,WH001,48,16,0,10,0,0,54
2025-09-07,SKU070,WH001,105,11,0,24,0,0,92
2025-09-07,SKU025,WH001,114,16,0,19,0,0,111
2025-09-07,SKU050,WH005,606,5,0,36,1,0,574
2025-09-07,SKU061,WH004,81,13,8,7,0,0,95
2025-09-07,SKU129,WH002,319,10,0,24,0,0,305
2025-09-07,SKU085,WH002,862,2,0,39,0,2,823
2025-09-07,SKU081,WH004,583,7,0,31,0,0,559
2025-09-07,SKU117,WH003,82,3,0,10,0,0,75
2025-09-07,SKU136,WH001,337,14,0,23,0,1,327
2025-09-08,SKU030,WH005,124,13,0,21,1,1,114
2025-09-08,SKU136,WH001,316,22,0,26,0,0,312
2025-09-08,SKU088,WH003,87,5,2,6,0,1,87
2025-09-08,SKU107,WH005,317,6,0,24,0,0,299
2025-09-08,SKU073,WH004,615,4,0,36,0,2,581
2025-09-08,SKU149,WH004,112,13,0,26,0,0,99
2025-09-08,SKU012,WH003,93,11,14,6,0,0,112
2025-09-08,SKU065,WH003,26,16,0,3,0,0,39
2025-09-08,SKU031,WH002,422,6,0,27,0,2,399
2025-09-08,SKU113,WH005,189,13,0,11,0,1,190
2025-09-08,SKU104,WH004,220,12,0,14,0,0,218
2025-09-08,SKU042,WH005,77,13,2,4,0,0,88
2025-09-08,SKU067,WH003,187,9,0,26,0,0,170
2025-09-08,SKU013,WH004,255,20,0,25,1,0,249
2025-09-08,SKU038,WH004,253,18,0,26,0,0,245
2025-09-08,SKU146,WH003,203,14,0,21,0,0,196
2025-09-08,SKU045,WH003,283,20,9,14,0,2,296
2025-09-08,SKU017,WH003,474,14,0,37,0,2,449
2025-09-08,SKU063,WH001,108,10,0,28,0,0,90
2025-09-08,SKU091,WH003,47,9,7,3,0,0,60
2025-09-08,SKU105,WH001,20,11,0,5,0,0,26
2025-09-08,SKU020,WH001,89,9,0,15,0,0,83
2025-09-08,SKU086,WH001,407,18,24,21,0,1,427
2025-09-08,SKU142,WH002,367,1,0,33,0,1,334
2025-09-08,SKU061,WH002,42,13,0,9,0,0,46
2025-09-08,SKU143,WH002,73,12,0,13,0,0,72
2025-09-08,SKU110,WH005,183,14,21,23,0,1,194
2025-09-08,SKU032,WH003,36,17,0,7,0,1,45
2025-09-08,SKU036,WH004,143,13,0,17,0,0,139
2025-09-08,SKU051,WH002,131,23,7,9,0,0,152
2025-09-08,SKU092,WH003,164,13,37,27,0,1,186
2025-09-08,SKU079,WH003,260,5,0,33,0,0,232
2025-09-08,SKU011,WH001,311,5,0,26,0,1,289
2025-09-08,SKU148,WH001,309,3,0,15,0,1,296
2025-09-08,SKU052,WH005,59,13,9,3,0,0,78
2025-09-08,SKU033,WH002,362,4,41,25,0,1,381
2025-09-08,SKU090,WH005,100,6,0,23,0,0,83
2025-09-08,SKU134,WH001,252,1,0,27,0,0,226
2025-09-08,SKU068,WH004,246,12,0,7,0,1,250
2025-09-08,SKU046,WH005,354,15,0,30,0,0,339
2025-09-08,SKU087,WH001,178,18,0,34,0,0,162
2025-09-08,SKU118,WH005,207,9,20,18,1,0,217
2025-09-08,SKU106,WH002,61,16,32,27,0,0,82
2025-09-08,SKU021,WH004,180,16,0,15,0,1,180
2025-09-08,SKU001,WH005,38,15,0,9,0,0,44
2025-09-09,SKU046,WH004,32,9,0,25,0,0,16
2025-09-09,SKU127,WH005,276,4,0,21,0,1,258
2025-09-09,SKU099,WH005,325,4,35,29,0,0,335
2025-09-09,SKU133,WH001,58,11,9,3,0,0,75
2025-09-09,SKU139,WH002,308,7,0,27,0,0,288
2025-09-09,SKU047,WH004,26,11,0,8,0,1,28
2025-09-09,SKU105,WH005,12,7,5,5,0,0,19
2025-09-09,SKU005,WH002,203,2,0,9,0,0,196
2025-09-09,SKU001,WH005,115,15,0,8,0,0,122
2025-09-09,SKU112,WH005,16,11,0,6,0,0,21
2025-09-09,SKU122,WH001,286,17,0,22,0,0,281
2025-09-09,SKU067,WH004,638,10,0,29,1,3,615
2025-09-09,SKU104,WH004,115,18,0,11,0,0,122
2025-09-09,SKU093,WH002,236,1,0,36,0,1,200
2025-09-09,SKU057,WH005,417,21,0,20,0,1,417
2025-09-09,SKU091,WH005,109,24,0,8,0,0,125
2025-09-09,SKU149,WH004,526,15,0,27,0,2,512
2025-09-09,SKU052,WH004,194,5,6,10,0,1,194
2025-09-09,SKU119,WH001,243,14,0,18,0,0,239
2025-09-09,SKU043,WH004,244,4,0,17,0,0,231
2025-09-09,SKU125,WH001,439,5,39,39,0,0,444
2025-09-09,SKU019,WH003,338,15,0,29,1,0,323
2025-09-09,SKU035,WH001,103,20,28,15,0,0,136
2025-09-09,SKU025,WH001,187,15,0,17,1,0,184
2025-09-09,SKU014,WH003,525,4,0,28,2,2,497
2025-09-09,SKU032,WH001,114,23,0,6,0,0,131
2025-09-09,SKU066,WH002,163,17,0,14,0,0,166
2025-09-09,SKU069,WH001,358,6,0,35,1,1,327
2025-09-09,SKU072,WH001,489,4,0,27,0,2,464
2025-09-09,SKU075,WH003,175,11,0,17,0,0,169
2025-09-09,SKU012,WH002,146,3,2,9,0,0,142
2025-09-09,SKU110,WH005,75,11,16,18,0,0,84
2025-09-09,SKU070,WH004,166,9,28,17,0,0,186
2025-09-09,SKU116,WH001,119,18,0,22,0,0,115
2025-09-09,SKU097,WH003,27,11,0,8,0,0,30
2025-09-09,SKU144,WH001,53,19,0,9,0,0,63
2025-09-09,SKU049,WH005,173,6,0,23,0,1,155
2025-09-09,SKU077,WH003,120,7,0,23,1,1,102
2025-09-09,SKU118,WH005,290,18,14,26,1,0,295
2025-09-09,SKU063,WH002,30,5,0,40,0,0,0
2025-09-09,SKU045,WH004,91,14,0,17,1,0,87
2025-09-09,SKU039,WH001,155,14,0,21,0,0,148
2025-09-09,SKU038,WH005,348,15,0,25,0,1,337
2025-09-09,SKU027,WH002,396,6,0,17,1,0,384
2025-09-09,SKU071,WH004,53,2,0,8,0,0,47
2025-09-10,SKU126,WH002,561,2,35,33,0,1,564
2025-09-10,SKU059,WH005,18,12,0,9,0,0,21
2025-09-10,SKU100,WH001,192,14,0,16,0,1,189
2025-09-10,SKU084,WH002,46,4,5,5,0,0,50
2025-09-10,SKU112,WH001,65,4,17,7,0,0,79
2025-09-10,SKU052,WH004,154,13,0,11,0,1,155
2025-09-10,SKU063,WH004,239,10,0,29,0,0,220
2025-09-10,SKU060,WH003,114,4,0,17,0,0,101
2025-09-10,SKU121,WH001,213,9,26,11,0,0,237
2025-09-10,SKU120,WH003,64,3,0,10,0,0,57
2025-09-10,SKU039,WH004,338,10,0,42,0,0,306
2025-09-10,SKU122,WH004,150,8,23,18,0,0,163
2025-09-10,SKU067,WH002,83,6,0,31,0,0,58
2025-09-10,SKU075,WH005,240,9,0,18,1,1,229
2025-09-10,SKU138,WH005,20,13,0,10,1,0,22
2025-09-10,SKU037,WH005,283,20,0,29,0,1,273
2025-09-10,SKU057,WH003,408,17,0,21,0,2,402
2025-09-10,SKU070,WH002,401,10,26,19,0,0,418
2025-09-10,SKU068,WH004,118,6,0,7,0,0,117
2025-09-10,SKU143,WH003,145,12,0,11,0,0,146
2025-09-10,SKU091,WH001,49,19,0,7,0,0,61
2025-09-10,SKU099,WH001,435,9,0,28,0,4,412
2025-09-10,SKU127,WH005,120,4,35,28,0,0,131
2025-09-10,SKU023,WH002,240,10,0,16,0,1,233
2025-09-10,SKU098,WH001,214,6,37,29,0,2,226
2025-09-10,SKU025,WH002,154,8,18,9,0,1,170
2025-09-10,SKU136,WH005,231,15,29,15,0,0,260
2025-09-10,SKU137,WH001,106,15,0,8,0,2,111
2025-09-10,SKU044,WH001,235,18,0,36,1,3,213
2025-09-10,SKU115,WH003,145,2,18,8,0,0,157
2025-09-10,SKU116,WH001,77,12,0,19,1,0,69
2025-09-10,SKU062,WH005,217,9,0,7,0,0,219
2025-09-10,SKU033,WH002,247,4,0,24,0,2,225
2025-09-10,SKU073,WH004,53,5,37,27,0,0,68
2025-09-10,SKU005,WH002,295,5,0,15,0,0,285
2025-09-10,SKU078,WH002,20,7,0,12,0,0,15
2025-09-10,SKU006,WH003,44,15,36,26,0,0,69
2025-09-10,SKU148,WH004,291,6,16,17,0,2,294
2025-09-10,SKU077,WH002,45,5,0,11,0,1,38
2025-09-10,SKU088,WH004,36,3,0,6,0,0,33
2025-09-10,SKU051,WH005,97,22,0,7,0,0,112
2025-09-10,SKU132,WH004,240,12,0,30,1,0,221
2025-09-10,SKU004,WH003,89,13,0,7,0,0,95
2025-09-10,SKU094,WH002,665,4,0,33,0,1,635
2025-09-10,SKU110,WH002,201,16,0,29,0,0,188
2025-09-11,SKU145,WH001,128,14,0,26,0,0,116
2025-09-11,SKU008,WH004,374,7,55,37,1,0,398
2025-09-11,SKU041,WH001,172,16,0,21,0,0,167
2025-09-11,SKU112,WH004,80,7,0,5,0,0,82
2025-09-11,SKU043,WH004,116,7,0,15,0,1,107
2025-09-11,SKU062,WH001,170,8,0,13,0,0,165
2025-09-11,SKU120,WH003,264,0,0,13,0,1,250
2025-09-11,SKU033,WH002,353,3,0,40,0,1,315
2025-09-11,SKU129,WH004,249,19,20,16,0,1,271
2025-09-11,SKU141,WH005,20,12,4,6,1,0,29
2025-09-11,SKU085,WH005,37,4,0,42,0,0,0
2025-09-11,SKU119,WH001,399,20,0,19,0,0,400
2025-09-11,SKU080,WH002,92,8,9,6,0,0,103
2025-09-11,SKU104,WH005,337,16,12,15,0,1,349
2025-09-11,SKU044,WH003,458,14,0,24,1,0,447
2025-09-11,SKU012,WH001,128,4,0,7,1,0,124
2025-09-11,SKU001,WH001,173,21,0,10,0,1,183
2025-09-11,SKU013,WH003,55,11,0,14,0,0,52
2025-09-11,SKU130,WH005,96,3,0,15,0,1,83
2025-09-11,SKU053,WH002,113,6,0,23,0,0,96
2025-09-11,SKU045,WH002,84,15,0,13,0,0,86
2025-09-11,SKU056,WH001,140,8,28,18,0,0,158
2025-09-11,SKU031,WH001,288,3,0,20,0,0,271
2025-09-11,SKU148,WH003,147,5,0,17,0,0,135
2025-09-11,SKU093,WH003,739,2,0,32,1,1,707
2025-09-11,SKU092,WH004,193,13,0,22,1,0,183
2025-09-11,SKU101,WH001,274,2,0,25,0,1,250
2025-09-11,SKU132,WH003,527,13,0,25,1,0,514
2025-09-11,SKU017,WH001,32,18,0,35,1,0,14
2025-09-11,SKU115,WH004,38,1,0,14,0,0,25
2025-09-11,SKU037,WH001,309,20,0,14,0,0,315
2025-09-11,SKU028,WH003,123,13,0,14,0,0,122
2025-09-11,SKU087,WH002,88,12,26,29,1,0,96
2025-09-11,SKU065,WH005,40,17,0,10,0,0,47
2025-09-11,SKU027,WH001,263,8,0,21,2,0,248
2025-09-11,SKU067,WH003,337,7,0,27,0,1,316
2025-09-11,SKU069,WH004,710,2,0,38,2,0,672
2025-09-11,SKU089,WH002,33,16,0,3,0,0,46
2025-09-11,SKU133,WH002,271,24,0,8,0,0,287
2025-09-11,SKU140,WH005,365,6,0,22,0,1,348
2025-09-11,SKU124,WH004,243,4,0,18,1,0,228
2025-09-11,SKU106,WH002,414,22,34,24,0,0,446
2025-09-11,SKU078,WH005,136,10,6,14,0,1,137
2025-09-11,SKU047,WH002,159,7,10,15,0,0,161
2025-09-11,SKU015,WH002,35,5,5,8,0,0,37
2025-09-12,SKU115,WH002,165,5,0,16,0,0,154
2025-09-12,SKU141,WH004,82,21,0,7,1,1,94
2025-09-12,SKU135,WH001,88,7,20,13,0,0,102
2025-09-12,SKU099,WH005,409,15,0,23,0,1,400
2025-09-12,SKU013,WH001,209,12,21,15,0,0,227
2025-09-12,SKU069,WH005,153,7,0,29,1,0,130
2025-09-12,SKU016,WH001,140,10,0,17,0,0,133
2025-09-12,SKU040,WH003,215,16,0,16,0,0,215
2025-09-12,SKU139,WH001,403,5,0,39,0,2,367
2025-09-12,SKU030,WH001,165,16,0,22,0,0,159
2025-09-12,SKU088,WH001,97,7,0,9,0,0,95
2025-09-12,SKU006,WH005,428,13,36,18,0,0,459
2025-09-12,SKU124,WH005,73,4,15,12,0,0,80
2025-09-12,SKU025,WH002,341,9,0,19,0,0,331
2025-09-12,SKU045,WH004,364,14,0,8,1,1,368
2025-09-12,SKU032,WH005,96,8,0,5,0,0,99
2025-09-12,SKU043,WH005,149,3,0,14,1,0,137
2025-09-12,SKU072,WH005,373,6,43,45,2,0,375
2025-09-12,SKU113,WH005,154,18,0,20,0,0,152
2025-09-12,SKU015,WH005,25,6,0,4,1,1,25
2025-09-12,SKU063,WH004,439,13,0,38,1,1,412
2025-09-12,SKU059,WH001,149,21,0,3,0,0,167
2025-09-12,SKU121,WH003,239,12,24,11,0,0,264
2025-09-12,SKU004,WH003,125,19,0,12,0,0,132
2025-09-12,SKU074,WH005,240,22,0,30,1,0,231
2025-09-12,SKU109,WH002,218,5,0,12,0,1,210
2025-09-12,SKU096,WH003,289,18,0,36,0,2,269
2025-09-12,SKU106,WH005,598,14,0,35,0,5,572
2025-09-12,SKU036,WH004,121,17,0,14,0,0,124
2025-09-12,SKU026,WH001,173,4,0,19,1,0,157
2025-09-12,SKU085,WH005,560,1,45,35,0,1,570
2025-09-12,SKU061,WH004,57,7,0,5,0,0,59
2025-09-12,SKU104,WH005,112,22,0,10,0,0,124
2025-09-12,SKU123,WH003,92,14,10,7,0,0,109
2025-09-12,SKU140,WH001,316,13,0,20,0,1,308
2025-09-12,SKU008,WH001,472,4,42,40,1,0,477
2025-09-12,SKU133,WH003,87,13,0,12,0,0,88
2025-09-12,SKU083,WH003,277,2,21,22,0,0,278
2025-09-12,SKU050,WH002,292,6,40,40,0,0,298
2025-09-12,SKU149,WH003,286,6,0,32,0,0,260
2025-09-12,SKU091,WH004,86,11,0,7,0,0,90
2025-09-12,SKU041,WH003,165,11,0,30,0,0,146
2025-09-12,SKU148,WH001,91,1,0,18,0,0,74
2025-09-12,SKU080,WH002,71,15,0,6,0,0,80
2025-09-12,SKU038,WH001,182,11,0,34,1,0,158
2025-09-13,SKU126,WH004,82,3,0,30,0,0,55
2025-09-13,SKU060,WH001,55,4,0,11,0,1,47
2025-09-13,SKU122,WH003,172,18,0,20,1,0,169
2025-09-13,SKU142,WH005,238,3,31,25,0,1,246
2025-09-13,SKU138,WH001,174,11,0,5,0,0,180
2025-09-13,SKU125,WH003,314,5,0,39,1,0,279
2025-09-13,SKU036,WH003,94,20,0,17,0,1,96
2025-09-13,SKU024,WH001,222,11,13,15,0,1,230
2025-09-13,SKU116,WH002,648,11,0,25,0,1,633
2025-09-13,SKU004,WH004,109,23,6,10,0,0,128
2025-09-13,SKU068,WH003,119,5,0,7,0,0,117
2025-09-13,SKU098,WH001,672,5,0,26,0,2,649
2025-09-13,SKU139,WH001,395,9,0,32,0,1,371
2025-09-13,SKU069,WH004,253,1,0,30,0,0,224
2025-09-13,SKU044,WH001,354,24,32,37,1,0,372
2025-09-13,SKU001,WH004,106,16,13,15,0,0,120
2025-09-13,SKU119,WH003,150,17,0,15,0,0,152
2025-09-13,SKU065,WH003,78,22,11,12,0,0,99
2025-09-13,SKU019,WH001,175,21,0,27,0,0,169
2025-09-13,SKU117,WH005,30,0,0,7,0,0,23
2025-09-13,SKU006,WH002,500,16,0,24,0,2,490
2025-09-13,SKU105,WH002,40,10,0,7,0,0,43
2025-09-13,SKU097,WH001,70,17,11,7,0,0,91
2025-09-13,SKU037,WH004,177,17,0,25,0,0,169
2025-09-13,SKU087,WH003,553,17,0,22,0,0,548
2025-09-13,SKU027,WH001,201,4,0,19,0,0,186
2025-09-13,SKU072,WH004,335,5,47,30,0,0,357
2025-09-13,SKU054,WH005,126,13,0,20,0,1,118
2025-09-13,SKU081,WH003,650,11,0,30,0,0,631
2025-09-13,SKU073,WH002,337,9,0,33,0,1,312
2025-09-13,SKU107,WH002,38,5,0,22,0,0,21
2025-09-13,SKU013,WH001,82,17,0,10,0,0,89
2025-09-13,SKU009,WH002,55,15,0,6,0,0,64
2025-09-13,SKU124,WH003,69,7,0,11,0,0,65
2025-09-13,SKU101,WH003,149,6,0,17,0,0,138
2025-09-13,SKU045,WH003,164,10,0,8,0,1,165
2025-09-13,SKU048,WH003,61,12,6,10,0,0,69
2025-09-13,SKU149,WH002,404,11,0,26,0,2,387
2025-09-13,SKU062,WH005,177,9,15,9,0,0,192
2025-09-13,SKU143,WH002,12,9,12,13,1,0,19
2025-09-13,SKU008,WH004,238,4,35,27,1,0,249
2025-09-13,SKU099,WH002,80,10,0,23,0,0,67
2025-09-13,SKU023,WH003,345,21,19,17,2,0,366
2025-09-13,SKU093,WH002,233,0,45,33,1,0,244
2025-09-13,SKU078,WH003,120,6,0,14,1,0,111
2025-09-14,SKU048,WH002,146,14,0,12,0,1,147
2025-09-14,SKU008,WH004,325,4,46,40,0,1,334
2025-09-14,SKU060,WH005,116,12,25,16,0,0,137
2025-09-14,SKU070,WH003,178,8,0,23,0,1,162
2025-09-14,SKU142,WH003,491,7,0,21,0,0,477
2025-09-14,SKU092,WH002,131,9,0,22,0,0,118
2025-09-14,SKU098,WH004,275,2,29,31,0,0,275
2025-09-14,SKU104,WH004,42,14,0,13,0,0,43
2025-09-14,SKU018,WH005,39,5,0,17,0,0,27
2025-09-14,SKU099,WH002,220,9,0,37,0,0,192
2025-09-14,SKU054,WH001,235,14,0,29,0,0,220
2025-09-14,SKU143,WH001,186,21,0,9,1,0,197
2025-09-14,SKU089,WH002,23,17,0,7,0,0,33
2025-09-14,SKU117,WH002,131,8,6,14,0,1,130
2025-09-14,SKU110,WH001,182,10,0,14,0,1,177
2025-09-14,SKU007,WH002,240,8,0,15,0,2,231
2025-09-14,SKU074,WH002,254,16,0,35,0,1,234
2025-09-14,SKU038,WH004,380,16,34,33,0,0,397
2025-09-14,SKU106,WH003,372,22,42,27,0,1,408
2025-09-14,SKU046,WH002,342,14,32,23,1,2,362
2025-09-14,SKU075,WH002,131,13,18,14,0,0,148
2025-09-14,SKU049,WH002,248,8,0,16,0,2,238
2025-09-14,SKU019,WH003,315,13,37,32,0,1,332
2025-09-14,SKU109,WH002,73,5,0,7,0,1,70
2025-09-14,SKU146,WH002,268,12,0,23,0,0,257
2025-09-14,SKU021,WH005,75,10,0,14,0,0,71
2025-09-14,SKU022,WH001,969,25,0,23,0,4,967
2025-09-14,SKU101,WH003,158,5,0,33,0,1,129
2025-09-14,SKU091,WH001,120,17,0,3,0,0,134
2025-09-14,SKU122,WH001,162,20,23,19,0,0,186
2025-09-14,SKU139,WH004,177,10,0,29,0,3,155
2025-09-14,SKU129,WH002,274,16,0,23,0,0,267
2025-09-14,SKU017,WH001,162,22,0,29,0,0,155
2025-09-14,SKU096,WH005,94,16,0,26,0,0,84
2025-09-14,SKU085,WH002,543,4,37,34,0,1,549
2025-09-14,SKU041,WH002,97,11,0,21,0,0,87
2025-09-14,SKU020,WH004,94,10,9,3,0,0,110
2025-09-14,SKU128,WH005,71,2,0,17,1,0,55
2025-09-14,SKU006,WH003,152,13,22,26,0,0,161
2025-09-14,SKU119,WH004,248,14,0,13,0,0,249
2025-09-14,SKU135,WH005,95,6,0,14,0,0,87
2025-09-14,SKU094,WH002,721,6,29,28,1,0,727
2025-09-14,SKU029,WH004,137,14,0,23,1,0,127
2025-09-14,SKU114,WH005,174,10,0,12,0,1,171
2025-09-14,SKU042,WH003,20,13,0,7,0,0,26
2025-09-15,SKU150,WH005,283,19,0,28,0,1,273
2025-09-15,SKU039,WH003,275,11,0,35,2,0,249
2025-09-15,SKU009,WH001,106,14,9,8,0,1,120
2025-09-15,SKU075,WH002,303,4,0,18,0,0,289
2025-09-15,SKU115,WH004,252,6,0,12,1,1,244
2025-09-15,SKU067,WH005,349,10,0,19,0,0,340
2025-09-15,SKU120,WH005,69,3,0,10,0,0,62
2025-09-15,SKU072,WH001,414,4,0,30,0,1,387
2025-09-15,SKU147,WH001,493,4,29,33,0,2,491
2025-09-15,SKU122,WH005,138,18,0,13,0,0,143
2025-09-15,SKU049,WH003,152,8,0,18,0,0,142
2025-09-15,SKU113,WH005,48,11,19,12,1,0,65
2025-09-15,SKU005,WH002,129,4,12,14,1,0,130
2025-09-15,SKU114,WH003,161,5,0,11,0,0,155
2025-09-15,SKU131,WH004,86,6,0,7,0,0,85
2025-09-15,SKU003,WH003,129,16,0,7,0,1,137
2025-09-15,SKU077,WH005,135,3,0,15,0,0,123
2025-09-15,SKU146,WH003,614,16,0,24,0,0,606
2025-09-15,SKU126,WH003,299,3,0,25,1,0,276
2025-09-15,SKU019,WH004,147,20,0,26,1,0,140
2025-09-15,SKU015,WH001,58,1,0,7,0,0,52
2025-09-15,SKU016,WH003,117,11,0,17,0,0,111
2025-09-15,SKU002,WH003,191,5,31,19,0,0,208
2025-09-15,SKU135,WH001,209,5,0,9,0,1,204
2025-09-15,SKU050,WH001,568,9,0,32,1,1,543
2025-09-15,SKU101,WH001,510,1,0,20,0,1,490
2025-09-15,SKU127,WH004,203,7,0,29,0,0,181
2025-09-15,SKU044,WH003,127,17,0,39,0,0,105
2025-09-15,SKU119,WH005,442,18,0,29,0,2,429
2025-09-15,SKU014,WH004,723,4,0,40,0,1,686
2025-09-15,SKU041,WH002,388,9,0,32,0,0,365
2025-09-15,SKU029,WH004,477,14,42,22,1,1,509
2025-09-15,SKU063,WH002,399,10,0,22,0,1,386
2025-09-15,SKU095,WH002,40,9,0,8,0,0,41
2025-09-15,SKU060,WH003,49,10,0,19,0,0,40
2025-09-15,SKU048,WH001,239,9,7,7,0,1,247
2025-09-15,SKU097,WH002,50,11,5,7,0,0,59
2025-09-15,SKU087,WH002,151,12,0,23,1,1,138
2025-09-15,SKU023,WH004,146,12,27,11,0,1,173
2025-09-15,SKU065,WH001,91,14,0,10,0,0,95
2025-09-15,SKU102,WH001,492,11,30,32,0,2,499
2025-09-15,SKU059,WH001,74,8,0,5,0,1,76
2025-09-15,SKU130,WH003,210,6,0,12,0,0,204
2025-09-15,SKU125,WH001,392,2,0,35,0,1,358
2025-09-15,SKU064,WH005,119,19,0,18,0,0,120
2025-09-16,SKU038,WH002,243,18,0,25,0,0,236
2025-09-16,SKU116,WH003,201,26,0,28,0,0,199
2025-09-16,SKU136,WH005,199,11,0,21,0,1,188
2025-09-16,SKU009,WH004,55,23,0,8,0,0,70
2025-09-16,SKU034,WH002,320,9,0,21,0,1,307
2025-09-16,SKU021,WH005,87,21,0,13,0,0,95
2025-09-16,SKU035,WH004,387,13,0,16,0,0,384
2025-09-16,SKU070,WH004,149,22,24,26,0,0,169
2025-09-16,SKU082,WH001,325,9,0,25,0,0,309
2025-09-16,SKU088,WH001,48,7,0,2,0,0,53
2025-09-16,SKU031,WH003,73,7,33,34,0,0,79
2025-09-16,SKU068,WH005,46,8,0,9,1,0,44
2025-09-16,SKU122,WH001,473,8,27,13,0,1,494
2025-09-16,SKU019,WH002,459,19,48,22,0,1,503
2025-09-16,SKU036,WH003,242,11,0,20,0,1,232
2025-09-16,SKU042,WH004,51,22,0,3,0,0,70
2025-09-16,SKU033,WH005,360,4,32,26,0,0,370
2025-09-16,SKU111,WH002,301,17,0,26,0,1,291
2025-09-16,SKU073,WH004,290,5,0,31,0,1,263
2025-09-16,SKU016,WH005,122,5,0,12,0,0,115
2025-09-16,SKU083,WH003,286,4,0,29,0,0,261
2025-09-16,SKU003,WH002,50,12,0,6,0,0,56
2025-09-16,SKU043,WH005,145,8,0,14,0,0,139
2025-09-16,SKU146,WH003,265,10,0,20,0,0,255
2025-09-16,SKU018,WH004,227,10,23,12,0,0,248
2025-09-16,SKU084,WH004,70,2,0,3,0,0,69
2025-09-16,SKU065,WH005,180,20,9,10,0,0,199
2025-09-16,SKU124,WH004,324,9,0,14,0,1,318
2025-09-16,SKU023,WH004,225,17,0,23,0,1,218
2025-09-16,SKU075,WH003,356,13,0,11,0,1,357
2025-09-16,SKU118,WH003,121,19,19,21,0,0,138
2025-09-16,SKU015,WH001,193,5,0,3,0,0,195
2025-09-16,SKU113,WH002,79,20,0,15,0,0,84
2025-09-16,SKU008,WH001,263,5,0,27,0,0,241
2025-09-16,SKU054,WH004,257,9,0,21,0,1,244
2025-09-16,SKU103,WH005,65,13,0,3,0,0,75
2025-09-16,SKU133,WH005,45,22,0,4,0,0,63
2025-09-16,SKU087,WH002,126,12,0,27,0,0,111
2025-09-16,SKU130,WH005,254,1,0,14,0,1,240
2025-09-16,SKU077,WH004,365,6,21,13,0,0,379
2025-09-16,SKU002,WH002,570,7,0,32,0,0,545
2025-09-16,SKU078,WH002,90,9,0,20,1,0,78
2025-09-16,SKU112,WH004,148,9,0,6,0,0,151
2025-09-16,SKU148,WH001,76,3,0,18,0,0,61
2025-09-16,SKU093,WH001,620,2,44,31,0,1,634
2025-09-17,SKU057,WH003,350,24,0,26,0,0,348
2025-09-17,SKU063,WH003,120,11,0,28,0,0,103
2025-09-17,SKU048,WH001,150,17,0,7,0,0,160
2025-09-17,SKU065,WH002,61,24,0,7,0,0,78
2025-09-17,SKU143,WH002,245,13,21,16,0,0,263
2025-09-17,SKU004,WH001,193,13,0,12,0,0,194
2025-09-17,SKU085,WH004,186,2,0,32,0,0,156
2025-09-17,SKU034,WH003,118,11,0,28,0,0,101
2025-09-17,SKU081,WH001,357,14,27,18,0,0,380
2025-09-17,SKU104,WH005,150,14,0,9,0,0,155
2025-09-17,SKU097,WH001,68,14,0,0,0,0,82
2025-09-17,SKU131,WH002,92,11,11,8,0,0,106
2025-09-17,SKU139,WH005,255,17,0,19,0,1,252
2025-09-17,SKU098,WH001,296,5,26,25,0,2,300
2025-09-17,SKU077,WH005,151,3,0,11,0,0,143
2025-09-17,SKU011,WH004,277,5,0,20,0,0,262
2025-09-17,SKU047,WH005,86,9,0,9,0,0,86
2025-09-17,SKU046,WH004,541,18,0,22,0,2,535
2025-09-17,SKU145,WH001,686,11,0,33,0,3,661
2025-09-17,SKU134,WH004,108,6,0,22,0,0,92
2025-09-17,SKU101,WH003,205,4,28,25,0,0,212
2025-09-17,SKU058,WH005,583,11,0,28,0,2,564
2025-09-17,SKU001,WH005,164,22,0,10,0,0,176
2025-09-17,SKU089,WH001,45,18,0,7,1,0,55
2025-09-17,SKU052,WH005,198,7,8,7,0,0,206
2025-09-17,SKU135,WH005,153,11,0,16,0,1,147
2025-09-17,SKU027,WH002,293,11,0,17,0,1,286
2025-09-17,SKU030,WH001,206,9,0,23,0,0,192
2025-09-17,SKU124,WH002,312,4,11,15,0,0,312
2025-09-17,SKU087,WH002,612,15,0,25,1,2,599
2025-09-17,SKU009,WH001,115,13,4,12,0,0,120
2025-09-17,SKU019,WH005,405,26,0,23,0,2,406
2025-09-17,SKU041,WH004,192,13,0,24,0,0,181
2025-09-17,SKU014,WH002,284,1,0,37,1,1,246
2025-09-17,SKU035,WH004,234,19,0,25,0,0,228
2025-09-17,SKU040,WH003,174,20,15,13,0,1,195
2025-09-17,SKU018,WH001,133,12,0,24,0,0,121
2025-09-17,SKU080,WH002,52,25,11,12,1,0,75
2025-09-17,SKU061,WH005,23,7,0,5,0,0,25
2025-09-17,SKU031,WH002,310,4,44,29,0,2,327
2025-09-17,SKU105,WH001,52,10,3,2,0,0,63
2025-09-17,SKU023,WH005,298,14,0,25,0,0,287
2025-09-17,SKU078,WH004,71,14,0,16,0,0,69
2025-09-17,SKU122,WH002,180,17,0,12,0,0,185
2025-09-17,SKU148,WH001,34,2,20,16,0,0,40
2025-09-18,SKU127,WH005,173,3,0,29,1,1,145
2025-09-18,SKU119,WH001,414,16,0,18,0,1,411
2025-09-18,SKU145,WH002,174,20,0,37,1,1,155
2025-09-18,SKU121,WH001,127,15,20,15,0,1,146
2025-09-18,SKU072,WH005,361,6,35,26,0,0,376
2025-09-18,SKU046,WH004,180,14,0,34,0,0,160
2025-09-18,SKU030,WH001,366,17,19,24,0,0,378
2025-09-18,SKU061,WH003,97,15,0,5,0,0,107
2025-09-18,SKU088,WH002,59,11,0,5,0,0,65
2025-09-18,SKU148,WH001,85,5,0,13,0,0,77
2025-09-18,SKU044,WH003,377,19,0,36,0,0,360
2025-09-18,SKU100,WH004,225,14,0,29,0,0,210
2025-09-18,SKU137,WH001,166,14,0,7,0,0,173
2025-09-18,SKU128,WH003,85,5,9,11,0,0,88
2025-09-18,SKU082,WH001,183,7,27,13,1,1,202
2025-09-18,SKU122,WH003,130,18,0,19,0,0,129
2025-09-18,SKU116,WH004,272,15,31,34,0,0,284
2025-09-18,SKU033,WH002,275,4,0,30,0,0,249
2025-09-18,SKU084,WH002,20,0,0,4,0,0,16
2025-09-18,SKU093,WH003,387,1,0,43,0,2,343
2025-09-18,SKU018,WH003,210,9,0,21,0,0,198
2025-09-18,SKU108,WH004,385,10,0,39,0,0,356
2025-09-18,SKU051,WH001,162,22,0,7,0,0,177
2025-09-18,SKU059,WH002,17,24,6,5,0,0,42
2025-09-18,SKU076,WH005,308,8,20,18,0,0,318
2025-09-18,SKU013,WH003,55,15,19,14,0,0,75
2025-09-18,SKU047,WH005,42,10,11,10,1,0,52
2025-09-18,SKU095,WH003,31,20,9,11,0,1,48
2025-09-18,SKU144,WH004,85,11,0,12,0,0,84
2025-09-18,SKU041,WH004,154,14,0,33,0,0,135
2025-09-18,SKU069,WH002,210,3,0,34,0,0,179
2025-09-18,SKU035,WH003,94,21,0,23,1,2,89
2025-09-18,SKU020,WH004,163,15,10,13,0,1,174
2025-09-18,SKU070,WH001,412,10,0,12,1,1,408
2025-09-18,SKU024,WH005,358,17,0,18,0,0,357
2025-09-18,SKU135,WH004,131,9,0,17,0,0,123
2025-09-18,SKU136,WH004,190,13,0,22,0,0,181
2025-09-18,SKU027,WH004,71,4,20,18,0,0,77
2025-09-18,SKU099,WH005,131,14,0,28,0,0,117
2025-09-18,SKU029,WH002,202,10,0,17,0,0,195
2025-09-18,SKU007,WH005,220,14,0,7,0,0,227
2025-09-18,SKU101,WH002,215,1,29,19,0,1,225
2025-09-18,SKU034,WH001,533,8,0,15,0,0,526
2025-09-18,SKU014,WH001,60,2,32,34,0,0,60
2025-09-18,SKU053,WH004,122,11,23,19,0,0,137
2025-09-19,SKU082,WH002,452,6,34,26,0,2,464
2025-09-19,SKU058,WH001,348,9,0,15,0,0,342
2025-09-19,SKU035,WH003,127,18,0,30,0,0,115
2025-09-19,SKU006,WH002,365,14,0,26,0,0,353
2025-09-19,SKU049,WH001,203,0,0,23,1,0,179
2025-09-19,SKU108,WH005,185,15,35,29,0,0,206
2025-09-19,SKU001,WH003,280,16,0,16,0,0,280
2025-09-19,SKU032,WH004,120,19,0,7,0,0,132
2025-09-19,SKU007,WH004,121,10,0,9,0,0,122
2025-09-19,SKU138,WH001,84,16,8,4,0,0,104
2025-09-19,SKU117,WH005,145,8,17,3,0,0,167
2025-09-19,SKU011,WH003,122,6,0,27,0,0,101
2025-09-19,SKU083,WH001,110,2,25,15,0,0,122
2025-09-19,SKU144,WH001,46,13,0,8,0,1,50
2025-09-19,SKU062,WH004,176,6,0,14,0,0,168
2025-09-19,SKU037,WH001,108,20,0,17,0,1,110
2025-09-19,SKU041,WH002,909,12,0,24,0,4,893
2025-09-19,SKU146,WH001,96,11,0,26,1,0,80
2025-09-19,SKU145,WH001,173,20,0,19,0,1,173
2025-09-19,SKU015,WH004,86,5,0,4,0,0,87
2025-09-19,SKU105,WH002,25,8,0,8,0,0,25
2025-09-19,SKU089,WH003,34,19,5,4,1,0,53
2025-09-19,SKU013,WH005,17,15,0,11,0,0,21
2025-09-19,SKU097,WH005,127,13,0,8,0,1,131
2025-09-19,SKU025,WH001,90,9,0,13,0,0,86
2025-09-19,SKU119,WH002,191,10,0,16,0,0,185
2025-09-19,SKU016,WH001,143,6,0,21,0,0,128
2025-09-19,SKU110,WH004,405,16,0,21,1,0,399
2025-09-19,SKU109,WH005,101,8,13,13,0,0,109
2025-09-19,SKU078,WH001,232,5,0,15,0,1,221
2025-09-19,SKU088,WH005,14,14,0,5,0,0,23
2025-09-19,SKU022,WH002,199,18,29,24,0,2,220
2025-09-19,SKU135,WH002,46,16,0,14,0,0,48
2025-09-19,SKU072,WH004,142,1,0,28,0,1,114
2025-09-19,SKU092,WH003,161,16,0,28,0,0,149
2025-09-19,SKU028,WH004,478,10,0,14,0,2,472
2025-09-19,SKU124,WH005,249,13,0,11,0,1,250
2025-09-19,SKU033,WH003,292,5,0,17,0,1,279
2025-09-19,SKU063,WH002,290,15,45,28,1,0,321
2025-09-19,SKU053,WH001,426,12,24,26,0,0,436
2025-09-19,SKU039,WH001,489,9,0,29,1,1,467
2025-09-19,SKU143,WH001,300,16,0,10,0,0,306
2025-09-19,SKU148,WH005,41,2,0,14,0,0,29
2025-09-19,SKU114,WH003,84,11,0,14,0,0,81
2025-09-19,SKU130,WH005,324,2,0,30,1,1,294
2025-09-20,SKU010,WH004,277,9,0,43,2,2,239
2025-09-20,SKU019,WH001,113,18,0,38,0,0,93
2025-09-20,SKU083,WH002,524,1,0,20,1,1,503
2025-09-20,SKU101,WH001,228,3,0,29,0,0,202
2025-09-20,SKU061,WH003,42,7,0,3,0,0,46
2025-09-20,SKU120,WH002,148,1,21,16,0,0,154
2025-09-20,SKU007,WH001,90,9,11,15,1,0,94
2025-09-20,SKU012,WH005,38,6,0,6,1,0,37
2025-09-20,SKU028,WH004,196,13,0,21,0,0,188
2025-09-20,SKU116,WH001,769,14,31,19,0,1,794
2025-09-20,SKU113,WH001,45,16,0,13,0,0,48
2025-09-20,SKU015,WH002,110,3,0,7,0,0,106
2025-09-20,SKU011,WH001,713,4,0,30,2,0,685
2025-09-20,SKU079,WH002,72,7,0,28,0,0,51
2025-09-20,SKU071,WH005,35,9,6,9,0,0,41
2025-09-20,SKU026,WH002,340,3,31,22,1,0,351
2025-09-20,SKU033,WH005,298,6,0,29,0,1,274
2025-09-20,SKU041,WH004,245,10,31,25,0,1,260
2025-09-20,SKU109,WH005,201,8,10,9,0,0,210
2025-09-20,SKU052,WH004,71,8,0,5,0,0,74
2025-09-20,SKU144,WH004,82,18,0,5,0,0,95
2025-09-20,SKU074,WH004,423,18,0,52,0,0,389
2025-09-20,SKU037,WH004,404,19,0,18,0,1,404
2025-09-20,SKU005,WH002,151,7,0,10,1,0,147
2025-09-20,SKU068,WH001,88,6,0,5,0,0,89
2025-09-20,SKU023,WH005,241,10,0,23,0,1,227
2025-09-20,SKU150,WH004,185,17,16,19,1,0,198
2025-09-20,SKU042,WH001,88,18,0,5,0,0,101
2025-09-20,SKU115,WH001,232,7,0,12,0,0,227
2025-09-20,SKU024,WH003,243,13,0,14,1,1,240
2025-09-20,SKU084,WH002,15,6,3,3,0,0,21
2025-09-20,SKU103,WH003,72,12,0,6,0,0,78
2025-09-20,SKU089,WH002,35,23,0,7,0,0,51
2025-09-20,SKU014,WH001,772,8,0,36,1,1,742
2025-09-20,SKU097,WH004,69,7,0,9,0,0,67
2025-09-20,SKU149,WH005,790,11,0,30,1,3,767
2025-09-20,SKU065,WH004,137,22,0,9,0,0,150
2025-09-20,SKU048,WH001,25,14,6,7,0,0,38
2025-09-20,SKU123,WH004,50,9,0,11,0,0,48
2025-09-20,SKU076,WH003,98,13,17,23,1,0,104
2025-09-20,SKU004,WH004,69,12,9,7,0,0,83
2025-09-20,SKU080,WH001,66,12,9,7,0,0,80
2025-09-20,SKU138,WH002,78,13,7,5,0,0,93
2025-09-20,SKU016,WH003,322,10,17,12,1,0,336
2025-09-20,SKU093,WH003,98,0,0,41,0,0,57
2025-09-21,SKU108,WH004,253,11,0,33,0,0,231
2025-09-21,SKU006,WH005,352,13,31,26,0,1,369
2025-09-21,SKU065,WH004,103,22,0,8,0,0,117
2025-09-21,SKU046,WH004,533,19,0,24,0,0,528
2025-09-21,SKU010,WH002,582,10,0,30,0,0,562
2025-09-21,SKU110,WH003,480,17,22,26,0,3,490
2025-09-21,SKU032,WH001,28,15,0,6,0,0,37
2025-09-21,SKU041,WH002,776,15,0,28,0,2,761
2025-09-21,SKU070,WH002,158,8,21,19,0,0,168
2025-09-21,SKU050,WH001,261,5,0,36,0,0,230
2025-09-21,SKU021,WH003,118,15,21,22,0,1,131
2025-09-21,SKU040,WH005,173,19,16,23,0,0,185
2025-09-21,SKU135,WH001,101,5,20,9,0,1,116
2025-09-21,SKU089,WH005,66,13,0,6,1,0,72
2025-09-21,SKU072,WH003,96,3,0,27,0,0,72
2025-09-21,SKU085,WH005,556,2,0,27,0,1,530
2025-09-21,SKU079,WH004,231,7,43,24,0,0,257
2025-09-21,SKU025,WH005,86,26,0,19,0,0,93
2025-09-21,SKU090,WH001,174,1,29,11,0,0,193
2025-09-21,SKU073,WH003,559,4,0,35,0,1,527
2025-09-21,SKU134,WH004,143,6,0,33,0,0,116
2025-09-21,SKU038,WH004,166,12,0,31,0,0,147
2025-09-21,SKU007,WH004,101,11,0,19,0,0,93
2025-09-21,SKU026,WH003,287,3,0,20,0,0,270
2025-09-21,SKU017,WH005,110,14,0,27,0,0,97
2025-09-21,SKU045,WH002,449,17,10,20,0,0,456
2025-09-21,SKU023,WH003,455,13,0,19,0,2,447
2025-09-21,SKU105,WH002,33,7,0,5,0,0,35
2025-09-21,SKU002,WH002,302,8,0,30,0,0,280
2025-09-21,SKU128,WH002,65,5,0,9,0,0,61
2025-09-21,SKU147,WH005,281,4,29,21,0,0,293
2025-09-21,SKU068,WH004,12,3,0,7,0,0,8
2025-09-21,SKU004,WH001,106,13,0,9,0,2,108
2025-09-21,SKU033,WH001,301,2,37,22,0,0,318
2025-09-21,SKU015,WH002,95,5,9,5,0,0,104
2025-09-21,SKU055,WH001,330,23,0,18,1,0,334
2025-09-21,SKU019,WH002,1215,18,0,32,0,2,1199
2025-09-21,SKU143,WH003,145,14,13,6,0,0,166
2025-09-21,SKU091,WH004,113,12,0,8,0,0,117
2025-09-21,SKU140,WH003,389,9,0,20,0,0,378
2025-09-21,SKU145,WH005,505,21,0,28,0,0,498
2025-09-21,SKU122,WH004,316,16,18,17,1,0,332
2025-09-21,SKU114,WH003,87,10,0,20,0,0,77
2025-09-21,SKU062,WH002,173,6,21,13,0,1,186
2025-09-21,SKU142,WH001,201,3,0,35,1,0,168
2025-09-22,SKU057,WH004,182,17,0,29,0,0,170
2025-09-22,SKU029,WH003,105,7,0,30,0,0,82
2025-09-22,SKU102,WH005,383,19,22,19,1,1,403
2025-09-22,SKU076,WH005,83,10,0,16,0,0,77
2025-09-22,SKU002,WH002,228,5,0,37,1,1,194
2025-09-22,SKU041,WH001,210,10,0,22,1,2,195
2025-09-22,SKU145,WH005,380,12,46,24,0,0,414
2025-09-22,SKU051,WH004,43,10,0,4,0,0,49
2025-09-22,SKU135,WH001,112,10,0,13,0,1,108
2025-09-22,SKU036,WH003,292,20,0,23,1,0,288
2025-09-22,SKU078,WH004,84,10,0,9,0,0,85
2025-09-22,SKU059,WH005,55,12,0,10,0,0,57
2025-09-22,SKU028,WH001,381,15,0,17,0,0,379
2025-09-22,SKU122,WH004,248,21,20,15,0,0,274
2025-09-22,SKU121,WH005,111,11,0,16,0,0,106
2025-09-22,SKU117,WH003,269,7,0,9,0,1,266
2025-09-22,SKU099,WH003,62,9,0,28,0,0,43
2025-09-22,SKU112,WH004,24,10,0,9,0,0,25
2025-09-22,SKU113,WH003,129,17,22,7,0,0,161
2025-09-22,SKU017,WH001,298,20,0,32,0,1,285
2025-09-22,SKU065,WH005,120,12,0,9,0,0,123
2025-09-22,SKU010,WH004,458,16,0,21,0,1,452
2025-09-22,SKU106,WH004,589,13,0,34,0,0,568
2025-09-22,SKU143,WH001,140,14,0,14,0,2,138
2025-09-22,SKU009,WH003,54,11,14,9,0,0,70
2025-09-22,SKU014,WH001,865,3,42,38,0,1,871
2025-09-22,SKU139,WH005,116,4,0,34,0,1,85
2025-09-22,SKU126,WH005,341,3,39,33,0,0,350
2025-09-22,SKU089,WH004,39,12,0,3,0,1,47
2025-09-22,SKU124,WH003,94,7,0,11,0,2,88
2025-09-22,SKU008,WH001,238,10,33,24,0,0,257
2025-09-22,SKU007,WH002,269,5,16,15,0,0,275
2025-09-22,SKU022,WH001,296,21,23,26,1,1,312
2025-09-22,SKU132,WH005,327,12,41,41,1,0,338
2025-09-22,SKU043,WH004,205,2,0,12,0,0,195
2025-09-22,SKU084,WH005,94,6,0,4,0,0,96
2025-09-22,SKU049,WH003,194,9,18,19,0,0,202
2025-09-22,SKU097,WH004,31,7,0,5,0,0,33
2025-09-22,SKU120,WH002,125,3,0,10,0,0,118
2025-09-22,SKU054,WH004,248,14,20,13,0,0,269
2025-09-22,SKU090,WH004,162,4,0,17,2,2,145
2025-09-22,SKU056,WH004,448,3,0,21,0,0,430
2025-09-22,SKU111,WH002,478,15,0,47,0,0,446
2025-09-22,SKU130,WH002,153,3,0,14,0,0,142
2025-09-22,SKU048,WH005,124,15,13,8,0,0,144
2025-09-23,SKU080,WH003,52,9,0,7,0,0,54
2025-09-23,SKU126,WH003,460,1,39,30,0,1,469
2025-09-23,SKU132,WH005,414,17,0,30,1,0,400
2025-09-23,SKU046,WH001,351,11,0,32,0,1,329
2025-09-23,SKU115,WH005,175,6,0,14,0,1,166
2025-09-23,SKU122,WH002,531,19,0,20,0,1,529
2025-09-23,SKU033,WH004,397,4,0,32,0,0,369
2025-09-23,SKU018,WH004,29,13,25,16,0,0,51
2025-09-23,SKU045,WH004,399,20,0,19,1,0,399
2025-09-23,SKU123,WH004,106,12,0,5,0,0,113
2025-09-23,SKU029,WH004,220,7,36,30,0,1,232
2025-09-23,SKU144,WH001,129,14,3,7,0,1,138
2025-09-23,SKU011,WH001,146,7,33,29,1,0,156
2025-09-23,SKU037,WH001,250,20,23,17,0,1,275
2025-09-23,SKU143,WH001,236,14,0,9,1,0,240
2025-09-23,SKU055,WH005,359,11,0,22,0,2,346
2025-09-23,SKU003,WH001,118,11,8,10,0,1,126
2025-09-23,SKU120,WH005,398,1,0,18,0,1,380
2025-09-23,SKU125,WH002,28,2,0,27,0,0,3
2025-09-23,SKU148,WH001,312,2,0,14,0,0,300
2025-09-23,SKU015,WH005,49,7,8,7,0,0,57
2025-09-23,SKU106,WH002,659,23,0,33,0,0,649
2025-09-23,SKU137,WH001,69,5,0,1,0,0,73
2025-09-23,SKU026,WH004,204,2,0,21,0,0,185
2025-09-23,SKU112,WH003,107,10,6,6,0,1,116
2025-09-23,SKU020,WH001,168,16,0,18,0,1,165
2025-09-23,SKU135,WH001,322,8,9,21,0,0,318
2025-09-23,SKU054,WH002,296,21,0,23,0,1,293
2025-09-23,SKU069,WH005,836,5,0,22,1,2,816
2025-09-23,SKU127,WH002,427,4,0,25,0,1,405
2025-09-23,SKU031,WH005,51,8,0,35,1,0,23
2025-09-23,SKU059,WH002,25,13,0,8,0,0,30
2025-09-23,SKU141,WH001,189,19,0,5,0,0,203
2025-09-23,SKU130,WH001,211,3,0,13,0,0,201
2025-09-23,SKU097,WH003,74,14,8,6,0,0,90
2025-09-23,SKU024,WH005,161,16,0,17,0,1,159
2025-09-23,SKU028,WH003,217,8,0,12,0,1,212
2025-09-23,SKU117,WH003,110,3,16,8,0,0,121
2025-09-23,SKU063,WH003,504,11,0,38,0,2,475
2025-09-23,SKU096,WH001,138,16,42,41,0,0,155
2025-09-23,SKU043,WH001,445,4,0,11,0,1,437
2025-09-23,SKU129,WH005,221,19,24,26,0,0,238
2025-09-23,SKU095,WH002,210,19,0,6,0,1,222
2025-09-23,SKU078,WH005,123,7,0,12,0,0,118
2025-09-23,SKU107,WH005,204,6,20,20,0,2,208
2025-09-24,SKU004,WH004,26,20,0,8,0,0,38
2025-09-24,SKU130,WH005,260,7,22,21,1,0,267
2025-09-24,SKU139,WH002,147,12,0,27,0,0,132
2025-09-24,SKU072,WH005,309,2,0,35,0,1,275
2025-09-24,SKU119,WH004,154,20,0,19,0,1,154
2025-09-24,SKU017,WH003,355,19,30,32,1,0,371
2025-09-24,SKU012,WH004,75,7,12,6,0,0,88
2025-09-24,SKU112,WH001,93,13,0,3,0,0,103
2025-09-24,SKU147,WH004,352,5,36,26,0,2,365
2025-09-24,SKU036,WH002,155,15,25,27,0,0,168
2025-09-24,SKU098,WH004,226,3,0,18,0,2,209
2025-09-24,SKU025,WH003,140,19,0,16,0,0,143
2025-09-24,SKU005,WH003,53,10,21,11,0,0,73
2025-09-24,SKU013,WH003,369,14,0,20,2,1,360
2025-09-24,SKU134,WH003,125,1,26,37,1,0,114
2025-09-24,SKU092,WH001,615,4,37,34,0,1,621
2025-09-24,SKU079,WH004,97,10,34,23,1,0,117
2025-09-24,SKU122,WH004,285,15,26,22,0,0,304
2025-09-24,SKU067,WH004,586,8,0,23,0,3,568
2025-09-24,SKU026,WH004,200,5,0,26,0,0,179
2025-09-24,SKU066,WH003,50,13,0,16,0,0,47
2025-09-24,SKU115,WH001,156,5,0,11,0,0,150
2025-09-24,SKU014,WH004,573,5,42,28,0,0,592
2025-09-24,SKU143,WH002,155,16,0,16,0,0,155
2025-09-24,SKU132,WH002,419,15,0,39,1,4,390
2025-09-24,SKU077,WH001,218,12,30,16,0,0,244
2025-09-24,SKU078,WH004,82,6,0,16,0,0,72
2025-09-24,SKU094,WH005,277,4,0,21,1,0,259
2025-09-24,SKU055,WH005,377,17,0,19,0,1,374
2025-09-24,SKU100,WH002,174,14,20,12,0,0,196
2025-09-24,SKU024,WH005,275,11,20,19,0,0,287
2025-09-24,SKU124,WH004,65,3,10,20,1,0,57
2025-09-24,SKU096,WH003,100,18,0,37,0,0,81
2025-09-24,SKU010,WH001,237,10,0,36,0,1,210
2025-09-24,SKU113,WH001,134,9,16,13,0,1,145
2025-09-24,SKU087,WH001,201,8,0,21,2,0,186
2025-09-24,SKU104,WH004,33,17,21,8,0,0,63
2025-09-24,SKU125,WH002,379,5,0,32,0,0,352
2025-09-24,SKU128,WH005,54,3,0,13,0,0,44
2025-09-24,SKU103,WH003,82,10,5,8,0,1,88
2025-09-24,SKU046,WH001,336,19,35,30,0,1,359
2025-09-24,SKU015,WH003,47,5,0,12,0,0,40
2025-09-24,SKU082,WH001,193,2,0,18,0,0,177
2025-09-24,SKU034,WH005,440,9,0,13,0,1,435
2025-09-24,SKU070,WH003,250,5,0,24,0,2,229
2025-09-25,SKU086,WH001,382,11,0,19,0,2,372
2025-09-25,SKU059,WH003,74,20,0,2,0,0,92
2025-09-25,SKU050,WH002,267,3,38,37,0,1,270
2025-09-25,SKU039,WH005,502,12,39,34,0,0,519
2025-09-25,SKU002,WH005,46,12,0,27,1,0,30
2025-09-25,SKU010,WH005,173,12,0,35,2,0,148
2025-09-25,SKU078,WH003,171,8,0,15,0,0,164
2025-09-25,SKU052,WH005,137,15,0,7,0,0,145
2025-09-25,SKU032,WH004,9,14,0,8,0,0,15
2025-09-25,SKU041,WH004,293,11,0,21,2,3,278
2025-09-25,SKU007,WH005,51,8,0,13,0,0,46
2025-09-25,SKU121,WH005,68,12,17,17,0,0,80
2025-09-25,SKU131,WH002,97,6,0,9,0,0,94
2025-09-25,SKU123,WH004,82,9,8,6,0,0,93
2025-09-25,SKU120,WH003,59,0,13,13,0,0,59
2025-09-25,SKU140,WH004,253,9,0,29,0,0,233
2025-09-25,SKU019,WH002,158,17,0,28,1,0,146
2025-09-25,SKU141,WH003,46,20,0,6,0,0,60
2025-09-25,SKU068,WH002,66,8,0,10,0,0,64
2025-09-25,SKU046,WH002,189,9,0,35,0,1,162
2025-09-25,SKU145,WH004,370,20,0,31,1,1,357
2025-09-25,SKU040,WH005,186,18,0,16,0,1,187
2025-09-25,SKU119,WH001,144,18,0,19,0,0,143
2025-09-25,SKU025,WH005,62,9,0,17,0,0,54
2025-09-25,SKU132,WH002,593,23,0,38,0,1,577
2025-09-25,SKU134,WH002,496,3,28,30,0,1,496
2025-09-25,SKU071,WH002,196,9,8,5,0,0,208
2025-09-25,SKU084,WH004,40,2,7,4,0,0,45
2025-09-25,SKU009,WH001,163,16,13,8,0,0,184
2025-09-25,SKU054,WH001,703,16,31,30,0,1,719
2025-09-25,SKU018,WH002,382,11,0,19,0,1,373
2025-09-25,SKU067,WH005,328,4,0,32,0,1,299
2025-09-25,SKU109,WH002,145,6,0,12,1,0,138
2025-09-25,SKU005,WH002,62,2,0,9,0,0,55
2025-09-25,SKU024,WH005,144,21,19,9,0,1,174
2025-09-25,SKU011,WH001,84,9,40,28,0,1,104
2025-09-25,SKU004,WH005,66,14,0,12,0,0,68
2025-09-25,SKU061,WH004,38,8,0,3,0,0,43
2025-09-25,SKU110,WH004,354,14,0,25,0,1,342
2025-09-25,SKU112,WH002,278,2,0,2,0,2,276
2025-09-25,SKU138,WH001,52,14,5,8,0,0,63
2025-09-25,SKU029,WH005,570,18,0,36,0,2,550
2025-09-25,SKU147,WH002,148,6,0,25,1,1,127
2025-09-25,SKU129,WH004,313,16,0,15,0,0,314
2025-09-25,SKU026,WH003,328,2,0,24,0,1,305
2025-09-26,SKU100,WH001,186,8,29,10,0,0,213
2025-09-26,SKU144,WH001,63,13,0,7,0,1,68
2025-09-26,SKU039,WH001,653,7,0,35,2,1,622
2025-09-26,SKU076,WH002,94,13,17,26,0,0,98
2025-09-26,SKU036,WH001,149,19,0,25,1,0,142
2025-09-26,SKU025,WH003,360,15,0,23,0,0,352
2025-09-26,SKU099,WH005,186,13,0,26,0,1,172
2025-09-26,SKU013,WH001,436,21,0,17,0,0,440
2025-09-26,SKU074,WH003,411,14,0,29,0,0,396
2025-09-26,SKU071,WH003,18,6,0,10,1,0,13
2025-09-26,SKU073,WH004,417,6,0,28,1,2,392
2025-09-26,SKU056,WH002,407,5,0,25,0,1,386
2025-09-26,SKU004,WH001,134,23,11,12,0,1,155
2025-09-26,SKU067,WH002,464,10,37,29,0,0,482
2025-09-26,SKU095,WH002,118,9,8,14,0,1,120
2025-09-26,SKU068,WH003,118,4,0,5,0,0,117
2025-09-26,SKU075,WH002,95,10,25,17,0,0,113
2025-09-26,SKU090,WH005,136,6,0,20,0,2,120
2025-09-26,SKU137,WH003,115,14,0,7,0,0,122
2025-09-26,SKU147,WH002,131,7,0,31,0,0,107
2025-09-26,SKU097,WH005,121,7,0,8,0,0,120
2025-09-26,SKU083,WH003,36,3,0,13,0,0,26
2025-09-26,SKU084,WH001,61,4,0,4,0,0,61
2025-09-26,SKU127,WH003,365,7,0,19,0,0,353
2025-09-26,SKU146,WH004,193,19,0,23,0,0,189
2025-09-26,SKU138,WH005,96,21,5,3,1,0,118
2025-09-26,SKU128,WH005,203,6,14,13,0,0,210
2025-09-26,SKU077,WH001,133,7,0,14,0,1,125
2025-09-26,SKU125,WH001,204,2,0,33,0,1,172
2025-09-26,SKU029,WH005,352,13,0,16,0,2,347
2025-09-26,SKU139,WH002,938,9,0,26,1,1,919
2025-09-26,SKU132,WH004,188,12,34,39,0,0,195
2025-09-26,SKU081,WH002,199,9,15,27,2,0,194
2025-09-26,SKU046,WH003,292,12,0,44,2,1,257
2025-09-26,SKU018,WH003,143,7,0,12,0,0,138
2025-09-26,SKU094,WH004,117,11,0,22,1,0,105
2025-09-26,SKU121,WH001,39,13,0,18,0,0,34
2025-09-26,SKU118,WH001,456,21,0,18,1,3,455
2025-09-26,SKU003,WH001,143,12,14,7,0,0,162
2025-09-26,SKU109,WH005,82,7,0,9,0,0,80
2025-09-26,SKU136,WH001,66,13,0,13,0,0,66
2025-09-26,SKU034,WH001,313,7,0,11,0,0,309
2025-09-26,SKU058,WH002,256,18,0,12,0,2,260
2025-09-26,SKU031,WH004,241,2,0,33,0,0,210
2025-09-26,SKU063,WH004,168,12,0,28,0,0,152
2025-09-27,SKU021,WH003,42,15,0,22,0,0,35
2025-09-27,SKU140,WH001,45,13,0,21,0,1,36
2025-09-27,SKU105,WH005,17,7,0,9,0,0,15
2025-09-27,SKU139,WH004,797,10,0,31,0,0,776
2025-09-27,SKU011,WH002,395,8,0,26,0,0,377
2025-09-27,SKU013,WH002,140,20,0,15,0,0,145
2025-09-27,SKU020,WH004,263,28,0,13,1,2,275
2025-09-27,SKU015,WH003,119,7,11,13,0,0,124
2025-09-27,SKU090,WH003,158,4,23,18,0,0,167
2025-09-27,SKU074,WH002,186,9,0,39,0,0,156
2025-09-27,SKU141,WH002,196,21,0,6,0,0,211
2025-09-27,SKU082,WH002,323,9,37,24,0,1,344
2025-09-27,SKU103,WH002,82,11,8,10,0,0,91
2025-09-27,SKU006,WH001,343,20,0,24,0,1,338
2025-09-27,SKU051,WH004,172,14,0,10,0,0,176
2025-09-27,SKU044,WH004,287,16,46,34,0,1,314
2025-09-27,SKU094,WH004,156,12,28,29,1,1,165
2025-09-27,SKU110,WH004,76,8,0,25,0,0,59
2025-09-27,SKU019,WH001,113,13,32,28,0,0,130
2025-09-27,SKU095,WH003,52,15,0,14,0,0,53
2025-09-27,SKU050,WH005,423,9,0,37,2,1,392
2025-09-27,SKU026,WH005,216,1,30,18,0,0,229
2025-09-27,SKU072,WH004,386,3,0,28,0,0,361
2025-09-27,SKU073,WH004,830,5,31,42,0,0,824
2025-09-27,SKU068,WH005,100,7,0,8,0,0,99
2025-09-27,SKU056,WH001,148,3,0,17,0,0,134
2025-09-27,SKU048,WH005,25,20,0,8,0,0,37
2025-09-27,SKU025,WH001,260,17,0,18,0,2,257
2025-09-27,SKU053,WH004,42,8,0,22,1,0,27
2025-09-27,SKU047,WH004,246,12,0,5,1,1,251
2025-09-27,SKU145,WH001,136,8,0,26,0,1,117
2025-09-27,SKU085,WH001,332,6,43,34,0,1,346
2025-09-27,SKU064,WH002,192,19,0,18,0,1,192
2025-09-27,SKU142,WH004,430,4,32,37,0,1,428
2025-09-27,SKU004,WH005,108,16,0,9,0,1,114
2025-09-27,SKU146,WH004,474,14,0,20,0,0,468
2025-09-27,SKU098,WH003,83,4,35,33,0,0,89
2025-09-27,SKU111,WH003,137,7,0,44,1,1,98
2025-09-27,SKU125,WH003,662,1,0,19,0,2,642
2025-09-27,SKU033,WH003,336,5,0,20,0,2,319
2025-09-27,SKU109,WH001,81,12,13,11,0,1,94
2025-09-27,SKU030,WH002,341,10,0,16,1,0,334
2025-09-27,SKU115,WH005,278,4,0,6,0,0,276
2025-09-27,SKU143,WH003,43,19,0,16,0,0,46
2025-09-27,SKU102,WH004,226,11,0,28,1,1,207
2025-09-28,SKU113,WH005,124,12,0,16,1,1,118
2025-09-28,SKU016,WH005,370,12,0,19,0,1,362
2025-09-28,SKU078,WH005,391,6,12,11,0,2,396
2025-09-28,SKU072,WH005,434,3,0,34,1,1,401
2025-09-28,SKU092,WH001,100,9,0,26,0,0,83
2025-09-28,SKU031,WH005,519,4,0,36,0,2,485
2025-09-28,SKU150,WH005,253,18,0,18,0,0,253
2025-09-28,SKU033,WH005,339,4,34,24,0,0,353
2025-09-28,SKU102,WH001,198,21,32,16,0,0,235
2025-09-28,SKU090,WH004,284,6,0,25,0,0,265
2025-09-28,SKU127,WH001,268,4,0,32,0,0,240
2025-09-28,SKU009,WH003,24,10,0,8,0,0,26
2025-09-28,SKU039,WH001,329,21,0,30,0,1,319
2025-09-28,SKU034,WH001,503,6,0,29,0,0,480
2025-09-28,SKU051,WH005,40,25,0,6,0,1,58
2025-09-28,SKU122,WH004,111,13,0,19,1,2,102
2025-09-28,SKU110,WH002,211,21,0,25,0,0,207
2025-09-28,SKU056,WH003,422,4,22,19,0,0,429
2025-09-28,SKU124,WH002,46,9,0,16,0,0,39
2025-09-28,SKU061,WH004,30,16,0,2,0,0,44
2025-09-28,SKU058,WH001,125,10,0,21,0,0,114
2025-09-28,SKU070,WH005,97,6,21,17,1,0,106
2025-09-28,SKU020,WH002,115,15,0,7,0,0,123
2025-09-28,SKU067,WH002,249,10,35,26,0,1,267
2025-09-28,SKU055,WH003,126,13,0,17,1,0,121
2025-09-28,SKU083,WH001,214,3,0,18,0,1,198
2025-09-28,SKU027,WH003,596,7,0,28,0,0,575
2025-09-28,SKU148,WH002,170,1,0,20,0,0,151
2025-09-28,SKU082,WH004,190,7,27,24,0,0,200
2025-09-28,SKU096,WH004,388,13,31,34,0,0,398
2025-09-28,SKU075,WH002,449,6,17,23,0,1,448
2025-09-28,SKU130,WH001,143,2,23,14,0,1,153
2025-09-28,SKU138,WH002,39,12,0,9,0,0,42
2025-09-28,SKU073,WH003,83,1,0,36,0,0,48
2025-09-28,SKU074,WH002,251,16,0,38,0,1,228
2025-09-28,SKU080,WH002,11,6,0,9,0,0,8
2025-09-28,SKU099,WH001,46,18,0,23,0,0,41
2025-09-28,SKU025,WH002,49,15,0,19,0,0,45
2025-09-28,SKU013,WH002,93,15,15,14,0,0,109
2025-09-28,SKU133,WH001,69,18,7,4,0,0,90
2025-09-28,SKU004,WH002,109,21,0,6,0,0,124
2025-09-28,SKU049,WH001,311,5,0,21,0,0,295
2025-09-28,SKU017,WH003,539,26,0,26,0,2,537
2025-09-28,SKU014,WH002,526,2,0,28,0,2,498
2025-09-28,SKU044,WH003,68,14,0,41,0,0,41
2025-09-29,SKU117,WH002,143,7,0,8,0,0,142
2025-09-29,SKU148,WH001,176,2,17,15,0,0,180
2025-09-29,SKU071,WH002,21,11,0,8,0,0,24
2025-09-29,SKU004,WH004,73,10,0,17,0,0,66
2025-09-29,SKU095,WH001,176,12,12,14,0,0,186
2025-09-29,SKU124,WH002,69,4,0,9,0,0,64
2025-09-29,SKU105,WH004,114,7,5,4,1,0,121
2025-09-29,SKU137,WH004,80,17,6,5,0,0,98
2025-09-29,SKU063,WH002,777,10,0,27,0,3,757
2025-09-29,SKU046,WH001,219,13,0,30,0,1,201
2025-09-29,SKU009,WH002,89,9,0,8,0,0,90
2025-09-29,SKU115,WH001,63,5,16,14,1,1,68
2025-09-29,SKU007,WH003,72,8,0,11,1,0,68
2025-09-29,SKU029,WH004,52,8,0,31,0,0,29
2025-09-29,SKU051,WH004,123,16,0,9,0,0,130
2025-09-29,SKU015,WH001,39,7,0,6,0,0,40
2025-09-29,SKU079,WH002,513,7,0,30,0,1,489
2025-09-29,SKU094,WH001,124,4,0,26,0,0,102
2025-09-29,SKU131,WH004,66,6,8,4,0,0,76
2025-09-29,SKU132,WH001,187,10,0,28,0,1,168
2025-09-29,SKU027,WH003,243,9,0,20,0,1,231
2025-09-29,SKU010,WH004,682,18,49,34,0,5,710
2025-09-29,SKU093,WH001,503,2,0,24,1,0,480
2025-09-29,SKU077,WH002,122,8,0,19,0,1,110
2025-09-29,SKU136,WH003,111,16,0,23,0,0,104
2025-09-29,SKU108,WH002,328,18,0,31,0,2,313
2025-09-29,SKU006,WH003,374,8,19,22,0,0,379
2025-09-29,SKU097,WH004,98,4,0,8,1,1,92
2025-09-29,SKU013,WH004,105,17,0,17,0,1,104
2025-09-29,SKU144,WH004,67,26,12,6,0,0,99
2025-09-29,SKU038,WH001,176,13,32,28,0,0,193
2025-09-29,SKU090,WH002,144,4,18,20,0,0,146
2025-09-29,SKU143,WH003,106,12,9,8,0,0,119
2025-09-29,SKU073,WH004,365,0,42,26,0,0,381
2025-09-29,SKU085,WH005,653,6,33,30,0,1,661
2025-09-29,SKU042,WH005,44,14,4,3,0,0,59
2025-09-29,SKU130,WH002,184,6,25,17,0,0,198
2025-09-29,SKU008,WH004,612,1,0,38,0,4,571
2025-09-29,SKU030,WH002,87,11,0,14,0,0,84
2025-09-29,SKU084,WH001,68,4,0,2,0,0,70
2025-09-29,SKU072,WH005,121,4,43,33,0,0,135
2025-09-29,SKU041,WH003,50,14,25,22,0,0,67
2025-09-29,SKU069,WH005,660,2,0,29,0,2,631
2025-09-29,SKU106,WH002,394,17,0,33,0,0,378
2025-09-29,SKU126,WH002,245,3,0,30,2,0,216
2025-09-30,SKU057,WH005,357,15,33,17,0,1,387
2025-09-30,SKU037,WH001,322,20,0,12,0,0,330
2025-09-30,SKU074,WH002,138,21,0,31,0,2,126
2025-09-30,SKU148,WH002,422,4,15,19,0,2,420
2025-09-30,SKU021,WH005,103,25,0,17,0,0,111
2025-09-30,SKU025,WH004,51,15,0,12,0,0,54
2025-09-30,SKU054,WH004,141,18,0,21,0,0,138
2025-09-30,SKU016,WH005,506,10,24,24,1,0,515
2025-09-30,SKU002,WH001,162,13,34,24,0,0,185
2025-09-30,SKU059,WH002,37,13,0,6,0,0,44
2025-09-30,SKU123,WH002,75,12,0,11,0,1,75
2025-09-30,SKU121,WH003,197,10,22,16,1,0,212
2025-09-30,SKU119,WH005,306,19,0,22,0,0,303
2025-09-30,SKU013,WH005,394,13,0,14,1,1,391
2025-09-30,SKU077,WH005,125,11,22,12,0,1,145
2025-09-30,SKU027,WH001,331,3,20,21,0,0,333
2025-09-30,SKU105,WH004,51,4,5,3,0,0,57
2025-09-30,SKU058,WH005,423,17,27,31,1,1,434
2025-09-30,SKU101,WH002,356,8,36,15,0,2,383
2025-09-30,SKU032,WH002,92,25,0,7,1,0,109
2025-09-30,SKU023,WH001,154,13,23,15,0,0,175
2025-09-30,SKU010,WH004,221,15,0,28,0,0,208
2025-09-30,SKU040,WH005,86,21,0,14,0,0,93
2025-09-30,SKU005,WH004,185,6,0,13,0,0,178
2025-09-30,SKU072,WH003,389,6,0,33,0,1,361
2025-09-30,SKU092,WH002,236,10,26,24,0,0,248
2025-09-30,SKU124,WH005,180,7,16,21,0,0,182
2025-09-30,SKU050,WH003,515,8,38,27,1,1,532
2025-09-30,SKU044,WH005,288,21,0,38,0,1,270
2025-09-30,SKU062,WH005,52,3,0,19,0,0,36
2025-09-30,SKU108,WH002,446,13,36,23,0,1,471
2025-09-30,SKU051,WH004,44,15,7,8,0,0,58
2025-09-30,SKU127,WH001,211,3,0,28,0,1,185
2025-09-30,SKU138,WH003,112,17,2,7,0,1,123
2025-09-30,SKU126,WH005,400,3,0,27,0,0,376
2025-09-30,SKU063,WH003,465,6,44,39,0,1,475
2025-09-30,SKU100,WH004,133,12,22,19,0,1,147
2025-09-30,SKU014,WH005,710,5,0,33,0,3,679
2025-09-30,SKU146,WH002,175,13,40,11,0,1,216
2025-09-30,SKU070,WH002,271,16,0,27,0,1,259
2025-09-30,SKU106,WH002,190,16,0,27,0,1,178
2025-09-30,SKU091,WH005,136,13,0,6,0,0,143
2025-09-30,SKU049,WH004,172,6,23,21,0,0,180
2025-09-30,SKU142,WH002,393,3,42,36,0,0,402
2025-09-30,SKU129,WH004,283,21,0,19,1,1,283
2025-10-01,SKU102,WH005,526,14,30,17,0,1,552
2025-10-01,SKU105,WH002,69,13,3,5,0,0,80
2025-10-01,SKU053,WH004,315,4,38,21,0,0,336
2025-10-01,SKU044,WH001,831,20,0,26,0,1,824
2025-10-01,SKU070,WH001,118,12,0,17,0,0,113
2025-10-01,SKU038,WH002,310,20,40,26,0,0,344
2025-10-01,SKU073,WH001,760,5,0,36,1,3,725
2025-10-01,SKU059,WH004,114,17,5,4,0,0,132
2025-10-01,SKU072,WH001,195,2,0,37,1,1,158
2025-10-01,SKU145,WH002,297,19,37,37,0,0,316
2025-10-01,SKU099,WH001,95,10,0,34,0,0,71
2025-10-01,SKU045,WH005,85,18,0,5,0,0,98
2025-10-01,SKU079,WH001,421,10,29,26,0,1,433
2025-10-01,SKU062,WH003,129,9,16,10,0,1,143
2025-10-01,SKU024,WH001,120,12,0,25,0,0,107
2025-10-01,SKU036,WH001,159,19,0,18,0,1,159
2025-10-01,SKU025,WH005,193,12,0,17,1,0,187
2025-10-01,SKU027,WH002,156,9,0,20,0,2,143
2025-10-01,SKU086,WH003,774,18,0,25,0,2,765
2025-10-01,SKU119,WH002,96,13,0,22,0,0,87
2025-10-01,SKU142,WH005,754,2,0,27,1,3,725
2025-10-01,SKU007,WH003,37,10,0,14,0,0,33
2025-10-01,SKU011,WH004,70,6,0,33,0,0,43
2025-10-01,SKU107,WH004,444,7,0,21,0,2,428
2025-10-01,SKU046,WH005,379,9,40,32,0,2,394
2025-10-01,SKU141,WH003,36,19,9,7,0,0,57
2025-10-01,SKU060,WH003,220,5,0,18,0,0,207
2025-10-01,SKU032,WH003,45,14,0,8,0,0,51
2025-10-01,SKU076,WH002,183,11,0,24,0,1,169
2025-10-01,SKU066,WH001,166,19,0,13,0,1,171
2025-10-01,SKU146,WH001,426,15,22,27,1,0,435
2025-10-01,SKU077,WH004,153,5,0,14,0,0,144
2025-10-01,SKU006,WH002,324,8,0,31,1,0,300
2025-10-01,SKU134,WH004,622,2,0,23,0,1,600
2025-10-01,SKU074,WH004,245,15,35,38,0,0,257
2025-10-01,SKU139,WH004,890,11,0,38,1,1,861
2025-10-01,SKU133,WH005,39,18,0,15,0,0,42
2025-10-01,SKU110,WH003,126,17,0,29,0,0,114
2025-10-01,SKU136,WH004,231,11,17,23,0,0,236
2025-10-01,SKU016,WH003,97,8,0,23,0,0,82
2025-10-01,SKU083,WH002,269,7,0,15,0,0,261
2025-10-01,SKU101,WH004,241,1,0,25,0,0,217
2025-10-01,SKU123,WH004,23,17,0,13,0,0,27
2025-10-01,SKU085,WH001,192,3,0,40,0,0,155
2025-10-01,SKU065,WH002,81,22,0,7,0,0,96
2025-10-02,SKU118,WH002,112,13,0,19,0,0,106
2025-10-02,SKU021,WH004,38,17,0,11,1,0,43
2025-10-02,SKU122,WH005,180,16,0,18,0,2,176
2025-10-02,SKU023,WH001,303,19,0,19,0,0,303
2025-10-02,SKU044,WH001,748,16,0,23,1,0,740
2025-10-02,SKU142,WH004,272,5,0,37,0,0,240
2025-10-02,SKU065,WH002,250,27,0,9,0,0,268
2025-10-02,SKU138,WH003,38,14,0,7,0,0,45
2025-10-02,SKU095,WH001,34,17,0,13,0,1,37
2025-10-02,SKU141,WH001,82,12,6,8,0,0,92
2025-10-02,SKU136,WH003,428,19,0,12,0,0,435
2025-10-02,SKU089,WH004,33,13,7,5,0,0,48
2025-10-02,SKU048,WH005,49,13,0,5,0,0,57
2025-10-02,SKU145,WH004,795,17,0,37,3,1,771
2025-10-02,SKU093,WH003,780,4,0,24,1,1,758
2025-10-02,SKU128,WH005,233,4,0,13,0,1,223
2025-10-02,SKU121,WH001,152,11,0,7,0,1,155
2025-10-02,SKU036,WH004,130,12,0,13,0,0,129
2025-10-02,SKU037,WH001,380,15,14,17,0,0,392
2025-10-02,SKU051,WH003,40,20,0,6,0,0,54
2025-10-02,SKU013,WH005,251,15,0,17,1,2,246
2025-10-02,SKU049,WH001,203,9,0,22,0,0,190
2025-10-02,SKU046,WH003,490,10,41,25,1,0,515
2025-10-02,SKU086,WH004,71,16,26,29,1,0,83
2025-10-02,SKU034,WH005,36,6,0,32,3,0,7
2025-10-02,SKU024,WH005,177,10,0,17,0,0,170
2025-10-02,SKU132,WH002,196,13,0,35,0,0,174
2025-10-02,SKU133,WH003,87,21,0,13,0,0,95
2025-10-02,SKU124,WH002,232,7,11,14,0,1,235
2025-10-02,SKU047,WH004,227,12,14,9,1,0,243
2025-10-02,SKU137,WH003,264,16,11,12,0,0,279
2025-10-02,SKU139,WH002,517,11,0,40,0,0,488
2025-10-02,SKU078,WH002,370,10,0,14,1,0,365
2025-10-02,SKU129,WH003,155,12,27,17,1,0,176
2025-10-02,SKU117,WH005,120,6,0,8,0,0,118
2025-10-02,SKU057,WH001,99,16,0,27,1,0,87
2025-10-02,SKU063,WH005,912,9,35,27,0,2,927
2025-10-02,SKU030,WH001,355,10,0,19,0,1,345
2025-10-02,SKU108,WH004,822,11,37,27,0,1,842
2025-10-02,SKU115,WH001,76,5,0,12,0,0,69
2025-10-02,SKU045,WH004,207,16,17,10,0,1,229
2025-10-02,SKU107,WH003,379,9,0,23,0,1,364
2025-10-02,SKU002,WH004,197,11,0,17,1,0,190
2025-10-02,SKU077,WH002,91,7,0,11,0,0,87
2025-10-02,SKU148,WH002,201,4,14,15,0,0,204
2025-10-03,SKU012,WH004,83,11,0,7,0,0,87
2025-10-03,SKU081,WH001,899,7,0,20,0,4,882
2025-10-03,SKU035,WH001,241,18,23,21,0,0,261
2025-10-03,SKU006,WH005,469,12,31,26,0,0,486
2025-10-03,SKU045,WH003,289,13,9,19,0,1,291
2025-10-03,SKU043,WH005,117,3,0,17,0,1,102
2025-10-03,SKU108,WH003,277,12,45,34,1,0,299
2025-10-03,SKU082,WH001,492,14,0,26,0,0,480
2025-10-03,SKU049,WH005,380,6,24,22,1,1,386
2025-10-03,SKU048,WH002,100,14,0,8,0,0,106
2025-10-03,SKU077,WH003,209,5,0,19,0,0,195
2025-10-03,SKU132,WH005,256,17,0,27,1,0,245
2025-10-03,SKU126,WH003,523,2,48,28,0,4,541
2025-10-03,SKU058,WH003,274,12,35,25,0,1,295
2025-10-03,SKU112,WH003,179,6,10,8,0,0,187
2025-10-03,SKU056,WH003,174,4,0,10,0,1,167
2025-10-03,SKU070,WH004,132,9,31,22,0,1,149
2025-10-03,SKU028,WH001,84,8,0,19,0,0,73
2025-10-03,SKU052,WH005,135,13,8,11,0,0,145
2025-10-03,SKU023,WH003,172,15,0,27,0,0,160
2025-10-03,SKU073,WH002,715,4,37,21,0,1,734
2025-10-03,SKU075,WH002,251,9,0,11,0,0,249
2025-10-03,SKU088,WH004,99,12,0,2,0,1,108
2025-10-03,SKU017,WH005,781,17,33,25,0,1,805
2025-10-03,SKU109,WH004,170,2,0,9,0,0,163
2025-10-03,SKU030,WH001,174,12,16,21,1,0,180
2025-10-03,SKU091,WH005,193,18,0,9,0,0,202
2025-10-03,SKU085,WH003,460,3,43,36,0,1,469
2025-10-03,SKU092,WH003,249,8,0,28,0,0,229
2025-10-03,SKU072,WH003,664,4,0,24,0,0,644
2025-10-03,SKU145,WH003,732,13,0,29,1,4,711
2025-10-03,SKU057,WH001,108,14,0,24,0,0,98
2025-10-03,SKU036,WH003,136,17,0,12,1,1,139
2025-10-03,SKU125,WH002,318,6,39,34,1,0,328
2025-10-03,SKU050,WH003,364,3,30,35,0,1,361
2025-10-03,SKU139,WH002,328,6,43,26,0,0,351
2025-10-03,SKU078,WH002,175,21,18,11,0,0,203
2025-10-03,SKU054,WH003,246,8,0,35,1,1,217
2025-10-03,SKU024,WH001,211,12,0,15,0,0,208
2025-10-03,SKU096,WH005,434,18,31,36,0,1,446
2025-10-03,SKU104,WH001,346,15,0,15,0,1,345
2025-10-03,SKU134,WH002,248,3,0,30,0,1,220
2025-10-03,SKU148,WH003,228,6,0,17,0,4,213
2025-10-03,SKU100,WH001,155,10,18,11,1,0,171
2025-10-03,SKU150,WH003,479,15,0,30,0,3,461
2025-10-04,SKU112,WH001,106,5,9,8,0,1,111
2025-10-04,SKU077,WH003,67,9,0,14,0,0,62
2025-10-04,SKU013,WH005,50,13,0,10,0,0,53
2025-10-04,SKU048,WH005,122,11,0,6,0,0,127
2025-10-04,SKU103,WH005,93,11,0,6,0,0,98
2025-10-04,SKU035,WH004,187,20,0,34,1,0,172
2025-10-04,SKU020,WH001,183,18,13,16,0,0,198
2025-10-04,SKU139,WH004,173,10,35,25,0,1,192
2025-10-04,SKU052,WH001,123,12,0,7,0,1,127
2025-10-04,SKU149,WH003,308,14,0,44,1,0,277
2025-10-04,SKU062,WH002,314,5,20,12,0,0,327
2025-10-04,SKU065,WH001,183,16,11,4,0,1,205
2025-10-04,SKU071,WH001,43,14,0,8,0,0,49
2025-10-04,SKU128,WH004,239,6,0,9,0,2,234
2025-10-04,SKU064,WH004,342,16,26,18,0,0,366
2025-10-04,SKU136,WH003,36,15,25,15,0,0,61
2025-10-04,SKU034,WH003,419,2,0,24,0,1,396
2025-10-04,SKU104,WH004,109,14,0,10,0,0,113
2025-10-04,SKU011,WH004,157,2,0,31,0,0,128
2025-10-04,SKU029,WH004,885,12,32,24,0,0,905
2025-10-04,SKU096,WH004,188,12,0,34,0,0,166
2025-10-04,SKU124,WH001,430,4,0,10,0,2,422
2025-10-04,SKU040,WH003,112,18,0,11,0,1,118
2025-10-04,SKU127,WH002,285,6,0,18,0,0,273
2025-10-04,SKU115,WH004,70,4,0,10,0,1,63
2025-10-04,SKU088,WH001,120,12,0,8,0,0,124
2025-10-04,SKU030,WH002,161,15,0,18,1,0,157
2025-10-04,SKU043,WH001,202,2,15,14,0,0,205
2025-10-04,SKU110,WH005,332,10,27,20,0,1,348
2025-10-04,SKU093,WH003,386,2,0,34,1,1,352
2025-10-04,SKU003,WH002,109,18,0,14,0,0,113
2025-10-04,SKU053,WH005,167,8,0,21,0,1,153
2025-10-04,SKU129,WH005,218,17,27,19,0,0,243
2025-10-04,SKU070,WH001,182,9,31,20,1,0,201
2025-10-04,SKU091,WH002,214,20,0,3,0,0,231
2025-10-04,SKU028,WH002,195,9,0,16,0,0,188
2025-10-04,SKU092,WH001,225,8,0,22,0,1,210
2025-10-04,SKU032,WH002,118,21,0,10,0,2,127
2025-10-04,SKU102,WH001,143,12,0,21,0,0,134
2025-10-04,SKU061,WH002,62,11,0,3,0,1,69
2025-10-04,SKU090,WH005,371,7,0,20,0,1,357
2025-10-04,SKU132,WH004,313,20,43,40,0,2,334
2025-10-04,SKU119,WH005,244,20,0,23,0,1,240
2025-10-04,SKU120,WH003,121,0,14,10,0,0,125
2025-10-04,SKU134,WH001,266,5,0,33,0,0,238
2025-10-05,SKU077,WH005,150,8,0,14,0,1,143
2025-10-05,SKU049,WH005,475,6,0,19,0,1,461
2025-10-05,SKU095,WH005,90,18,0,5,0,0,103
2025-10-05,SKU113,WH003,274,13,22,12,1,2,294
2025-10-05,SKU053,WH004,72,8,0,20,2,1,57
2025-10-05,SKU008,WH001,399,4,0,41,1,1,360
2025-10-05,SKU036,WH003,382,15,25,21,0,1,400
2025-10-05,SKU118,WH001,397,17,24,18,0,0,420
2025-10-05,SKU040,WH001,487,27,0,11,0,1,502
2025-10-05,SKU127,WH005,400,4,27,27,0,1,403
2025-10-05,SKU088,WH005,42,7,0,5,1,0,43
2025-10-05,SKU037,WH003,338,11,0,22,0,2,325
2025-10-05,SKU045,WH004,30,14,0,12,0,0,32
2025-10-05,SKU034,WH004,299,4,0,27,0,1,275
2025-10-05,SKU033,WH002,377,2,0,19,0,0,360
2025-10-05,SKU060,WH001,279,10,0,26,0,1,262
2025-10-05,SKU070,WH004,575,9,24,20,0,2,586
2025-10-05,SKU054,WH003,326,16,0,31,0,0,311
2025-10-05,SKU007,WH003,144,12,0,7,0,0,149
2025-10-05,SKU073,WH004,530,1,0,29,0,1,501
2025-10-05,SKU051,WH001,46,17,0,4,0,0,59
2025-10-05,SKU021,WH004,125,28,20,21,0,0,152
2025-10-05,SKU011,WH003,159,8,0,28,2,0,137
2025-10-05,SKU122,WH005,72,16,17,18,0,1,86
2025-10-05,SKU083,WH005,226,1,0,16,0,2,209
2025-10-05,SKU059,WH002,76,16,0,8,0,0,84
2025-10-05,SKU062,WH005,207,6,0,18,0,0,195
2025-10-05,SKU111,WH002,364,10,0,40,0,0,334
2025-10-05,SKU135,WH004,98,13,0,13,0,0,98
2025-10-05,SKU075,WH004,200,18,20,19,0,0,219
2025-10-05,SKU150,WH001,259,12,25,16,0,1,279
2025-10-05,SKU129,WH003,373,19,0,25,0,0,367
2025-10-05,SKU136,WH002,242,16,0,29,0,0,229
2025-10-05,SKU058,WH002,180,9,38,26,0,1,200
2025-10-05,SKU109,WH004,29,5,0,6,0,0,28
2025-10-05,SKU006,WH004,641,12,0,28,0,1,624
2025-10-05,SKU043,WH002,72,5,0,13,1,0,63
2025-10-05,SKU026,WH001,170,5,33,20,1,1,186
2025-10-05,SKU146,WH005,430,10,0,28,1,3,408
2025-10-05,SKU125,WH005,468,3,0,32,0,1,438
2025-10-05,SKU120,WH002,168,3,18,10,1,0,178
2025-10-05,SKU106,WH003,201,17,35,24,0,0,229
2025-10-05,SKU076,WH001,499,4,0,24,0,0,479
2025-10-05,SKU142,WH002,532,3,0,45,0,1,489
2025-10-05,SKU147,WH003,406,6,0,23,0,1,388
2025-10-06,SKU038,WH002,170,14,20,33,0,0,171
2025-10-06,SKU012,WH001,41,7,0,11,0,0,37
2025-10-06,SKU076,WH004,301,16,26,16,0,0,327
2025-10-06,SKU059,WH005,102,14,0,5,0,0,111
2025-10-06,SKU025,WH002,132,15,19,21,1,0,144
2025-10-06,SKU127,WH004,332,5,26,16,0,0,347
2025-10-06,SKU128,WH005,161,7,0,8,0,0,160
2025-10-06,SKU035,WH004,559,13,26,26,0,1,571
2025-10-06,SKU092,WH005,459,7,0,24,0,0,442
2025-10-06,SKU148,WH004,204,3,0,19,0,1,187
2025-10-06,SKU031,WH004,308,8,0,23,1,1,291
2025-10-06,SKU066,WH001,311,8,17,23,0,1,312
2025-10-06,SKU049,WH001,466,9,0,19,0,0,456
2025-10-06,SKU007,WH005,207,10,13,15,0,0,215
2025-10-06,SKU003,WH004,89,12,8,11,0,0,98
2025-10-06,SKU026,WH001,651,3,0,20,0,2,632
2025-10-06,SKU022,WH003,322,14,26,29,0,0,333
2025-10-06,SKU081,WH003,414,13,34,28,1,0,432
2025-10-06,SKU037,WH004,125,13,17,23,0,0,132
2025-10-06,SKU015,WH004,119,5,12,7,0,0,129
2025-10-06,SKU048,WH002,62,14,0,7,0,0,69
2025-10-06,SKU130,WH002,66,1,0,10,0,0,57
2025-10-06,SKU055,WH004,186,18,22,22,0,0,204
2025-10-06,SKU041,WH004,275,8,43,21,1,3,301
2025-10-06,SKU058,WH004,429,8,0,26,0,0,411
2025-10-06,SKU052,WH001,67,5,0,6,0,0,66
2025-10-06,SKU122,WH004,285,11,0,19,0,2,275
2025-10-06,SKU073,WH002,569,4,0,32,0,2,539
2025-10-06,SKU034,WH001,137,6,0,14,0,0,129
2025-10-06,SKU121,WH002,233,4,22,25,0,1,233
2025-10-06,SKU116,WH003,227,20,0,25,0,0,222
2025-10-06,SKU001,WH001,67,9,21,16,1,0,80
2025-10-06,SKU145,WH004,258,21,0,29,0,0,250
2025-10-06,SKU098,WH005,391,2,0,31,0,0,362
2025-10-06,SKU109,WH003,105,4,0,12,0,0,97
2025-10-06,SKU071,WH001,124,7,0,6,0,1,124
2025-10-06,SKU124,WH005,230,8,0,13,0,1,224
2025-10-06,SKU123,WH003,98,11,0,7,0,0,102
2025-10-06,SKU068,WH001,122,4,0,9,1,0,116
2025-10-06,SKU011,WH004,163,6,18,23,0,0,164
2025-10-06,SKU021,WH001,164,24,14,13,0,0,189
2025-10-06,SKU110,WH002,204,10,0,20,0,0,194
2025-10-06,SKU070,WH003,227,12,0,23,0,0,216
2025-10-06,SKU080,WH002,49,12,0,3,0,0,58
2025-10-06,SKU147,WH003,563,5,37,21,0,0,584
2025-10-07,SKU055,WH001,107,19,0,22,0,1,103
2025-10-07,SKU078,WH002,137,12,18,10,0,0,157
2025-10-07,SKU013,WH002,220,17,0,15,0,2,220
2025-10-07,SKU147,WH002,49,3,0,27,0,1,24
2025-10-07,SKU126,WH004,410,3,0,29,0,0,384
2025-10-07,SKU076,WH002,268,10,0,18,0,0,260
2025-10-07,SKU096,WH003,461,17,0,35,0,1,442
2025-10-07,SKU107,WH004,132,11,0,27,0,0,116
2025-10-07,SKU073,WH002,170,1,0,23,0,2,146
2025-10-07,SKU033,WH001,348,3,0,42,0,2,307
2025-10-07,SKU039,WH001,282,8,0,36,0,1,253
2025-10-07,SKU089,WH003,47,16,0,4,0,0,59
2025-10-07,SKU106,WH001,222,12,0,33,0,0,201
2025-10-07,SKU067,WH003,105,4,0,26,0,0,83
2025-10-07,SKU071,WH004,27,8,0,5,0,0,30
2025-10-07,SKU024,WH002,177,17,0,12,0,0,182
2025-10-07,SKU047,WH002,27,14,9,5,0,0,45
2025-10-07,SKU038,WH001,220,18,38,21,1,0,254
2025-10-07,SKU143,WH002,192,14,0,10,0,1,195
2025-10-07,SKU117,WH005,365,5,0,8,0,0,362
2025-10-07,SKU049,WH003,354,4,0,21,0,2,335
2025-10-07,SKU084,WH003,55,5,0,3,0,0,57
2025-10-07,SKU029,WH002,185,15,30,30,0,1,199
2025-10-07,SKU011,WH001,97,5,0,22,1,0,79
2025-10-07,SKU046,WH002,670,7,0,25,0,1,651
2025-10-07,SKU061,WH002,95,15,5,2,0,0,113
2025-10-07,SKU105,WH003,25,5,0,3,0,0,27
2025-10-07,SKU021,WH001,35,19,0,19,0,0,35
2025-10-07,SKU103,WH005,45,19,0,7,0,0,57
2025-10-07,SKU079,WH001,534,8,0,31,0,1,510
2025-10-07,SKU003,WH003,76,14,0,10,0,0,80
2025-10-07,SKU119,WH004,96,16,0,26,0,1,85
2025-10-07,SKU062,WH002,290,5,18,15,0,0,298
2025-10-07,SKU090,WH003,114,4,0,16,0,1,101
2025-10-07,SKU030,WH005,564,6,0,19,0,1,550
2025-10-07,SKU043,WH005,121,11,0,15,0,0,117
2025-10-07,SKU018,WH002,75,18,0,16,0,0,77
2025-10-07,SKU145,WH005,293,17,0,36,0,0,274
2025-10-07,SKU040,WH005,83,22,29,24,0,0,110
2025-10-07,SKU135,WH004,138,4,0,13,0,0,129
2025-10-07,SKU082,WH001,160,6,37,25,0,0,178
2025-10-07,SKU102,WH004,127,10,0,24,1,0,112
2025-10-07,SKU022,WH003,412,23,42,25,0,2,450
2025-10-07,SKU088,WH002,55,9,7,4,0,0,67
2025-10-07,SKU077,WH004,231,2,0,12,0,0,221
2025-10-08,SKU101,WH005,494,6,0,32,1,1,466
2025-10-08,SKU014,WH001,538,3,35,26,0,1,549
2025-10-08,SKU093,WH004,316,5,0,35,0,0,286
2025-10-08,SKU005,WH004,121,3,0,13,0,0,111
2025-10-08,SKU095,WH001,69,10,0,8,1,0,70
2025-10-08,SKU145,WH002,275,21,0,22,0,2,272
2025-10-08,SKU062,WH005,123,2,18,19,1,0,123
2025-10-08,SKU083,WH001,99,2,0,23,1,0,77
2025-10-08,SKU108,WH005,434,4,0,29,0,0,409
2025-10-08,SKU043,WH004,181,2,0,16,0,0,167
2025-10-08,SKU122,WH002,131,17,0,20,0,1,127
2025-10-08,SKU143,WH003,296,16,0,11,0,2,299
2025-10-08,SKU090,WH004,246,2,25,9,0,2,262
2025-10-08,SKU141,WH005,88,14,0,7,0,0,95
2025-10-08,SKU110,WH004,577,16,31,13,0,1,610
2025-10-08,SKU116,WH001,35,19,0,18,0,0,36
2025-10-08,SKU061,WH002,34,10,0,2,0,0,42
2025-10-08,SKU098,WH002,518,3,0,36,0,1,484
2025-10-08,SKU018,WH003,219,8,0,19,0,0,208
2025-10-08,SKU069,WH004,787,4,38,34,0,3,792
2025-10-08,SKU013,WH004,26,16,0,13,0,0,29
2025-10-08,SKU099,WH005,79,7,0,20,0,0,66
2025-10-08,SKU137,WH005,114,13,0,5,0,1,121
2025-10-08,SKU115,WH004,229,3,0,13,0,0,219
2025-10-08,SKU008,WH001,789,5,0,24,0,2,768
2025-10-08,SKU015,WH004,102,6,0,9,0,0,99
2025-10-08,SKU007,WH003,176,13,0,15,1,0,173
2025-10-08,SKU085,WH001,212,6,0,33,0,1,184
2025-10-08,SKU150,WH004,276,17,21,25,0,0,289
2025-10-08,SKU109,WH001,80,6,0,14,1,0,71
2025-10-08,SKU102,WH003,407,14,0,29,1,3,388
2025-10-08,SKU033,WH005,327,3,0,30,0,0,300
2025-10-08,SKU079,WH004,608,10,33,40,0,0,611
2025-10-08,SKU097,WH003,151,14,0,9,0,0,156
2025-10-08,SKU073,WH005,266,4,0,42,0,1,227
2025-10-08,SKU060,WH001,250,5,0,22,0,0,233
2025-10-08,SKU104,WH002,108,16,0,13,0,1,110
2025-10-08,SKU010,WH001,519,10,34,33,0,3,527
2025-10-08,SKU048,WH001,54,14,0,7,0,0,61
2025-10-08,SKU074,WH005,186,13,0,34,2,0,163
2025-10-08,SKU006,WH005,172,12,0,27,0,0,157
2025-10-08,SKU113,WH005,155,15,0,14,0,1,155
2025-10-08,SKU046,WH001,139,9,0,33,0,1,114
2025-10-08,SKU049,WH003,140,3,0,21,1,1,120
2025-10-08,SKU050,WH002,477,5,0,36,1,1,444
2025-10-09,SKU149,WH002,556,12,0,24,0,1,543
2025-10-09,SKU074,WH002,264,12,0,21,0,2,253
2025-10-09,SKU089,WH002,84,21,0,3,0,1,101
2025-10-09,SKU042,WH001,71,11,0,5,0,1,76
2025-10-09,SKU127,WH004,362,8,0,27,1,0,342
2025-10-09,SKU012,WH003,109,5,10,11,1,1,111
2025-10-09,SKU086,WH002,351,19,24,16,0,0,378
2025-10-09,SKU063,WH001,166,5,0,28,1,1,141
2025-10-09,SKU130,WH004,192,4,19,26,0,0,189
2025-10-09,SKU047,WH001,216,9,0,6,0,1,218
2025-10-09,SKU076,WH005,172,9,23,13,0,1,190
2025-10-09,SKU038,WH003,147,20,34,32,0,0,169
2025-10-09,SKU101,WH003,73,4,33,18,0,0,92
2025-10-09,SKU079,WH001,121,5,25,27,0,3,121
2025-10-09,SKU084,WH004,18,4,0,3,0,0,19
2025-10-09,SKU122,WH004,139,20,19,14,0,0,164
2025-10-09,SKU064,WH005,172,18,17,13,0,0,194
2025-10-09,SKU107,WH002,54,4,0,19,0,0,39
2025-10-09,SKU146,WH005,618,21,0,19,0,2,618
2025-10-09,SKU008,WH001,376,3,0,40,2,0,337
2025-10-09,SKU081,WH002,277,7,0,34,1,0,249
2025-10-09,SKU097,WH005,45,9,0,12,0,0,42
2025-10-09,SKU057,WH004,33,13,26,36,0,0,36
2025-10-09,SKU013,WH004,121,15,0,17,0,0,119
2025-10-09,SKU111,WH002,850,9,32,21,1,2,867
2025-10-09,SKU031,WH002,330,1,0,26,2,1,302
2025-10-09,SKU078,WH004,204,10,13,13,0,0,214
2025-10-09,SKU072,WH003,598,5,0,33,1,3,566
2025-10-09,SKU082,WH001,20,6,0,24,0,0,2
2025-10-09,SKU070,WH002,216,8,0,16,0,0,208
2025-10-09,SKU005,WH005,9,3,0,16,0,0,0
2025-10-09,SKU067,WH003,332,7,0,23,2,1,313
2025-10-09,SKU138,WH002,69,10,0,4,0,0,75
2025-10-09,SKU110,WH003,97,16,0,23,0,0,90
2025-10-09,SKU021,WH003,217,20,0,14,0,0,223
2025-10-09,SKU099,WH002,631,11,0,27,0,2,613
2025-10-09,SKU016,WH004,440,21,0,12,0,3,446
2025-10-09,SKU023,WH002,103,13,20,20,0,0,116
2025-10-09,SKU106,WH002,505,15,0,31,1,2,486
2025-10-09,SKU141,WH004,104,16,0,9,0,0,111
2025-10-09,SKU053,WH003,541,4,0,22,0,2,521
2025-10-09,SKU137,WH004,159,17,11,6,0,0,181
2025-10-09,SKU060,WH003,334,11,0,18,0,0,327
2025-10-09,SKU143,WH003,268,16,0,18,0,0,266
2025-10-09,SKU003,WH001,82,11,10,9,0,0,94
2025-10-10,SKU136,WH005,388,17,0,19,0,0,386
2025-10-10,SKU041,WH002,909,8,0,33,0,0,884
2025-10-10,SKU015,WH001,128,11,0,9,0,0,130
2025-10-10,SKU085,WH005,246,2,0,35,1,1,211
2025-10-10,SKU033,WH003,214,3,0,26,1,0,190
2025-10-10,SKU088,WH003,21,5,0,2,0,0,24
2025-10-10,SKU133,WH001,147,13,9,9,0,1,159
2025-10-10,SKU017,WH003,285,11,0,36,1,2,257
2025-10-10,SKU057,WH004,238,9,23,20,0,0,250
2025-10-10,SKU115,WH005,159,3,0,15,0,0,147
2025-10-10,SKU131,WH004,103,13,0,10,0,0,106
2025-10-10,SKU123,WH003,134,12,0,8,0,0,138
2025-10-10,SKU093,WH004,175,2,37,27,1,0,186
2025-10-10,SKU066,WH001,309,10,0,19,0,1,299
2025-10-10,SKU022,WH005,499,14,0,34,0,0,479
2025-10-10,SKU107,WH002,349,6,34,27,0,2,360
2025-10-10,SKU117,WH003,33,6,0,4,0,1,34
2025-10-10,SKU053,WH004,153,7,0,24,0,0,136
2025-10-10,SKU106,WH002,247,11,0,30,2,0,226
2025-10-10,SKU148,WH003,186,1,0,15,0,1,171
2025-10-10,SKU059,WH001,73,16,0,5,0,1,83
2025-10-10,SKU105,WH002,61,2,0,3,0,0,60
2025-10-10,SKU113,WH001,193,11,0,16,0,0,188
2025-10-10,SKU089,WH002,14,18,0,6,0,0,26
2025-10-10,SKU119,WH003,65,23,0,25,0,0,63
2025-10-10,SKU026,WH004,609,1,0,29,1,1,579
2025-10-10,SKU092,WH001,757,14,0,22,0,0,749
2025-10-10,SKU006,WH005,265,11,0,23,1,0,252
2025-10-10,SKU065,WH003,168,23,0,14,0,0,177
2025-10-10,SKU049,WH005,189,10,0,21,1,0,177
2025-10-10,SKU094,WH001,166,9,0,16,0,0,159
2025-10-10,SKU036,WH003,472,13,0,20,0,0,465
2025-10-10,SKU118,WH005,317,14,0,11,0,0,320
2025-10-10,SKU060,WH001,76,10,0,17,0,1,68
2025-10-10,SKU045,WH003,164,10,0,15,0,0,159
2025-10-10,SKU104,WH003,32,14,0,20,0,0,26
2025-10-10,SKU146,WH005,79,11,28,24,0,0,94
2025-10-10,SKU077,WH001,363,8,0,18,0,0,353
2025-10-10,SKU102,WH005,368,10,0,21,0,0,357
2025-10-10,SKU130,WH005,197,3,0,13,0,1,186
2025-10-10,SKU134,WH001,345,5,39,34,0,0,355
2025-10-10,SKU141,WH002,31,22,10,4,0,0,59
2025-10-10,SKU099,WH001,303,12,0,32,0,0,283
2025-10-10,SKU002,WH001,326,9,0,19,0,1,315
2025-10-10,SKU014,WH003,1195,5,0,32,1,0,1167
2025-10-11,SKU095,WH005,32,16,5,12,0,0,41
2025-10-11,SKU072,WH003,224,5,0,38,0,0,191
2025-10-11,SKU069,WH005,218,8,0,34,0,3,189
2025-10-11,SKU131,WH002,65,5,0,11,0,0,59
2025-10-11,SKU084,WH004,52,4,0,8,0,1,47
2025-10-11,SKU094,WH002,167,4,34,19,0,0,186
2025-10-11,SKU060,WH002,361,12,0,17,0,0,356
2025-10-11,SKU049,WH001,214,4,0,25,0,0,193
2025-10-11,SKU045,WH002,163,14,0,10,0,1,166
2025-10-11,SKU058,WH004,82,12,0,24,0,0,70
2025-10-11,SKU125,WH002,498,4,0,23,0,1,478
2025-10-11,SKU101,WH002,298,5,0,22,0,0,281
2025-10-11,SKU048,WH003,77,10,10,12,0,0,85
2025-10-11,SKU013,WH004,176,21,0,15,0,0,182
2025-10-11,SKU102,WH004,250,12,34,14,0,0,282
2025-10-11,SKU106,WH003,499,14,0,25,0,2,486
2025-10-11,SKU133,WH001,74,19,9,6,0,1,95
2025-10-11,SKU126,WH003,391,0,0,21,0,0,370
2025-10-11,SKU082,WH004,211,8,0,27,0,0,192
2025-10-11,SKU145,WH001,717,12,0,26,0,0,703
2025-10-11,SKU006,WH001,520,18,22,34,0,0,526
2025-10-11,SKU083,WH002,121,5,0,18,0,0,108
2025-10-11,SKU114,WH001,52,9,0,20,0,0,41
2025-10-11,SKU004,WH005,38,14,0,8,0,0,44
2025-10-11,SKU124,WH003,70,6,0,11,0,0,65
2025-10-11,SKU063,WH003,272,9,0,32,1,0,248
2025-10-11,SKU107,WH002,336,3,0,21,0,0,318
2025-10-11,SKU120,WH005,44,3,0,13,0,0,34
2025-10-11,SKU025,WH004,122,21,0,19,0,0,124
2025-10-11,SKU098,WH003,577,3,31,30,0,0,581
2025-10-11,SKU103,WH004,76,9,7,4,0,0,88
2025-10-11,SKU132,WH005,563,15,0,29,0,1,548
2025-10-11,SKU121,WH004,87,10,22,9,0,0,110
2025-10-11,SKU052,WH003,44,8,0,3,0,0,49
2025-10-11,SKU047,WH005,77,14,10,7,0,0,94
2025-10-11,SKU090,WH004,237,6,13,10,1,0,245
2025-10-11,SKU148,WH002,392,3,0,21,0,2,372
2025-10-11,SKU123,WH004,56,12,0,7,0,1,60
2025-10-11,SKU044,WH004,334,19,0,35,2,0,316
2025-10-11,SKU053,WH005,335,5,0,21,0,1,318
2025-10-11,SKU141,WH001,38,13,0,6,0,0,45
2025-10-11,SKU089,WH003,20,17,0,5,0,0,32
2025-10-11,SKU027,WH001,317,6,0,21,0,0,302
2025-10-11,SKU087,WH004,196,17,0,20,0,2,191
2025-10-11,SKU136,WH003,177,12,0,19,0,0,170
2025-10-12,SKU092,WH002,250,10,27,20,0,1,266
2025-10-12,SKU123,WH004,70,5,0,3,0,0,72
2025-10-12,SKU091,WH003,84,19,11,12,0,0,102
2025-10-12,SKU038,WH004,550,24,0,40,0,2,532
2025-10-12,SKU129,WH004,308,15,0,24,0,1,298
2025-10-12,SKU094,WH002,228,8,0,19,0,0,217
2025-10-12,SKU017,WH005,19,15,0,24,0,0,10
2025-10-12,SKU142,WH003,84,0,32,31,1,0,84
2025-10-12,SKU012,WH001,88,7,0,10,0,1,84
2025-10-12,SKU131,WH004,69,6,0,5,0,0,70
2025-10-12,SKU018,WH001,133,10,0,16,0,0,127
2025-10-12,SKU125,WH003,319,2,0,33,2,0,286
2025-10-12,SKU100,WH003,145,10,25,24,0,0,156
2025-10-12,SKU090,WH002,364,4,0,28,0,0,340
2025-10-12,SKU122,WH005,373,15,22,18,0,2,390
2025-10-12,SKU140,WH002,283,7,21,22,0,1,288
2025-10-12,SKU031,WH005,928,9,0,20,0,1,916
2025-10-12,SKU069,WH005,163,0,36,31,2,0,166
2025-10-12,SKU004,WH001,99,15,0,5,0,0,109
2025-10-12,SKU130,WH005,244,2,0,13,0,0,233
2025-10-12,SKU034,WH005,446,3,24,24,0,0,449
2025-10-12,SKU137,WH005,57,18,13,8,0,0,80
2025-10-12,SKU016,WH001,92,10,16,15,1,0,102
2025-10-12,SKU099,WH001,140,11,0,15,0,0,136
2025-10-12,SKU036,WH001,165,19,16,16,0,0,184
2025-10-12,SKU116,WH005,905,20,23,27,0,1,920
2025-10-12,SKU104,WH005,33,20,0,14,0,0,39
2025-10-12,SKU041,WH001,849,4,0,23,0,4,826
2025-10-12,SKU008,WH003,128,6,0,28,0,0,106
2025-10-12,SKU071,WH003,68,11,0,12,0,0,67
2025-10-12,SKU112,WH003,95,7,0,6,0,1,95
2025-10-12,SKU143,WH004,216,23,0,12,0,0,227
2025-10-12,SKU138,WH005,75,24,0,9,0,0,90
2025-10-12,SKU022,WH001,200,11,0,25,0,0,186
2025-10-12,SKU056,WH004,190,2,0,18,0,0,174
2025-10-12,SKU109,WH001,25,5,0,7,0,0,23
2025-10-12,SKU148,WH003,50,3,19,22,0,0,50
2025-10-12,SKU006,WH003,221,15,0,23,0,1,212
2025-10-12,SKU133,WH002,95,21,0,4,0,0,112
2025-10-12,SKU103,WH003,127,17,0,3,0,0,141
2025-10-12,SKU074,WH002,70,16,0,26,0,0,60
2025-10-12,SKU096,WH004,543,20,0,36,0,2,525
2025-10-12,SKU121,WH002,85,8,0,13,0,0,80
2025-10-12,SKU064,WH003,376,19,0,18,0,1,376
2025-10-12,SKU049,WH002,144,8,0,19,0,1,132
2025-10-13,SKU057,WH004,291,20,0,18,0,0,293
2025-10-13,SKU148,WH005,296,4,0,17,0,0,283
2025-10-13,SKU123,WH004,103,8,9,8,0,0,112
2025-10-13,SKU053,WH001,365,3,0,14,0,2,352
2025-10-13,SKU096,WH004,571,17,34,28,0,0,594
2025-10-13,SKU076,WH003,240,5,0,12,0,1,232
2025-10-13,SKU138,WH003,85,20,0,2,0,0,103
2025-10-13,SKU101,WH005,280,2,28,24,0,3,283
2025-10-13,SKU003,WH004,47,11,5,8,0,0,55
2025-10-13,SKU008,WH003,303,3,0,30,0,0,276
2025-10-13,SKU137,WH004,17,10,0,14,0,0,13
2025-10-13,SKU001,WH001,317,8,10,13,1,3,318
2025-10-13,SKU010,WH005,192,9,0,36,1,1,163
2025-10-13,SKU124,WH002,64,3,0,10,0,1,56
2025-10-13,SKU110,WH001,365,12,0,27,1,2,347
2025-10-13,SKU033,WH001,334,10,42,22,1,2,361
2025-10-13,SKU021,WH003,187,14,0,14,0,0,187
2025-10-13,SKU140,WH004,127,14,0,25,0,0,116
2025-10-13,SKU068,WH002,57,6,0,10,0,0,53
2025-10-13,SKU064,WH004,174,14,0,21,0,1,166
2025-10-13,SKU043,WH005,98,2,0,19,0,0,81
2025-10-13,SKU072,WH001,500,6,0,29,0,0,477
2025-10-13,SKU048,WH004,160,18,0,4,0,2,172
2025-10-13,SKU095,WH003,127,18,10,7,0,0,148
2025-10-13,SKU058,WH005,406,10,0,24,0,1,391
2025-10-13,SKU011,WH005,285,3,0,27,0,0,261
2025-10-13,SKU132,WH004,78,15,0,33,0,0,60
2025-10-13,SKU102,WH003,312,10,34,17,0,2,337
2025-10-13,SKU002,WH004,225,5,29,28,0,0,231
2025-10-13,SKU012,WH004,105,8,9,5,0,0,117
2025-10-13,SKU020,WH004,87,9,0,11,0,0,85
2025-10-13,SKU146,WH001,298,17,0,23,0,0,292
2025-10-13,SKU136,WH002,265,10,24,23,0,1,275
2025-10-13,SKU087,WH001,181,7,0,31,0,1,156
2025-10-13,SKU041,WH003,250,9,0,27,0,0,232
2025-10-13,SKU100,WH003,253,9,0,17,0,1,244
2025-10-13,SKU139,WH003,87,12,44,22,0,0,121
2025-10-13,SKU025,WH003,309,16,0,16,0,0,309
2025-10-13,SKU149,WH004,424,11,29,38,1,0,425
2025-10-13,SKU037,WH001,400,15,33,17,0,1,430
2025-10-13,SKU074,WH004,348,9,0,29,2,1,325
2025-10-13,SKU045,WH003,217,14,22,18,0,0,235
2025-10-13,SKU047,WH001,42,8,16,7,1,1,57
2025-10-13,SKU120,WH002,167,4,0,9,0,0,162
2025-10-13,SKU144,WH003,29,13,6,3,0,0,45
2025-10-14,SKU061,WH005,69,13,0,5,0,0,77
2025-10-14,SKU141,WH001,60,17,0,7,0,0,70
2025-10-14,SKU064,WH004,464,22,0,19,1,1,465
2025-10-14,SKU063,WH004,850,13,0,25,0,2,836
2025-10-14,SKU059,WH005,101,13,0,5,0,1,108
2025-10-14,SKU126,WH002,151,2,0,33,1,0,119
2025-10-14,SKU009,WH001,155,11,0,11,1,1,153
2025-10-14,SKU002,WH002,739,3,0,26,0,1,715
2025-10-14,SKU001,WH005,151,19,0,11,0,0,159
2025-10-14,SKU020,WH002,52,16,0,14,0,0,54
2025-10-14,SKU105,WH004,29,13,0,7,1,0,34
2025-10-14,SKU135,WH005,101,8,0,22,0,0,87
2025-10-14,SKU097,WH003,143,9,10,7,1,1,153
2025-10-14,SKU125,WH005,572,5,0,36,0,0,541
2025-10-14,SKU072,WH001,643,3,43,24,0,1,664
2025-10-14,SKU096,WH001,308,20,0,34,1,1,292
2025-10-14,SKU078,WH005,337,7,0,9,0,1,334
2025-10-14,SKU067,WH004,275,11,43,27,0,1,301
2025-10-14,SKU066,WH003,131,17,0,13,1,0,134
2025-10-14,SKU107,WH005,569,12,27,19,0,2,587
2025-10-14,SKU122,WH005,65,13,27,23,0,0,82
2025-10-14,SKU077,WH005,266,9,0,15,0,2,258
2025-10-14,SKU144,WH005,67,15,0,5,0,0,77
2025-10-14,SKU127,WH003,451,3,26,26,0,0,454
2025-10-14,SKU145,WH001,555,19,39,28,0,0,585
2025-10-14,SKU042,WH001,41,18,0,6,0,0,53
2025-10-14,SKU092,WH003,81,6,0,15,1,0,71
2025-10-14,SKU052,WH003,58,8,0,3,0,0,63
2025-10-14,SKU015,WH005,134,5,0,7,0,0,132
2025-10-14,SKU146,WH004,445,21,0,25,0,0,441
2025-10-14,SKU116,WH004,345,15,0,21,0,0,339
2025-10-14,SKU070,WH002,153,10,0,19,0,0,144
2025-10-14,SKU027,WH002,88,3,26,20,0,0,97
2025-10-14,SKU134,WH004,72,2,0,26,0,0,48
2025-10-14,SKU073,WH002,212,3,0,27,0,0,188
2025-10-14,SKU148,WH004,45,2,0,13,0,1,33
2025-10-14,SKU143,WH001,154,23,15,14,0,0,178
2025-10-14,SKU118,WH005,138,15,0,22,0,0,131
2025-10-14,SKU011,WH004,332,4,41,30,1,0,346
2025-10-14,SKU133,WH002,148,17,0,8,0,0,157
2025-10-14,SKU108,WH004,516,6,41,32,0,1,530
2025-10-14,SKU079,WH001,676,9,0,34,1,2,648
2025-10-14,SKU085,WH005,733,2,0,32,0,0,703
2025-10-14,SKU093,WH002,266,2,0,32,0,0,236
2025-10-14,SKU062,WH004,135,5,0,10,0,0,130
2025-10-15,SKU069,WH003,488,5,44,35,1,0,501
2025-10-15,SKU048,WH002,27,13,0,6,0,0,34
2025-10-15,SKU028,WH004,113,16,0,12,0,0,117
2025-10-15,SKU015,WH002,61,4,5,3,0,0,67
2025-10-15,SKU034,WH004,224,7,32,20,1,1,241
2025-10-15,SKU029,WH001,618,12,0,22,1,1,606
2025-10-15,SKU072,WH005,437,6,0,27,1,2,413
2025-10-15,SKU038,WH005,31,18,0,30,0,0,19
2025-10-15,SKU049,WH003,148,6,0,24,0,0,130
2025-10-15,SKU066,WH005,518,10,21,21,0,0,528
2025-10-15,SKU095,WH004,32,6,5,11,0,0,32
2025-10-15,SKU136,WH004,131,16,30,25,0,0,152
2025-10-15,SKU003,WH003,162,10,0,3,0,1,168
2025-10-15,SKU132,WH001,435,21,0,35,0,1,420
2025-10-15,SKU113,WH004,94,8,0,13,1,0,88
2025-10-15,SKU086,WH003,152,23,0,29,0,0,146
2025-10-15,SKU134,WH002,190,4,0,29,0,0,165
2025-10-15,SKU009,WH001,90,15,0,3,0,0,102
2025-10-15,SKU011,WH001,176,6,0,23,0,1,158
2025-10-15,SKU100,WH002,273,8,0,15,0,4,262
2025-10-15,SKU013,WH002,159,9,0,14,0,1,153
2025-10-15,SKU070,WH003,349,11,0,16,0,1,343
2025-10-15,SKU121,WH001,63,11,22,19,0,0,77
2025-10-15,SKU123,WH005,117,12,5,10,0,0,124
2025-10-15,SKU053,WH002,106,11,0,31,0,0,86
2025-10-15,SKU052,WH001,141,6,0,5,0,0,142
2025-10-15,SKU014,WH002,800,5,27,31,0,2,799
2025-10-15,SKU050,WH001,224,7,0,43,0,1,187
2025-10-15,SKU043,WH005,143,5,0,18,1,0,129
2025-10-15,SKU079,WH003,220,12,31,37,1,0,225
2025-10-15,SKU092,WH002,138,10,0,21,1,0,126
2025-10-15,SKU042,WH005,10,10,3,6,0,0,17
2025-10-15,SKU063,WH003,372,12,0,31,0,2,351
2025-10-15,SKU001,WH002,57,18,9,16,0,0,68
2025-10-15,SKU129,WH003,212,18,21,27,0,0,224
2025-10-15,SKU030,WH003,194,5,28,24,0,0,203
2025-10-15,SKU097,WH001,34,8,8,5,0,0,45
2025-10-15,SKU075,WH003,74,4,0,18,0,1,59
2025-10-15,SKU055,WH004,185,14,0,30,2,0,167
2025-10-15,SKU120,WH002,73,2,0,14,0,0,61
2025-10-15,SKU081,WH004,378,19,0,13,0,0,384
2025-10-15,SKU093,WH002,187,4,0,25,1,0,165
2025-10-15,SKU127,WH001,279,7,0,26,1,2,257
2025-10-15,SKU059,WH002,41,18,0,7,1,0,51
2025-10-15,SKU089,WH003,28,14,8,6,0,0,44
2025-10-16,SKU133,WH002,135,18,10,6,0,0,157
2025-10-16,SKU140,WH001,242,16,0,18,0,1,239
2025-10-16,SKU108,WH002,612,12,43,36,1,3,627
2025-10-16,SKU149,WH002,131,13,0,33,0,0,111
2025-10-16,SKU065,WH004,52,21,9,13,0,0,69
2025-10-16,SKU132,WH004,538,15,0,33,0,3,517
2025-10-16,SKU082,WH004,313,10,25,30,0,0,318
2025-10-16,SKU005,WH001,90,5,0,14,0,0,81
2025-10-16,SKU021,WH004,137,15,0,13,0,0,139
2025-10-16,SKU124,WH001,198,6,0,12,0,1,191
2025-10-16,SKU109,WH001,86,4,0,9,0,0,81
2025-10-16,SKU063,WH002,264,10,0,45,1,0,228
2025-10-16,SKU058,WH005,282,19,0,21,0,0,280
2025-10-16,SKU083,WH001,216,2,20,22,0,0,216
2025-10-16,SKU047,WH003,8,8,0,6,0,0,10
2025-10-16,SKU048,WH004,119,11,0,4,1,0,125
2025-10-16,SKU113,WH003,164,13,9,13,0,1,172
2025-10-16,SKU105,WH005,38,7,13,5,0,0,53
2025-10-16,SKU147,WH005,109,2,0,18,0,1,92
2025-10-16,SKU126,WH003,267,3,0,40,2,0,228
2025-10-16,SKU093,WH004,592,1,0,34,1,1,557
2025-10-16,SKU097,WH005,106,6,0,10,2,0,100
2025-10-16,SKU069,WH005,140,2,0,28,0,0,114
2025-10-16,SKU130,WH001,107,2,0,17,1,0,91
2025-10-16,SKU032,WH005,127,18,8,3,0,0,150
2025-10-16,SKU035,WH005,213,15,0,25,0,1,202
2025-10-16,SKU040,WH005,174,24,24,20,0,1,201
2025-10-16,SKU038,WH003,266,19,0,30,1,1,253
2025-10-16,SKU138,WH003,62,7,5,4,0,0,70
2025-10-16,SKU068,WH001,18,4,15,9,0,0,28
2025-10-16,SKU073,WH002,162,4,0,30,0,0,136
2025-10-16,SKU011,WH005,521,6,0,24,0,0,503
2025-10-16,SKU139,WH005,120,11,31,36,0,0,126
2025-10-16,SKU028,WH001,173,9,14,10,2,0,184
2025-10-16,SKU103,WH003,74,13,0,4,0,0,83
2025-10-16,SKU136,WH001,109,8,0,28,0,0,89
2025-10-16,SKU145,WH002,668,11,26,27,1,4,673
2025-10-16,SKU044,WH004,597,18,0,40,0,0,575
2025-10-16,SKU018,WH002,128,11,22,20,0,0,141
2025-10-16,SKU100,WH005,179,14,0,18,0,0,175
2025-10-16,SKU012,WH005,39,9,12,5,0,0,55
2025-10-16,SKU071,WH001,64,11,0,5,0,0,70
2025-10-16,SKU025,WH002,197,16,16,11,0,0,218
2025-10-16,SKU142,WH003,137,1,0,34,0,0,104
2025-10-16,SKU043,WH005,151,1,18,18,0,1,151
2025-10-17,SKU008,WH003,149,6,0,30,0,0,125
2025-10-17,SKU001,WH004,144,18,0,12,0,0,150
2025-10-17,SKU143,WH002,175,23,17,14,0,0,201
2025-10-17,SKU092,WH005,138,8,31,17,0,0,160
2025-10-17,SKU012,WH004,262,9,0,7,0,0,264
2025-10-17,SKU109,WH002,45,8,0,13,0,0,40
2025-10-17,SKU013,WH004,255,24,18,17,0,0,280
2025-10-17,SKU102,WH004,358,7,0,22,0,0,343
2025-10-17,SKU097,WH004,130,9,0,9,0,0,130
2025-10-17,SKU079,WH004,409,9,28,29,0,1,416
2025-10-17,SKU051,WH005,46,18,0,7,0,1,56
2025-10-17,SKU027,WH004,229,3,0,14,1,1,216
2025-10-17,SKU133,WH002,127,21,0,13,0,0,135
2025-10-17,SKU070,WH003,447,11,0,17,0,2,439
2025-10-17,SKU112,WH003,54,6,0,6,0,0,54
2025-10-17,SKU121,WH001,113,7,13,11,0,0,122
2025-10-17,SKU061,WH005,33,13,0,8,0,0,38
2025-10-17,SKU120,WH004,44,4,0,10,1,0,37
2025-10-17,SKU017,WH001,107,23,0,29,0,0,101
2025-10-17,SKU123,WH001,252,15,8,8,0,0,267
2025-10-17,SKU139,WH005,360,13,0,22,0,1,350
2025-10-17,SKU086,WH005,221,13,0,20,0,0,214
2025-10-17,SKU094,WH005,119,13,19,26,0,0,125
2025-10-17,SKU033,WH005,469,2,0,14,0,0,457
2025-10-17,SKU113,WH002,254,13,0,12,0,0,255
2025-10-17,SKU117,WH003,190,5,0,11,0,0,184
2025-10-17,SKU058,WH003,541,11,0,34,0,1,517
2025-10-17,SKU129,WH002,237,21,0,32,0,1,225
2025-10-17,SKU122,WH001,618,12,0,18,0,3,609
2025-10-17,SKU073,WH002,282,1,0,31,0,0,252
2025-10-17,SKU124,WH002,138,5,15,14,0,0,144
2025-10-17,SKU034,WH003,246,7,28,25,1,0,255
2025-10-17,SKU031,WH002,167,7,26,28,1,1,170
2025-10-17,SKU062,WH002,102,6,16,24,0,0,100
2025-10-17,SKU107,WH004,231,4,0,22,0,2,211
2025-10-17,SKU015,WH003,79,11,0,11,1,0,78
2025-10-17,SKU023,WH004,92,7,0,19,0,0,80
2025-10-17,SKU040,WH003,246,17,16,12,0,0,267
2025-10-17,SKU004,WH003,138,16,9,10,0,1,152
2025-10-17,SKU093,WH005,252,4,0,37,0,0,219
2025-10-17,SKU098,WH003,327,1,30,33,0,0,325
2025-10-17,SKU105,WH003,48,6,0,3,0,0,51
2025-10-17,SKU145,WH005,77,12,28,27,0,0,90
2025-10-17,SKU090,WH004,98,4,0,16,0,0,86
2025-10-17,SKU052,WH001,121,13,5,9,0,0,130
2025-10-18,SKU092,WH001,540,8,32,12,0,0,568
2025-10-18,SKU147,WH002,219,4,0,25,0,0,198
2025-10-18,SKU069,WH003,215,3,0,35,2,0,181
2025-10-18,SKU086,WH003,547,18,0,9,0,1,555
2025-10-18,SKU140,WH002,141,13,0,26,1,1,126
2025-10-18,SKU078,WH001,98,11,0,16,0,0,93
2025-10-18,SKU076,WH001,152,9,21,18,0,0,164
2025-10-18,SKU124,WH004,136,7,0,12,0,0,131
2025-10-18,SKU009,WH003,75,11,0,11,0,0,75
2025-10-18,SKU127,WH003,445,1,0,27,0,0,419
2025-10-18,SKU141,WH002,84,13,0,3,0,0,94
2025-10-18,SKU016,WH003,108,16,0,16,0,0,108
2025-10-18,SKU046,WH002,433,5,0,24,0,1,413
2025-10-18,SKU094,WH005,200,6,26,21,1,0,210
2025-10-18,SKU111,WH003,296,16,0,31,1,0,280
2025-10-18,SKU109,WH005,155,1,18,7,0,0,167
2025-10-18,SKU110,WH005,268,12,36,27,1,0,288
2025-10-18,SKU116,WH002,508,14,0,24,0,4,494
2025-10-18,SKU049,WH005,22,6,0,17,0,0,11
2025-10-18,SKU107,WH001,200,10,27,25,0,0,212
2025-10-18,SKU002,WH003,405,8,0,21,1,0,391
2025-10-18,SKU060,WH003,168,7,21,31,0,0,165
2025-10-18,SKU084,WH002,29,6,0,2,0,0,33
2025-10-18,SKU137,WH005,44,22,8,8,0,0,66
2025-10-18,SKU079,WH002,324,7,0,22,0,0,309
2025-10-18,SKU059,WH001,115,17,0,6,1,0,125
2025-10-18,SKU095,WH003,94,13,0,9,0,0,98
2025-10-18,SKU072,WH003,126,5,0,39,1,0,91
2025-10-18,SKU104,WH004,60,9,0,13,1,1,54
2025-10-18,SKU139,WH002,217,8,0,34,0,1,190
2025-10-18,SKU073,WH001,283,4,0,31,0,0,256
2025-10-18,SKU027,WH001,573,9,19,11,0,1,589
2025-10-18,SKU114,WH005,21,6,0,13,0,1,13
2025-10-18,SKU006,WH002,379,12,35,26,0,1,399
2025-10-18,SKU029,WH002,264,13,0,27,0,0,250
2025-10-18,SKU146,WH001,38,14,29,15,0,0,66
2025-10-18,SKU100,WH004,190,8,0,14,0,2,182
2025-10-18,SKU021,WH003,57,13,0,20,0,0,50
2025-10-18,SKU010,WH004,130,15,0,31,0,0,114
2025-10-18,SKU122,WH002,540,12,21,9,0,0,564
2025-10-18,SKU112,WH003,52,5,0,2,0,0,55
2025-10-18,SKU129,WH001,247,19,19,14,0,1,270
2025-10-18,SKU014,WH004,95,0,0,32,0,0,63
2025-10-18,SKU064,WH001,91,14,0,20,0,0,85
2025-10-18,SKU026,WH005,247,3,36,24,0,2,260
2025-10-19,SKU124,WH002,217,10,6,9,0,0,224
2025-10-19,SKU091,WH003,68,25,11,8,0,1,95
2025-10-19,SKU088,WH002,21,7,0,4,0,0,24
2025-10-19,SKU103,WH005,144,14,5,9,0,1,153
2025-10-19,SKU125,WH003,340,2,37,39,0,1,339
2025-10-19,SKU004,WH005,104,14,0,8,0,0,110
2025-10-19,SKU097,WH004,30,13,0,4,0,0,39
2025-10-19,SKU037,WH002,275,14,30,13,0,1,305
2025-10-19,SKU147,WH002,76,2,40,28,0,0,90
2025-10-19,SKU148,WH005,116,2,17,17,0,1,117
2025-10-19,SKU141,WH005,28,15,8,4,0,0,47
2025-10-19,SKU046,WH001,105,6,0,21,0,0,90
2025-10-19,SKU140,WH005,184,15,24,19,0,0,204
2025-10-19,SKU040,WH005,84,14,0,16,1,1,80
2025-10-19,SKU044,WH002,180,17,39,25,0,0,211
2025-10-19,SKU062,WH001,120,8,0,19,0,0,109
2025-10-19,SKU121,WH002,89,9,13,15,0,0,96
2025-10-19,SKU116,WH002,542,17,0,28,0,2,529
2025-10-19,SKU119,WH002,634,18,0,21,0,1,630
2025-10-19,SKU146,WH002,217,15,0,22,0,1,209
2025-10-19,SKU009,WH004,278,16,0,10,1,0,283
2025-10-19,SKU017,WH005,375,16,30,28,0,1,392
2025-10-19,SKU049,WH001,290,9,0,23,1,0,275
2025-10-19,SKU060,WH002,303,3,0,23,0,0,283
2025-10-19,SKU043,WH003,177,5,0,15,0,0,167
2025-10-19,SKU064,WH005,200,14,0,22,0,0,192
2025-10-19,SKU133,WH002,51,15,0,4,0,0,62
2025-10-19,SKU104,WH002,75,16,14,13,1,0,91
2025-10-19,SKU123,WH004,132,15,0,8,0,0,139
2025-10-19,SKU086,WH001,52,14,0,24,1,0,41
2025-10-19,SKU136,WH003,64,7,26,22,0,0,75
2025-10-19,SKU042,WH003,27,14,0,4,0,0,37
2025-10-19,SKU084,WH003,90,5,6,9,0,0,92
2025-10-19,SKU129,WH002,77,13,0,19,0,1,70
2025-10-19,SKU132,WH001,423,19,0,23,0,1,418
2025-10-19,SKU090,WH004,44,9,18,15,0,0,56
2025-10-19,SKU087,WH005,276,11,0,24,1,0,262
2025-10-19,SKU048,WH001,40,14,10,9,0,1,54
2025-10-19,SKU041,WH005,558,12,27,26,0,2,569
2025-10-19,SKU018,WH004,329,10,0,15,0,2,322
2025-10-19,SKU061,WH001,82,18,10,8,0,0,102
2025-10-19,SKU127,WH003,184,8,0,25,0,0,167
2025-10-19,SKU100,WH002,25,16,0,11,0,0,30
2025-10-19,SKU008,WH001,679,3,0,24,0,0,658
2025-10-19,SKU053,WH002,306,6,0,19,0,2,291
2025-10-20,SKU002,WH005,214,4,31,27,0,0,222
2025-10-20,SKU010,WH005,92,17,0,22,0,0,87
2025-10-20,SKU038,WH002,256,11,0,26,1,0,240
2025-10-20,SKU016,WH005,198,13,0,11,0,0,200
2025-10-20,SKU094,WH004,265,8,0,22,0,0,251
2025-10-20,SKU097,WH003,122,12,0,4,0,0,130
2025-10-20,SKU044,WH002,405,20,0,28,1,2,394
2025-10-20,SKU113,WH002,236,10,18,10,0,0,254
2025-10-20,SKU035,WH001,251,17,29,20,0,0,277
2025-10-20,SKU066,WH003,118,14,24,16,0,0,140
2025-10-20,SKU103,WH002,35,12,0,15,0,0,32
2025-10-20,SKU140,WH003,187,13,35,17,0,1,217
2025-10-20,SKU093,WH001,175,5,27,34,0,2,171
2025-10-20,SKU082,WH005,214,8,0,31,1,0,190
2025-10-20,SKU147,WH002,475,3,0,26,1,1,450
2025-10-20,SKU049,WH001,275,3,0,13,0,1,264
2025-10-20,SKU096,WH004,712,12,0,30,1,2,691
2025-10-20,SKU087,WH001,252,16,38,18,0,0,288
2025-10-20,SKU079,WH004,249,4,0,29,0,1,223
2025-10-20,SKU055,WH004,318,14,22,26,1,1,326
2025-10-20,SKU032,WH002,103,17,4,8,0,0,116
2025-10-20,SKU098,WH005,67,2,0,35,0,0,34
2025-10-20,SKU015,WH003,38,4,5,3,0,0,44
2025-10-20,SKU104,WH002,64,16,0,12,0,0,68
2025-10-20,SKU092,WH004,397,10,0,21,0,0,386
2025-10-20,SKU099,WH001,262,8,0,25,0,1,244
2025-10-20,SKU084,WH005,24,3,8,6,0,0,29
2025-10-20,SKU120,WH001,93,3,0,7,0,0,89
2025-10-20,SKU135,WH003,335,14,0,10,0,0,339
2025-10-20,SKU095,WH005,41,21,0,8,0,0,54
2025-10-20,SKU022,WH005,66,13,0,19,0,0,60
2025-10-20,SKU061,WH005,28,10,0,5,0,0,33
2025-10-20,SKU089,WH005,84,18,11,5,0,0,108
2025-10-20,SKU072,WH004,262,3,0,28,0,1,236
2025-10-20,SKU117,WH005,42,2,11,15,0,0,40
2025-10-20,SKU057,WH003,257,10,0,19,0,0,248
2025-10-20,SKU030,WH003,346,13,0,13,0,2,344
2025-10-20,SKU137,WH001,22,23,9,10,0,0,44
2025-10-20,SKU081,WH005,332,7,0,23,1,0,315
2025-10-20,SKU073,WH003,312,4,0,35,0,1,280
2025-10-20,SKU133,WH003,133,15,0,5,0,0,143
2025-10-20,SKU069,WH004,851,5,0,19,0,3,834
2025-10-20,SKU150,WH005,659,19,0,16,0,3,659
2025-10-20,SKU132,WH003,405,10,0,37,0,1,377
2025-10-20,SKU123,WH003,114,9,13,7,0,0,129
2025-10-21,SKU146,WH002,473,13,0,17,0,0,469
2025-10-21,SKU055,WH005,253,16,0,15,1,0,253
2025-10-21,SKU016,WH003,185,15,0,8,0,0,192
2025-10-21,SKU120,WH002,105,1,0,9,0,0,97
2025-10-21,SKU113,WH001,126,16,0,14,0,0,128
2025-10-21,SKU033,WH001,443,2,0,26,0,2,417
2025-10-21,SKU007,WH005,114,7,17,14,0,1,123
2025-10-21,SKU041,WH001,135,8,0,31,0,0,112
2025-10-21,SKU134,WH005,223,5,38,31,0,1,234
2025-10-21,SKU070,WH004,164,11,0,22,0,0,153
2025-10-21,SKU090,WH004,86,5,0,10,0,1,80
2025-10-21,SKU133,WH004,113,25,0,6,0,0,132
2025-10-21,SKU069,WH002,441,2,0,25,1,1,416
2025-10-21,SKU009,WH002,38,11,15,11,0,0,53
2025-10-21,SKU037,WH001,72,23,0,22,0,0,73
2025-10-21,SKU049,WH002,211,6,24,34,2,0,205
2025-10-21,SKU100,WH002,61,8,24,17,0,0,76
2025-10-21,SKU141,WH003,53,18,13,7,0,0,77
2025-10-21,SKU076,WH005,467,10,0,18,0,0,459
2025-10-21,SKU042,WH001,60,22,0,7,0,0,75
2025-10-21,SKU010,WH005,411,14,0,38,0,3,384
2025-10-21,SKU068,WH002,49,2,0,3,0,0,48
2025-10-21,SKU021,WH004,179,21,18,13,0,0,205
2025-10-21,SKU117,WH005,69,3,0,10,1,0,61
2025-10-21,SKU116,WH004,241,19,0,20,0,0,240
2025-10-21,SKU112,WH001,96,7,0,5,0,0,98
2025-10-21,SKU091,WH001,58,14,0,5,0,0,67
2025-10-21,SKU093,WH003,899,2,37,30,0,5,903
2025-10-21,SKU001,WH001,182,16,17,19,1,1,194
2025-10-21,SKU110,WH003,231,13,38,20,1,0,261
2025-10-21,SKU003,WH001,103,21,0,8,0,0,116
2025-10-21,SKU027,WH001,368,6,0,15,0,1,358
2025-10-21,SKU084,WH004,34,6,0,2,0,0,38
2025-10-21,SKU081,WH001,188,6,0,33,0,0,161
2025-10-21,SKU125,WH005,396,8,45,37,0,0,412
2025-10-21,SKU139,WH004,306,11,0,34,0,0,283
2025-10-21,SKU131,WH005,65,4,0,10,0,0,59
2025-10-21,SKU030,WH003,226,16,0,27,0,0,215
2025-10-21,SKU075,WH003,173,7,20,19,0,0,181
2025-10-21,SKU109,WH001,42,5,0,14,0,0,33
2025-10-21,SKU135,WH003,130,10,0,19,0,0,121
2025-10-21,SKU026,WH004,279,4,0,22,0,0,261
2025-10-21,SKU062,WH002,136,3,0,11,1,2,125
2025-10-21,SKU072,WH001,63,5,0,39,0,0,29
2025-10-21,SKU002,WH002,147,8,31,27,0,0,159
2025-10-22,SKU072,WH002,147,2,0,27,0,1,121
2025-10-22,SKU058,WH001,363,5,35,29,2,2,370
2025-10-22,SKU149,WH001,487,9,40,40,0,1,495
2025-10-22,SKU093,WH005,202,1,35,26,0,0,212
2025-10-22,SKU106,WH002,322,19,37,27,1,0,350
2025-10-22,SKU054,WH001,281,13,0,21,0,2,271
2025-10-22,SKU091,WH002,37,15,0,6,1,0,45
2025-10-22,SKU057,WH001,267,24,30,21,0,0,300
2025-10-22,SKU004,WH002,210,19,0,9,0,0,220
2025-10-22,SKU092,WH003,398,8,18,24,0,1,399
2025-10-22,SKU046,WH002,582,8,0,35,0,2,553
2025-10-22,SKU060,WH001,105,10,0,16,0,0,99
2025-10-22,SKU015,WH001,22,5,0,13,1,0,13
2025-10-22,SKU020,WH005,60,11,16,15,1,0,71
2025-10-22,SKU064,WH005,153,10,19,18,0,0,164
2025-10-22,SKU130,WH002,228,0,24,23,0,1,228
2025-10-22,SKU111,WH004,188,18,0,32,1,1,172
2025-10-22,SKU005,WH002,212,6,0,18,0,0,200
2025-10-22,SKU084,WH001,137,4,0,9,0,0,132
2025-10-22,SKU087,WH004,531,19,35,21,0,1,563
2025-10-22,SKU019,WH005,220,18,35,35,0,0,238
2025-10-22,SKU105,WH002,60,3,0,8,0,1,54
2025-10-22,SKU043,WH001,55,5,9,19,0,0,50
2025-10-22,SKU074,WH004,103,19,0,27,0,0,95
2025-10-22,SKU001,WH002,322,22,19,10,0,0,353
2025-10-22,SKU063,WH002,253,7,39,37,0,1,261
2025-10-22,SKU123,WH003,177,7,0,8,0,0,176
2025-10-22,SKU068,WH005,51,2,8,7,0,0,54
2025-10-22,SKU115,WH004,336,5,12,15,0,3,335
2025-10-22,SKU062,WH001,245,2,0,13,0,1,233
2025-10-22,SKU009,WH005,122,12,10,6,0,0,138
2025-10-22,SKU147,WH005,72,4,0,24,0,0,52
2025-10-22,SKU040,WH005,364,16,0,18,0,0,362
2025-10-22,SKU067,WH002,317,9,0,33,0,1,292
2025-10-22,SKU095,WH001,69,20,0,17,0,0,72
2025-10-22,SKU021,WH004,452,12,14,15,0,2,461
2025-10-22,SKU073,WH003,654,4,0,23,1,2,632
2025-10-22,SKU096,WH004,784,13,0,17,0,2,778
2025-10-22,SKU126,WH001,262,3,0,25,0,0,240
2025-10-22,SKU082,WH001,254,11,0,21,0,0,244
2025-10-22,SKU077,WH003,449,8,0,14,0,0,443
2025-10-22,SKU047,WH001,37,14,0,7,0,0,44
2025-10-22,SKU024,WH001,93,11,0,14,0,1,89
2025-10-22,SKU011,WH005,725,11,39,24,0,3,748
2025-10-22,SKU100,WH005,363,15,0,19,1,1,357
2025-10-23,SKU135,WH002,84,12,0,14,0,0,82
2025-10-23,SKU057,WH001,277,20,17,19,1,0,294
2025-10-23,SKU137,WH004,69,17,6,12,0,0,80
2025-10-23,SKU105,WH001,108,4,0,5,0,0,107
2025-10-23,SKU098,WH003,592,3,0,29,2,3,561
2025-10-23,SKU119,WH002,78,15,30,17,0,0,106
2025-10-23,SKU064,WH002,126,17,0,17,0,0,126
2025-10-23,SKU079,WH003,473,5,30,31,0,0,477
2025-10-23,SKU008,WH002,985,1,0,32,0,4,950
2025-10-23,SKU072,WH002,78,2,0,33,0,0,47
2025-10-23,SKU115,WH004,51,5,0,15,0,0,41
2025-10-23,SKU128,WH003,46,3,21,7,0,0,63
2025-10-23,SKU088,WH001,46,10,0,7,0,0,49
2025-10-23,SKU133,WH003,89,12,9,8,0,0,102
2025-10-23,SKU070,WH002,54,16,0,13,0,1,56
2025-10-23,SKU056,WH005,317,7,22,21,1,0,324
2025-10-23,SKU108,WH004,333,8,0,31,0,0,310
2025-10-23,SKU036,WH002,353,17,23,18,0,2,373
2025-10-23,SKU102,WH004,129,12,0,21,1,0,119
2025-10-23,SKU080,WH004,81,15,0,4,0,0,92
2025-10-23,SKU065,WH003,57,15,8,14,0,0,66
2025-10-23,SKU078,WH001,145,7,0,20,0,1,131
2025-10-23,SKU058,WH005,421,12,34,28,0,1,438
2025-10-23,SKU016,WH003,261,16,23,17,0,2,281
2025-10-23,SKU060,WH001,159,7,18,27,0,0,157
2025-10-23,SKU129,WH004,209,19,0,22,0,1,205
2025-10-23,SKU091,WH003,149,23,13,5,0,0,180
2025-10-23,SKU051,WH005,27,27,0,6,0,0,48
2025-10-23,SKU100,WH001,168,11,0,7,0,0,172
2025-10-23,SKU030,WH001,130,11,0,26,0,0,115
2025-10-23,SKU027,WH001,417,5,0,16,0,1,405
2025-10-23,SKU018,WH005,227,11,0,12,0,0,226
2025-10-23,SKU019,WH003,221,24,47,27,0,1,264
2025-10-23,SKU132,WH003,513,13,43,32,2,1,534
2025-10-23,SKU006,WH004,141,15,0,26,0,0,130
2025-10-23,SKU012,WH003,37,6,0,4,0,0,39
2025-10-23,SKU106,WH001,174,9,29,26,1,2,183
2025-10-23,SKU055,WH005,330,10,26,17,0,1,348
2025-10-23,SKU042,WH004,116,22,0,7,0,0,131
2025-10-23,SKU085,WH005,410,3,0,34,0,0,379
2025-10-23,SKU081,WH003,539,9,22,21,0,4,545
2025-10-23,SKU067,WH003,483,5,40,28,1,1,498
2025-10-23,SKU117,WH005,260,1,9,8,0,0,262
2025-10-23,SKU014,WH005,728,5,28,38,0,1,722
2025-10-23,SKU035,WH001,187,17,0,26,0,0,178
2025-10-24,SKU044,WH004,465,24,0,22,0,0,467
2025-10-24,SKU119,WH001,283,18,0,20,0,0,281
2025-10-24,SKU113,WH005,236,9,0,14,0,0,231
2025-10-24,SKU021,WH003,88,20,0,20,0,0,88
2025-10-24,SKU077,WH002,135,8,0,14,0,0,129
2025-10-24,SKU078,WH002,61,9,0,11,0,0,59
2025-10-24,SKU061,WH005,60,13,0,7,0,0,66
2025-10-24,SKU069,WH003,311,2,0,30,0,1,282
2025-10-24,SKU058,WH003,481,12,38,37,1,0,493
2025-10-24,SKU081,WH004,147,13,0,27,0,0,133
2025-10-24,SKU042,WH005,42,11,0,2,0,0,51
2025-10-24,SKU099,WH004,173,9,0,31,0,1,150
2025-10-24,SKU145,WH001,322,17,21,37,2,1,320
2025-10-24,SKU086,WH004,69,23,23,17,0,0,98
2025-10-24,SKU055,WH002,779,16,16,21,0,2,788
2025-10-24,SKU149,WH005,413,15,0,28,0,0,400
2025-10-24,SKU133,WH004,84,11,3,9,0,0,89
2025-10-24,SKU138,WH004,62,11,0,6,0,0,67
2025-10-24,SKU120,WH001,121,3,0,12,0,0,112
2025-10-24,SKU006,WH001,281,28,0,38,1,0,270
2025-10-24,SKU036,WH005,129,15,0,25,1,0,118
2025-10-24,SKU122,WH004,111,18,0,17,0,0,112
2025-10-24,SKU114,WH005,40,7,0,18,0,0,29
2025-10-24,SKU141,WH001,111,12,0,3,1,0,119
2025-10-24,SKU076,WH003,587,6,0,20,0,2,571
2025-10-24,SKU118,WH002,234,13,0,20,0,0,227
2025-10-24,SKU051,WH003,63,23,0,13,0,0,73
2025-10-24,SKU066,WH003,203,12,27,18,0,0,224
2025-10-24,SKU144,WH005,46,19,16,10,0,0,71
2025-10-24,SKU043,WH003,443,3,0,14,0,1,431
2025-10-24,SKU090,WH005,346,9,0,9,0,1,345
2025-10-24,SKU031,WH003,757,2,0,23,0,2,734
2025-10-24,SKU038,WH002,313,14,0,33,0,1,293
2025-10-24,SKU083,WH001,36,4,19,24,0,0,35
2025-10-24,SKU148,WH002,105,3,0,17,0,0,91
2025-10-24,SKU109,WH005,55,5,0,19,1,0,40
2025-10-24,SKU047,WH001,99,11,0,10,1,0,99
2025-10-24,SKU016,WH002,90,7,28,13,0,0,112
2025-10-24,SKU040,WH004,102,15,24,16,0,0,125
2025-10-24,SKU060,WH001,441,10,23,19,0,2,453
2025-10-24,SKU082,WH005,117,8,19,29,0,2,113
2025-10-24,SKU150,WH004,417,22,0,20,0,2,417
2025-10-24,SKU101,WH005,212,4,34,21,0,1,228
2025-10-24,SKU071,WH001,69,3,0,2,0,1,69
2025-10-24,SKU018,WH005,77,8,0,17,0,0,68
2025-10-25,SKU103,WH005,89,13,0,6,0,0,96
2025-10-25,SKU053,WH004,133,8,23,23,1,0,140
2025-10-25,SKU101,WH003,251,3,0,26,0,1,227
2025-10-25,SKU008,WH001,253,4,0,36,0,0,221
2025-10-25,SKU015,WH004,99,3,0,4,0,0,98
2025-10-25,SKU130,WH004,23,1,0,16,0,0,8
2025-10-25,SKU133,WH003,39,24,11,10,0,0,64
2025-10-25,SKU113,WH004,253,11,0,18,0,0,246
2025-10-25,SKU137,WH003,62,14,0,8,1,1,66
2025-10-25,SKU124,WH003,199,5,15,18,0,1,200
2025-10-25,SKU089,WH002,47,20,0,4,0,0,63
2025-10-25,SKU070,WH002,136,9,0,17,0,0,128
2025-10-25,SKU139,WH005,198,11,0,30,0,2,177
2025-10-25,SKU002,WH002,278,7,0,30,0,2,253
2025-10-25,SKU018,WH005,260,9,25,12,0,3,279
2025-10-25,SKU057,WH005,312,16,0,18,0,1,309
2025-10-25,SKU092,WH001,715,7,0,21,0,1,700
2025-10-25,SKU047,WH002,54,8,0,8,0,0,54
2025-10-25,SKU109,WH005,70,6,11,12,0,2,73
2025-10-25,SKU035,WH001,516,22,23,38,1,1,521
2025-10-25,SKU112,WH005,138,4,7,5,0,0,144
2025-10-25,SKU095,WH002,175,14,0,4,0,1,184
2025-10-25,SKU090,WH001,549,3,0,8,0,0,544
2025-10-25,SKU034,WH001,314,6,0,24,0,0,296
2025-10-25,SKU033,WH001,234,4,0,27,0,0,211
2025-10-25,SKU050,WH004,371,1,0,32,0,1,339
2025-10-25,SKU049,WH005,205,6,28,18,0,0,221
2025-10-25,SKU087,WH002,163,17,0,26,0,0,154
2025-10-25,SKU009,WH002,120,16,0,6,0,1,129
2025-10-25,SKU094,WH005,138,4,0,23,0,0,119
2025-10-25,SKU043,WH001,225,3,0,17,0,1,210
2025-10-25,SKU106,WH002,314,18,0,26,0,0,306
2025-10-25,SKU055,WH005,286,19,0,28,1,0,276
2025-10-25,SKU029,WH005,717,14,35,28,0,2,736
2025-10-25,SKU084,WH002,96,4,6,4,0,0,102
2025-10-25,SKU074,WH005,360,13,0,26,1,1,345
2025-10-25,SKU115,WH005,123,3,16,15,0,0,127
2025-10-25,SKU024,WH004,130,12,0,24,0,0,118
2025-10-25,SKU107,WH005,194,14,0,23,1,0,184
2025-10-25,SKU141,WH002,66,23,4,13,0,0,80
2025-10-25,SKU048,WH005,29,19,0,10,0,0,38
2025-10-25,SKU001,WH001,364,15,0,15,0,2,362
2025-10-25,SKU027,WH004,140,10,0,17,0,0,133
2025-10-25,SKU069,WH002,276,3,0,38,1,1,239
2025-10-25,SKU116,WH003,197,12,0,22,1,0,186
2025-10-26,SKU111,WH005,205,11,38,31,0,0,223
2025-10-26,SKU069,WH001,76,2,0,32,0,1,45
2025-10-26,SKU102,WH002,105,13,0,22,0,0,96
2025-10-26,SKU143,WH002,221,15,17,10,0,0,243
2025-10-26,SKU008,WH002,720,4,0,36,0,3,685
2025-10-26,SKU075,WH003,303,7,0,13,0,0,297
2025-10-26,SKU005,WH001,59,3,0,18,0,0,44
2025-10-26,SKU128,WH005,24,4,15,9,0,0,34
2025-10-26,SKU110,WH002,165,21,28,21,0,1,192
2025-10-26,SKU120,WH004,112,1,0,12,0,0,101
2025-10-26,SKU101,WH001,244,3,0,30,0,0,217
2025-10-26,SKU042,WH005,38,14,6,4,0,0,54
2025-10-26,SKU100,WH005,214,11,18,6,0,0,237
2025-10-26,SKU048,WH001,126,12,11,7,0,0,142
2025-10-26,SKU149,WH004,269,11,36,30,0,1,285
2025-10-26,SKU119,WH003,528,12,32,25,0,2,545
2025-10-26,SKU017,WH002,80,21,0,28,1,0,72
2025-10-26,SKU081,WH002,425,12,28,30,1,2,432
2025-10-26,SKU127,WH003,89,3,31,40,0,0,83
2025-10-26,SKU052,WH002,102,11,0,8,0,0,105
2025-10-26,SKU021,WH003,168,19,13,19,0,1,180
2025-10-26,SKU106,WH004,404,13,0,33,0,0,384
2025-10-26,SKU089,WH004,84,20,7,3,0,2,106
2025-10-26,SKU039,WH002,166,13,34,32,0,0,181
2025-10-26,SKU070,WH004,498,8,0,18,0,1,487
2025-10-26,SKU026,WH004,702,3,29,31,1,1,701
2025-10-26,SKU066,WH005,38,17,22,24,0,0,53
2025-10-26,SKU011,WH001,357,10,0,26,0,2,339
2025-10-26,SKU136,WH003,112,10,31,20,0,0,133
2025-10-26,SKU019,WH001,144,13,0,25,0,0,132
2025-10-26,SKU036,WH001,85,21,22,22,0,1,105
2025-10-26,SKU131,WH004,59,10,0,8,1,0,60
2025-10-26,SKU103,WH001,140,16,0,6,1,1,148
2025-10-26,SKU009,WH005,35,12,10,5,0,0,52
2025-10-26,SKU142,WH003,462,6,46,26,0,2,486
2025-10-26,SKU029,WH001,64,13,0,19,2,0,56
2025-10-26,SKU031,WH002,582,4,0,20,0,0,566
2025-10-26,SKU121,WH002,174,7,0,8,0,0,173
2025-10-26,SKU040,WH001,81,21,0,14,1,0,87
2025-10-26,SKU144,WH005,108,10,9,6,0,0,121
2025-10-26,SKU035,WH004,331,27,28,22,0,0,364
2025-10-26,SKU012,WH003,29,4,0,10,0,0,23
2025-10-26,SKU056,WH002,663,5,29,24,0,6,667
2025-10-26,SKU046,WH005,531,13,33,19,0,0,558
2025-10-26,SKU013,WH004,126,12,0,12,0,1,125
2025-10-27,SKU097,WH002,127,8,0,6,0,0,129
2025-10-27,SKU047,WH002,194,8,0,8,0,0,194
2025-10-27,SKU083,WH002,316,6,0,22,0,0,300
2025-10-27,SKU054,WH003,136,13,15,19,0,0,145
2025-10-27,SKU061,WH004,75,13,0,8,0,0,80
2025-10-27,SKU022,WH003,1169,20,38,26,0,1,1200
2025-10-27,SKU088,WH004,36,12,10,5,1,1,51
2025-10-27,SKU007,WH003,173,14,0,19,0,0,168
2025-10-27,SKU042,WH005,35,18,4,1,0,0,56
2025-10-27,SKU025,WH003,213,17,22,17,0,0,235
2025-10-27,SKU068,WH001,66,6,0,8,0,0,64
2025-10-27,SKU135,WH004,29,9,0,13,0,0,25
2025-10-27,SKU038,WH004,249,12,0,29,0,0,232
2025-10-27,SKU001,WH002,126,22,10,18,0,0,140
2025-10-27,SKU060,WH004,235,8,0,21,0,1,221
2025-10-27,SKU138,WH002,151,13,0,4,0,0,160
2025-10-27,SKU148,WH002,40,4,20,14,0,0,50
2025-10-27,SKU110,WH003,121,14,20,21,1,0,133
2025-10-27,SKU080,WH004,90,14,4,7,0,0,101
2025-10-27,SKU009,WH001,157,9,8,6,0,0,168
2025-10-27,SKU012,WH002,48,7,0,7,1,1,46
2025-10-27,SKU024,WH004,209,9,0,19,0,0,199
2025-10-27,SKU034,WH004,285,3,0,23,0,2,263
2025-10-27,SKU140,WH001,253,18,0,32,0,0,239
2025-10-27,SKU069,WH005,309,1,0,22,1,2,285
2025-10-27,SKU062,WH002,229,2,0,15,0,0,216
2025-10-27,SKU122,WH005,275,18,0,18,0,1,274
2025-10-27,SKU070,WH003,150,10,25,20,0,0,165
2025-10-27,SKU028,WH005,270,9,0,19,0,2,258
2025-10-27,SKU130,WH004,226,3,0,16,0,1,212
2025-10-27,SKU040,WH003,254,21,0,17,0,1,257
2025-10-27,SKU008,WH004,318,5,0,31,1,0,291
2025-10-27,SKU111,WH004,322,12,44,27,0,0,351
2025-10-27,SKU121,WH001,200,11,0,18,0,0,193
2025-10-27,SKU084,WH005,35,4,5,4,0,0,40
2025-10-27,SKU050,WH003,103,4,0,29,1,0,77
2025-10-27,SKU115,WH001,66,2,0,9,0,0,59
2025-10-27,SKU033,WH002,195,9,39,29,0,0,214
2025-10-27,SKU055,WH002,125,17,0,17,0,0,125
2025-10-27,SKU052,WH002,51,11,9,8,0,0,63
2025-10-27,SKU030,WH005,216,13,24,13,0,0,240
2025-10-27,SKU113,WH005,202,13,0,12,0,0,203
2025-10-27,SKU106,WH005,293,16,0,24,0,0,285
2025-10-27,SKU058,WH003,501,16,26,39,1,0,503
2025-10-27,SKU016,WH001,56,5,0,12,0,0,49
2025-10-28,SKU011,WH004,70,8,22,29,1,0,70
2025-10-28,SKU023,WH005,334,11,0,16,0,2,327
2025-10-28,SKU108,WH004,268,7,40,36,0,1,278
2025-10-28,SKU051,WH005,103,16,0,12,0,1,106
2025-10-28,SKU149,WH004,214,11,33,34,0,1,223
2025-10-28,SKU112,WH001,67,9,0,3,0,1,72
2025-10-28,SKU140,WH004,123,10,0,24,0,0,109
2025-10-28,SKU097,WH001,52,20,0,7,1,0,64
2025-10-28,SKU042,WH004,21,14,0,5,0,0,30
2025-10-28,SKU018,WH003,199,21,0,21,0,0,199
2025-10-28,SKU053,WH005,395,2,34,19,0,1,411
2025-10-28,SKU006,WH001,259,14,27,30,0,1,269
2025-10-28,SKU148,WH005,167,0,0,21,0,0,146
2025-10-28,SKU119,WH005,48,14,0,23,0,0,39
2025-10-28,SKU118,WH002,95,12,21,12,0,0,116
2025-10-28,SKU015,WH002,10,5,11,8,0,0,18
2025-10-28,SKU095,WH003,58,22,0,5,0,0,75
2025-10-28,SKU071,WH002,83,14,0,9,0,1,87
2025-10-28,SKU093,WH004,407,7,0,35,0,0,379
2025-10-28,SKU074,WH001,125,14,35,25,0,1,148
2025-10-28,SKU142,WH005,576,5,26,31,2,0,574
2025-10-28,SKU044,WH003,874,20,37,37,0,2,892
2025-10-28,SKU049,WH001,206,5,0,17,0,1,193
2025-10-28,SKU067,WH002,514,8,0,26,0,1,495
2025-10-28,SKU016,WH005,186,9,13,14,1,0,193
2025-10-28,SKU032,WH001,99,17,0,9,0,0,107
2025-10-28,SKU037,WH005,508,21,0,7,1,1,520
2025-10-28,SKU034,WH005,56,10,24,18,0,0,72
2025-10-28,SKU057,WH005,419,11,0,21,1,3,405
2025-10-28,SKU117,WH003,96,6,0,4,0,0,98
2025-10-28,SKU082,WH004,121,8,31,22,0,0,138
2025-10-28,SKU136,WH003,219,16,0,22,1,0,212
2025-10-28,SKU115,WH004,116,7,19,11,0,1,130
2025-10-28,SKU150,WH004,462,21,0,19,0,3,461
2025-10-28,SKU137,WH005,82,11,17,7,1,1,101
2025-10-28,SKU075,WH002,154,7,0,22,0,0,139
2025-10-28,SKU021,WH005,336,29,17,6,0,0,376
2025-10-28,SKU035,WH003,268,16,0,31,2,0,251
2025-10-28,SKU030,WH001,150,14,0,15,1,2,146
2025-10-28,SKU004,WH001,98,11,0,5,0,0,104
2025-10-28,SKU102,WH003,578,18,0,29,1,1,565
2025-10-28,SKU038,WH005,372,19,0,21,0,0,370
2025-10-28,SKU065,WH004,114,16,10,7,0,0,133
2025-10-28,SKU113,WH005,170,9,15,12,0,0,182
2025-10-28,SKU002,WH003,446,10,35,24,0,1,466
2025-10-29,SKU010,WH001,322,15,0,37,0,0,300
2025-10-29,SKU142,WH003,232,5,38,42,0,0,233
2025-10-29,SKU125,WH005,183,2,0,22,0,1,162
2025-10-29,SKU020,WH003,83,18,10,12,0,0,99
2025-10-29,SKU139,WH002,92,6,36,28,0,0,106
2025-10-29,SKU147,WH004,415,1,0,29,0,0,387
2025-10-29,SKU081,WH003,404,13,39,31,0,0,425
2025-10-29,SKU100,WH005,117,14,21,14,0,3,135
2025-10-29,SKU092,WH005,187,17,0,27,0,0,177
2025-10-29,SKU101,WH003,456,3,24,24,0,0,459
2025-10-29,SKU136,WH004,85,16,0,27,0,0,74
2025-10-29,SKU086,WH004,89,13,19,35,1,1,84
2025-10-29,SKU049,WH004,253,6,0,19,0,0,240
2025-10-29,SKU075,WH004,246,11,0,25,0,1,231
2025-10-29,SKU059,WH005,48,19,0,5,0,0,62
2025-10-29,SKU018,WH003,76,8,0,23,0,0,61
2025-10-29,SKU017,WH003,314,28,0,32,1,0,309
2025-10-29,SKU140,WH003,86,14,23,22,0,0,101
2025-10-29,SKU043,WH004,103,2,0,16,0,0,89
2025-10-29,SKU066,WH001,206,15,0,16,0,0,205
2025-10-29,SKU131,WH002,91,11,0,7,0,0,95
2025-10-29,SKU063,WH002,411,10,0,33,0,0,388
2025-10-29,SKU082,WH002,223,8,29,16,0,0,244
2025-10-29,SKU006,WH002,28,16,30,32,0,0,42
2025-10-29,SKU013,WH004,131,11,16,7,0,0,151
2025-10-29,SKU135,WH002,461,10,0,15,0,2,454
2025-10-29,SKU030,WH002,375,13,0,20,1,0,367
2025-10-29,SKU072,WH003,285,4,37,27,0,0,299
2025-10-29,SKU051,WH005,87,15,6,9,1,0,98
2025-10-29,SKU070,WH005,25,14,0,30,0,0,9
2025-10-29,SKU001,WH002,285,22,0,17,1,2,287
2025-10-29,SKU106,WH001,348,17,30,21,0,0,374
2025-10-29,SKU019,WH005,192,19,0,25,1,0,185
2025-10-29,SKU054,WH002,86,12,25,18,0,2,103
2025-10-29,SKU031,WH001,157,3,0,38,0,1,121
2025-10-29,SKU087,WH005,108,12,0,29,0,0,91
2025-10-29,SKU124,WH005,107,8,14,17,0,0,112
2025-10-29,SKU099,WH003,769,10,0,23,0,0,756
2025-10-29,SKU104,WH003,208,15,20,15,0,1,227
2025-10-29,SKU146,WH005,526,14,0,29,0,1,510
2025-10-29,SKU064,WH005,363,15,0,20,0,0,358
2025-10-29,SKU128,WH001,66,5,14,13,0,0,72
2025-10-29,SKU045,WH004,118,18,16,13,1,1,137
2025-10-29,SKU025,WH003,315,13,0,19,2,0,307
2025-10-29,SKU077,WH002,254,7,15,17,0,0,259
2025-10-30,SKU082,WH003,338,4,36,24,0,0,354
2025-10-30,SKU093,WH002,157,3,0,31,0,1,128
2025-10-30,SKU057,WH003,171,16,23,18,0,1,191
2025-10-30,SKU038,WH004,111,17,35,30,0,0,133
2025-10-30,SKU068,WH003,52,5,0,10,0,0,47
2025-10-30,SKU097,WH002,65,13,0,4,0,0,74
2025-10-30,SKU064,WH004,152,13,11,18,0,0,158
2025-10-30,SKU006,WH002,601,13,0,21,0,1,592
2025-10-30,SKU071,WH002,203,10,0,11,0,0,202
2025-10-30,SKU133,WH004,96,17,0,4,0,0,109
2025-10-30,SKU053,WH003,267,4,0,29,0,0,242
2025-10-30,SKU110,WH003,221,15,0,19,1,0,216
2025-10-30,SKU005,WH005,80,3,0,7,0,0,76
2025-10-30,SKU147,WH001,348,4,36,25,0,0,363
2025-10-30,SKU039,WH001,97,11,0,28,0,1,79
2025-10-30,SKU080,WH005,41,7,0,5,0,0,43
2025-10-30,SKU058,WH003,537,11,0,25,0,0,523
2025-10-30,SKU013,WH005,152,15,22,16,0,0,173
2025-10-30,SKU131,WH004,42,5,12,8,0,1,50
2025-10-30,SKU015,WH002,93,5,0,3,0,0,95
2025-10-30,SKU129,WH003,24,14,0,23,1,0,14
2025-10-30,SKU113,WH002,193,11,0,12,0,0,192
2025-10-30,SKU142,WH004,606,6,39,26,0,0,625
2025-10-30,SKU010,WH004,281,15,0,43,0,0,253
2025-10-30,SKU096,WH001,635,21,0,35,1,0,620
2025-10-30,SKU120,WH005,42,3,0,8,0,0,37
2025-10-30,SKU034,WH003,275,3,0,23,0,0,255
2025-10-30,SKU126,WH001,417,3,0,27,0,1,392
2025-10-30,SKU109,WH005,34,5,10,11,0,0,38
2025-10-30,SKU062,WH004,150,4,0,9,0,0,145
2025-10-30,SKU020,WH002,146,19,0,12,0,0,153
2025-10-30,SKU136,WH001,789,16,21,19,0,2,805
2025-10-30,SKU030,WH001,138,17,0,15,0,0,140
2025-10-30,SKU036,WH004,329,19,0,17,1,1,329
2025-10-30,SKU111,WH005,281,16,0,45,1,1,250
2025-10-30,SKU146,WH003,135,8,0,25,0,0,118
2025-10-30,SKU135,WH002,251,11,0,8,0,1,253
2025-10-30,SKU141,WH005,102,18,0,9,0,0,111
2025-10-30,SKU031,WH003,274,6,0,23,0,0,257
2025-10-30,SKU102,WH005,43,8,0,23,0,0,28
2025-10-30,SKU121,WH003,22,8,0,10,0,0,20
2025-10-30,SKU028,WH004,159,7,19,16,1,1,167
2025-10-30,SKU124,WH005,98,6,0,9,0,0,95
2025-10-30,SKU122,WH004,283,19,0,21,0,0,281
2025-10-30,SKU137,WH001,178,20,0,8,0,1,189
2025-10-31,SKU113,WH002,157,13,0,16,0,0,154
2025-10-31,SKU018,WH005,81,8,34,27,0,0,96
2025-10-31,SKU130,WH005,246,4,0,14,0,1,235
2025-10-31,SKU089,WH003,13,16,0,3,0,0,26
2025-10-31,SKU085,WH004,336,1,0,42,1,1,293
2025-10-31,SKU009,WH005,86,7,0,7,0,0,86
2025-10-31,SKU049,WH001,268,5,0,31,0,0,242
2025-10-31,SKU088,WH003,38,11,0,5,0,0,44
2025-10-31,SKU027,WH003,89,8,17,20,0,0,94
2025-10-31,SKU073,WH005,123,6,0,35,2,0,92
2025-10-31,SKU019,WH001,425,15,0,27,0,0,413
2025-10-31,SKU028,WH003,300,6,0,16,0,0,290
2025-10-31,SKU053,WH002,105,7,0,19,0,0,93
2025-10-31,SKU117,WH003,30,5,0,12,1,0,22
2025-10-31,SKU029,WH002,590,14,0,23,0,0,581
2025-10-31,SKU099,WH001,310,6,0,22,0,0,294
2025-10-31,SKU095,WH003,39,18,0,9,0,0,48
2025-10-31,SKU031,WH005,240,5,0,49,0,1,195
2025-10-31,SKU039,WH003,519,13,0,44,0,0,488
2025-10-31,SKU149,WH004,840,8,0,11,0,1,836
2025-10-31,SKU008,WH004,590,4,49,36,0,0,607
2025-10-31,SKU082,WH003,70,3,22,31,1,0,63
2025-10-31,SKU111,WH002,141,11,0,33,1,0,118
2025-10-31,SKU092,WH003,966,9,28,19,1,2,981
2025-10-31,SKU093,WH001,69,5,0,27,0,0,47
2025-10-31,SKU098,WH002,94,3,0,24,0,1,72
2025-10-31,SKU021,WH004,151,13,0,13,1,0,150
2025-10-31,SKU144,WH002,27,21,0,7,0,0,41
2025-10-31,SKU118,WH004,181,11,0,21,0,0,171
2025-10-31,SKU108,WH005,425,7,38,39,0,2,429
2025-10-31,SKU110,WH005,362,19,20,17,0,0,384
2025-10-31,SKU102,WH002,315,13,0,23,0,0,305
2025-10-31,SKU034,WH005,187,6,24,15,0,1,201
2025-10-31,SKU004,WH003,55,20,0,12,0,0,63
2025-10-31,SKU075,WH002,489,10,0,19,0,1,479
2025-10-31,SKU058,WH004,120,11,0,28,0,0,103
2025-10-31,SKU063,WH003,172,10,0,30,0,0,152
2025-10-31,SKU059,WH002,142,12,9,2,0,0,161
2025-10-31,SKU096,WH003,107,15,0,31,0,1,90
2025-10-31,SKU137,WH002,45,11,9,5,0,0,60
2025-10-31,SKU135,WH005,179,6,14,10,0,0,189
2025-10-31,SKU100,WH002,118,9,0,15,0,1,111
2025-10-31,SKU086,WH001,142,28,0,24,0,0,146
2025-10-31,SKU022,WH005,263,26,26,18,1,0,296
2025-10-31,SKU065,WH003,45,24,0,14,0,0,55
2025-11-01,SKU081,WH003,380,16,0,31,0,0,365
2025-11-01,SKU119,WH001,307,17,0,25,0,1,298
2025-11-01,SKU054,WH002,66,23,23,16,0,0,96
2025-11-01,SKU031,WH004,545,1,28,30,1,2,541
2025-11-01,SKU049,WH001,124,7,0,19,0,0,112
2025-11-01,SKU030,WH005,251,15,0,19,0,0,247
2025-11-01,SKU079,WH003,322,13,0,28,0,1,306
2025-11-01,SKU038,WH001,267,16,48,27,0,0,304
2025-11-01,SKU057,WH005,490,22,27,22,0,2,515
2025-11-01,SKU080,WH005,152,23,7,9,0,0,173
2025-11-01,SKU116,WH003,460,16,0,23,0,2,451
2025-11-01,SKU088,WH005,47,6,1,6,0,0,48
2025-11-01,SKU148,WH001,110,2,0,17,0,0,95
2025-11-01,SKU139,WH002,358,8,0,29,0,0,337
2025-11-01,SKU098,WH002,202,6,0,26,0,0,182
2025-11-01,SKU051,WH002,13,16,8,6,0,0,31
2025-11-01,SKU015,WH003,144,15,5,5,0,0,159
2025-11-01,SKU109,WH003,19,5,0,16,0,0,8
2025-11-01,SKU070,WH003,348,8,0,20,0,0,336
2025-11-01,SKU002,WH002,401,7,0,28,0,1,379
2025-11-01,SKU003,WH002,40,15,0,12,0,0,43
2025-11-01,SKU110,WH004,294,8,0,20,0,1,281
2025-11-01,SKU145,WH005,128,12,36,34,0,0,142
2025-11-01,SKU132,WH005,672,14,36,29,1,1,691
2025-11-01,SKU096,WH003,148,22,37,37,1,0,169
2025-11-01,SKU129,WH001,215,13,0,22,0,0,206
2025-11-01,SKU052,WH005,74,11,10,5,0,0,90
2025-11-01,SKU009,WH003,159,12,0,9,0,0,162
2025-11-01,SKU106,WH005,697,18,22,18,1,0,718
2025-11-01,SKU075,WH002,188,10,0,21,0,0,177
2025-11-01,SKU069,WH004,885,1,42,40,0,3,885
2025-11-01,SKU014,WH003,481,4,0,34,0,1,450
2025-11-01,SKU107,WH003,1057,5,0,24,1,1,1036
2025-11-01,SKU120,WH003,85,2,0,11,0,0,76
2025-11-01,SKU128,WH002,129,3,17,13,0,0,136
2025-11-01,SKU149,WH002,286,7,0,35,0,1,257
2025-11-01,SKU123,WH001,81,21,10,8,0,0,104
2025-11-01,SKU067,WH005,163,10,47,29,0,0,191
2025-11-01,SKU134,WH004,930,8,40,35,0,3,940
2025-11-01,SKU114,WH002,173,6,0,16,0,0,163
2025-11-01,SKU025,WH003,136,12,0,13,0,0,135
2025-11-01,SKU100,WH003,273,12,0,28,0,0,257
2025-11-01,SKU093,WH004,544,2,0,27,0,3,516
2025-11-01,SKU084,WH001,58,6,7,4,0,0,67
2025-11-01,SKU147,WH004,307,6,0,16,1,0,296
2025-11-02,SKU070,WH005,76,11,29,21,0,0,95
2025-11-02,SKU020,WH002,197,27,0,9,0,0,215
2025-11-02,SKU141,WH003,58,24,7,7,0,0,82
2025-11-02,SKU092,WH002,350,11,0,21,1,0,339
2025-11-02,SKU096,WH001,521,16,0,28,0,0,509
2025-11-02,SKU065,WH004,26,12,0,5,0,0,33
2025-11-02,SKU123,WH002,78,9,0,9,0,0,78
2025-11-02,SKU091,WH004,136,16,7,7,0,0,152
2025-11-02,SKU014,WH001,361,6,0,43,0,1,323
2025-11-02,SKU037,WH004,216,16,0,21,0,1,210
2025-11-02,SKU126,WH001,304,4,0,33,0,0,275
2025-11-02,SKU088,WH005,23,9,0,4,0,0,28
2025-11-02,SKU132,WH002,283,8,0,28,0,0,263
2025-11-02,SKU083,WH002,209,5,0,18,0,1,195
2025-11-02,SKU006,WH002,188,11,24,21,1,0,201
2025-11-02,SKU108,WH003,249,9,33,40,0,0,251
2025-11-02,SKU105,WH002,77,9,0,12,0,0,74
2025-11-02,SKU138,WH001,19,16,0,1,0,0,34
2025-11-02,SKU075,WH003,142,7,30,18,0,0,161
2025-11-02,SKU045,WH005,53,17,20,20,0,1,69
2025-11-02,SKU008,WH001,894,4,33,31,0,2,898
2025-11-02,SKU102,WH005,117,17,0,26,0,0,108
2025-11-02,SKU112,WH001,62,9,0,2,0,0,69
2025-11-02,SKU024,WH002,95,14,0,14,0,0,95
2025-11-02,SKU007,WH003,306,11,19,20,0,0,316
2025-11-02,SKU073,WH001,161,4,0,29,1,1,134
2025-11-02,SKU015,WH001,57,7,0,5,0,0,59
2025-11-02,SKU104,WH002,145,9,0,18,0,0,136
2025-11-02,SKU018,WH001,429,10,0,26,0,1,412
2025-11-02,SKU136,WH004,243,12,0,16,0,0,239
2025-11-02,SKU117,WH003,46,10,0,7,0,0,49
2025-11-02,SKU110,WH004,116,11,0,15,0,0,112
2025-11-02,SKU029,WH003,494,15,33,20,0,0,522
2025-11-02,SKU054,WH005,89,22,0,14,0,0,97
2025-11-02,SKU093,WH003,195,1,0,32,0,0,164
2025-11-02,SKU130,WH005,273,2,0,12,0,1,262
2025-11-02,SKU009,WH005,182,8,0,7,0,0,183
2025-11-02,SKU133,WH003,119,19,7,4,0,0,141
2025-11-02,SKU097,WH001,80,14,0,7,0,0,87
2025-11-02,SKU066,WH004,285,12,23,18,0,1,301
2025-11-02,SKU135,WH002,89,9,0,14,1,0,83
2025-11-02,SKU103,WH004,27,6,0,10,0,0,23
2025-11-02,SKU057,WH003,127,12,24,22,0,0,141
2025-11-02,SKU101,WH005,204,2,0,20,0,1,185
2025-11-02,SKU034,WH001,172,6,0,17,0,1,160
2025-11-03,SKU074,WH004,288,14,32,25,0,1,308
2025-11-03,SKU117,WH002,154,6,0,4,0,2,154
2025-11-03,SKU042,WH003,41,16,3,8,0,1,51
2025-11-03,SKU017,WH005,381,23,36,33,1,1,405
2025-11-03,SKU041,WH001,486,12,0,28,0,2,468
2025-11-03,SKU048,WH001,81,18,0,12,1,0,86
2025-11-03,SKU021,WH001,203,15,0,16,0,0,202
2025-11-03,SKU142,WH001,186,5,31,29,0,2,191
2025-11-03,SKU030,WH005,182,14,0,24,0,1,171
2025-11-03,SKU116,WH002,439,19,0,22,0,0,436
2025-11-03,SKU098,WH002,334,2,25,20,0,0,341
2025-11-03,SKU084,WH002,57,3,0,8,0,0,52
2025-11-03,SKU059,WH003,69,12,7,15,0,0,73
2025-11-03,SKU122,WH004,56,16,0,23,0,0,49
2025-11-03,SKU009,WH002,168,12,11,8,0,0,183
2025-11-03,SKU104,WH001,164,22,0,11,0,1,174
2025-11-03,SKU103,WH004,95,23,0,7,0,0,111
2025-11-03,SKU038,WH003,479,11,41,18,1,0,512
2025-11-03,SKU045,WH002,197,10,0,16,0,1,190
2025-11-03,SKU076,WH003,255,14,0,10,1,0,258
2025-11-03,SKU089,WH005,103,13,0,6,0,0,110
2025-11-03,SKU007,WH004,201,7,16,14,1,0,209
2025-11-03,SKU111,WH003,1004,17,0,24,1,3,993
2025-11-03,SKU121,WH003,232,7,0,15,0,0,224
2025-11-03,SKU037,WH001,44,17,0,15,0,0,46
2025-11-03,SKU112,WH001,61,9,0,5,0,0,65
2025-11-03,SKU147,WH003,329,8,33,25,1,0,344
2025-11-03,SKU040,WH001,87,17,0,19,0,1,84
2025-11-03,SKU093,WH001,530,4,0,32,0,0,502
2025-11-03,SKU028,WH005,18,10,0,14,0,0,14
2025-11-03,SKU070,WH005,136,7,18,13,0,0,148
2025-11-03,SKU006,WH004,66,11,0,25,0,0,52
2025-11-03,SKU086,WH002,261,21,0,21,0,2,259
2025-11-03,SKU073,WH004,279,4,0,35,0,0,248
2025-11-03,SKU022,WH004,264,24,29,21,0,1,295
2025-11-03,SKU015,WH001,109,5,0,11,0,1,102
2025-11-03,SKU020,WH004,215,22,11,16,0,0,232
2025-11-03,SKU068,WH001,88,4,8,4,0,1,95
2025-11-03,SKU083,WH002,232,6,0,12,0,1,225
2025-11-03,SKU035,WH001,434,16,0,31,0,1,418
2025-11-03,SKU137,WH002,115,13,14,9,0,0,133
2025-11-03,SKU046,WH003,340,10,31,27,0,0,354
2025-11-03,SKU036,WH001,274,18,0,19,0,1,272
2025-11-03,SKU123,WH005,168,9,0,7,0,0,170
2025-11-03,SKU129,WH004,89,20,27,25,0,0,111
2025-11-04,SKU080,WH005,42,13,0,8,0,0,47
2025-11-04,SKU083,WH003,269,3,19,21,0,0,270
2025-11-04,SKU139,WH005,553,10,0,24,0,0,539
2025-11-04,SKU099,WH005,199,11,0,28,0,0,182
2025-11-04,SKU124,WH002,240,9,9,14,1,1,242
2025-11-04,SKU001,WH003,346,16,0,11,0,3,348
2025-11-04,SKU056,WH002,71,4,16,17,1,0,73
2025-11-04,SKU003,WH003,150,6,0,6,0,0,150
2025-11-04,SKU069,WH002,183,4,0,40,0,0,147
2025-11-04,SKU029,WH001,531,8,0,19,0,1,519
2025-11-04,SKU022,WH005,235,15,0,27,0,2,221
2025-11-04,SKU004,WH004,105,12,0,2,0,0,115
2025-11-04,SKU008,WH002,164,2,0,33,1,0,132
2025-11-04,SKU144,WH004,70,21,8,8,0,0,91
2025-11-04,SKU038,WH005,370,13,40,39,2,0,382
2025-11-04,SKU025,WH001,403,11,0,18,2,1,393
2025-11-04,SKU086,WH005,274,24,0,29,0,1,268
2025-11-04,SKU112,WH001,55,8,11,8,0,0,66
2025-11-04,SKU030,WH003,29,17,0,22,0,0,24
2025-11-04,SKU089,WH003,91,13,0,5,0,0,99
2025-11-04,SKU013,WH005,95,18,0,11,0,1,101
2025-11-04,SKU150,WH003,155,14,0,26,0,0,143
2025-11-04,SKU046,WH004,143,12,0,27,2,0,126
2025-11-04,SKU009,WH003,79,15,0,11,0,0,83
2025-11-04,SKU035,WH003,147,10,0,19,0,0,138
2025-11-04,SKU059,WH005,22,9,0,6,0,0,25
2025-11-04,SKU096,WH004,662,18,31,32,0,2,677
2025-11-04,SKU087,WH002,417,13,0,29,0,2,399
2025-11-04,SKU143,WH002,98,24,14,9,0,0,127
2025-11-04,SKU146,WH001,82,14,0,16,0,0,80
2025-11-04,SKU081,WH002,337,10,0,22,0,0,325
2025-11-04,SKU005,WH003,244,6,17,17,0,0,250
2025-11-04,SKU125,WH005,358,1,0,42,0,1,316
2025-11-04,SKU075,WH005,194,6,0,17,1,1,181
2025-11-04,SKU024,WH003,81,11,0,13,0,0,79
2025-11-04,SKU023,WH003,364,17,0,26,1,0,354
2025-11-04,SKU047,WH005,64,14,0,11,0,0,67
2025-11-04,SKU062,WH001,59,4,0,16,0,1,46
2025-11-04,SKU021,WH001,219,18,20,14,0,0,243
2025-11-04,SKU115,WH004,212,7,0,15,0,1,203
2025-11-04,SKU040,WH005,96,17,0,19,0,0,94
2025-11-04,SKU141,WH001,24,17,0,4,0,0,37
2025-11-04,SKU130,WH002,72,1,0,10,0,0,63
2025-11-04,SKU020,WH002,64,23,10,16,0,0,81
2025-11-04,SKU066,WH004,114,12,22,21,0,0,127
2025-11-05,SKU108,WH004,131,8,0,40,0,0,99
2025-11-05,SKU028,WH005,277,12,0,13,0,3,273
2025-11-05,SKU012,WH005,147,9,9,8,0,0,157
2025-11-05,SKU025,WH004,59,17,16,14,0,0,78
2025-11-05,SKU121,WH005,189,11,0,15,0,0,185
2025-11-05,SKU083,WH001,239,5,0,16,1,0,227
2025-11-05,SKU029,WH002,244,14,28,25,0,0,261
2025-11-05,SKU044,WH005,414,19,0,26,0,0,407
2025-11-05,SKU024,WH005,200,11,19,23,0,1,206
2025-11-05,SKU008,WH002,313,2,0,41,0,0,274
2025-11-05,SKU058,WH002,375,8,0,28,0,1,354
2025-11-05,SKU130,WH004,105,3,0,10,0,0,98
2025-11-05,SKU016,WH005,154,8,0,20,0,0,142
2025-11-05,SKU043,WH004,213,3,0,14,0,0,202
2025-11-05,SKU050,WH004,800,3,34,29,0,2,806
2025-11-05,SKU094,WH004,152,8,0,25,0,0,135
2025-11-05,SKU088,WH001,39,12,5,4,0,0,52
2025-11-05,SKU136,WH005,343,12,0,24,1,2,328
2025-11-05,SKU010,WH003,409,18,0,29,1,0,397
2025-11-05,SKU026,WH004,197,2,0,22,0,0,177
2025-11-05,SKU067,WH004,145,10,35,25,0,0,165
2025-11-05,SKU046,WH005,503,8,34,23,1,4,517
2025-11-05,SKU009,WH004,43,12,0,7,0,0,48
2025-11-05,SKU075,WH002,161,9,0,17,0,0,153
2025-11-05,SKU131,WH003,140,7,0,8,0,0,139
2025-11-05,SKU097,WH002,18,10,0,7,0,0,21
2025-11-05,SKU042,WH002,107,16,0,4,0,0,119
2025-11-05,SKU015,WH001,205,4,4,8,0,0,205
2025-11-05,SKU078,WH003,208,6,0,7,1,0,206
2025-11-05,SKU079,WH003,498,7,37,29,0,1,512
2025-11-05,SKU098,WH001,667,3,0,31,0,2,637
2025-11-05,SKU057,WH003,262,13,0,15,0,0,260
2025-11-05,SKU027,WH004,105,6,0,19,0,0,92
2025-11-05,SKU124,WH004,123,5,0,15,0,0,113
2025-11-05,SKU112,WH001,72,8,6,6,0,0,80
2025-11-05,SKU118,WH002,281,10,0,12,0,2,277
2025-11-05,SKU091,WH004,222,10,0,5,0,0,227
2025-11-05,SKU099,WH004,473,17,0,28,0,1,461
2025-11-05,SKU142,WH005,189,4,0,27,0,1,165
2025-11-05,SKU145,WH002,737,14,0,34,0,2,715
2025-11-05,SKU148,WH001,183,4,0,17,0,3,167
2025-11-05,SKU101,WH001,138,3,0,27,0,0,114
2025-11-05,SKU006,WH001,246,19,31,22,0,1,273
2025-11-05,SKU104,WH005,107,20,18,13,0,0,132
2025-11-05,SKU114,WH002,23,9,10,18,1,0,23
2025-11-06,SKU103,WH003,229,8,10,6,0,0,241
2025-11-06,SKU118,WH005,97,16,0,14,0,1,98
2025-11-06,SKU116,WH001,164,12,35,21,1,0,189
2025-11-06,SKU014,WH004,355,3,51,33,1,1,374
2025-11-06,SKU123,WH005,79,13,0,6,0,0,86
2025-11-06,SKU004,WH005,90,18,0,10,0,0,98
2025-11-06,SKU127,WH003,276,7,0,25,0,1,257
2025-11-06,SKU015,WH003,59,4,12,6,0,0,69
2025-11-06,SKU060,WH001,189,7,0,20,0,0,176
2025-11-06,SKU145,WH005,488,12,38,26,1,0,511
2025-11-06,SKU087,WH002,313,9,24,24,1,1,320
2025-11-06,SKU025,WH003,161,15,0,15,0,2,159
2025-11-06,SKU083,WH004,110,4,0,19,0,0,95
2025-11-06,SKU129,WH001,432,14,0,26,0,0,420
2025-11-06,SKU061,WH005,60,14,0,4,0,0,70
2025-11-06,SKU091,WH004,29,20,0,8,1,0,40
2025-11-06,SKU063,WH005,200,14,35,40,0,1,208
2025-11-06,SKU117,WH004,199,4,0,15,0,0,188
2025-11-06,SKU018,WH003,106,12,22,13,1,0,126
2025-11-06,SKU092,WH003,1293,18,21,16,0,1,1315
2025-11-06,SKU140,WH002,189,11,0,25,0,0,175
2025-11-06,SKU072,WH003,274,2,33,27,1,0,281
2025-11-06,SKU095,WH001,141,14,12,12,0,0,155
2025-11-06,SKU090,WH002,122,6,0,19,0,1,108
2025-11-06,SKU099,WH001,281,8,29,28,0,0,290
2025-11-06,SKU130,WH001,107,6,21,12,0,0,122
2025-11-06,SKU150,WH005,605,18,0,28,0,2,593
2025-11-06,SKU081,WH001,153,18,0,19,0,1,151
2025-11-06,SKU012,WH002,21,6,7,17,0,0,17
2025-11-06,SKU142,WH001,106,5,0,33,0,1,77
2025-11-06,SKU049,WH002,159,3,22,20,0,0,164
2025-11-06,SKU101,WH001,296,5,0,20,0,0,281
2025-11-06,SKU007,WH003,281,7,0,12,0,0,276
2025-11-06,SKU093,WH004,730,3,43,24,1,0,751
2025-11-06,SKU016,WH003,159,12,0,15,0,0,156
2025-11-06,SKU070,WH003,272,11,0,19,0,3,261
2025-11-06,SKU051,WH003,175,19,11,7,0,1,197
2025-11-06,SKU039,WH001,915,7,35,32,0,1,924
2025-11-06,SKU057,WH002,318,13,0,23,0,0,308
2025-11-06,SKU100,WH003,422,5,12,17,0,2,420
2025-11-06,SKU031,WH004,280,11,39,35,0,1,294
2025-11-06,SKU124,WH005,166,4,0,8,0,1,161
2025-11-06,SKU023,WH003,307,16,0,22,1,1,299
2025-11-06,SKU143,WH004,106,11,0,9,0,0,108
2025-11-06,SKU003,WH001,44,12,0,8,0,0,48
2025-11-07,SKU044,WH005,485,18,0,25,0,1,477
2025-11-07,SKU081,WH005,225,13,0,36,1,1,200
2025-11-07,SKU005,WH004,163,8,20,12,0,0,179
2025-11-07,SKU141,WH001,73,15,5,5,0,0,88
2025-11-07,SKU041,WH002,227,17,0,25,0,0,219
2025-11-07,SKU116,WH001,427,23,0,18,0,2,430
2025-11-07,SKU100,WH003,127,11,0,11,0,0,127
2025-11-07,SKU094,WH004,294,4,0,30,0,0,268
2025-11-07,SKU104,WH004,93,14,0,7,0,0,100
2025-11-07,SKU042,WH004,56,20,0,5,0,0,71
2025-11-07,SKU092,WH002,396,8,0,25,0,2,377
2025-11-07,SKU145,WH002,194,16,0,22,0,2,186
2025-11-07,SKU091,WH004,163,15,0,3,0,0,175
2025-11-07,SKU088,WH003,22,10,0,5,0,0,27
2025-11-07,SKU055,WH004,227,13,0,18,0,0,222
2025-11-07,SKU009,WH005,129,11,0,9,0,3,128
2025-11-07,SKU122,WH004,132,17,17,21,1,0,144
2025-11-07,SKU109,WH003,149,7,0,14,1,0,141
2025-11-07,SKU076,WH001,253,13,0,27,0,2,237
2025-11-07,SKU107,WH003,101,12,40,32,0,0,121
2025-11-07,SKU066,WH005,67,19,0,17,0,0,69
2025-11-07,SKU108,WH002,506,9,0,36,2,0,477
2025-11-07,SKU033,WH004,172,4,0,35,1,0,140
2025-11-07,SKU134,WH004,231,5,0,21,0,1,214
2025-11-07,SKU030,WH004,381,14,29,14,0,0,410
2025-11-07,SKU137,WH005,40,8,8,7,0,0,49
2025-11-07,SKU028,WH003,162,12,0,13,0,2,159
2025-11-07,SKU031,WH004,282,5,0,29,1,1,256
2025-11-07,SKU087,WH001,119,19,0,26,0,0,112
2025-11-07,SKU121,WH003,396,10,0,20,0,1,385
2025-11-07,SKU097,WH003,100,9,0,2,0,0,107
2025-11-07,SKU019,WH005,289,12,0,31,0,0,270
2025-11-07,SKU052,WH005,128,9,7,8,0,0,136
2025-11-07,SKU063,WH005,145,16,0,31,0,0,130
2025-11-07,SKU126,WH004,383,4,39,31,0,2,393
2025-11-07,SKU049,WH004,132,6,0,19,0,0,119
2025-11-07,SKU146,WH001,140,14,0,22,0,1,131
2025-11-07,SKU077,WH001,239,8,0,27,0,0,220
2025-11-07,SKU089,WH004,55,14,7,6,0,0,70
2025-11-07,SKU080,WH001,24,13,0,9,0,0,28
2025-11-07,SKU007,WH002,108,11,22,21,0,0,120
2025-11-07,SKU143,WH005,305,16,15,12,1,0,323
2025-11-07,SKU050,WH002,136,5,0,43,0,0,98
2025-11-07,SKU014,WH001,661,3,29,32,0,3,658
2025-11-07,SKU070,WH003,220,9,0,22,1,0,206
2025-11-08,SKU046,WH004,617,13,0,18,0,1,611
2025-11-08,SKU091,WH001,120,16,0,11,0,0,125
2025-11-08,SKU050,WH003,352,2,34,34,0,0,354
2025-11-08,SKU110,WH002,216,22,0,25,0,1,212
2025-11-08,SKU113,WH003,403,12,18,7,0,0,426
2025-11-08,SKU119,WH005,55,12,29,21,0,0,75
2025-11-08,SKU088,WH003,86,6,0,3,0,0,89
2025-11-08,SKU105,WH001,21,4,8,2,0,0,31
2025-11-08,SKU115,WH001,203,5,0,10,0,0,198
2025-11-08,SKU043,WH002,136,4,0,13,0,1,126
2025-11-08,SKU040,WH004,350,25,0,13,0,1,361
2025-11-08,SKU139,WH005,142,4,0,36,0,1,109
2025-11-08,SKU006,WH002,635,11,28,26,0,1,647
2025-11-08,SKU127,WH004,1100,6,0,17,0,1,1088
2025-11-08,SKU084,WH004,89,11,5,5,0,0,100
2025-11-08,SKU134,WH003,634,1,47,25,0,2,655
2025-11-08,SKU108,WH001,536,9,33,23,0,1,554
2025-11-08,SKU049,WH002,95,3,22,23,1,1,95
2025-11-08,SKU034,WH001,341,11,0,19,0,1,332
2025-11-08,SKU085,WH002,390,1,0,39,0,1,351
2025-11-08,SKU074,WH004,314,20,0,27,1,1,305
2025-11-08,SKU096,WH004,299,18,0,34,1,0,282
2025-11-08,SKU101,WH003,131,2,0,27,0,0,106
2025-11-08,SKU094,WH005,311,12,0,21,1,0,301
2025-11-08,SKU018,WH003,384,10,0,19,0,1,374
2025-11-08,SKU148,WH004,107,10,0,19,1,1,96
2025-11-08,SKU116,WH005,645,17,0,21,1,4,636
2025-11-08,SKU008,WH004,158,7,46,34,0,0,177
2025-11-08,SKU144,WH001,90,14,12,2,0,0,114
2025-11-08,SKU079,WH001,457,6,0,25,0,1,437
2025-11-08,SKU067,WH004,237,7,0,32,0,0,212
2025-11-08,SKU044,WH001,230,18,47,30,1,0,264
2025-11-08,SKU014,WH005,610,3,0,38,0,0,575
2025-11-08,SKU140,WH002,103,9,0,25,0,0,87
2025-11-08,SKU107,WH005,331,6,0,25,0,0,312
2025-11-08,SKU100,WH001,188,14,0,18,0,2,182
2025-11-08,SKU122,WH004,157,7,24,20,0,0,168
2025-11-08,SKU086,WH003,64,17,0,28,0,0,53
2025-11-08,SKU028,WH004,140,7,0,12,0,0,135
2025-11-08,SKU087,WH004,572,17,0,34,0,2,553
2025-11-08,SKU136,WH001,217,18,19,24,0,0,230
2025-11-08,SKU090,WH005,146,7,0,12,0,0,141
2025-11-08,SKU030,WH004,391,8,38,18,0,0,419
2025-11-08,SKU047,WH003,85,9,13,13,0,1,93
2025-11-08,SKU053,WH004,686,5,0,17,0,1,673
2025-11-09,SKU132,WH001,936,21,0,34,0,4,919
2025-11-09,SKU068,WH004,53,4,11,9,0,1,58
2025-11-09,SKU108,WH003,370,8,0,27,0,1,350
2025-11-09,SKU007,WH005,210,9,0,12,0,1,206
2025-11-09,SKU066,WH004,203,13,21,18,0,0,219
2025-11-09,SKU040,WH004,208,9,21,21,0,0,217
2025-11-09,SKU011,WH001,408,3,0,27,0,2,382
2025-11-09,SKU004,WH003,138,23,0,7,0,0,154
2025-11-09,SKU046,WH005,528,20,0,27,1,0,520
2025-11-09,SKU127,WH004,108,4,0,21,1,0,90
2025-11-09,SKU060,WH005,280,7,0,23,0,0,264
2025-11-09,SKU112,WH002,17,9,9,7,0,0,28
2025-11-09,SKU022,WH002,216,23,20,23,0,1,235
2025-11-09,SKU148,WH003,267,2,0,16,0,0,253
2025-11-09,SKU064,WH005,46,23,16,16,1,0,68
2025-11-09,SKU078,WH001,75,12,15,12,0,0,90
2025-11-09,SKU120,WH005,187,1,0,9,0,1,178
2025-11-09,SKU074,WH005,245,11,32,33,1,1,253
2025-11-09,SKU018,WH001,46,9,0,16,0,0,39
2025-11-09,SKU077,WH001,253,6,0,13,0,1,245
2025-11-09,SKU101,WH005,100,4,31,22,1,0,112
2025-11-09,SKU145,WH001,62,14,0,16,0,0,60
2025-11-09,SKU122,WH003,421,22,0,20,0,2,421
2025-11-09,SKU036,WH002,75,21,32,19,0,0,109
2025-11-09,SKU129,WH004,250,19,0,23,0,1,245
2025-11-09,SKU048,WH001,50,17,7,6,0,0,68
2025-11-09,SKU128,WH002,88,2,0,13,2,0,75
2025-11-09,SKU051,WH001,85,15,10,7,0,0,103
2025-11-09,SKU073,WH003,320,3,0,29,0,0,294
2025-11-09,SKU102,WH004,414,7,0,29,0,0,392
2025-11-09,SKU056,WH003,83,3,17,14,0,1,88
2025-11-09,SKU001,WH002,286,13,0,7,0,1,291
2025-11-09,SKU140,WH002,67,7,20,24,0,0,70
2025-11-09,SKU057,WH004,133,13,0,16,0,1,129
2025-11-09,SKU141,WH003,64,22,0,5,0,0,81
2025-11-09,SKU084,WH002,76,8,0,2,0,0,82
2025-11-09,SKU045,WH002,185,14,0,19,0,0,180
2025-11-09,SKU063,WH001,442,13,38,29,1,1,462
2025-11-09,SKU119,WH004,267,19,0,16,0,0,270
2025-11-09,SKU019,WH004,215,13,37,26,0,0,239
2025-11-09,SKU081,WH004,885,8,0,26,1,1,865
2025-11-09,SKU072,WH005,799,6,46,22,0,2,827
2025-11-09,SKU088,WH004,70,15,0,3,1,0,81
2025-11-09,SKU047,WH001,192,10,0,7,0,0,195
2025-11-09,SKU067,WH005,342,10,0,26,1,1,324
2025-11-10,SKU058,WH004,438,9,0,24,0,1,422
2025-11-10,SKU019,WH001,219,14,0,44,0,0,189
2025-11-10,SKU071,WH001,57,8,7,6,0,0,66
2025-11-10,SKU110,WH003,305,17,0,19,1,0,302
2025-11-10,SKU101,WH005,563,5,0,18,0,1,549
2025-11-10,SKU024,WH004,298,13,0,17,0,0,294
2025-11-10,SKU018,WH004,385,15,0,31,0,0,369
2025-11-10,SKU109,WH005,224,6,0,13,0,1,216
2025-11-10,SKU041,WH001,380,12,0,26,1,1,364
2025-11-10,SKU053,WH002,103,7,0,16,0,1,93
2025-11-10,SKU081,WH003,1051,17,18,27,0,0,1059
2025-11-10,SKU139,WH002,677,8,36,28,0,0,693
2025-11-10,SKU029,WH004,85,4,0,30,0,0,59
2025-11-10,SKU086,WH002,125,16,0,18,0,1,122
2025-11-10,SKU084,WH004,44,6,5,5,0,0,50
2025-11-10,SKU124,WH003,61,10,0,14,0,1,56
2025-11-10,SKU028,WH001,151,9,0,15,0,0,145
2025-11-10,SKU015,WH003,58,3,0,2,0,0,59
2025-11-10,SKU035,WH001,340,12,24,19,0,0,357
2025-11-10,SKU057,WH005,57,16,0,15,0,1,57
2025-11-10,SKU039,WH002,235,16,0,42,1,0,208
2025-11-10,SKU114,WH001,219,9,29,18,0,1,238
2025-11-10,SKU094,WH005,126,8,0,24,0,0,110
2025-11-10,SKU135,WH002,160,9,0,9,0,0,160
2025-11-10,SKU116,WH001,263,13,0,22,1,1,252
2025-11-10,SKU033,WH005,240,7,0,27,0,0,220
2025-11-10,SKU003,WH003,120,16,9,16,0,0,129
2025-11-10,SKU107,WH002,202,8,0,23,0,1,186
2025-11-10,SKU044,WH004,349,15,32,26,1,2,367
2025-11-10,SKU150,WH002,140,25,30,23,1,0,171
2025-11-10,SKU112,WH004,53,10,0,1,0,0,62
2025-11-10,SKU137,WH001,61,21,0,10,0,0,72
2025-11-10,SKU006,WH001,212,16,0,30,0,0,198
2025-11-10,SKU098,WH005,310,4,0,22,0,0,292
2025-11-10,SKU043,WH001,260,8,0,12,0,0,256
2025-11-10,SKU074,WH005,104,21,0,27,0,0,98
2025-11-10,SKU118,WH005,412,17,0,28,1,1,399
2025-11-10,SKU063,WH004,555,10,0,38,2,0,525
2025-11-10,SKU065,WH004,55,19,0,8,0,0,66
2025-11-10,SKU011,WH001,214,7,0,31,0,0,190
2025-11-10,SKU129,WH001,187,17,29,23,0,0,210
2025-11-10,SKU127,WH001,272,6,31,26,0,0,283
2025-11-10,SKU142,WH001,251,10,0,36,0,1,224
2025-11-10,SKU085,WH002,272,6,0,24,1,1,252
2025-11-10,SKU146,WH002,129,14,32,22,0,0,153
2025-11-11,SKU138,WH002,129,16,0,4,0,0,141
2025-11-11,SKU068,WH001,99,2,9,13,0,0,97
2025-11-11,SKU130,WH003,499,4,0,24,0,1,478
2025-11-11,SKU099,WH001,137,7,27,26,0,0,145
2025-11-11,SKU064,WH001,213,17,23,22,1,1,229
2025-11-11,SKU007,WH005,77,8,9,18,0,0,76
2025-11-11,SKU024,WH003,245,11,0,12,0,0,244
2025-11-11,SKU095,WH005,78,17,0,13,0,0,82
2025-11-11,SKU132,WH001,341,10,0,33,0,0,318
2025-11-11,SKU050,WH002,733,6,30,23,0,0,746
2025-11-11,SKU098,WH001,178,4,0,26,1,0,155
2025-11-11,SKU063,WH004,368,7,0,28,0,1,346
2025-11-11,SKU009,WH004,116,17,9,8,0,0,134
2025-11-11,SKU035,WH003,267,19,30,31,0,0,285
2025-11-11,SKU074,WH001,583,17,0,27,0,2,571
2025-11-11,SKU003,WH002,170,12,0,10,0,0,172
2025-11-11,SKU117,WH004,227,10,0,10,0,0,227
2025-11-11,SKU149,WH005,202,7,0,25,0,1,183
2025-11-11,SKU085,WH003,767,6,31,32,0,4,768
2025-11-11,SKU013,WH001,244,13,0,12,1,0,244
2025-11-11,SKU116,WH005,241,18,0,24,0,0,235
2025-11-11,SKU060,WH004,278,8,0,20,0,0,266
2025-11-11,SKU054,WH004,550,10,0,23,0,1,536
2025-11-11,SKU121,WH001,71,8,0,13,0,0,66
2025-11-11,SKU101,WH003,260,3,0,21,0,0,242
2025-11-11,SKU015,WH005,124,4,3,3,0,0,128
2025-11-11,SKU026,WH004,467,4,0,25,0,0,446
2025-11-11,SKU042,WH002,45,16,0,4,0,1,56
2025-11-11,SKU034,WH005,260,3,25,21,1,0,266
2025-11-11,SKU142,WH002,387,8,0,27,0,0,368
2025-11-11,SKU017,WH004,211,24,0,29,0,0,206
2025-11-11,SKU029,WH005,863,16,33,26,0,0,886
2025-11-11,SKU052,WH004,82,15,0,6,0,0,91
2025-11-11,SKU131,WH003,41,9,0,5,0,1,44
2025-11-11,SKU091,WH003,38,13,0,12,2,1,36
2025-11-11,SKU012,WH001,61,8,0,5,0,0,64
2025-11-11,SKU092,WH001,371,10,0,21,0,0,360
2025-11-11,SKU096,WH005,581,14,0,24,1,1,569
2025-11-11,SKU022,WH005,395,17,0,19,1,0,392
2025-11-11,SKU125,WH002,194,6,0,35,0,0,165
2025-11-11,SKU037,WH004,231,19,29,17,0,0,262
2025-11-11,SKU076,WH005,193,7,0,18,0,0,182
2025-11-11,SKU057,WH004,133,13,30,26,0,0,150
2025-11-11,SKU097,WH003,73,12,0,10,0,0,75
2025-11-11,SKU102,WH005,202,15,0,28,0,0,189
2025-11-12,SKU081,WH004,435,10,33,33,1,4,440
2025-11-12,SKU027,WH001,165,4,0,17,0,0,152
2025-11-12,SKU091,WH004,48,18,0,7,0,0,59
2025-11-12,SKU105,WH001,100,6,7,4,0,0,109
2025-11-12,SKU046,WH003,67,10,0,21,2,0,54
2025-11-12,SKU124,WH001,119,5,0,7,0,0,117
2025-11-12,SKU061,WH003,28,11,0,1,0,0,38
2025-11-12,SKU098,WH003,250,3,27,19,0,1,260
2025-11-12,SKU142,WH002,420,3,0,27,0,1,395
2025-11-12,SKU096,WH003,332,18,0,40,0,2,308
2025-11-12,SKU055,WH002,178,14,18,21,0,0,189
2025-11-12,SKU029,WH005,657,7,0,28,1,0,635
2025-11-12,SKU012,WH003,61,3,4,9,0,0,59
2025-11-12,SKU118,WH005,174,12,0,17,0,0,169
2025-11-12,SKU088,WH001,71,8,0,6,0,0,73
2025-11-12,SKU109,WH002,116,4,0,13,0,0,107
2025-11-12,SKU087,WH002,272,11,34,19,0,0,298
2025-11-12,SKU065,WH001,131,21,11,5,0,0,158
2025-11-12,SKU075,WH002,68,9,0,19,0,0,58
2025-11-12,SKU017,WH002,260,14,0,12,0,3,259
2025-11-12,SKU139,WH003,56,10,0,23,0,0,43
2025-11-12,SKU082,WH004,547,8,0,17,0,2,536
2025-11-12,SKU078,WH002,136,7,0,11,0,1,131
2025-11-12,SKU060,WH001,101,5,0,25,0,0,81
2025-11-12,SKU039,WH005,198,10,0,31,0,0,177
2025-11-12,SKU011,WH003,104,4,0,19,0,0,89
2025-11-12,SKU084,WH004,17,6,6,4,0,0,25
2025-11-12,SKU144,WH005,77,13,0,11,0,0,79
2025-11-12,SKU048,WH004,148,18,8,5,0,0,169
2025-11-12,SKU044,WH004,186,22,0,23,1,0,184
2025-11-12,SKU041,WH001,108,14,0,31,0,0,91
2025-11-12,SKU080,WH004,81,20,0,5,0,0,96
2025-11-12,SKU104,WH003,85,15,17,15,0,0,102
2025-11-12,SKU026,WH001,487,6,0,24,0,0,469
2025-11-12,SKU007,WH004,64,12,0,16,0,1,59
2025-11-12,SKU054,WH003,178,18,20,23,1,0,192
2025-11-12,SKU119,WH001,361,22,0,25,0,1,357
2025-11-12,SKU014,WH002,222,5,49,34,0,0,242
2025-11-12,SKU092,WH002,306,5,19,34,1,2,293
2025-11-12,SKU035,WH001,104,19,26,23,0,0,126
2025-11-12,SKU001,WH005,118,9,0,19,1,1,106
2025-11-12,SKU122,WH005,232,17,16,16,2,1,246
2025-11-12,SKU038,WH001,178,16,37,24,0,1,206
2025-11-12,SKU015,WH003,107,7,6,8,0,0,112
2025-11-12,SKU062,WH004,132,11,21,7,0,0,157
2025-11-13,SKU079,WH001,94,4,40,36,1,1,100
2025-11-13,SKU093,WH001,332,2,46,25,0,0,355
2025-11-13,SKU035,WH005,72,21,38,23,1,0,107
2025-11-13,SKU089,WH004,56,14,7,2,0,0,75
2025-11-13,SKU053,WH002,320,7,0,21,1,0,305
2025-11-13,SKU083,WH002,137,0,20,11,0,0,146
2025-11-13,SKU120,WH001,170,4,0,9,0,1,164
2025-11-13,SKU004,WH003,110,17,0,7,0,0,120
2025-11-13,SKU145,WH003,263,24,0,43,0,0,244
2025-11-13,SKU085,WH005,131,4,0,32,0,0,103
2025-11-13,SKU105,WH005,62,4,0,6,0,0,60
2025-11-13,SKU106,WH003,344,10,0,37,0,0,317
2025-11-13,SKU096,WH001,96,20,0,27,1,0,88
2025-11-13,SKU042,WH001,108,11,10,5,0,0,124
2025-11-13,SKU150,WH002,42,20,0,24,0,0,38
2025-11-13,SKU039,WH004,463,11,30,26,0,2,476
2025-11-13,SKU138,WH005,33,15,0,2,0,0,46
2025-11-13,SKU094,WH001,531,11,0,23,0,0,519
2025-11-13,SKU030,WH004,424,15,0,17,0,0,422
2025-11-13,SKU011,WH001,403,6,28,27,0,1,409
2025-11-13,SKU119,WH001,152,19,0,33,2,0,136
2025-11-13,SKU027,WH005,192,2,0,14,0,2,178
2025-11-13,SKU109,WH001,257,6,0,9,0,1,253
2025-11-13,SKU117,WH004,55,11,0,10,0,1,55
2025-11-13,SKU139,WH004,194,7,0,30,0,0,171
2025-11-13,SKU104,WH003,130,10,21,17,0,0,144
2025-11-13,SKU072,WH005,380,3,36,32,0,1,386
2025-11-13,SKU067,WH003,466,10,44,33,0,1,486
2025-11-13,SKU126,WH004,447,4,0,34,1,1,415
2025-11-13,SKU116,WH003,120,27,33,15,0,1,164
2025-11-13,SKU024,WH001,183,19,18,20,0,0,200
2025-11-13,SKU010,WH003,184,14,0,30,0,1,167
2025-11-13,SKU063,WH001,286,12,0,33,0,2,263
2025-11-13,SKU121,WH004,275,8,0,10,0,2,271
2025-11-13,SKU064,WH001,259,7,14,22,0,1,257
2025-11-13,SKU044,WH004,217,18,0,36,0,0,199
2025-11-13,SKU125,WH001,1392,4,0,42,0,2,1352
2025-11-13,SKU140,WH004,104,13,24,28,0,1,112
2025-11-13,SKU038,WH005,143,15,0,21,0,0,137
2025-11-13,SKU074,WH001,145,18,0,26,0,0,137
2025-11-13,SKU143,WH004,108,20,0,19,0,0,109
2025-11-13,SKU142,WH001,206,6,37,27,0,1,221
2025-11-13,SKU087,WH005,309,13,0,24,0,2,296
2025-11-13,SKU049,WH004,173,12,22,13,0,0,194
2025-11-13,SKU025,WH001,138,11,14,14,0,0,149
2025-11-14,SKU131,WH004,28,4,0,12,1,0,19
2025-11-14,SKU007,WH005,208,6,0,12,0,0,202
2025-11-14,SKU084,WH004,11,8,0,6,0,0,13
2025-11-14,SKU148,WH002,117,4,0,19,0,1,101
2025-11-14,SKU020,WH004,83,17,10,10,0,0,100
2025-11-14,SKU019,WH004,555,21,0,23,0,1,552
2025-11-14,SKU081,WH005,238,8,26,28,0,0,244
2025-11-14,SKU033,WH004,266,6,0,20,2,1,249
2025-11-14,SKU128,WH004,188,1,0,8,0,0,181
2025-11-14,SKU005,WH005,30,6,0,10,0,1,25
2025-11-14,SKU072,WH002,259,2,0,32,1,1,227
2025-11-14,SKU069,WH004,116,5,0,26,0,0,95
2025-11-14,SKU085,WH003,433,5,0,32,0,0,406
2025-11-14,SKU050,WH005,165,6,0,27,1,1,142
2025-11-14,SKU022,WH004,142,19,0,18,1,0,142
2025-11-14,SKU058,WH002,416,9,0,23,0,0,402
2025-11-14,SKU011,WH004,414,7,0,25,0,2,394
2025-11-14,SKU091,WH004,104,19,5,6,0,0,122
2025-11-14,SKU068,WH005,63,5,0,12,1,0,55
2025-11-14,SKU074,WH005,134,14,0,30,0,0,118
2025-11-14,SKU057,WH002,144,17,0,21,1,0,139
2025-11-14,SKU122,WH001,118,28,20,20,2,0,144
2025-11-14,SKU116,WH002,126,17,0,23,0,0,120
2025-11-14,SKU012,WH002,152,5,8,8,0,2,155
2025-11-14,SKU013,WH005,239,11,0,16,1,0,233
2025-11-14,SKU023,WH001,206,18,0,17,0,1,206
2025-11-14,SKU025,WH003,246,19,21,16,0,1,269
2025-11-14,SKU099,WH001,470,6,0,27,0,1,448
2025-11-14,SKU127,WH002,382,4,0,28,0,2,356
2025-11-14,SKU095,WH003,85,14,0,10,0,0,89
2025-11-14,SKU132,WH002,691,16,0,42,1,2,662
2025-11-14,SKU094,WH002,353,9,26,14,0,0,374
2025-11-14,SKU056,WH005,429,6,0,24,0,1,410
2025-11-14,SKU048,WH002,73,13,0,7,0,0,79
2025-11-14,SKU066,WH001,204,16,24,25,0,1,218
2025-11-14,SKU003,WH001,215,12,0,6,0,1,220
2025-11-14,SKU070,WH001,54,4,24,13,0,0,69
2025-11-14,SKU104,WH001,152,13,0,15,0,0,150
2025-11-14,SKU139,WH001,254,12,0,30,0,0,236
2025-11-14,SKU101,WH005,388,4,0,19,1,0,372
2025-11-14,SKU118,WH003,95,15,21,27,0,0,104
2025-11-14,SKU024,WH001,128,14,18,25,0,0,135
2025-11-14,SKU144,WH001,98,13,0,15,0,0,96
2025-11-14,SKU031,WH001,275,6,42,30,0,1,292
2025-11-14,SKU097,WH005,99,13,0,17,0,0,95
2025-11-15,SKU106,WH005,526,7,33,29,0,0,537
2025-11-15,SKU073,WH005,270,6,31,25,0,2,280
2025-11-15,SKU122,WH003,138,18,0,11,0,0,145
2025-11-15,SKU012,WH002,177,8,0,4,0,0,181
2025-11-15,SKU103,WH005,79,11,0,1,0,0,89
2025-11-15,SKU050,WH005,420,6,0,36,0,2,388
2025-11-15,SKU117,WH004,33,3,0,8,0,0,28
2025-11-15,SKU082,WH002,253,6,34,26,0,0,267
2025-11-15,SKU035,WH001,327,20,0,26,0,0,321
2025-11-15,SKU109,WH003,184,4,0,15,0,0,173
2025-11-15,SKU111,WH005,734,16,37,32,1,1,753
2025-11-15,SKU010,WH003,831,16,0,30,0,2,815
2025-11-15,SKU019,WH005,454,14,0,32,0,1,435
2025-11-15,SKU013,WH004,253,17,11,18,0,0,263
2025-11-15,SKU079,WH005,737,6,0,27,0,1,715
2025-11-15,SKU091,WH004,148,15,0,5,0,0,158
2025-11-15,SKU001,WH003,18,27,0,12,0,0,33
2025-11-15,SKU031,WH004,371,4,0,27,0,1,347
2025-11-15,SKU051,WH005,65,22,5,9,0,1,82
2025-11-15,SKU044,WH002,1104,9,0,39,1,5,1068
2025-11-15,SKU078,WH003,96,8,0,16,0,0,88
2025-11-15,SKU048,WH001,37,10,15,8,0,0,54
2025-11-15,SKU092,WH002,291,11,28,27,0,1,302
2025-11-15,SKU145,WH003,660,15,0,41,0,1,633
2025-11-15,SKU086,WH001,102,29,33,19,1,0,144
2025-11-15,SKU002,WH003,81,9,0,21,0,2,67
2025-11-15,SKU124,WH002,82,4,0,10,0,0,76
2025-11-15,SKU102,WH005,198,12,0,14,0,0,196
2025-11-15,SKU072,WH003,119,4,39,29,0,0,133
2025-11-15,SKU083,WH002,295,0,0,21,0,2,272
2025-11-15,SKU068,WH004,39,2,0,10,0,0,31
2025-11-15,SKU127,WH004,205,1,0,24,0,0,182
2025-11-15,SKU025,WH002,62,19,20,17,0,0,84
2025-11-15,SKU046,WH005,512,9,0,28,0,1,492
2025-11-15,SKU053,WH003,173,5,0,29,0,0,149
2025-11-15,SKU061,WH005,98,14,5,3,0,0,114
2025-11-15,SKU144,WH005,158,19,0,13,0,0,164
2025-11-15,SKU074,WH002,206,18,0,39,0,0,185
2025-11-15,SKU150,WH001,178,20,0,19,0,1,178
2025-11-15,SKU076,WH004,160,11,18,23,0,0,166
2025-11-15,SKU069,WH005,368,9,37,18,0,1,395
2025-11-15,SKU141,WH002,86,21,8,4,0,0,111
2025-11-15,SKU014,WH003,228,5,0,34,0,1,198
2025-11-15,SKU098,WH004,69,3,0,26,0,1,45
2025-11-15,SKU129,WH004,432,17,0,17,0,1,431
2025-11-16,SKU124,WH004,180,11,12,10,0,0,193
2025-11-16,SKU032,WH001,90,13,0,8,0,1,94
2025-11-16,SKU049,WH003,350,5,0,22,0,1,332
2025-11-16,SKU016,WH005,276,14,21,19,0,1,291
2025-11-16,SKU039,WH005,335,5,0,28,0,2,310
2025-11-16,SKU107,WH002,127,8,39,24,0,2,148
2025-11-16,SKU065,WH004,74,15,0,6,0,0,83
2025-11-16,SKU013,WH002,136,14,0,16,0,0,134
2025-11-16,SKU145,WH002,413,16,42,36,0,1,434
2025-11-16,SKU061,WH005,62,11,0,7,0,1,65
2025-11-16,SKU144,WH005,127,17,0,12,0,0,132
2025-11-16,SKU071,WH001,12,14,0,10,0,0,16
2025-11-16,SKU081,WH003,298,17,28,33,1,0,309
2025-11-16,SKU085,WH002,215,5,0,30,1,1,188
2025-11-16,SKU109,WH004,151,4,14,11,0,0,158
2025-11-16,SKU090,WH003,296,9,17,15,0,1,306
2025-11-16,SKU140,WH004,135,13,0,20,0,0,128
2025-11-16,SKU003,WH003,137,14,0,9,0,0,142
2025-11-16,SKU055,WH003,144,19,0,20,0,1,142
2025-11-16,SKU146,WH003,513,15,22,24,0,0,526
2025-11-16,SKU117,WH004,184,10,0,10,0,1,183
2025-11-16,SKU020,WH002,166,24,0,9,0,1,180
2025-11-16,SKU038,WH004,85,14,0,26,0,0,73
2025-11-16,SKU079,WH002,143,7,0,43,0,0,107
2025-11-16,SKU126,WH005,250,4,0,35,0,0,219
2025-11-16,SKU094,WH004,234,8,19,36,0,0,225
2025-11-16,SKU026,WH002,162,2,0,22,1,0,141
2025-11-16,SKU086,WH004,121,12,0,20,0,0,113
2025-11-16,SKU143,WH005,51,22,0,13,0,0,60
2025-11-16,SKU073,WH003,176,2,38,42,2,2,170
2025-11-16,SKU025,WH005,106,11,19,11,0,0,125
2025-11-16,SKU082,WH002,705,4,30,14,0,2,723
2025-11-16,SKU019,WH001,604,16,0,40,0,2,578
2025-11-16,SKU093,WH001,330,3,0,39,0,0,294
2025-11-16,SKU121,WH001,199,10,0,18,0,1,190
2025-11-16,SKU104,WH001,160,18,0,10,0,3,165
2025-11-16,SKU148,WH001,171,3,15,20,1,0,168
2025-11-16,SKU116,WH001,365,18,0,31,0,2,350
2025-11-16,SKU103,WH003,58,15,0,5,0,0,68
2025-11-16,SKU095,WH003,72,9,0,9,0,0,72
2025-11-16,SKU005,WH001,150,4,0,19,0,0,135
2025-11-16,SKU053,WH002,308,3,0,19,0,0,292
2025-11-16,SKU087,WH003,223,22,31,19,0,0,257
2025-11-16,SKU004,WH001,99,18,11,16,1,0,111
2025-11-16,SKU141,WH005,158,14,0,9,0,0,163
2025-11-17,SKU136,WH004,267,11,0,16,0,1,261
2025-11-17,SKU140,WH003,392,20,21,22,0,0,411
2025-11-17,SKU014,WH003,405,9,0,32,0,0,382
2025-11-17,SKU051,WH005,170,18,0,10,1,0,177
2025-11-17,SKU141,WH004,21,15,7,7,0,0,36
2025-11-17,SKU132,WH002,229,14,0,32,0,0,211
2025-11-17,SKU055,WH005,72,13,0,30,0,0,55
2025-11-17,SKU085,WH003,320,9,0,39,0,0,290
2025-11-17,SKU097,WH004,189,9,9,5,0,0,202
2025-11-17,SKU094,WH002,372,11,0,14,0,1,368
2025-11-17,SKU011,WH003,253,6,30,23,1,1,264
2025-11-17,SKU035,WH001,380,24,33,19,0,1,417
2025-11-17,SKU086,WH001,183,14,0,31,0,0,166
2025-11-17,SKU084,WH005,6,3,0,7,0,0,2
2025-11-17,SKU004,WH004,59,13,0,11,0,1,60
2025-11-17,SKU016,WH002,230,12,0,14,1,0,227
2025-11-17,SKU130,WH001,300,2,0,23,0,0,279
2025-11-17,SKU129,WH005,491,15,0,18,0,1,487
2025-11-17,SKU145,WH002,442,20,37,24,0,0,475
2025-11-17,SKU133,WH002,99,16,0,5,1,0,109
2025-11-17,SKU073,WH004,187,2,0,30,0,0,159
2025-11-17,SKU046,WH003,359,14,36,39,0,0,370
2025-11-17,SKU054,WH003,185,12,31,24,0,1,203
2025-11-17,SKU072,WH004,165,2,38,41,0,0,164
2025-11-17,SKU144,WH001,38,17,0,7,0,0,48
2025-11-17,SKU053,WH004,76,11,22,24,1,0,84
2025-11-17,SKU126,WH002,442,2,0,24,0,1,419
2025-11-17,SKU139,WH004,464,8,0,31,1,3,437
2025-11-17,SKU063,WH003,210,10,0,29,0,0,191
2025-11-17,SKU088,WH001,5,11,9,2,0,0,23
2025-11-17,SKU021,WH004,76,27,17,11,0,0,109
2025-11-17,SKU023,WH005,436,11,0,17,0,0,430
2025-11-17,SKU138,WH005,63,12,0,8,0,0,67
2025-11-17,SKU106,WH001,538,14,0,30,0,0,522
2025-11-17,SKU001,WH003,172,15,13,17,1,0,182
2025-11-17,SKU061,WH003,57,4,7,10,0,0,58
2025-11-17,SKU049,WH005,93,8,0,24,0,0,77
2025-11-17,SKU078,WH001,53,15,10,10,0,0,68
2025-11-17,SKU146,WH002,504,15,0,26,0,0,493
2025-11-17,SKU047,WH004,151,12,0,8,0,0,155
2025-11-17,SKU019,WH003,344,11,0,26,0,1,328
2025-11-17,SKU048,WH004,37,12,0,11,0,0,38
2025-11-17,SKU111,WH002,326,14,0,36,1,1,302
2025-11-17,SKU107,WH003,84,7,27,25,0,0,93
2025-11-17,SKU030,WH001,201,11,0,24,0,1,187
2025-11-18,SKU063,WH001,171,7,0,39,0,0,139
2025-11-18,SKU136,WH004,445,15,22,27,0,3,452
2025-11-18,SKU119,WH001,104,23,0,20,0,0,107
2025-11-18,SKU094,WH004,331,6,0,22,0,2,313
2025-11-18,SKU124,WH004,144,7,0,14,0,1,136
2025-11-18,SKU142,WH001,223,4,35,34,1,1,226
2025-11-18,SKU027,WH001,270,11,0,12,0,0,269
2025-11-18,SKU045,WH001,122,17,0,14,0,2,123
2025-11-18,SKU095,WH004,173,20,0,5,0,0,188
2025-11-18,SKU034,WH005,328,4,0,12,0,1,319
2025-11-18,SKU137,WH001,70,11,0,8,0,1,72
2025-11-18,SKU150,WH002,221,24,0,21,0,0,224
2025-11-18,SKU149,WH002,540,18,0,38,0,0,520
2025-11-18,SKU096,WH004,532,16,0,29,0,1,518
2025-11-18,SKU007,WH001,219,5,0,16,0,0,208
2025-11-18,SKU011,WH004,108,2,0,31,0,0,79
2025-11-18,SKU022,WH002,131,19,0,22,1,0,127
2025-11-18,SKU053,WH001,371,8,0,25,0,0,354
2025-11-18,SKU009,WH002,300,13,0,5,0,0,308
2025-11-18,SKU031,WH005,290,6,0,37,1,1,257
2025-11-18,SKU117,WH001,59,4,0,12,0,1,50
2025-11-18,SKU012,WH004,31,7,12,6,1,0,43
2025-11-18,SKU102,WH005,1197,16,0,20,0,4,1189
2025-11-18,SKU079,WH004,377,10,0,28,1,3,355
2025-11-18,SKU038,WH001,131,13,45,38,0,0,151
2025-11-18,SKU024,WH002,99,9,0,16,0,0,92
2025-11-18,SKU014,WH002,252,5,0,30,0,0,227
2025-11-18,SKU036,WH005,135,20,0,19,0,0,136
2025-11-18,SKU101,WH004,92,1,37,27,1,0,102
2025-11-18,SKU134,WH004,162,3,0,39,0,0,126
2025-11-18,SKU077,WH004,102,3,14,19,0,0,100
2025-11-18,SKU100,WH004,218,10,24,12,0,0,240
2025-11-18,SKU078,WH001,69,7,6,13,0,0,69
2025-11-18,SKU121,WH003,367,16,20,19,0,2,382
2025-11-18,SKU118,WH005,424,15,0,17,1,1,420
2025-11-18,SKU144,WH005,186,15,0,5,0,0,196
2025-11-18,SKU067,WH001,113,14,0,30,1,1,95
2025-11-18,SKU008,WH002,143,2,0,27,0,2,116
2025-11-18,SKU030,WH002,693,10,0,19,1,2,681
2025-11-18,SKU132,WH002,344,18,0,31,0,1,330
2025-11-18,SKU059,WH004,58,8,5,4,0,0,67
2025-11-18,SKU143,WH004,175,14,0,10,0,0,179
2025-11-18,SKU071,WH004,116,6,5,5,0,1,121
2025-11-18,SKU052,WH002,104,9,0,5,0,0,108
2025-11-18,SKU098,WH005,476,2,0,19,0,1,458
2025-11-19,SKU110,WH001,180,15,0,27,0,0,168
2025-11-19,SKU027,WH003,67,8,25,12,0,0,88
2025-11-19,SKU093,WH005,158,5,0,35,2,1,125
2025-11-19,SKU123,WH001,41,12,7,9,0,0,51
2025-11-19,SKU051,WH005,84,12,0,3,0,0,93
2025-11-19,SKU074,WH003,715,12,43,28,0,1,741
2025-11-19,SKU119,WH003,366,20,33,26,1,1,391
2025-11-19,SKU096,WH001,232,20,0,24,0,1,227
2025-11-19,SKU114,WH002,66,15,0,11,0,0,70
2025-11-19,SKU075,WH001,174,10,0,24,1,1,158
2025-11-19,SKU098,WH005,377,3,0,34,0,3,343
2025-11-19,SKU081,WH002,585,12,34,23,0,2,606
2025-11-19,SKU018,WH002,156,8,0,13,0,1,150
2025-11-19,SKU040,WH005,160,14,16,16,0,1,173
2025-11-19,SKU100,WH003,118,9,10,19,0,0,118
2025-11-19,SKU078,WH002,91,7,0,18,0,1,79
2025-11-19,SKU076,WH005,366,10,0,18,1,2,355
2025-11-19,SKU135,WH004,106,10,0,15,1,1,99
2025-11-19,SKU068,WH003,79,3,0,7,0,0,75
2025-11-19,SKU124,WH003,168,7,11,14,0,0,172
2025-11-19,SKU047,WH001,74,13,0,10,0,1,76
2025-11-19,SKU032,WH004,72,20,0,9,1,0,82
2025-11-19,SKU102,WH003,576,20,0,26,1,4,565
2025-11-19,SKU113,WH004,69,14,0,11,0,1,71
2025-11-19,SKU116,WH005,200,26,0,26,1,1,198
2025-11-19,SKU149,WH002,424,14,0,32,2,1,403
2025-11-19,SKU090,WH004,315,3,0,16,0,0,302
2025-11-19,SKU006,WH004,118,12,0,35,1,0,94
2025-11-19,SKU106,WH005,315,12,35,23,0,1,338
2025-11-19,SKU104,WH005,52,9,17,16,1,0,61
2025-11-19,SKU064,WH001,226,9,0,13,0,0,222
2025-11-19,SKU118,WH002,109,17,0,19,0,0,107
2025-11-19,SKU012,WH002,119,8,0,6,0,1,120
2025-11-19,SKU021,WH002,129,19,21,10,0,1,158
2025-11-19,SKU065,WH001,77,22,0,10,0,0,89
2025-11-19,SKU089,WH003,46,22,9,3,0,0,74
2025-11-19,SKU077,WH004,133,6,25,19,0,0,145
2025-11-19,SKU044,WH004,168,16,0,29,0,0,155
2025-11-19,SKU083,WH005,215,5,29,18,0,3,228
2025-11-19,SKU092,WH002,271,8,35,34,0,0,280
2025-11-19,SKU053,WH002,262,8,22,19,1,0,272
2025-11-19,SKU023,WH001,195,12,19,25,0,0,201
2025-11-19,SKU139,WH003,779,6,37,41,0,1,780
2025-11-19,SKU112,WH005,43,8,0,5,0,0,46
2025-11-19,SKU131,WH005,39,12,0,10,0,0,41
2025-11-20,SKU060,WH005,261,5,23,15,0,0,274
2025-11-20,SKU044,WH005,359,17,44,32,0,3,385
2025-11-20,SKU141,WH004,13,15,0,4,0,0,24
2025-11-20,SKU031,WH003,329,4,0,36,0,0,297
2025-11-20,SKU119,WH002,237,14,0,16,1,0,234
2025-11-20,SKU131,WH004,39,9,13,8,0,1,52
2025-11-20,SKU042,WH002,67,17,6,3,0,0,87
2025-11-20,SKU137,WH005,39,10,0,10,0,0,39
2025-11-20,SKU056,WH002,204,3,0,22,0,2,183
2025-11-20,SKU136,WH002,618,11,0,23,0,4,602
2025-11-20,SKU014,WH003,352,5,0,26,0,0,331
2025-11-20,SKU037,WH004,243,18,0,18,1,0,242
2025-11-20,SKU005,WH005,90,4,9,12,0,0,91
2025-11-20,SKU134,WH003,92,5,0,33,0,0,64
2025-11-20,SKU144,WH005,81,21,0,7,0,0,95
2025-11-20,SKU145,WH004,229,10,39,35,0,0,243
2025-11-20,SKU092,WH004,523,8,25,22,0,0,534
2025-11-20,SKU082,WH003,221,4,0,27,0,0,198
2025-11-20,SKU073,WH002,331,2,0,31,0,1,301
2025-11-20,SKU121,WH001,292,6,0,26,0,0,272
2025-11-20,SKU124,WH003,132,5,0,13,0,0,124
2025-11-20,SKU058,WH001,319,11,0,33,0,1,296
2025-11-20,SKU120,WH002,128,5,0,10,0,0,123
2025-11-20,SKU003,WH005,137,12,8,8,0,1,148
2025-11-20,SKU006,WH004,323,15,33,24,0,0,347
2025-11-20,SKU105,WH004,22,5,7,3,0,0,31
2025-11-20,SKU043,WH005,192,3,0,22,0,0,173
2025-11-20,SKU009,WH002,161,17,0,4,1,1,172
2025-11-20,SKU107,WH002,361,5,0,25,0,1,340
2025-11-20,SKU085,WH004,303,6,52,42,0,3,316
2025-11-20,SKU008,WH001,231,2,0,25,1,1,206
2025-11-20,SKU143,WH005,187,16,18,10,0,0,211
2025-11-20,SKU040,WH003,79,16,0,21,0,0,74
2025-11-20,SKU064,WH005,167,19,0,13,0,0,173
2025-11-20,SKU004,WH002,160,19,0,16,0,0,163
2025-11-20,SKU063,WH004,319,12,34,26,0,1,338
2025-11-20,SKU078,WH004,64,8,0,12,0,0,60
2025-11-20,SKU133,WH002,46,16,6,6,0,0,62
2025-11-20,SKU046,WH004,196,10,0,20,1,1,184
2025-11-20,SKU106,WH003,378,12,34,32,2,1,389
2025-11-20,SKU098,WH005,215,5,0,31,0,0,189
2025-11-20,SKU075,WH005,302,10,0,20,0,1,291
2025-11-20,SKU112,WH005,130,12,0,10,0,0,132
2025-11-20,SKU111,WH002,233,19,0,41,1,1,209
2025-11-20,SKU108,WH005,374,12,39,24,0,0,401
2025-11-21,SKU063,WH002,91,6,0,31,0,0,66
2025-11-21,SKU147,WH004,181,5,0,30,0,0,156
2025-11-21,SKU125,WH005,391,5,0,35,0,2,359
2025-11-21,SKU074,WH004,90,15,0,27,0,0,78
2025-11-21,SKU140,WH004,86,15,22,25,1,0,97
2025-11-21,SKU026,WH003,419,2,30,26,0,0,425
2025-11-21,SKU042,WH003,34,14,8,3,0,0,53
2025-11-21,SKU095,WH005,134,18,14,12,0,0,154
2025-11-21,SKU134,WH002,262,5,0,22,0,3,242
2025-11-21,SKU037,WH001,341,9,14,17,0,0,347
2025-11-21,SKU050,WH003,383,6,0,35,0,0,354
2025-11-21,SKU123,WH005,191,8,9,9,0,0,199
2025-11-21,SKU065,WH002,276,18,0,15,0,0,279
2025-11-21,SKU012,WH005,253,9,5,13,0,0,254
2025-11-21,SKU009,WH001,77,12,10,8,0,1,90
2025-11-21,SKU142,WH004,363,4,0,38,1,2,326
2025-11-21,SKU022,WH002,50,22,28,29,0,0,71
2025-11-21,SKU100,WH003,63,11,19,23,0,0,70
2025-11-21,SKU097,WH002,195,10,5,8,0,0,202
2025-11-21,SKU032,WH004,48,21,0,10,0,0,59
2025-11-21,SKU143,WH004,119,15,17,13,0,0,138
2025-11-21,SKU027,WH003,420,7,0,20,0,1,406
2025-11-21,SKU017,WH003,262,12,0,22,0,0,252
2025-11-21,SKU092,WH005,329,7,0,27,0,0,309
2025-11-21,SKU145,WH001,659,12,37,35,0,1,672
2025-11-21,SKU080,WH003,96,7,0,7,0,0,96
2025-11-21,SKU048,WH001,31,9,10,12,0,0,38
2025-11-21,SKU014,WH003,163,6,0,31,2,1,135
2025-11-21,SKU045,WH003,113,23,0,16,1,0,119
2025-11-21,SKU137,WH005,36,13,0,4,0,0,45
2025-11-21,SKU141,WH001,31,25,0,6,0,0,50
2025-11-21,SKU035,WH001,336,17,0,24,0,1,328
2025-11-21,SKU051,WH003,34,19,6,2,0,0,57
2025-11-21,SKU005,WH005,119,4,5,14,0,0,114
2025-11-21,SKU144,WH004,44,13,0,9,0,0,48
2025-11-21,SKU039,WH003,395,10,0,35,0,0,370
2025-11-21,SKU079,WH001,320,10,0,29,0,1,300
2025-11-21,SKU111,WH002,259,12,0,28,0,0,243
2025-11-21,SKU038,WH001,339,15,0,32,0,0,322
2025-11-21,SKU060,WH005,170,9,0,21,0,0,158
2025-11-21,SKU088,WH003,33,9,0,4,0,0,38
2025-11-21,SKU058,WH002,346,8,39,27,0,0,366
2025-11-21,SKU128,WH002,45,4,0,12,0,0,37
2025-11-21,SKU052,WH005,221,16,0,13,0,0,224
2025-11-21,SKU127,WH005,101,5,0,28,1,0,77
2025-11-22,SKU084,WH004,91,7,0,8,0,0,90
2025-11-22,SKU112,WH001,116,5,12,4,0,0,129
2025-11-22,SKU021,WH005,183,16,0,20,0,2,177
2025-11-22,SKU052,WH002,33,15,10,10,1,0,47
2025-11-22,SKU059,WH005,74,18,0,7,0,0,85
2025-11-22,SKU037,WH002,151,18,17,23,0,0,163
2025-11-22,SKU100,WH004,342,13,15,13,0,0,357
2025-11-22,SKU116,WH002,375,18,0,19,0,0,374
2025-11-22,SKU090,WH001,146,4,0,22,0,0,128
2025-11-22,SKU145,WH001,116,15,0,40,0,1,90
2025-11-22,SKU119,WH003,114,18,0,19,0,0,113
2025-11-22,SKU113,WH001,49,17,0,11,0,0,55
2025-11-22,SKU128,WH005,135,3,13,12,0,0,139
2025-11-22,SKU108,WH005,474,9,0,30,0,0,453
2025-11-22,SKU036,WH004,334,13,0,18,0,0,329
2025-11-22,SKU005,WH001,39,4,12,11,0,0,44
2025-11-22,SKU031,WH005,160,9,0,26,1,0,142
2025-11-22,SKU104,WH003,256,10,11,12,0,0,265
2025-11-22,SKU039,WH003,125,11,0,26,1,0,109
2025-11-22,SKU125,WH002,255,1,0,21,0,1,234
2025-11-22,SKU070,WH001,88,4,0,18,1,0,73
2025-11-22,SKU150,WH003,58,9,0,18,0,0,49
2025-11-22,SKU009,WH001,175,11,14,9,0,0,191
2025-11-22,SKU066,WH005,230,13,0,24,1,1,217
2025-11-22,SKU087,WH002,243,18,37,18,0,0,280
2025-11-22,SKU019,WH005,510,14,0,24,0,0,500
2025-11-22,SKU120,WH002,118,0,0,11,0,0,107
2025-11-22,SKU048,WH003,63,12,0,13,0,0,62
2025-11-22,SKU018,WH001,253,6,20,21,0,4,254
2025-11-22,SKU073,WH003,664,4,0,27,0,2,639
2025-11-22,SKU086,WH001,159,17,0,25,0,0,151
2025-11-22,SKU056,WH002,231,4,31,23,0,0,243
2025-11-22,SKU110,WH001,389,26,0,26,0,0,389
2025-11-22,SKU080,WH002,79,17,0,1,0,0,95
2025-11-22,SKU135,WH004,183,13,0,14,0,0,182
2025-11-22,SKU123,WH002,131,11,9,9,0,0,142
2025-11-22,SKU083,WH003,116,5,0,12,1,0,108
2025-11-22,SKU126,WH003,61,2,0,26,0,0,37
2025-11-22,SKU077,WH002,136,10,0,26,0,0,120
2025-11-22,SKU061,WH005,27,11,4,5,0,0,37
2025-11-22,SKU007,WH002,133,10,0,10,0,0,133
2025-11-22,SKU144,WH002,36,17,0,5,0,0,48
2025-11-22,SKU023,WH001,169,12,0,22,0,0,159
2025-11-22,SKU092,WH005,97,7,0,26,0,0,78
2025-11-22,SKU054,WH005,173,15,0,21,1,0,166
2025-11-23,SKU067,WH001,203,12,30,39,1,0,205
2025-11-23,SKU072,WH004,211,5,0,21,0,0,195
2025-11-23,SKU073,WH004,193,3,23,33,0,0,186
2025-11-23,SKU124,WH004,194,6,16,12,0,0,204
2025-11-23,SKU019,WH004,426,19,0,29,0,2,414
2025-11-23,SKU029,WH004,224,15,0,23,2,1,213
2025-11-23,SKU148,WH005,451,3,0,21,0,1,432
2025-11-23,SKU123,WH003,266,9,12,12,0,0,275
2025-11-23,SKU091,WH003,169,14,0,10,0,0,173
2025-11-23,SKU008,WH001,243,3,36,28,1,0,253
2025-11-23,SKU084,WH001,27,2,0,1,0,0,28
2025-11-23,SKU130,WH001,371,2,28,13,1,1,386
2025-11-23,SKU034,WH003,254,3,0,17,1,0,239
2025-11-23,SKU111,WH005,115,14,32,35,0,0,126
2025-11-23,SKU062,WH003,208,7,18,16,0,1,216
2025-11-23,SKU031,WH004,172,3,0,25,0,0,150
2025-11-23,SKU139,WH001,387,10,45,28,0,1,413
2025-11-23,SKU090,WH002,265,5,0,17,0,0,253
2025-11-23,SKU023,WH004,192,15,0,16,1,0,190
2025-11-23,SKU086,WH002,159,16,0,25,0,2,148
2025-11-23,SKU144,WH001,60,11,0,4,0,0,67
2025-11-23,SKU145,WH001,478,19,27,29,1,1,493
2025-11-23,SKU051,WH005,63,15,5,3,0,0,80
2025-11-23,SKU064,WH001,84,14,27,20,0,0,105
2025-11-23,SKU050,WH001,266,6,0,31,0,0,241
2025-11-23,SKU101,WH005,273,3,34,27,0,0,283
2025-11-23,SKU049,WH005,196,8,21,24,0,0,201
2025-11-23,SKU106,WH005,263,16,23,34,1,0,267
2025-11-23,SKU125,WH002,482,3,0,34,0,1,450
2025-11-23,SKU081,WH005,318,13,0,27,0,1,303
2025-11-23,SKU010,WH004,685,10,0,28,1,0,666
2025-11-23,SKU006,WH001,311,14,0,29,0,1,295
2025-11-23,SKU092,WH003,125,11,18,19,0,1,134
2025-11-23,SKU043,WH005,194,5,18,14,0,1,202
2025-11-23,SKU012,WH002,212,2,5,16,0,0,203
2025-11-23,SKU135,WH003,261,11,0,9,0,0,263
2025-11-23,SKU078,WH001,228,8,13,14,0,0,235
2025-11-23,SKU024,WH002,141,5,0,13,0,0,133
2025-11-23,SKU141,WH001,38,8,0,7,0,0,39
2025-11-23,SKU022,WH002,162,16,25,15,0,0,188
2025-11-23,SKU104,WH003,248,19,0,11,0,2,254
2025-11-23,SKU095,WH003,66,18,0,9,0,0,75
2025-11-23,SKU018,WH003,74,8,0,21,0,0,61
2025-11-23,SKU142,WH003,270,5,0,20,0,0,255
2025-11-23,SKU004,WH003,92,24,0,13,0,0,103
2025-11-24,SKU131,WH003,92,5,0,10,0,0,87
2025-11-24,SKU037,WH003,291,14,21,16,0,1,309
2025-11-24,SKU138,WH005,71,11,4,4,0,0,82
2025-11-24,SKU135,WH005,124,12,0,15,0,0,121
2025-11-24,SKU025,WH001,110,15,0,14,0,0,111
2025-11-24,SKU009,WH004,101,19,0,6,0,1,113
2025-11-24,SKU080,WH004,42,13,4,4,0,0,55
2025-11-24,SKU104,WH002,50,7,0,18,0,0,39
2025-11-24,SKU026,WH004,182,3,0,34,1,0,150
2025-11-24,SKU070,WH003,276,9,0,20,0,0,265
2025-11-24,SKU075,WH002,166,7,0,16,0,0,157
2025-11-24,SKU103,WH003,83,17,0,6,0,0,94
2025-11-24,SKU128,WH003,193,4,17,9,0,0,205
2025-11-24,SKU017,WH004,154,18,0,29,1,1,141
2025-11-24,SKU079,WH002,522,9,0,30,1,1,499
2025-11-24,SKU062,WH003,43,6,0,9,0,0,40
2025-11-24,SKU094,WH002,494,6,0,30,0,2,468
2025-11-24,SKU034,WH004,54,3,0,21,0,0,36
2025-11-24,SKU085,WH003,381,5,0,38,0,0,348
2025-11-24,SKU093,WH004,483,1,39,34,1,3,485
2025-11-24,SKU130,WH004,128,2,0,20,1,1,108
2025-11-24,SKU119,WH001,360,14,28,33,0,0,369
2025-11-24,SKU027,WH003,262,4,0,15,0,0,251
2025-11-24,SKU126,WH002,823,2,0,31,0,1,793
2025-11-24,SKU053,WH001,219,9,0,26,0,0,202
2025-11-24,SKU006,WH002,375,15,41,28,0,3,400
2025-11-24,SKU012,WH001,32,7,13,9,1,0,42
2025-11-24,SKU029,WH002,189,14,0,17,0,0,186
2025-11-24,SKU045,WH004,345,19,0,7,0,3,354
2025-11-24,SKU014,WH003,444,2,0,31,0,3,412
2025-11-24,SKU107,WH001,235,12,22,24,0,1,244
2025-11-24,SKU063,WH005,537,8,0,33,0,3,509
2025-11-24,SKU044,WH003,263,24,27,35,1,0,278
2025-11-24,SKU076,WH002,236,7,0,15,0,1,227
2025-11-24,SKU051,WH005,50,18,0,3,0,0,65
2025-11-24,SKU028,WH005,338,8,20,16,0,0,350
2025-11-24,SKU117,WH004,93,4,7,8,0,0,96
2025-11-24,SKU041,WH003,51,10,0,19,0,0,42
2025-11-24,SKU086,WH002,242,22,0,19,0,0,245
2025-11-24,SKU024,WH004,210,10,0,14,1,0,205
2025-11-24,SKU148,WH005,175,4,0,17,0,0,162
2025-11-24,SKU142,WH005,431,4,36,28,0,0,443
2025-11-24,SKU068,WH003,95,5,0,5,0,0,95
2025-11-24,SKU144,WH001,106,17,0,8,0,0,115
2025-11-24,SKU013,WH004,212,13,0,12,1,1,211
2025-11-25,SKU067,WH005,385,3,31,24,0,1,394
2025-11-25,SKU048,WH001,68,16,6,5,0,0,85
2025-11-25,SKU078,WH001,107,13,0,11,0,0,109
2025-11-25,SKU134,WH001,56,3,0,32,0,0,27
2025-11-25,SKU123,WH002,61,11,0,5,0,0,67
2025-11-25,SKU091,WH002,114,23,6,6,0,1,136
2025-11-25,SKU082,WH005,236,8,33,21,0,0,256
2025-11-25,SKU117,WH005,73,4,0,11,0,0,66
2025-11-25,SKU006,WH003,265,13,41,23,0,0,296
2025-11-25,SKU111,WH005,325,19,0,31,0,0,313
2025-11-25,SKU030,WH003,389,18,0,19,0,1,387
2025-11-25,SKU090,WH004,318,13,0,16,0,0,315
2025-11-25,SKU101,WH002,37,3,0,22,1,0,17
2025-11-25,SKU126,WH004,526,2,38,26,0,1,539
2025-11-25,SKU044,WH002,406,16,0,33,0,2,387
2025-11-25,SKU083,WH003,132,4,0,19,0,1,116
2025-11-25,SKU047,WH003,184,16,0,8,0,0,192
2025-11-25,SKU118,WH002,245,11,22,18,0,0,260
2025-11-25,SKU099,WH004,394,10,0,31,0,2,371
2025-11-25,SKU036,WH003,226,22,34,19,1,0,262
2025-11-25,SKU120,WH002,83,1,0,8,0,0,76
2025-11-25,SKU119,WH001,278,22,0,16,0,1,283
2025-11-25,SKU032,WH001,60,22,0,10,0,0,72
2025-11-25,SKU009,WH005,128,13,11,4,0,0,148
2025-11-25,SKU037,WH002,62,24,0,14,0,0,72
2025-11-25,SKU089,WH004,20,15,0,4,0,0,31
2025-11-25,SKU122,WH001,109,15,0,16,0,0,108
2025-11-25,SKU110,WH004,196,17,41,20,0,0,234
2025-11-25,SKU080,WH003,60,12,13,10,0,0,75
2025-11-25,SKU115,WH002,97,4,0,17,0,0,84
2025-11-25,SKU107,WH004,27,5,23,21,1,0,33
2025-11-25,SKU001,WH001,145,13,0,9,0,1,148
2025-11-25,SKU021,WH002,111,14,16,13,0,0,128
2025-11-25,SKU145,WH005,587,14,43,28,0,1,615
2025-11-25,SKU087,WH001,44,12,28,25,1,0,58
2025-11-25,SKU051,WH001,38,11,0,7,0,0,42
2025-11-25,SKU043,WH002,106,5,16,14,0,0,113
2025-11-25,SKU072,WH003,243,6,0,28,0,0,221
2025-11-25,SKU138,WH003,23,13,0,6,0,0,30
2025-11-25,SKU133,WH001,167,11,0,8,0,0,170
2025-11-25,SKU112,WH005,50,10,4,9,0,0,55
2025-11-25,SKU093,WH002,588,4,0,35,0,1,556
2025-11-25,SKU017,WH004,453,20,0,26,1,1,445
2025-11-25,SKU137,WH004,67,17,0,8,0,0,76
2025-11-25,SKU095,WH004,73,11,6,11,0,0,79
2025-11-26,SKU115,WH002,87,4,20,9,0,0,102
2025-11-26,SKU077,WH003,181,6,0,15,0,1,171
2025-11-26,SKU121,WH003,227,17,0,15,0,1,228
2025-11-26,SKU070,WH003,89,9,32,15,0,1,114
2025-11-26,SKU012,WH002,42,12,12,8,0,0,58
2025-11-26,SKU021,WH005,228,22,0,6,0,0,244
2025-11-26,SKU054,WH001,201,21,24,27,1,0,218
2025-11-26,SKU023,WH001,297,10,0,15,0,0,292
2025-11-26,SKU082,WH003,115,7,0,29,0,0,93
2025-11-26,SKU034,WH002,231,8,0,23,1,0,215
2025-11-26,SKU116,WH001,106,22,25,18,0,0,135
2025-11-26,SKU140,WH004,116,14,23,21,0,0,132
2025-11-26,SKU064,WH001,308,14,21,27,1,0,315
2025-11-26,SKU060,WH003,244,10,0,25,0,0,229
2025-11-26,SKU003,WH003,56,8,0,13,0,0,51
2025-11-26,SKU069,WH002,476,3,0,42,1,2,434
2025-11-26,SKU055,WH002,144,16,0,25,0,0,135
2025-11-26,SKU134,WH005,250,2,0,28,0,1,223
2025-11-26,SKU043,WH005,138,5,0,13,0,0,130
2025-11-26,SKU061,WH004,88,13,0,5,0,0,96
2025-11-26,SKU129,WH001,427,8,0,29,0,1,405
2025-11-26,SKU105,WH003,126,4,6,4,0,1,131
2025-11-26,SKU037,WH004,48,10,0,18,0,0,40
2025-11-26,SKU080,WH005,65,5,11,4,0,1,76
2025-11-26,SKU010,WH005,109,7,37,40,1,0,112
2025-11-26,SKU130,WH002,226,3,0,14,0,0,215
2025-11-26,SKU118,WH002,157,16,0,16,0,1,156
2025-11-26,SKU096,WH003,182,11,0,31,0,0,162
2025-11-26,SKU049,WH002,369,11,0,18,1,0,361
2025-11-26,SKU128,WH001,102,7,0,9,0,0,100
2025-11-26,SKU148,WH002,242,5,20,14,0,0,253
2025-11-26,SKU027,WH002,242,11,24,23,0,0,254
2025-11-26,SKU143,WH003,175,24,0,9,0,0,190
2025-11-26,SKU141,WH002,23,17,0,5,0,0,35
2025-11-26,SKU015,WH003,56,7,0,10,0,0,53
2025-11-26,SKU088,WH005,24,6,0,4,0,0,26
2025-11-26,SKU139,WH004,245,14,28,25,0,0,262
2025-11-26,SKU103,WH002,37,13,6,5,0,0,51
2025-11-26,SKU001,WH005,68,19,17,10,0,0,94
2025-11-26,SKU117,WH003,46,9,0,12,0,0,43
2025-11-26,SKU146,WH005,223,12,0,25,0,0,210
2025-11-26,SKU075,WH004,141,10,22,20,0,1,152
2025-11-26,SKU014,WH004,347,5,0,33,0,2,317
2025-11-26,SKU050,WH003,381,4,0,34,0,1,350
2025-11-26,SKU002,WH005,620,8,0,23,0,1,604
2025-11-27,SKU115,WH001,184,6,6,10,0,1,185
2025-11-27,SKU128,WH001,228,5,0,4,0,0,229
2025-11-27,SKU045,WH003,351,18,0,16,0,2,351
2025-11-27,SKU058,WH004,455,10,0,26,0,0,439
2025-11-27,SKU083,WH001,178,4,17,18,0,0,181
2025-11-27,SKU108,WH003,174,8,0,30,1,1,150
2025-11-27,SKU076,WH003,415,12,0,15,0,0,412
2025-11-27,SKU112,WH004,36,10,0,11,0,0,35
2025-11-27,SKU030,WH001,161,11,18,24,0,0,166
2025-11-27,SKU078,WH002,179,5,0,9,0,0,175
2025-11-27,SKU068,WH003,52,10,0,3,0,0,59
2025-11-27,SKU052,WH005,78,12,8,11,1,0,86
2025-11-27,SKU040,WH001,189,25,14,18,0,0,210
2025-11-27,SKU089,WH001,44,16,7,3,0,0,64
2025-11-27,SKU127,WH005,240,7,0,27,0,1,219
2025-11-27,SKU114,WH001,204,6,17,14,0,0,213
2025-11-27,SKU013,WH004,95,7,0,14,0,1,87
2025-11-27,SKU136,WH005,160,11,0,20,0,0,151
2025-11-27,SKU131,WH003,60,7,0,8,0,0,59
2025-11-27,SKU133,WH002,72,24,3,7,0,0,92
2025-11-27,SKU047,WH001,157,10,0,5,0,1,161
2025-11-27,SKU088,WH005,69,8,6,4,0,0,79
2025-11-27,SKU135,WH004,211,11,16,12,0,0,226
2025-11-27,SKU015,WH003,124,11,7,11,0,1,130
2025-11-27,SKU101,WH001,441,2,0,23,0,3,417
2025-11-27,SKU051,WH004,73,15,8,7,0,0,89
2025-11-27,SKU126,WH005,489,3,0,34,0,2,456
2025-11-27,SKU046,WH002,284,11,36,27,0,2,302
2025-11-27,SKU031,WH005,140,3,0,24,0,0,119
2025-11-27,SKU147,WH001,432,3,0,22,0,1,412
2025-11-27,SKU034,WH004,240,9,35,18,0,0,266
2025-11-27,SKU023,WH004,559,11,0,29,0,0,541
2025-11-27,SKU141,WH005,15,7,0,5,0,0,17
2025-11-27,SKU094,WH004,174,7,0,26,0,0,155
2025-11-27,SKU002,WH003,179,18,30,30,1,0,196
2025-11-27,SKU086,WH005,191,13,0,25,0,0,179
2025-11-27,SKU080,WH002,79,17,0,11,1,0,84
2025-11-27,SKU104,WH002,193,11,10,11,0,1,202
2025-11-27,SKU010,WH004,284,22,32,26,0,0,312
2025-11-27,SKU042,WH002,84,19,3,3,0,0,103
2025-11-27,SKU003,WH003,39,18,8,11,0,0,54
2025-11-27,SKU012,WH002,175,6,0,8,0,0,173
2025-11-27,SKU028,WH005,109,12,11,21,0,0,111
2025-11-27,SKU099,WH001,205,12,0,29,0,1,187
2025-11-27,SKU037,WH004,362,11,20,22,0,0,371
2025-11-28,SKU059,WH002,41,9,0,6,0,0,44
2025-11-28,SKU006,WH002,274,13,0,40,0,0,247
2025-11-28,SKU063,WH004,137,10,44,33,1,0,157
2025-11-28,SKU117,WH002,204,7,0,11,0,0,200
2025-11-28,SKU105,WH003,38,12,6,2,0,0,54
2025-11-28,SKU130,WH002,73,1,0,9,0,0,65
2025-11-28,SKU089,WH005,59,16,0,2,0,0,73
2025-11-28,SKU067,WH005,248,15,31,35,0,2,257
2025-11-28,SKU131,WH003,132,7,0,4,0,0,135
2025-11-28,SKU096,WH003,381,12,0,32,1,0,360
2025-11-28,SKU051,WH005,60,14,0,11,0,0,63
2025-11-28,SKU149,WH005,253,16,45,36,0,0,278
2025-11-28,SKU003,WH004,49,11,12,8,0,0,64
2025-11-28,SKU133,WH004,204,10,0,4,0,1,209
2025-11-28,SKU071,WH004,102,7,0,6,0,1,102
2025-11-28,SKU004,WH002,129,22,0,14,0,0,137
2025-11-28,SKU140,WH003,69,17,0,21,0,0,65
2025-11-28,SKU053,WH003,448,5,25,10,0,0,468
2025-11-28,SKU120,WH001,29,1,0,10,0,0,20
2025-11-28,SKU016,WH005,496,12,0,11,0,1,496
2025-11-28,SKU139,WH002,317,7,0,27,0,0,297
2025-11-28,SKU027,WH002,148,5,16,8,0,1,160
2025-11-28,SKU145,WH003,850,23,28,24,0,1,876
2025-11-28,SKU082,WH005,248,9,22,18,0,1,260
2025-11-28,SKU116,WH003,248,17,0,20,0,0,245
2025-11-28,SKU011,WH005,244,5,30,29,1,1,248
2025-11-28,SKU143,WH004,93,16,0,22,0,0,87
2025-11-28,SKU012,WH005,46,6,0,6,0,1,45
2025-11-28,SKU097,WH002,115,19,12,7,0,0,139
2025-11-28,SKU099,WH001,321,13,0,29,0,0,305
2025-11-28,SKU111,WH003,126,13,0,28,2,0,109
2025-11-28,SKU014,WH002,494,3,0,35,0,1,461
2025-11-28,SKU002,WH002,78,8,23,25,0,0,84
2025-11-28,SKU088,WH005,86,7,0,8,0,0,85
2025-11-28,SKU108,WH003,387,16,0,30,1,0,372
2025-11-28,SKU101,WH002,308,3,0,20,1,1,289
2025-11-28,SKU015,WH001,58,6,6,9,0,0,61
2025-11-28,SKU144,WH005,64,19,0,7,0,0,76
2025-11-28,SKU070,WH005,174,9,0,18,0,1,164
2025-11-28,SKU135,WH005,103,15,0,15,0,0,103
2025-11-28,SKU142,WH002,577,2,0,31,0,3,545
2025-11-28,SKU072,WH001,119,3,0,27,0,0,95
2025-11-28,SKU119,WH004,275,21,35,20,0,4,307
2025-11-28,SKU017,WH005,610,20,0,30,1,0,599
2025-11-28,SKU065,WH005,171,16,9,5,0,0,191
2025-11-29,SKU141,WH001,32,13,9,5,0,0,49
2025-11-29,SKU105,WH002,47,3,0,4,1,0,45
2025-11-29,SKU073,WH004,240,5,57,34,0,3,265
2025-11-29,SKU052,WH002,73,9,5,5,0,0,82
2025-11-29,SKU025,WH005,212,13,0,18,1,0,206
2025-11-29,SKU070,WH005,568,15,0,16,0,3,564
2025-11-29,SKU121,WH002,45,6,18,12,0,0,57
2025-11-29,SKU032,WH005,58,22,0,7,0,0,73
2025-11-29,SKU030,WH004,256,15,0,20,0,0,251
2025-11-29,SKU056,WH001,195,2,0,20,0,0,177
2025-11-29,SKU145,WH004,610,14,0,31,0,2,591
2025-11-29,SKU090,WH005,60,6,0,17,0,0,49
2025-11-29,SKU096,WH003,479,13,32,26,0,0,498
2025-11-29,SKU062,WH004,222,6,0,11,0,0,217
2025-11-29,SKU130,WH003,115,5,0,14,0,0,106
2025-11-29,SKU065,WH003,22,17,7,11,0,0,35
2025-11-29,SKU104,WH005,433,11,0,19,0,1,424
2025-11-29,SKU134,WH005,325,1,0,25,0,0,301
2025-11-29,SKU033,WH005,170,2,0,30,0,0,142
2025-11-29,SKU074,WH005,181,19,0,33,1,0,166
2025-11-29,SKU111,WH001,238,14,0,22,0,0,230
2025-11-29,SKU077,WH004,355,12,25,10,0,0,382
2025-11-29,SKU095,WH001,56,12,0,12,0,0,56
2025-11-29,SKU024,WH005,234,16,22,15,1,1,255
2025-11-29,SKU059,WH002,36,10,0,10,0,0,36
2025-11-29,SKU106,WH005,154,14,29,23,0,0,174
2025-11-29,SKU133,WH005,9,15,0,8,0,0,16
2025-11-29,SKU060,WH001,407,9,0,20,1,0,395
2025-11-29,SKU044,WH004,173,12,37,22,0,1,199
2025-11-29,SKU009,WH003,183,15,6,10,0,0,194
2025-11-29,SKU086,WH001,633,13,31,26,0,1,650
2025-11-29,SKU120,WH002,88,6,9,8,0,0,95
2025-11-29,SKU125,WH004,431,1,43,33,0,1,441
2025-11-29,SKU136,WH004,303,17,36,20,0,0,336
2025-11-29,SKU066,WH002,166,15,0,25,1,0,155
2025-11-29,SKU053,WH001,188,7,0,23,1,0,171
2025-11-29,SKU050,WH005,435,7,0,32,0,2,408
2025-11-29,SKU103,WH004,60,14,0,8,0,0,66
2025-11-29,SKU113,WH005,248,10,0,9,0,0,249
2025-11-29,SKU147,WH004,302,11,0,22,1,0,290
2025-11-29,SKU097,WH004,25,13,0,5,0,0,33
2025-11-29,SKU022,WH005,161,22,0,25,0,1,157
2025-11-29,SKU114,WH003,157,9,0,17,1,0,148
2025-11-29,SKU108,WH003,569,15,0,36,1,0,547
2025-11-29,SKU035,WH004,253,16,32,20,0,1,280
2025-11-30,SKU068,WH001,75,1,0,7,0,0,69
2025-11-30,SKU085,WH005,68,4,0,40,1,0,31
2025-11-30,SKU067,WH004,113,11,0,37,2,0,85
2025-11-30,SKU051,WH004,96,18,0,11,0,0,103
2025-11-30,SKU077,WH001,80,7,20,14,0,0,93
2025-11-30,SKU023,WH004,258,8,26,17,0,0,275
2025-11-30,SKU070,WH004,247,16,0,18,0,0,245
2025-11-30,SKU131,WH005,52,7,15,9,0,0,65
2025-11-30,SKU057,WH005,200,13,20,23,0,0,210
2025-11-30,SKU048,WH004,128,13,0,5,0,0,136
2025-11-30,SKU145,WH005,201,17,0,25,2,0,191
2025-11-30,SKU017,WH002,340,19,0,24,0,1,334
2025-11-30,SKU053,WH002,358,7,0,17,0,0,348
2025-11-30,SKU014,WH001,468,2,0,30,1,4,435
2025-11-30,SKU104,WH001,203,9,0,11,0,0,201
2025-11-30,SKU056,WH005,230,2,0,22,0,0,210
2025-11-30,SKU029,WH003,120,14,0,27,0,0,107
2025-11-30,SKU030,WH005,87,16,0,12,0,1,90
2025-11-30,SKU075,WH002,217,14,27,14,0,0,244
2025-11-30,SKU143,WH002,17,17,17,15,1,0,35
2025-11-30,SKU149,WH001,520,14,0,27,1,2,504
2025-11-30,SKU066,WH004,347,14,14,25,0,1,349
2025-11-30,SKU054,WH002,136,19,26,17,0,0,164
2025-11-30,SKU090,WH001,67,7,0,12,0,0,62
2025-11-30,SKU002,WH003,361,11,0,24,0,0,348
2025-11-30,SKU031,WH003,122,3,0,28,0,0,97
2025-11-30,SKU040,WH005,233,13,16,18,1,1,242
2025-11-30,SKU116,WH004,356,15,0,19,0,2,350
2025-11-30,SKU010,WH001,448,14,0,36,0,1,425
2025-11-30,SKU117,WH004,56,7,15,8,0,1,69
2025-11-30,SKU046,WH005,82,12,0,26,0,0,68
2025-11-30,SKU011,WH004,277,9,28,28,1,0,285
2025-11-30,SKU015,WH005,53,7,0,4,0,0,56
2025-11-30,SKU140,WH002,383,20,0,16,0,0,387
2025-11-30,SKU119,WH002,212,15,0,26,0,0,201
2025-11-30,SKU001,WH005,180,11,0,12,1,0,178
2025-11-30,SKU037,WH002,83,15,0,22,0,0,76
2025-11-30,SKU125,WH002,279,2,41,19,0,1,302
2025-11-30,SKU047,WH001,55,15,0,11,1,0,58
2025-11-30,SKU013,WH003,115,12,0,19,0,1,107
2025-11-30,SKU026,WH004,400,2,0,17,0,1,384
2025-11-30,SKU135,WH001,222,8,0,9,0,0,221
2025-11-30,SKU130,WH001,247,1,0,19,0,0,229
2025-11-30,SKU102,WH003,189,12,25,24,0,1,201
2025-11-30,SKU076,WH005,307,12,0,17,0,0,302
2025-12-01,SKU014,WH001,173,2,35,37,0,0,173
2025-12-01,SKU028,WH005,153,7,21,10,0,1,170
2025-12-01,SKU124,WH003,312,7,0,9,0,2,308
2025-12-01,SKU144,WH001,71,19,11,9,0,0,92
2025-12-01,SKU069,WH001,442,7,0,36,0,5,408
2025-12-01,SKU139,WH002,162,6,0,25,0,0,143
2025-12-01,SKU104,WH003,220,12,9,17,0,0,224
2025-12-01,SKU040,WH004,202,20,0,26,1,1,194
2025-12-01,SKU051,WH002,137,17,0,11,0,0,143
2025-12-01,SKU083,WH004,386,6,0,20,0,1,371
2025-12-01,SKU053,WH004,148,13,0,20,0,0,141
2025-12-01,SKU125,WH004,64,1,0,29,1,0,35
2025-12-01,SKU112,WH002,51,6,0,5,0,0,52
2025-12-01,SKU039,WH001,173,6,0,33,0,0,146
2025-12-01,SKU009,WH003,99,16,9,4,0,0,120
2025-12-01,SKU010,WH005,171,16,29,36,1,0,179
2025-12-01,SKU070,WH001,34,2,0,15,0,0,21
2025-12-01,SKU111,WH005,274,14,28,27,2,1,286
2025-12-01,SKU048,WH005,135,14,0,7,1,0,141
2025-12-01,SKU026,WH003,535,1,29,41,0,0,524
2025-12-01,SKU013,WH003,97,18,0,15,1,0,99
2025-12-01,SKU005,WH005,101,3,8,11,0,0,101
2025-12-01,SKU097,WH005,77,12,8,7,0,0,90
2025-12-01,SKU003,WH003,91,12,0,12,0,0,91
2025-12-01,SKU085,WH004,378,4,0,33,1,0,348
2025-12-01,SKU064,WH002,438,16,0,15,0,1,438
2025-12-01,SKU031,WH001,170,4,43,42,0,0,175
2025-12-01,SKU119,WH004,302,17,0,23,0,1,295
2025-12-01,SKU126,WH001,218,4,0,35,0,0,187
2025-12-01,SKU134,WH001,393,2,0,44,0,0,351
2025-12-01,SKU078,WH001,218,12,0,12,0,1,217
2025-12-01,SKU088,WH003,18,8,0,4,0,0,22
2025-12-01,SKU132,WH004,680,14,42,46,1,0,689
2025-12-01,SKU025,WH004,268,11,0,16,0,2,261
2025-12-01,SKU123,WH005,259,13,0,14,0,1,257
2025-12-01,SKU052,WH001,78,15,15,13,0,0,95
2025-12-01,SKU100,WH001,213,18,21,12,0,0,240
2025-12-01,SKU001,WH004,104,16,13,11,1,0,121
2025-12-01,SKU084,WH004,102,6,0,3,0,0,105
2025-12-01,SKU060,WH005,257,13,26,12,0,0,284
2025-12-01,SKU067,WH005,208,12,37,26,0,2,229
2025-12-01,SKU055,WH003,199,3,21,11,0,0,212
2025-12-01,SKU062,WH002,310,6,0,9,0,0,307
2025-12-01,SKU141,WH004,81,21,7,12,0,0,97
2025-12-01,SKU146,WH003,109,14,30,25,0,1,127
2025-12-02,SKU063,WH003,218,17,0,28,0,1,206
2025-12-02,SKU097,WH004,34,13,0,4,0,0,43
2025-12-02,SKU141,WH001,82,13,8,9,0,0,94
2025-12-02,SKU145,WH005,562,12,31,19,0,0,586
2025-12-02,SKU039,WH001,274,17,0,33,2,2,254
2025-12-02,SKU116,WH003,175,20,0,23,0,0,172
2025-12-02,SKU064,WH002,389,12,0,14,0,1,386
2025-12-02,SKU134,WH005,460,3,0,31,0,1,431
2025-12-02,SKU022,WH002,96,18,0,25,0,0,89
2025-12-02,SKU126,WH002,62,1,0,25,1,0,37
2025-12-02,SKU002,WH002,203,11,0,22,0,0,192
2025-12-02,SKU093,WH001,921,3,0,38,0,1,885
2025-12-02,SKU024,WH004,239,9,25,16,0,0,257
2025-12-02,SKU026,WH001,322,1,0,20,0,0,303
2025-12-02,SKU132,WH004,778,14,0,36,0,2,754
2025-12-02,SKU076,WH003,271,10,13,24,0,0,270
2025-12-02,SKU051,WH005,22,14,0,7,0,0,29
2025-12-02,SKU075,WH004,321,11,25,18,0,0,339
2025-12-02,SKU129,WH002,359,11,0,20,0,0,350
2025-12-02,SKU030,WH004,405,9,0,26,1,2,385
2025-12-02,SKU111,WH002,275,16,39,34,0,0,296
2025-12-02,SKU073,WH002,375,7,0,36,0,1,345
2025-12-02,SKU013,WH004,100,16,0,8,0,0,108
2025-12-02,SKU101,WH001,181,4,0,21,1,0,163
2025-12-02,SKU149,WH003,333,17,0,23,0,0,327
2025-12-02,SKU114,WH005,176,4,17,10,0,0,187
2025-12-02,SKU012,WH002,104,8,0,10,0,1,101
2025-12-02,SKU124,WH001,131,9,0,12,0,1,127
2025-12-02,SKU105,WH001,124,9,4,5,0,0,132
2025-12-02,SKU088,WH005,30,11,0,2,0,0,39
2025-12-02,SKU045,WH005,228,7,22,16,0,1,240
2025-12-02,SKU066,WH002,74,13,0,28,0,0,59
2025-12-02,SKU035,WH003,589,17,26,25,0,1,606
2025-12-02,SKU023,WH005,935,13,29,23,1,0,953
2025-12-02,SKU082,WH001,451,6,0,22,1,0,434
2025-12-02,SKU019,WH005,375,17,37,31,0,0,398
2025-12-02,SKU059,WH003,90,12,0,5,0,0,97
2025-12-02,SKU014,WH001,509,1,44,37,2,2,513
2025-12-02,SKU104,WH004,284,19,0,18,0,1,284
2025-12-02,SKU081,WH001,363,10,0,34,0,0,339
2025-12-02,SKU038,WH005,214,15,42,25,0,1,245
2025-12-02,SKU140,WH003,404,12,0,21,0,0,395
2025-12-02,SKU083,WH003,416,1,0,20,1,0,396
2025-12-02,SKU001,WH005,188,18,0,10,1,0,195
2025-12-02,SKU122,WH003,100,11,19,19,0,0,111
2025-12-03,SKU031,WH003,109,4,0,27,0,0,86
2025-12-03,SKU024,WH005,529,9,17,17,0,1,537
2025-12-03,SKU104,WH005,222,15,0,11,0,0,226
2025-12-03,SKU096,WH002,271,19,0,36,1,0,253
2025-12-03,SKU072,WH002,645,4,0,31,0,2,616
2025-12-03,SKU021,WH004,143,21,0,17,0,0,147
2025-12-03,SKU063,WH003,131,17,0,35,0,1,112
2025-12-03,SKU055,WH004,103,14,0,23,0,0,94
2025-12-03,SKU118,WH002,189,13,0,19,0,0,183
2025-12-03,SKU079,WH001,399,8,0,35,0,0,372
2025-12-03,SKU039,WH003,352,8,0,33,0,0,327
2025-12-03,SKU006,WH005,1066,15,0,24,1,3,1053
2025-12-03,SKU041,WH002,516,15,0,34,0,3,494
2025-12-03,SKU038,WH001,383,18,0,30,2,1,368
2025-12-03,SKU150,WH003,69,13,25,18,0,0,89
2025-12-03,SKU029,WH005,351,20,0,18,0,0,353
2025-12-03,SKU057,WH003,234,24,19,19,0,1,257
2025-12-03,SKU115,WH004,137,6,13,12,0,0,144
2025-12-03,SKU020,WH005,223,18,13,10,0,0,244
2025-12-03,SKU125,WH002,74,2,0,35,0,0,41
2025-12-03,SKU120,WH001,129,4,9,8,0,0,134
2025-12-03,SKU051,WH001,119,31,0,7,0,0,143
2025-12-03,SKU146,WH002,177,16,0,24,1,0,168
2025-12-03,SKU097,WH002,127,14,8,5,0,1,143
2025-12-03,SKU126,WH005,406,1,29,33,0,3,400
2025-12-03,SKU070,WH005,240,9,20,16,0,0,253
2025-12-03,SKU138,WH003,116,17,0,8,0,0,125
2025-12-03,SKU013,WH003,121,11,0,21,0,1,110
2025-12-03,SKU149,WH005,428,5,0,35,0,0,398
2025-12-03,SKU117,WH003,80,8,0,7,0,0,81
2025-12-03,SKU046,WH005,450,4,0,24,0,0,430
2025-12-03,SKU132,WH002,598,16,0,37,0,1,576
2025-12-03,SKU011,WH001,684,7,0,14,0,1,676
2025-12-03,SKU052,WH003,73,8,0,9,0,0,72
2025-12-03,SKU102,WH001,287,12,0,19,0,0,280
2025-12-03,SKU069,WH004,312,2,0,30,0,2,282
2025-12-03,SKU047,WH005,54,10,0,6,0,0,58
2025-12-03,SKU004,WH003,109,23,7,3,1,0,135
2025-12-03,SKU092,WH004,220,6,29,28,0,0,227
2025-12-03,SKU090,WH001,148,4,23,17,1,0,157
2025-12-03,SKU053,WH003,485,5,0,24,0,2,464
2025-12-03,SKU082,WH004,257,9,0,24,0,1,241
2025-12-03,SKU027,WH002,462,15,0,26,0,0,451
2025-12-03,SKU122,WH004,266,24,0,16,0,0,274
2025-12-03,SKU048,WH002,129,9,0,3,0,0,135
2025-12-04,SKU109,WH002,97,9,10,14,0,0,102
2025-12-04,SKU124,WH002,188,9,0,15,1,0,181
2025-12-04,SKU017,WH004,204,19,0,20,0,1,202
2025-12-04,SKU141,WH004,25,16,0,10,0,0,31
2025-12-04,SKU054,WH002,216,13,0,25,0,0,204
2025-12-04,SKU120,WH001,188,3,0,7,0,0,184
2025-12-04,SKU101,WH004,242,3,0,17,1,0,227
2025-12-04,SKU056,WH002,210,3,0,23,0,0,190
2025-12-04,SKU055,WH002,188,19,0,10,0,1,196
2025-12-04,SKU085,WH001,678,7,0,35,0,1,649
2025-12-04,SKU145,WH002,604,20,0,27,0,1,596
2025-12-04,SKU016,WH002,128,14,0,10,0,0,132
2025-12-04,SKU075,WH003,338,5,27,15,0,0,355
2025-12-04,SKU060,WH005,144,4,0,19,0,0,129
2025-12-04,SKU110,WH003,326,21,0,22,0,1,324
2025-12-04,SKU013,WH004,112,13,0,11,0,0,114
2025-12-04,SKU043,WH004,140,1,17,9,0,0,149
2025-12-04,SKU119,WH002,484,25,31,25,0,1,514
2025-12-04,SKU118,WH002,640,9,0,20,0,3,626
2025-12-04,SKU035,WH004,214,16,0,26,0,0,204
2025-12-04,SKU029,WH005,285,11,0,23,0,0,273
2025-12-04,SKU024,WH001,344,12,12,15,0,0,353
2025-12-04,SKU031,WH001,294,5,26,29,0,2,294
2025-12-04,SKU123,WH001,28,12,6,14,2,0,30
2025-12-04,SKU065,WH001,23,11,0,15,0,0,19
2025-12-04,SKU121,WH005,348,16,16,12,0,1,367
2025-12-04,SKU108,WH004,1122,8,39,25,0,3,1141
2025-12-04,SKU139,WH003,282,5,46,22,0,0,311
2025-12-04,SKU115,WH003,260,4,0,9,0,0,255
2025-12-04,SKU090,WH005,321,11,20,13,0,2,337
2025-12-04,SKU033,WH005,396,5,0,20,0,2,379
2025-12-04,SKU127,WH002,260,9,39,26,1,0,281
2025-12-04,SKU122,WH005,40,17,19,21,0,0,55
2025-12-04,SKU068,WH005,60,5,5,3,0,0,67
2025-12-04,SKU098,WH004,343,2,37,23,0,1,358
2025-12-04,SKU147,WH005,102,3,25,20,0,1,109
2025-12-04,SKU011,WH003,87,5,48,24,0,0,116
2025-12-04,SKU074,WH003,222,8,41,37,0,0,234
2025-12-04,SKU129,WH005,430,14,0,30,0,0,414
2025-12-04,SKU086,WH003,282,16,28,17,0,1,308
2025-12-04,SKU010,WH004,642,9,40,38,0,0,653
2025-12-04,SKU061,WH001,62,10,0,4,0,0,68
2025-12-04,SKU012,WH004,72,10,0,12,0,0,70
2025-12-04,SKU009,WH003,55,13,0,10,0,0,58
2025-12-04,SKU006,WH001,493,20,0,22,0,2,489
2025-12-05,SKU028,WH001,34,11,0,19,0,0,26
2025-12-05,SKU086,WH004,339,15,28,20,0,0,362
2025-12-05,SKU120,WH001,193,4,7,14,0,1,189
2025-12-05,SKU100,WH004,168,11,23,16,0,1,185
2025-12-05,SKU105,WH005,49,10,0,4,0,0,55
2025-12-05,SKU004,WH001,74,21,12,8,0,0,99
2025-12-05,SKU127,WH002,325,6,0,27,0,1,303
2025-12-05,SKU065,WH002,106,13,0,9,0,0,110
2025-12-05,SKU116,WH001,198,29,0,32,0,2,193
2025-12-05,SKU118,WH004,154,10,0,17,0,0,147
2025-12-05,SKU143,WH005,95,16,0,17,1,0,93
2025-12-05,SKU002,WH002,448,4,0,21,0,1,430
2025-12-05,SKU018,WH002,78,10,22,14,0,0,96
2025-12-05,SKU082,WH004,651,8,27,21,0,4,661
2025-12-05,SKU122,WH002,122,15,0,16,0,0,121
2025-12-05,SKU014,WH003,291,6,0,40,0,0,257
2025-12-05,SKU095,WH005,136,15,0,10,0,1,140
2025-12-05,SKU048,WH003,91,13,13,5,0,1,111
2025-12-05,SKU083,WH002,155,2,23,10,0,0,170
2025-12-05,SKU074,WH001,128,17,34,39,0,0,140
2025-12-05,SKU141,WH002,58,21,0,8,0,0,71
2025-12-05,SKU117,WH003,94,9,7,6,0,1,103
2025-12-05,SKU148,WH001,135,2,25,15,2,0,145
2025-12-05,SKU108,WH003,397,12,0,29,1,2,377
2025-12-05,SKU003,WH003,80,12,0,8,0,0,84
2025-12-05,SKU044,WH004,389,19,0,28,1,1,378
2025-12-05,SKU124,WH001,72,5,12,15,0,0,74
2025-12-05,SKU020,WH001,119,14,13,7,0,0,139
2025-12-05,SKU091,WH002,121,13,0,4,0,0,130
2025-12-05,SKU098,WH005,717,3,33,25,0,0,728
2025-12-05,SKU033,WH004,295,6,38,32,1,0,306
2025-12-05,SKU099,WH003,206,6,29,25,0,0,216
2025-12-05,SKU130,WH003,260,3,0,17,0,0,246
2025-12-05,SKU126,WH002,493,0,0,27,0,2,464
2025-12-05,SKU034,WH004,124,8,0,24,0,0,108
2025-12-05,SKU139,WH003,245,10,0,22,1,1,231
2025-12-05,SKU073,WH004,89,5,0,32,1,0,61
2025-12-05,SKU084,WH004,51,4,5,5,0,0,55
2025-12-05,SKU103,WH002,37,19,7,3,1,1,58
2025-12-05,SKU037,WH004,307,17,35,17,0,1,341
2025-12-05,SKU067,WH003,237,8,0,30,0,0,215
2025-12-05,SKU142,WH003,87,5,35,29,0,0,98
2025-12-05,SKU076,WH005,217,7,0,22,0,0,202
2025-12-05,SKU123,WH005,112,8,0,4,0,0,116
2025-12-05,SKU150,WH005,78,14,0,26,0,0,66
2025-12-06,SKU071,WH003,83,10,4,7,0,0,90
2025-12-06,SKU145,WH005,507,16,0,33,0,0,490
2025-12-06,SKU098,WH005,615,5,36,25,0,1,630
2025-12-06,SKU095,WH005,121,13,0,8,0,1,125
2025-12-06,SKU074,WH001,630,11,0,28,0,1,612
2025-12-06,SKU069,WH003,314,3,0,24,1,1,291
2025-12-06,SKU060,WH003,84,4,26,15,0,0,99
2025-12-06,SKU121,WH005,75,16,0,13,0,0,78
2025-12-06,SKU142,WH003,401,4,30,40,0,1,394
2025-12-06,SKU102,WH003,454,17,0,26,1,2,442
2025-12-06,SKU025,WH003,153,12,0,19,0,1,145
2025-12-06,SKU144,WH005,15,25,0,7,0,0,33
2025-12-06,SKU015,WH001,107,2,8,8,0,0,109
2025-12-06,SKU008,WH002,651,4,35,31,0,2,657
2025-12-06,SKU100,WH001,205,13,0,15,0,0,203
2025-12-06,SKU080,WH002,136,14,0,7,0,0,143
2025-12-06,SKU055,WH004,185,10,27,24,0,0,198
2025-12-06,SKU051,WH003,13,14,0,5,0,0,22
2025-12-06,SKU070,WH005,163,19,0,25,0,0,157
2025-12-06,SKU032,WH005,45,22,0,7,0,0,60
2025-12-06,SKU147,WH005,445,6,0,25,0,0,426
2025-12-06,SKU109,WH004,80,8,0,7,0,0,81
2025-12-06,SKU126,WH001,305,2,0,31,1,0,275
2025-12-06,SKU077,WH004,183,4,0,13,0,0,174
2025-12-06,SKU079,WH001,469,2,0,35,0,1,435
2025-12-06,SKU111,WH004,331,13,0,17,0,1,326
2025-12-06,SKU087,WH002,256,8,32,27,1,0,268
2025-12-06,SKU063,WH005,508,17,43,43,1,1,523
2025-12-06,SKU022,WH004,252,21,21,21,0,2,271
2025-12-06,SKU048,WH002,53,8,0,8,0,0,53
2025-12-06,SKU120,WH004,68,4,0,7,0,0,65
2025-12-06,SKU117,WH001,112,9,12,9,0,0,124
2025-12-06,SKU010,WH001,1093,20,49,32,1,2,1127
2025-12-06,SKU105,WH002,157,7,0,4,1,2,157
2025-12-06,SKU013,WH004,178,17,0,15,0,0,180
2025-12-06,SKU052,WH005,122,10,0,10,0,1,121
2025-12-06,SKU143,WH003,226,16,0,14,0,1,227
2025-12-06,SKU066,WH003,106,11,0,21,1,0,95
2025-12-06,SKU106,WH002,197,14,0,25,0,0,186
2025-12-06,SKU030,WH001,321,15,0,20,0,0,316
2025-12-06,SKU067,WH005,183,10,0,20,0,1,172
2025-12-06,SKU136,WH003,394,11,0,22,0,0,383
2025-12-06,SKU104,WH004,242,16,0,12,0,2,244
2025-12-06,SKU018,WH002,30,12,0,17,0,0,25
2025-12-06,SKU026,WH003,78,3,0,23,0,1,57
2025-12-07,SKU121,WH001,127,14,19,11,0,1,148
2025-12-07,SKU065,WH001,89,12,10,4,0,0,107
2025-12-07,SKU067,WH002,210,12,0,30,0,0,192
2025-12-07,SKU085,WH002,808,5,0,33,0,2,778
2025-12-07,SKU052,WH002,70,8,4,2,0,0,80
2025-12-07,SKU006,WH003,337,16,0,25,1,1,326
2025-12-07,SKU082,WH004,177,2,0,23,0,1,155
2025-12-07,SKU150,WH004,475,15,0,28,0,0,462
2025-12-07,SKU127,WH002,367,5,0,17,0,1,354
2025-12-07,SKU094,WH005,126,5,25,26,0,1,129
2025-12-07,SKU058,WH002,152,12,35,17,0,0,182
2025-12-07,SKU122,WH004,243,12,0,19,1,0,235
2025-12-07,SKU111,WH004,288,11,0,30,0,1,268
2025-12-07,SKU023,WH003,129,16,31,19,0,0,157
2025-12-07,SKU147,WH005,90,1,0,23,0,0,68
2025-12-07,SKU014,WH002,192,4,0,36,1,0,159
2025-12-07,SKU054,WH003,443,20,0,25,0,1,437
2025-12-07,SKU118,WH005,253,15,0,13,0,1,254
2025-12-07,SKU019,WH004,1016,14,0,36,0,4,990
2025-12-07,SKU044,WH001,489,19,0,29,0,1,478
2025-12-07,SKU149,WH001,254,20,0,34,0,0,240
2025-12-07,SKU021,WH005,129,22,16,10,1,0,156
2025-12-07,SKU081,WH002,84,9,27,26,0,0,94
2025-12-07,SKU108,WH001,365,11,0,40,2,0,334
2025-12-07,SKU051,WH004,78,15,8,8,1,0,92
2025-12-07,SKU029,WH005,494,10,0,31,0,0,473
2025-12-07,SKU110,WH002,33,12,0,25,0,0,20
2025-12-07,SKU073,WH001,877,3,0,38,0,3,839
2025-12-07,SKU116,WH004,298,14,0,39,1,0,272
2025-12-07,SKU103,WH001,50,8,0,7,0,0,51
2025-12-07,SKU136,WH001,102,14,0,22,1,0,93
2025-12-07,SKU056,WH004,463,4,0,15,0,2,450
2025-12-07,SKU141,WH003,87,16,0,2,0,0,101
2025-12-07,SKU068,WH002,82,6,0,7,0,0,81
2025-12-07,SKU062,WH004,269,2,20,12,0,1,278
2025-12-07,SKU043,WH004,92,2,0,15,0,0,79
2025-12-07,SKU086,WH005,276,15,19,18,0,1,291
2025-12-07,SKU071,WH004,201,7,7,12,0,0,203
2025-12-07,SKU137,WH001,29,10,0,5,0,0,34
2025-12-07,SKU004,WH002,73,15,6,8,0,0,86
2025-12-07,SKU124,WH003,319,5,0,6,0,0,318
2025-12-07,SKU011,WH004,78,5,0,28,0,0,55
2025-12-07,SKU077,WH001,216,5,0,20,0,0,201
2025-12-07,SKU123,WH002,120,8,0,12,1,0,115
2025-12-07,SKU030,WH004,323,5,0,19,0,2,307
2025-12-08,SKU015,WH004,70,4,6,8,0,2,70
2025-12-08,SKU101,WH005,181,5,0,32,1,1,152
2025-12-08,SKU007,WH001,240,12,14,16,0,0,250
2025-12-08,SKU089,WH005,31,13,8,8,0,0,44
2025-12-08,SKU093,WH002,397,4,54,39,1,1,414
2025-12-08,SKU084,WH003,45,8,0,2,0,0,51
2025-12-08,SKU058,WH003,278,5,0,30,1,0,252
2025-12-08,SKU124,WH004,222,12,0,8,0,0,226
2025-12-08,SKU027,WH002,178,8,0,15,0,0,171
2025-12-08,SKU136,WH005,94,16,0,23,0,0,87
2025-12-08,SKU028,WH005,58,6,0,15,0,0,49
2025-12-08,SKU144,WH004,72,17,0,11,0,0,78
2025-12-08,SKU127,WH004,476,6,37,34,0,2,483
2025-12-08,SKU072,WH005,866,3,0,29,0,0,840
2025-12-08,SKU107,WH004,300,5,0,30,1,0,274
2025-12-08,SKU082,WH002,560,9,35,20,0,0,584
2025-12-08,SKU001,WH005,106,17,17,13,0,0,127
2025-12-08,SKU106,WH004,68,16,0,28,0,0,56
2025-12-08,SKU002,WH003,60,8,0,28,1,0,39
2025-12-08,SKU130,WH001,143,7,12,16,0,1,145
2025-12-08,SKU014,WH002,292,1,43,37,1,1,297
2025-12-08,SKU112,WH001,136,12,0,4,0,1,143
2025-12-08,SKU019,WH001,200,22,0,37,0,0,185
2025-12-08,SKU146,WH005,259,9,0,29,0,1,238
2025-12-08,SKU098,WH001,205,4,29,24,0,2,212
2025-12-08,SKU043,WH002,132,4,0,15,0,0,121
2025-12-08,SKU141,WH003,39,21,6,9,0,0,57
2025-12-08,SKU060,WH005,274,5,0,23,0,0,256
2025-12-08,SKU041,WH005,392,9,0,33,0,3,365
2025-12-08,SKU109,WH001,68,7,7,12,0,0,70
2025-12-08,SKU108,WH003,227,8,45,25,0,1,254
2025-12-08,SKU091,WH004,84,16,8,10,0,0,98
2025-12-08,SKU003,WH003,44,19,0,9,0,0,54
2025-12-08,SKU051,WH005,82,18,0,6,0,0,94
2025-12-08,SKU045,WH001,244,19,0,14,0,0,249
2025-12-08,SKU016,WH003,146,10,18,17,0,0,157
2025-12-08,SKU135,WH004,24,10,0,10,0,0,24
2025-12-08,SKU083,WH003,270,2,22,20,0,0,274
2025-12-08,SKU110,WH003,354,20,0,15,1,0,358
2025-12-08,SKU105,WH003,80,3,0,5,0,0,78
2025-12-08,SKU020,WH003,184,12,0,9,0,2,185
2025-12-08,SKU114,WH001,37,13,18,10,0,0,58
2025-12-08,SKU134,WH001,150,5,0,27,1,0,127
2025-12-08,SKU059,WH004,94,11,0,3,0,0,102
2025-12-08,SKU039,WH003,141,6,0,33,1,0,113
2025-12-09,SKU139,WH005,292,0,0,34,0,0,258
2025-12-09,SKU132,WH002,393,9,37,34,0,0,405
2025-12-09,SKU054,WH001,382,13,0,26,0,0,369
2025-12-09,SKU011,WH002,425,11,0,33,0,1,402
2025-12-09,SKU004,WH002,161,13,0,13,0,0,161
2025-12-09,SKU071,WH003,50,6,0,7,1,0,48
2025-12-09,SKU091,WH004,39,11,0,7,0,0,43
2025-12-09,SKU035,WH001,318,18,0,32,0,0,304
2025-12-09,SKU002,WH005,308,8,0,22,0,0,294
2025-12-09,SKU064,WH002,212,23,0,9,0,1,225
2025-12-09,SKU145,WH004,496,13,0,36,1,0,472
2025-12-09,SKU050,WH004,252,5,44,32,0,2,267
2025-12-09,SKU135,WH001,78,5,0,14,0,0,69
2025-12-09,SKU129,WH004,595,19,0,24,0,0,590
2025-12-09,SKU113,WH002,311,12,0,17,0,1,305
2025-12-09,SKU057,WH005,44,13,0,27,0,0,30
2025-12-09,SKU080,WH004,83,8,10,4,0,0,97
2025-12-09,SKU109,WH005,139,5,0,8,0,0,136
2025-12-09,SKU070,WH004,606,6,0,27,0,2,583
2025-12-09,SKU048,WH005,58,17,0,10,0,0,65
2025-12-09,SKU042,WH001,74,22,0,3,0,1,92
2025-12-09,SKU062,WH005,154,6,0,18,0,0,142
2025-12-09,SKU133,WH004,83,17,0,13,0,0,87
2025-12-09,SKU043,WH003,73,4,0,10,0,0,67
2025-12-09,SKU028,WH005,255,7,0,16,0,0,246
2025-12-09,SKU081,WH005,234,13,0,21,1,0,225
2025-12-09,SKU094,WH004,142,6,22,22,1,0,147
2025-12-09,SKU041,WH003,499,11,0,30,0,0,480
2025-12-09,SKU098,WH003,519,4,0,10,1,0,512
2025-12-09,SKU069,WH001,693,4,0,32,0,2,663
2025-12-09,SKU033,WH003,509,3,26,27,0,1,510
2025-12-09,SKU085,WH004,397,4,48,35,0,0,414
2025-12-09,SKU107,WH004,782,6,0,23,0,4,761
2025-12-09,SKU092,WH004,244,9,20,25,1,0,247
2025-12-09,SKU030,WH001,118,13,20,17,0,1,133
2025-12-09,SKU052,WH005,114,12,0,14,0,0,112
2025-12-09,SKU141,WH002,32,12,5,4,0,0,45
2025-12-09,SKU099,WH002,136,9,0,27,1,2,115
2025-12-09,SKU049,WH002,228,8,19,22,0,1,232
2025-12-09,SKU104,WH001,375,8,0,18,1,0,364
2025-12-09,SKU087,WH003,168,16,35,24,0,0,195
2025-12-09,SKU021,WH004,229,17,0,10,0,1,235
2025-12-09,SKU044,WH005,396,11,0,34,0,0,373
2025-12-09,SKU005,WH001,86,2,0,11,0,0,77
2025-12-09,SKU118,WH004,252,17,27,25,0,1,270
2025-12-10,SKU021,WH002,272,14,0,14,0,0,272
2025-12-10,SKU062,WH005,176,7,0,11,0,0,172
2025-12-10,SKU053,WH004,195,1,32,23,0,1,204
2025-12-10,SKU059,WH004,91,10,0,3,0,0,98
2025-12-10,SKU107,WH001,278,8,0,33,0,1,252
2025-12-10,SKU088,WH001,63,8,6,3,0,0,74
2025-12-10,SKU098,WH002,75,2,23,19,1,0,80
2025-12-10,SKU033,WH003,198,7,38,34,0,0,209
2025-12-10,SKU095,WH002,124,9,13,4,0,0,142
2025-12-10,SKU005,WH001,80,8,16,15,0,0,89
2025-12-10,SKU063,WH005,257,12,0,37,0,0,232
2025-12-10,SKU090,WH005,113,4,0,22,1,0,94
2025-12-10,SKU123,WH003,116,12,0,2,0,1,125
2025-12-10,SKU094,WH005,170,7,0,34,0,0,143
2025-12-10,SKU139,WH003,57,10,0,24,0,0,43
2025-12-10,SKU121,WH004,168,11,0,10,0,0,169
2025-12-10,SKU046,WH002,131,9,0,39,0,0,101
2025-12-10,SKU022,WH005,424,17,0,35,1,1,404
2025-12-10,SKU045,WH001,284,15,0,21,0,2,276
2025-12-10,SKU044,WH001,230,17,48,29,0,0,266
2025-12-10,SKU032,WH003,32,16,7,10,0,0,45
2025-12-10,SKU091,WH003,61,15,0,5,0,1,70
2025-12-10,SKU006,WH003,496,12,0,24,0,0,484
2025-12-10,SKU143,WH004,150,14,17,17,1,0,163
2025-12-10,SKU041,WH004,526,8,0,26,0,0,508
2025-12-10,SKU116,WH004,346,16,0,23,0,0,339
2025-12-10,SKU048,WH001,68,11,0,6,0,1,72
2025-12-10,SKU028,WH004,125,10,16,13,0,0,138
2025-12-10,SKU086,WH004,213,21,0,27,0,1,206
2025-12-10,SKU013,WH001,70,19,18,16,0,0,91
2025-12-10,SKU118,WH002,215,19,0,16,0,0,218
2025-12-10,SKU015,WH005,59,9,10,5,0,0,73
2025-12-10,SKU057,WH003,137,16,22,18,0,0,157
2025-12-10,SKU070,WH005,334,9,18,18,0,1,342
2025-12-10,SKU036,WH003,882,25,0,18,0,1,888
2025-12-10,SKU102,WH005,70,11,37,19,1,0,98
2025-12-10,SKU127,WH003,424,8,0,24,0,0,408
2025-12-10,SKU109,WH001,68,4,0,8,0,0,64
2025-12-10,SKU071,WH004,196,6,0,8,0,0,194
2025-12-10,SKU130,WH003,172,3,0,18,0,0,157
2025-12-10,SKU066,WH004,106,16,0,23,0,0,99
2025-12-10,SKU113,WH004,152,11,0,17,0,0,146
2025-12-10,SKU034,WH004,148,8,0,17,1,1,137
2025-12-10,SKU105,WH004,46,6,0,4,0,0,48
2025-12-10,SKU055,WH005,323,15,0,22,0,0,316
2025-12-11,SKU036,WH005,182,13,0,20,0,0,175
2025-12-11,SKU144,WH003,96,16,15,4,0,0,123
2025-12-11,SKU022,WH002,592,23,22,28,0,4,605
2025-12-11,SKU138,WH002,45,20,0,5,0,0,60
2025-12-11,SKU004,WH004,46,17,0,7,0,0,56
2025-12-11,SKU135,WH003,146,9,17,13,0,1,158
2025-12-11,SKU033,WH003,866,10,0,27,0,1,848
2025-12-11,SKU013,WH003,189,18,0,12,0,0,195
2025-12-11,SKU087,WH001,142,12,31,26,0,0,159
2025-12-11,SKU042,WH001,89,13,10,5,0,0,107
2025-12-11,SKU131,WH004,61,8,11,5,0,0,75
2025-12-11,SKU114,WH004,200,9,19,17,0,0,211
2025-12-11,SKU007,WH002,44,12,0,11,0,0,45
2025-12-11,SKU133,WH004,134,19,0,5,0,1,147
2025-12-11,SKU067,WH002,231,6,0,26,0,1,210
2025-12-11,SKU132,WH001,288,12,0,33,0,0,267
2025-12-11,SKU047,WH003,181,11,12,4,0,0,200
2025-12-11,SKU147,WH002,178,6,0,19,0,0,165
2025-12-11,SKU054,WH005,232,11,0,21,0,1,221
2025-12-11,SKU020,WH002,201,23,0,9,0,0,215
2025-12-11,SKU090,WH003,90,9,0,24,0,0,75
2025-12-11,SKU024,WH002,343,18,0,11,0,0,350
2025-12-11,SKU027,WH002,322,5,0,19,0,0,308
2025-12-11,SKU056,WH002,65,2,0,24,0,0,43
2025-12-11,SKU011,WH001,291,11,0,23,0,0,279
2025-12-11,SKU032,WH001,74,19,0,7,0,0,86
2025-12-11,SKU051,WH005,57,23,4,9,0,0,75
2025-12-11,SKU083,WH005,52,1,20,22,0,0,51
2025-12-11,SKU149,WH002,151,14,0,31,1,1,132
2025-12-11,SKU050,WH001,663,6,0,44,0,1,624
2025-12-11,SKU140,WH003,249,11,0,23,0,1,236
2025-12-11,SKU023,WH001,261,19,18,26,0,0,272
2025-12-11,SKU094,WH001,209,13,0,20,1,0,201
2025-12-11,SKU105,WH001,23,9,0,6,0,0,26
2025-12-11,SKU079,WH002,208,3,0,31,1,0,179
2025-12-11,SKU055,WH004,58,16,0,15,0,0,59
2025-12-11,SKU108,WH004,256,15,32,36,0,0,267
2025-12-11,SKU064,WH003,73,21,0,15,1,0,78
2025-12-11,SKU077,WH001,231,5,12,19,1,0,228
2025-12-11,SKU118,WH003,206,17,0,25,0,2,196
2025-12-11,SKU106,WH002,335,11,35,35,0,1,345
2025-12-11,SKU045,WH004,147,11,0,14,0,0,144
2025-12-11,SKU029,WH004,133,11,41,29,0,0,156
2025-12-11,SKU074,WH001,923,12,36,27,0,3,941
2025-12-11,SKU120,WH005,65,2,0,10,0,0,57
2025-12-12,SKU081,WH003,110,15,0,22,0,0,103
2025-12-12,SKU106,WH001,411,14,0,28,0,3,394
2025-12-12,SKU137,WH005,148,13,0,6,0,1,154
2025-12-12,SKU091,WH003,100,18,0,6,0,0,112
2025-12-12,SKU024,WH002,71,9,0,17,1,0,62
2025-12-12,SKU053,WH005,62,9,23,17,0,0,77
2025-12-12,SKU045,WH002,172,17,0,13,0,0,176
2025-12-12,SKU086,WH005,188,10,0,25,0,0,173
2025-12-12,SKU032,WH005,42,15,0,7,0,0,50
2025-12-12,SKU114,WH004,235,6,17,17,1,0,240
2025-12-12,SKU027,WH005,275,5,0,17,1,2,260
2025-12-12,SKU025,WH004,114,20,0,18,0,1,115
2025-12-12,SKU022,WH003,229,16,0,31,1,0,213
2025-12-12,SKU141,WH001,61,16,7,6,0,0,78
2025-12-12,SKU013,WH003,429,16,0,17,0,0,428
2025-12-12,SKU079,WH002,343,9,0,21,0,1,330
2025-12-12,SKU078,WH001,331,6,17,15,0,1,338
2025-12-12,SKU072,WH002,652,4,0,29,0,2,625
2025-12-12,SKU135,WH004,88,4,16,14,0,0,94
2025-12-12,SKU132,WH001,512,17,43,31,2,1,538
2025-12-12,SKU062,WH005,98,3,0,13,0,0,88
2025-12-12,SKU044,WH002,264,22,0,33,0,0,253
2025-12-12,SKU112,WH002,16,7,0,8,0,0,15
2025-12-12,SKU127,WH001,148,4,0,23,0,1,128
2025-12-12,SKU107,WH004,106,8,0,21,0,0,93
2025-12-12,SKU128,WH001,122,8,0,13,0,0,117
2025-12-12,SKU077,WH001,96,8,9,10,1,0,102
2025-12-12,SKU140,WH002,146,6,17,24,0,0,145
2025-12-12,SKU088,WH002,29,12,0,8,0,0,33
2025-12-12,SKU048,WH002,158,7,0,3,0,0,162
2025-12-12,SKU108,WH005,221,10,0,35,1,0,195
2025-12-12,SKU026,WH002,361,4,37,30,0,0,372
2025-12-12,SKU133,WH003,54,23,0,4,0,0,73
2025-12-12,SKU069,WH002,747,7,24,35,0,1,742
2025-12-12,SKU134,WH005,178,4,0,23,0,0,159
2025-12-12,SKU021,WH005,225,22,0,14,0,0,233
2025-12-12,SKU034,WH001,438,4,24,16,0,0,450
2025-12-12,SKU122,WH004,185,18,0,15,1,0,187
2025-12-12,SKU002,WH005,409,3,34,26,0,1,419
2025-12-12,SKU142,WH004,604,4,0,39,0,2,567
2025-12-12,SKU051,WH001,208,14,0,12,0,1,209
2025-12-12,SKU004,WH002,61,23,0,13,0,0,71
2025-12-12,SKU074,WH005,375,12,0,36,0,0,351
2025-12-12,SKU147,WH005,369,5,0,28,0,2,344
2025-12-12,SKU006,WH001,448,11,0,26,1,1,431
2025-12-13,SKU144,WH004,170,14,0,11,0,3,170
2025-12-13,SKU092,WH003,102,7,0,19,1,0,89
2025-12-13,SKU055,WH005,487,16,28,19,1,1,510
2025-12-13,SKU045,WH003,37,15,0,13,0,0,39
2025-12-13,SKU085,WH002,460,7,35,30,0,0,472
2025-12-13,SKU091,WH003,129,12,6,13,2,2,130
2025-12-13,SKU049,WH001,408,11,0,17,0,0,402
2025-12-13,SKU016,WH002,162,11,0,18,0,1,154
2025-12-13,SKU103,WH005,76,13,5,6,0,0,88
2025-12-13,SKU063,WH005,483,10,47,33,0,0,507
2025-12-13,SKU006,WH003,599,19,33,28,1,0,622
2025-12-13,SKU089,WH001,8,19,0,8,0,0,19
2025-12-13,SKU065,WH001,99,24,0,13,0,0,110
2025-12-13,SKU113,WH002,192,14,23,16,0,1,212
2025-12-13,SKU036,WH005,99,7,24,24,1,1,104
2025-12-13,SKU083,WH005,260,3,28,20,0,2,269
2025-12-13,SKU086,WH005,189,26,26,25,0,0,216
2025-12-13,SKU146,WH005,105,11,0,25,1,0,90
2025-12-13,SKU014,WH003,324,3,0,34,0,2,291
2025-12-13,SKU133,WH003,117,19,0,9,0,0,127
2025-12-13,SKU145,WH001,172,23,40,22,1,0,212
2025-12-13,SKU129,WH004,166,19,0,24,0,1,160
2025-12-13,SKU064,WH003,250,18,23,21,0,0,270
2025-12-13,SKU021,WH001,542,20,0,8,0,1,553
2025-12-13,SKU071,WH001,123,9,8,5,0,0,135
2025-12-13,SKU126,WH005,212,4,0,32,0,0,184
2025-12-13,SKU023,WH003,137,16,0,27,1,0,125
2025-12-13,SKU029,WH001,509,14,23,22,0,2,522
2025-12-13,SKU077,WH005,128,5,0,14,0,0,119
2025-12-13,SKU094,WH002,391,6,0,19,0,0,378
2025-12-13,SKU137,WH003,122,16,0,4,0,0,134
2025-12-13,SKU035,WH004,205,12,0,23,0,2,192
2025-12-13,SKU134,WH002,439,3,0,25,0,0,417
2025-12-13,SKU114,WH002,109,6,23,14,0,1,123
2025-12-13,SKU101,WH004,291,1,0,28,0,2,262
2025-12-13,SKU044,WH002,420,20,0,36,1,0,403
2025-12-13,SKU061,WH001,31,14,0,7,0,0,38
2025-12-13,SKU008,WH002,252,6,0,36,0,1,221
2025-12-13,SKU119,WH004,195,15,22,19,0,0,213
2025-12-13,SKU118,WH004,170,18,0,17,0,0,171
2025-12-13,SKU002,WH003,250,5,0,19,0,0,236
2025-12-13,SKU080,WH001,119,4,0,8,0,0,115
2025-12-13,SKU026,WH004,228,4,0,26,0,0,206
2025-12-13,SKU098,WH003,347,6,25,28,0,1,349
2025-12-13,SKU110,WH002,37,6,0,14,0,0,29
2025-12-14,SKU040,WH005,116,17,0,20,0,0,113
2025-12-14,SKU050,WH003,75,3,0,24,0,0,54
2025-12-14,SKU103,WH002,53,15,7,5,0,0,70
2025-12-14,SKU064,WH002,287,18,0,16,0,0,289
2025-12-14,SKU065,WH001,120,16,5,10,0,1,130
2025-12-14,SKU069,WH001,577,3,0,28,0,3,549
2025-12-14,SKU048,WH002,172,28,12,8,0,0,204
2025-12-14,SKU057,WH001,128,11,0,21,0,0,118
2025-12-14,SKU116,WH004,363,22,0,24,1,1,359
2025-12-14,SKU134,WH005,403,4,0,33,1,0,373
2025-12-14,SKU044,WH003,116,15,0,29,1,0,101
2025-12-14,SKU015,WH004,157,8,0,7,0,0,158
2025-12-14,SKU150,WH004,459,12,21,25,0,2,465
2025-12-14,SKU028,WH002,214,8,0,13,0,0,209
2025-12-14,SKU082,WH001,430,12,34,22,0,0,454
2025-12-14,SKU022,WH002,348,26,30,32,1,1,370
2025-12-14,SKU120,WH002,110,3,0,9,0,1,103
2025-12-14,SKU003,WH001,44,14,0,8,1,0,49
2025-12-14,SKU060,WH001,243,10,0,18,0,0,235
2025-12-14,SKU119,WH004,286,25,0,19,0,1,291
2025-12-14,SKU126,WH005,654,1,0,27,0,1,627
2025-12-14,SKU041,WH005,476,5,0,27,0,0,454
2025-12-14,SKU127,WH003,251,6,0,22,0,0,235
2025-12-14,SKU068,WH001,36,10,5,8,0,0,43
2025-12-14,SKU023,WH002,173,20,0,22,0,0,171
2025-12-14,SKU148,WH005,380,2,0,12,0,2,368
2025-12-14,SKU085,WH003,119,5,50,41,0,0,133
2025-12-14,SKU143,WH003,127,14,16,10,0,1,146
2025-12-14,SKU144,WH002,118,16,0,8,0,0,126
2025-12-14,SKU083,WH003,81,6,18,16,0,0,89
2025-12-14,SKU030,WH001,120,8,18,18,0,0,128
2025-12-14,SKU133,WH005,118,19,5,11,0,0,131
2025-12-14,SKU049,WH003,164,3,21,12,0,0,176
2025-12-14,SKU011,WH003,264,5,30,25,1,0,273
2025-12-14,SKU090,WH001,68,5,21,10,0,0,84
2025-12-14,SKU092,WH003,136,9,0,18,1,0,126
2025-12-14,SKU014,WH001,320,6,31,31,0,5,321
2025-12-14,SKU025,WH004,255,14,24,12,0,0,281
2025-12-14,SKU046,WH001,183,16,0,42,0,0,157
2025-12-14,SKU018,WH001,93,7,0,18,0,1,81
2025-12-14,SKU087,WH005,294,13,30,33,0,1,303
2025-12-14,SKU132,WH005,369,17,0,44,0,0,342
2025-12-14,SKU045,WH002,169,20,0,18,0,0,171
2025-12-14,SKU013,WH001,78,15,0,11,0,0,82
2025-12-14,SKU102,WH005,305,13,0,19,1,1,297
2025-12-15,SKU049,WH001,165,3,0,17,0,0,151
2025-12-15,SKU037,WH004,160,23,0,24,0,2,157
2025-12-15,SKU119,WH004,498,9,0,36,0,1,470
2025-12-15,SKU129,WH005,109,15,0,25,0,0,99
2025-12-15,SKU023,WH002,206,16,0,22,0,1,199
2025-12-15,SKU032,WH001,51,19,0,6,0,0,64
2025-12-15,SKU121,WH004,223,7,10,14,0,1,225
2025-12-15,SKU008,WH001,836,6,43,30,0,1,854
2025-12-15,SKU064,WH001,246,17,0,17,0,0,246
2025-12-15,SKU030,WH001,382,9,0,23,1,2,365
2025-12-15,SKU071,WH004,73,6,0,6,0,0,73
2025-12-15,SKU019,WH005,609,9,48,32,0,0,634
2025-12-15,SKU011,WH003,83,7,0,29,1,0,60
2025-12-15,SKU142,WH003,642,2,27,26,1,1,643
2025-12-15,SKU041,WH002,257,12,36,23,2,0,280
2025-12-15,SKU096,WH005,171,19,38,38,0,0,190
2025-12-15,SKU102,WH001,485,15,34,27,0,0,507
2025-12-15,SKU007,WH005,109,7,0,14,1,0,101
2025-12-15,SKU104,WH005,146,22,0,8,1,1,158
2025-12-15,SKU131,WH002,77,5,0,7,0,0,75
2025-12-15,SKU088,WH001,41,10,9,3,0,0,57
2025-12-15,SKU123,WH003,117,10,0,12,0,1,114
2025-12-15,SKU063,WH005,190,12,30,26,0,0,206
2025-12-15,SKU026,WH002,300,1,0,25,0,0,276
2025-12-15,SKU083,WH001,158,3,0,11,0,0,150
2025-12-15,SKU006,WH002,366,18,0,28,0,1,355
2025-12-15,SKU090,WH005,116,12,0,10,0,0,118
2025-12-15,SKU106,WH005,410,20,0,23,1,0,406
2025-12-15,SKU053,WH003,283,3,26,23,1,0,288
2025-12-15,SKU145,WH004,286,18,0,37,1,0,266
2025-12-15,SKU054,WH004,323,20,0,18,1,1,323
2025-12-15,SKU144,WH005,70,18,0,6,0,0,82
2025-12-15,SKU020,WH004,277,16,0,13,0,0,280
2025-12-15,SKU067,WH002,454,4,0,28,1,2,427
2025-12-15,SKU093,WH002,389,5,0,40,0,2,352
2025-12-15,SKU103,WH003,39,10,0,7,0,0,42
2025-12-15,SKU140,WH001,56,10,0,18,0,0,48
2025-12-15,SKU042,WH003,76,16,7,8,0,1,90
2025-12-15,SKU094,WH004,402,6,0,18,0,1,389
2025-12-15,SKU044,WH004,681,9,30,31,0,3,686
2025-12-15,SKU113,WH002,54,14,0,7,0,0,61
2025-12-15,SKU076,WH002,171,6,18,14,0,0,181
2025-12-15,SKU137,WH003,149,15,0,7,0,0,157
2025-12-15,SKU057,WH001,232,15,0,24,1,0,222
2025-12-15,SKU107,WH003,269,8,31,27,0,0,281
2025-12-16,SKU140,WH002,220,9,0,25,0,0,204
2025-12-16,SKU048,WH005,82,15,0,3,0,0,94
2025-12-16,SKU082,WH004,85,8,0,27,0,0,66
2025-12-16,SKU107,WH003,327,8,0,24,0,0,311
2025-12-16,SKU119,WH005,175,19,0,24,0,0,170
2025-12-16,SKU062,WH003,83,6,0,11,0,0,78
2025-12-16,SKU126,WH004,259,3,30,32,1,1,258
2025-12-16,SKU138,WH001,61,13,0,3,0,1,70
2025-12-16,SKU093,WH004,252,5,51,34,0,0,274
2025-12-16,SKU102,WH001,145,15,0,14,0,0,146
2025-12-16,SKU055,WH001,412,18,0,16,1,1,412
2025-12-16,SKU086,WH002,398,25,0,19,0,0,404
2025-12-16,SKU133,WH005,95,25,0,10,0,0,110
2025-12-16,SKU065,WH003,184,24,0,7,0,0,201
2025-12-16,SKU060,WH003,318,8,0,24,0,0,302
2025-12-16,SKU045,WH002,132,13,0,21,0,2,122
2025-12-16,SKU017,WH002,424,18,37,28,1,0,450
2025-12-16,SKU059,WH005,25,22,0,2,0,0,45
2025-12-16,SKU004,WH004,107,21,0,12,0,0,116
2025-12-16,SKU083,WH004,148,4,27,18,0,0,161
2025-12-16,SKU009,WH001,82,9,8,8,0,0,91
2025-12-16,SKU044,WH001,144,11,0,30,0,0,125
2025-12-16,SKU013,WH001,42,18,0,9,0,1,50
2025-12-16,SKU074,WH004,170,12,0,32,0,1,149
2025-12-16,SKU073,WH002,140,7,0,37,0,1,109
2025-12-16,SKU053,WH005,221,6,26,28,2,0,223
2025-12-16,SKU067,WH003,229,12,0,30,0,1,210
2025-12-16,SKU014,WH001,229,7,34,29,0,0,241
2025-12-16,SKU032,WH002,112,18,8,14,0,1,123
2025-12-16,SKU008,WH001,448,6,49,33,0,2,468
2025-12-16,SKU090,WH002,185,6,0,15,1,0,175
2025-12-16,SKU109,WH001,65,4,17,10,0,1,75
2025-12-16,SKU020,WH003,142,20,0,19,0,0,143
2025-12-16,SKU112,WH005,168,8,10,4,0,0,182
2025-12-16,SKU129,WH002,28,27,0,24,0,0,31
2025-12-16,SKU042,WH002,46,17,0,5,0,0,58
2025-12-16,SKU084,WH005,52,4,0,4,0,0,52
2025-12-16,SKU149,WH001,433,16,0,21,0,2,426
2025-12-16,SKU019,WH001,210,24,28,29,0,1,232
2025-12-16,SKU047,WH001,51,12,0,6,0,1,56
2025-12-16,SKU087,WH001,164,14,0,21,0,0,157
2025-12-16,SKU070,WH001,138,6,0,15,0,0,129
2025-12-16,SKU130,WH002,289,2,26,17,1,2,297
2025-12-16,SKU085,WH004,69,2,0,28,0,0,43
2025-12-16,SKU142,WH003,172,6,0,26,0,0,152
2025-12-17,SKU073,WH001,298,1,0,43,1,0,255
2025-12-17,SKU081,WH001,107,8,34,30,0,1,118
2025-12-17,SKU013,WH005,92,21,0,24,0,0,89
2025-12-17,SKU111,WH002,275,21,0,35,1,0,260
2025-12-17,SKU118,WH004,330,13,0,13,0,3,327
2025-12-17,SKU136,WH003,937,15,27,11,0,0,968
2025-12-17,SKU104,WH001,162,11,0,9,0,0,164
2025-12-17,SKU140,WH003,321,11,31,19,0,3,341
2025-12-17,SKU006,WH003,423,9,0,19,1,2,410
2025-12-17,SKU004,WH005,143,13,0,13,0,0,143
2025-12-17,SKU139,WH004,411,7,0,28,0,0,390
2025-12-17,SKU149,WH004,160,6,0,25,0,0,141
2025-12-17,SKU142,WH005,1193,1,0,25,0,4,1165
2025-12-17,SKU028,WH002,60,6,20,9,0,0,77
2025-12-17,SKU137,WH002,64,22,0,9,0,1,76
2025-12-17,SKU050,WH001,396,4,45,33,1,2,409
2025-12-17,SKU119,WH005,251,14,0,15,0,0,250
2025-12-17,SKU019,WH005,210,13,41,27,0,1,236
2025-12-17,SKU108,WH003,37,11,0,40,3,0,5
2025-12-17,SKU080,WH005,98,10,0,7,0,0,101
2025-12-17,SKU094,WH002,53,10,0,31,2,0,30
2025-12-17,SKU120,WH002,161,1,0,5,0,0,157
2025-12-17,SKU070,WH005,199,15,0,13,0,0,201
2025-12-17,SKU032,WH001,89,10,5,3,0,0,101
2025-12-17,SKU106,WH002,297,6,38,32,0,0,309
2025-12-17,SKU026,WH004,425,5,35,29,0,1,435
2025-12-17,SKU033,WH005,363,3,0,27,2,1,336
2025-12-17,SKU076,WH001,38,13,0,18,1,0,32
2025-12-17,SKU038,WH003,406,10,0,16,0,0,400
2025-12-17,SKU133,WH004,28,15,0,11,0,0,32
2025-12-17,SKU048,WH001,30,9,0,4,0,0,35
2025-12-17,SKU058,WH003,384,7,0,31,0,1,359
2025-12-17,SKU105,WH004,157,6,2,4,0,0,161
2025-12-17,SKU029,WH001,505,11,25,22,0,1,518
2025-12-17,SKU148,WH005,110,3,0,16,0,0,97
2025-12-17,SKU054,WH002,210,16,23,28,0,0,221
2025-12-17,SKU037,WH005,428,6,0,20,0,2,412
2025-12-17,SKU083,WH004,179,2,0,19,0,0,162
2025-12-17,SKU005,WH005,151,4,0,11,0,1,143
2025-12-17,SKU131,WH005,73,9,7,5,0,0,84
2025-12-17,SKU044,WH004,176,19,0,36,1,0,158
2025-12-17,SKU146,WH003,127,16,0,24,2,0,117
2025-12-17,SKU068,WH004,130,2,0,11,0,0,121
2025-12-17,SKU042,WH003,93,22,5,3,0,1,116
2025-12-17,SKU078,WH004,68,14,0,12,0,0,70
2025-12-18,SKU053,WH005,208,8,0,29,0,1,186
2025-12-18,SKU079,WH003,360,3,37,34,0,2,364
2025-12-18,SKU047,WH002,108,7,4,4,0,1,114
2025-12-18,SKU028,WH002,146,8,14,12,1,0,155
2025-12-18,SKU023,WH001,301,10,23,21,0,1,312
2025-12-18,SKU082,WH002,544,8,0,21,0,2,529
2025-12-18,SKU016,WH001,53,6,22,17,1,0,63
2025-12-18,SKU086,WH004,489,10,25,26,0,2,496
2025-12-18,SKU105,WH003,69,8,0,9,0,1,67
2025-12-18,SKU080,WH002,52,17,0,6,0,0,63
2025-12-18,SKU073,WH004,453,5,0,33,0,1,424
2025-12-18,SKU006,WH001,127,17,35,25,0,1,153
2025-12-18,SKU115,WH003,231,6,0,12,0,0,225
2025-12-18,SKU131,WH002,87,6,10,8,0,0,95
2025-12-18,SKU017,WH001,431,13,35,21,2,2,454
2025-12-18,SKU109,WH003,129,9,0,6,0,0,132
2025-12-18,SKU040,WH005,118,14,0,21,0,0,111
2025-12-18,SKU064,WH004,136,13,0,26,0,0,123
2025-12-18,SKU140,WH002,221,16,17,22,0,0,232
2025-12-18,SKU003,WH001,122,19,16,10,1,0,146
2025-12-18,SKU136,WH005,139,11,0,24,0,0,126
2025-12-18,SKU114,WH001,255,6,0,9,0,2,250
2025-12-18,SKU048,WH003,133,14,0,7,0,0,140
2025-12-18,SKU118,WH002,30,16,0,17,0,0,29
2025-12-18,SKU062,WH003,90,9,18,12,1,0,104
2025-12-18,SKU018,WH004,229,10,0,11,0,0,228
2025-12-18,SKU050,WH003,459,2,33,31,0,1,462
2025-12-18,SKU122,WH005,63,15,0,20,0,0,58
2025-12-18,SKU069,WH003,386,5,0,34,0,2,355
2025-12-18,SKU141,WH004,176,17,7,7,0,1,192
2025-12-18,SKU076,WH005,340,3,23,20,1,2,343
2025-12-18,SKU083,WH003,232,4,0,23,0,0,213
2025-12-18,SKU094,WH005,488,4,0,19,1,1,471
2025-12-18,SKU077,WH001,152,4,0,21,0,0,135
2025-12-18,SKU021,WH003,170,16,0,19,0,0,167
2025-12-18,SKU144,WH003,77,24,6,7,0,0,100
2025-12-18,SKU044,WH002,315,17,0,31,0,0,301
2025-12-18,SKU011,WH004,88,4,0,26,0,0,66
2025-12-18,SKU043,WH001,136,6,0,9,0,0,133
2025-12-18,SKU015,WH005,209,8,0,10,1,0,206
2025-12-18,SKU036,WH003,411,19,26,13,0,2,441
2025-12-18,SKU091,WH005,151,20,0,5,0,0,166
2025-12-18,SKU103,WH002,22,16,0,5,0,0,33
2025-12-18,SKU052,WH001,130,13,0,13,1,0,129
2025-12-18,SKU066,WH003,236,16,0,18,0,2,232
2025-12-19,SKU088,WH001,28,11,1,5,0,0,35
2025-12-19,SKU019,WH001,530,20,0,30,1,0,519
2025-12-19,SKU015,WH005,90,6,12,6,0,1,101
2025-12-19,SKU032,WH005,82,9,0,12,0,0,79
2025-12-19,SKU121,WH004,170,9,0,11,0,1,167
2025-12-19,SKU080,WH005,26,7,0,3,0,0,30
2025-12-19,SKU113,WH002,156,16,0,15,0,0,157
2025-12-19,SKU110,WH004,363,21,18,20,1,1,380
2025-12-19,SKU136,WH003,30,20,0,21,1,0,28
2025-12-19,SKU117,WH005,87,8,19,4,0,0,110
2025-12-19,SKU139,WH004,425,13,47,31,0,0,454
2025-12-19,SKU004,WH001,72,14,0,7,0,0,79
2025-12-19,SKU066,WH003,241,17,0,18,0,1,239
2025-12-19,SKU076,WH001,450,14,0,15,0,0,449
2025-12-19,SKU029,WH003,55,11,37,28,0,0,75
2025-12-19,SKU005,WH001,202,4,0,14,0,2,190
2025-12-19,SKU013,WH001,441,23,0,16,0,0,448
2025-12-19,SKU090,WH001,116,13,0,24,1,0,104
2025-12-19,SKU024,WH004,290,10,0,20,0,1,279
2025-12-19,SKU072,WH002,383,2,0,23,0,1,361
2025-12-19,SKU105,WH004,56,6,0,7,0,0,55
2025-12-19,SKU010,WH004,209,26,0,35,0,2,198
2025-12-19,SKU020,WH005,332,20,0,7,0,3,342
2025-12-19,SKU028,WH001,127,10,0,20,0,1,116
2025-12-19,SKU009,WH001,127,12,0,10,0,1,128
2025-12-19,SKU086,WH003,222,19,31,20,0,0,252
2025-12-19,SKU054,WH003,156,11,0,19,0,0,148
2025-12-19,SKU111,WH003,432,15,0,23,0,1,423
2025-12-19,SKU008,WH001,287,4,44,35,0,1,299
2025-12-19,SKU097,WH005,60,13,10,9,0,1,73
2025-12-19,SKU045,WH002,191,19,0,8,0,0,202
2025-12-19,SKU043,WH005,246,4,9,13,1,1,244
2025-12-19,SKU053,WH002,51,3,0,26,0,2,26
2025-12-19,SKU096,WH005,262,21,0,29,0,1,253
2025-12-19,SKU051,WH002,74,18,11,6,0,0,97
2025-12-19,SKU056,WH001,229,8,0,17,0,0,220
2025-12-19,SKU102,WH001,400,14,0,24,1,1,388
2025-12-19,SKU069,WH001,584,2,37,34,0,2,587
2025-12-19,SKU035,WH002,268,27,25,28,0,0,292
2025-12-19,SKU041,WH001,273,11,0,35,1,1,247
2025-12-19,SKU063,WH001,382,11,0,38,1,3,351
2025-12-19,SKU042,WH005,88,15,5,7,0,1,100
2025-12-19,SKU135,WH005,189,13,8,17,0,1,192
2025-12-19,SKU065,WH003,154,22,0,12,0,0,164
2025-12-19,SKU073,WH001,189,5,0,34,0,1,159
2025-12-20,SKU036,WH001,210,19,0,17,1,0,211
2025-12-20,SKU102,WH004,184,13,28,23,0,0,202
2025-12-20,SKU101,WH002,358,5,0,21,0,1,341
2025-12-20,SKU105,WH004,85,6,0,5,0,0,86
2025-12-20,SKU088,WH005,29,7,0,4,0,0,32
2025-12-20,SKU125,WH005,235,5,0,39,1,0,200
2025-12-20,SKU143,WH005,120,14,13,14,0,0,133
2025-12-20,SKU103,WH004,144,19,9,11,1,1,159
2025-12-20,SKU065,WH005,76,19,12,10,0,0,97
2025-12-20,SKU148,WH003,24,5,0,20,0,0,9
2025-12-20,SKU082,WH005,367,6,27,26,0,1,373
2025-12-20,SKU078,WH005,223,9,0,12,0,0,220
2025-12-20,SKU117,WH002,25,4,11,7,0,0,33
2025-12-20,SKU093,WH005,411,1,0,26,0,0,386
2025-12-20,SKU026,WH002,406,5,31,18,1,2,421
2025-12-20,SKU087,WH004,265,22,0,22,0,1,264
2025-12-20,SKU060,WH001,344,15,0,25,1,0,333
2025-12-20,SKU075,WH001,187,10,0,17,0,0,180
2025-12-20,SKU076,WH004,144,9,15,16,0,0,152
2025-12-20,SKU024,WH003,148,15,0,13,0,0,150
2025-12-20,SKU135,WH003,110,7,0,11,0,0,106
2025-12-20,SKU020,WH004,46,19,11,3,0,0,73
2025-12-20,SKU138,WH005,28,20,5,7,0,0,46
2025-12-20,SKU050,WH002,41,4,0,34,0,0,11
2025-12-20,SKU074,WH002,382,14,44,39,1,0,400
2025-12-20,SKU039,WH003,326,6,39,28,0,1,342
2025-12-20,SKU146,WH003,586,14,0,28,0,3,569
2025-12-20,SKU028,WH002,62,10,12,19,0,0,65
2025-12-20,SKU142,WH001,801,2,0,33,0,2,768
2025-12-20,SKU033,WH005,693,1,0,25,1,3,665
2025-12-20,SKU092,WH005,256,9,0,25,1,0,239
2025-12-20,SKU049,WH001,388,1,21,22,0,1,387
2025-12-20,SKU004,WH001,106,11,7,10,0,0,114
2025-12-20,SKU139,WH002,132,3,42,18,0,1,158
2025-12-20,SKU006,WH003,270,10,0,19,0,2,259
2025-12-20,SKU035,WH002,359,13,0,19,0,1,352
2025-12-20,SKU097,WH002,141,7,0,7,0,0,141
2025-12-20,SKU007,WH001,90,9,0,9,0,1,89
2025-12-20,SKU012,WH005,33,6,0,9,1,0,29
2025-12-20,SKU080,WH003,82,14,0,6,0,0,90
2025-12-20,SKU056,WH003,147,5,25,21,1,0,155
2025-12-20,SKU112,WH003,69,6,0,4,0,0,71
2025-12-20,SKU129,WH003,83,23,0,22,0,0,84
2025-12-20,SKU119,WH005,74,13,0,20,0,0,67
2025-12-20,SKU071,WH001,5,5,0,11,1,0,0
2025-12-21,SKU042,WH001,27,10,4,6,0,0,35
2025-12-21,SKU087,WH003,178,9,27,22,0,0,192
2025-12-21,SKU014,WH001,301,7,0,25,0,0,283
2025-12-21,SKU016,WH003,102,17,14,11,0,0,122
2025-12-21,SKU122,WH004,211,9,0,8,1,2,209
2025-12-21,SKU121,WH003,55,8,21,22,1,0,61
2025-12-21,SKU119,WH001,425,21,32,29,1,1,447
2025-12-21,SKU071,WH001,234,11,0,5,0,0,240
2025-12-21,SKU126,WH005,572,3,0,36,0,1,538
2025-12-21,SKU037,WH005,506,12,0,17,1,1,499
2025-12-21,SKU142,WH004,164,6,35,35,0,0,170
2025-12-21,SKU064,WH001,155,18,25,16,0,0,182
2025-12-21,SKU049,WH005,172,2,0,21,0,0,153
2025-12-21,SKU080,WH004,43,14,0,7,0,0,50
2025-12-21,SKU052,WH005,57,14,12,9,0,0,74
2025-12-21,SKU148,WH005,260,2,0,17,0,1,244
2025-12-21,SKU103,WH004,38,15,0,6,0,0,47
2025-12-21,SKU062,WH002,63,6,0,9,0,0,60
2025-12-21,SKU015,WH002,110,5,0,8,0,0,107
2025-12-21,SKU024,WH003,106,12,0,19,0,1,98
2025-12-21,SKU018,WH002,247,9,0,15,0,0,241
2025-12-21,SKU133,WH001,81,12,13,9,0,0,97
2025-12-21,SKU002,WH001,377,7,0,30,0,2,352
2025-12-21,SKU089,WH004,39,21,0,8,0,0,52
2025-12-21,SKU008,WH005,214,2,0,40,0,0,176
2025-12-21,SKU066,WH002,170,15,31,18,0,0,198
2025-12-21,SKU086,WH003,255,23,0,15,0,0,263
2025-12-21,SKU061,WH003,39,8,4,7,0,0,44
2025-12-21,SKU063,WH002,327,12,0,31,0,0,308
2025-12-21,SKU055,WH004,166,10,27,17,0,0,186
2025-12-21,SKU120,WH004,25,3,0,8,0,0,20
2025-12-21,SKU053,WH004,250,8,0,23,0,0,235
2025-12-21,SKU129,WH005,353,14,0,25,0,2,340
2025-12-21,SKU041,WH001,496,8,0,21,0,2,481
2025-12-21,SKU145,WH001,118,13,0,39,0,0,92
2025-12-21,SKU134,WH002,300,5,39,22,0,0,322
2025-12-21,SKU010,WH005,307,17,0,45,0,2,277
2025-12-21,SKU047,WH005,81,7,0,6,1,0,81
2025-12-21,SKU146,WH004,214,15,27,25,1,2,228
2025-12-21,SKU109,WH004,53,4,0,12,0,0,45
2025-12-21,SKU040,WH005,96,14,0,10,0,0,100
2025-12-21,SKU101,WH004,243,3,23,26,0,0,243
2025-12-21,SKU079,WH005,470,2,0,40,0,1,431
2025-12-21,SKU084,WH003,68,5,0,7,1,0,65
2025-12-21,SKU124,WH002,232,7,0,15,0,0,224
2025-12-22,SKU039,WH001,283,8,35,27,1,0,298
2025-12-22,SKU110,WH004,213,17,0,17,0,0,213
2025-12-22,SKU016,WH002,142,7,0,13,0,0,136
2025-12-22,SKU033,WH002,703,3,35,17,0,0,724
2025-12-22,SKU040,WH004,144,12,0,10,0,0,146
2025-12-22,SKU034,WH005,75,4,0,21,0,0,58
2025-12-22,SKU094,WH001,95,7,25,23,0,0,104
2025-12-22,SKU064,WH004,195,16,0,25,0,0,186
2025-12-22,SKU056,WH005,264,3,0,23,0,0,244
2025-12-22,SKU066,WH001,197,15,0,16,0,0,196
2025-12-22,SKU025,WH001,77,25,0,16,0,0,86
2025-12-22,SKU089,WH003,42,13,0,4,0,0,51
2025-12-22,SKU009,WH004,128,14,0,8,0,0,134
2025-12-22,SKU092,WH002,508,6,0,32,0,1,481
2025-12-22,SKU123,WH004,145,10,0,12,0,0,143
2025-12-22,SKU018,WH004,204,9,0,20,1,1,191
2025-12-22,SKU021,WH002,138,21,0,14,0,1,144
2025-12-22,SKU099,WH005,121,16,27,19,0,0,145
2025-12-22,SKU035,WH003,304,14,0,22,0,1,295
2025-12-22,SKU079,WH001,184,9,0,33,0,0,160
2025-12-22,SKU125,WH003,384,4,41,32,0,1,396
2025-12-22,SKU053,WH001,164,9,0,27,0,0,146
2025-12-22,SKU010,WH001,81,15,0,32,1,0,63
2025-12-22,SKU043,WH005,192,1,0,19,2,0,172
2025-12-22,SKU141,WH001,122,10,5,2,0,0,135
2025-12-22,SKU078,WH004,50,11,20,13,2,0,66
2025-12-22,SKU136,WH001,69,5,0,21,0,0,53
2025-12-22,SKU105,WH005,58,12,0,4,0,0,66
2025-12-22,SKU111,WH004,299,23,0,25,0,1,296
2025-12-22,SKU134,WH004,345,6,0,24,0,0,327
2025-12-22,SKU117,WH003,93,7,14,9,0,0,105
2025-12-22,SKU130,WH004,83,1,0,14,0,0,70
2025-12-22,SKU015,WH001,31,8,6,8,1,0,36
2025-12-22,SKU142,WH001,193,5,0,31,0,0,167
2025-12-22,SKU075,WH005,273,9,0,15,0,2,265
2025-12-22,SKU088,WH005,112,6,3,2,0,0,119
2025-12-22,SKU029,WH001,251,14,36,31,2,0,268
2025-12-22,SKU006,WH005,122,15,0,20,0,0,117
2025-12-22,SKU012,WH004,89,9,5,1,0,0,102
2025-12-22,SKU071,WH002,178,10,0,4,0,2,182
2025-12-22,SKU020,WH003,73,19,0,10,1,0,81
2025-12-22,SKU041,WH001,296,9,0,34,0,1,270
2025-12-22,SKU127,WH001,285,2,0,30,0,2,255
2025-12-22,SKU128,WH002,206,5,15,8,0,0,218
2025-12-22,SKU047,WH002,155,8,0,5,0,1,157
2025-12-23,SKU030,WH005,125,6,18,39,0,1,109
2025-12-23,SKU063,WH005,568,9,40,21,0,1,595
2025-12-23,SKU023,WH004,63,12,0,18,0,0,57
2025-12-23,SKU022,WH005,396,18,0,25,0,0,389
2025-12-23,SKU003,WH003,45,10,0,4,1,0,50
2025-12-23,SKU024,WH001,170,13,0,20,1,0,162
2025-12-23,SKU043,WH003,264,6,0,18,0,1,251
2025-12-23,SKU044,WH002,91,15,0,33,0,0,73
2025-12-23,SKU025,WH002,56,12,17,13,0,0,72
2025-12-23,SKU002,WH003,590,9,0,16,0,4,579
2025-12-23,SKU004,WH005,23,13,0,5,0,0,31
2025-12-23,SKU041,WH001,607,12,0,29,0,2,588
2025-12-23,SKU019,WH003,116,29,0,33,1,0,111
2025-12-23,SKU112,WH003,23,3,0,5,0,0,21
2025-12-23,SKU072,WH003,602,4,0,40,0,1,565
2025-12-23,SKU045,WH003,58,13,0,15,0,0,56
2025-12-23,SKU085,WH004,123,3,0,38,0,0,88
2025-12-23,SKU050,WH002,217,5,36,27,0,0,231
2025-12-23,SKU067,WH004,289,17,0,28,0,1,277
2025-12-23,SKU006,WH005,235,14,0,39,0,1,209
2025-12-23,SKU145,WH002,1089,17,0,22,0,1,1083
2025-12-23,SKU026,WH003,342,6,39,28,0,0,359
2025-12-23,SKU014,WH004,347,1,0,43,0,0,305
2025-12-23,SKU144,WH001,158,16,0,12,0,0,162
2025-12-23,SKU139,WH002,626,13,0,33,0,2,604
2025-12-23,SKU119,WH003,448,14,0,15,0,1,446
2025-12-23,SKU120,WH004,159,6,0,12,0,0,153
2025-12-23,SKU083,WH003,422,3,0,24,0,4,397
2025-12-23,SKU017,WH001,47,19,0,28,0,0,38
2025-12-23,SKU097,WH003,119,7,0,7,0,0,119
2025-12-23,SKU137,WH003,60,14,0,10,0,0,64
2025-12-23,SKU095,WH002,56,15,0,11,0,1,59
2025-12-23,SKU061,WH003,45,13,9,3,0,0,64
2025-12-23,SKU016,WH005,99,6,0,15,0,1,89
2025-12-23,SKU051,WH002,81,14,5,8,0,0,92
2025-12-23,SKU109,WH002,84,6,0,8,0,0,82
2025-12-23,SKU039,WH004,234,3,46,28,1,1,253
2025-12-23,SKU053,WH001,169,5,0,20,0,0,154
2025-12-23,SKU049,WH005,301,5,0,25,0,1,280
2025-12-23,SKU141,WH005,25,19,0,8,0,0,36
2025-12-23,SKU075,WH001,90,6,0,13,0,0,83
2025-12-23,SKU105,WH001,43,7,4,7,0,1,46
2025-12-23,SKU131,WH004,88,3,0,4,0,0,87
2025-12-23,SKU127,WH003,32,6,0,29,0,1,8
2025-12-23,SKU121,WH005,34,10,0,21,0,0,23
2025-12-24,SKU131,WH002,127,10,0,10,0,0,127
2025-12-24,SKU117,WH004,75,4,0,8,0,0,71
2025-12-24,SKU147,WH003,182,1,0,17,0,0,166
2025-12-24,SKU137,WH001,27,16,0,5,0,0,38
2025-12-24,SKU148,WH001,76,5,16,25,1,0,71
2025-12-24,SKU057,WH002,138,15,0,16,1,0,136
2025-12-24,SKU098,WH004,177,7,0,27,0,0,157
2025-12-24,SKU037,WH002,464,22,25,16,1,0,494
2025-12-24,SKU038,WH003,651,19,0,39,0,1,630
2025-12-24,SKU017,WH001,244,19,0,26,0,1,236
2025-12-24,SKU105,WH003,47,6,6,10,0,0,49
2025-12-24,SKU033,WH003,345,4,0,38,1,0,310
2025-12-24,SKU029,WH003,334,10,0,39,0,1,304
2025-12-24,SKU063,WH005,407,7,30,34,0,0,410
2025-12-24,SKU008,WH004,211,7,48,31,2,0,233
2025-12-24,SKU082,WH004,287,13,27,26,0,0,301
2025-12-24,SKU042,WH001,79,13,0,4,0,0,88
2025-12-24,SKU104,WH005,88,15,15,7,0,0,111
2025-12-24,SKU107,WH004,127,10,35,23,0,0,149
2025-12-24,SKU065,WH005,38,19,0,4,1,0,52
2025-12-24,SKU132,WH003,793,18,39,31,1,1,817
2025-12-24,SKU120,WH003,208,2,9,14,0,0,205
2025-12-24,SKU095,WH005,33,8,0,10,0,0,31
2025-12-24,SKU009,WH003,133,11,0,9,0,0,135
2025-12-24,SKU023,WH001,221,17,17,19,0,1,235
2025-12-24,SKU074,WH003,706,16,0,26,0,2,694
2025-12-24,SKU072,WH002,56,6,42,19,0,1,84
2025-12-24,SKU125,WH003,928,2,42,31,0,3,938
2025-12-24,SKU064,WH001,197,15,0,21,0,0,191
2025-12-24,SKU076,WH001,441,10,0,10,0,2,439
2025-12-24,SKU118,WH004,402,13,0,19,1,1,394
2025-12-24,SKU146,WH003,211,18,0,19,1,1,208
2025-12-24,SKU150,WH003,14,12,25,21,1,0,29
2025-12-24,SKU101,WH004,109,1,27,24,0,0,113
2025-12-24,SKU046,WH003,290,7,0,29,1,0,267
2025-12-24,SKU111,WH005,117,16,0,25,1,0,107
2025-12-24,SKU113,WH004,124,11,0,11,0,0,124
2025-12-24,SKU067,WH001,702,12,0,26,0,2,686
2025-12-24,SKU047,WH001,53,16,22,7,0,0,84
2025-12-24,SKU062,WH005,96,6,0,15,0,0,87
2025-12-24,SKU049,WH004,134,4,0,14,0,1,123
2025-12-24,SKU056,WH004,409,4,21,15,0,4,415
2025-12-24,SKU114,WH002,278,10,0,16,0,0,272
2025-12-24,SKU081,WH004,67,8,0,22,0,0,53
2025-12-24,SKU061,WH004,43,9,0,3,0,0,49
2025-12-25,SKU058,WH003,302,14,35,30,1,1,319
2025-12-25,SKU050,WH004,160,4,38,39,0,1,162
2025-12-25,SKU119,WH004,154,23,0,15,0,0,162
2025-12-25,SKU096,WH002,203,10,32,33,0,2,210
2025-12-25,SKU026,WH003,243,6,28,20,1,0,256
2025-12-25,SKU069,WH004,86,7,0,34,1,0,58
2025-12-25,SKU073,WH003,425,2,47,38,1,2,433
2025-12-25,SKU150,WH005,244,18,19,29,0,0,252
2025-12-25,SKU037,WH003,182,14,0,19,0,0,177
2025-12-25,SKU080,WH002,45,13,0,5,0,0,53
2025-12-25,SKU095,WH005,50,14,9,5,0,0,68
2025-12-25,SKU118,WH004,221,19,0,15,0,3,222
2025-12-25,SKU082,WH001,172,9,0,23,0,0,158
2025-12-25,SKU016,WH005,223,7,0,7,0,0,223
2025-12-25,SKU107,WH002,474,10,0,24,0,0,460
2025-12-25,SKU045,WH005,45,5,19,23,1,0,45
2025-12-25,SKU071,WH001,193,6,5,6,0,0,198
2025-12-25,SKU014,WH005,590,5,0,36,0,0,559
2025-12-25,SKU109,WH005,103,4,0,12,0,0,95
2025-12-25,SKU038,WH004,437,13,32,25,0,0,457
2025-12-25,SKU079,WH004,456,3,38,44,0,0,453
2025-12-25,SKU043,WH004,132,2,0,14,0,0,120
2025-12-25,SKU145,WH004,286,17,0,36,0,0,267
2025-12-25,SKU053,WH001,164,8,0,30,0,0,142
2025-12-25,SKU121,WH001,380,9,17,15,0,0,391
2025-12-25,SKU017,WH002,148,18,0,27,0,0,139
2025-12-25,SKU029,WH003,513,15,0,29,0,1,498
2025-12-25,SKU061,WH001,32,11,9,2,0,0,50
2025-12-25,SKU047,WH004,106,15,7,8,0,0,120
2025-12-25,SKU074,WH004,140,18,0,32,0,0,126
2025-12-25,SKU064,WH001,132,17,0,22,0,2,125
2025-12-25,SKU104,WH001,50,23,0,7,0,0,66
2025-12-25,SKU108,WH002,355,8,45,27,1,1,379
2025-12-25,SKU041,WH004,364,10,0,32,0,0,342
2025-12-25,SKU036,WH005,309,20,0,20,1,0,308
2025-12-25,SKU070,WH003,64,14,0,22,2,0,54
2025-12-25,SKU128,WH005,133,1,0,7,0,1,126
2025-12-25,SKU054,WH002,93,11,29,22,1,0,110
2025-12-25,SKU011,WH004,298,9,0,23,0,0,284
2025-12-25,SKU018,WH005,321,9,0,20,0,2,308
2025-12-25,SKU044,WH002,214,14,0,19,0,2,207
2025-12-25,SKU076,WH002,84,8,22,23,0,0,91
2025-12-25,SKU129,WH005,735,24,24,16,0,0,767
2025-12-25,SKU132,WH004,647,19,37,29,0,2,672
2025-12-25,SKU015,WH005,57,9,13,9,0,0,70
2025-12-26,SKU007,WH004,238,6,0,9,0,0,235
2025-12-26,SKU057,WH001,120,9,25,13,0,0,141
2025-12-26,SKU062,WH001,198,7,0,15,0,0,190
2025-12-26,SKU098,WH005,251,4,23,24,0,0,254
2025-12-26,SKU124,WH005,69,7,0,17,1,0,58
2025-12-26,SKU019,WH004,244,15,39,30,0,0,268
2025-12-26,SKU021,WH002,210,19,0,19,1,1,208
2025-12-26,SKU143,WH004,315,17,0,11,0,2,319
2025-12-26,SKU027,WH001,324,5,0,11,0,0,318
2025-12-26,SKU035,WH001,178,18,0,24,0,1,171
2025-12-26,SKU111,WH003,82,12,0,39,0,0,55
2025-12-26,SKU149,WH005,442,11,0,28,0,1,424
2025-12-26,SKU087,WH004,504,16,0,23,2,0,495
2025-12-26,SKU078,WH001,193,8,14,18,0,0,197
2025-12-26,SKU120,WH005,306,3,0,16,0,0,293
2025-12-26,SKU106,WH003,91,15,25,36,0,0,95
2025-12-26,SKU034,WH002,535,9,0,19,0,1,524
2025-12-26,SKU047,WH004,111,15,0,11,0,0,115
2025-12-26,SKU029,WH004,122,22,0,25,0,0,119
2025-12-26,SKU140,WH004,121,9,25,19,0,1,135
2025-12-26,SKU010,WH004,160,10,44,47,0,0,167
2025-12-26,SKU036,WH005,123,11,0,22,0,0,112
2025-12-26,SKU089,WH005,79,11,6,7,1,0,88
2025-12-26,SKU082,WH001,215,9,0,16,0,0,208
2025-12-26,SKU131,WH001,24,4,0,5,0,0,23
2025-12-26,SKU092,WH001,298,11,0,14,0,2,293
2025-12-26,SKU008,WH005,515,5,46,35,0,1,530
2025-12-26,SKU072,WH002,252,4,33,29,1,0,259
2025-12-26,SKU015,WH005,58,9,9,10,0,0,66
2025-12-26,SKU046,WH004,552,11,35,30,1,2,565
2025-12-26,SKU064,WH005,390,22,25,25,0,1,411
2025-12-26,SKU076,WH004,38,13,29,26,0,0,54
2025-12-26,SKU009,WH003,75,14,11,8,0,0,92
2025-12-26,SKU045,WH004,39,17,0,13,0,0,43
2025-12-26,SKU093,WH002,609,2,43,29,0,1,624
2025-12-26,SKU081,WH005,501,9,0,28,2,0,480
2025-12-26,SKU043,WH004,91,2,0,11,0,1,81
2025-12-26,SKU150,WH003,533,21,0,12,0,1,541
2025-12-26,SKU056,WH005,154,7,0,17,0,1,143
2025-12-26,SKU142,WH005,753,6,0,38,0,1,720
2025-12-26,SKU049,WH004,181,4,26,16,0,2,193
2025-12-26,SKU016,WH004,27,9,20,15,0,1,40
2025-12-26,SKU101,WH003,212,2,0,18,0,0,196
2025-12-26,SKU102,WH005,203,10,0,25,1,0,187
2025-12-26,SKU146,WH002,416,18,0,17,0,1,416
2025-12-27,SKU141,WH001,43,16,0,4,0,1,54
2025-12-27,SKU006,WH001,580,19,0,21,0,2,576
2025-12-27,SKU119,WH003,402,22,26,22,0,0,428
2025-12-27,SKU005,WH004,156,6,0,11,0,0,151
2025-12-27,SKU137,WH001,99,18,11,8,0,0,120
2025-12-27,SKU039,WH001,301,9,35,33,0,0,312
2025-12-27,SKU083,WH002,112,6,0,18,0,0,100
2025-12-27,SKU002,WH004,573,9,25,29,1,0,577
2025-12-27,SKU054,WH005,133,12,0,17,0,0,128
2025-12-27,SKU007,WH002,123,14,0,19,0,1,117
2025-12-27,SKU068,WH001,158,4,0,5,0,0,157
2025-12-27,SKU036,WH002,90,16,0,25,1,0,80
2025-12-27,SKU052,WH001,84,11,11,8,0,0,98
2025-12-27,SKU082,WH004,143,10,0,31,0,1,121
2025-12-27,SKU113,WH004,114,11,0,13,0,0,112
2025-12-27,SKU050,WH003,590,3,0,29,1,4,559
2025-12-27,SKU135,WH004,60,11,0,12,0,1,58
2025-12-27,SKU022,WH005,125,15,32,20,0,2,150
2025-12-27,SKU090,WH003,238,12,0,14,2,0,234
2025-12-27,SKU014,WH005,458,8,0,31,0,1,434
2025-12-27,SKU103,WH001,79,15,6,6,0,0,94
2025-12-27,SKU098,WH001,255,6,0,22,0,0,239
2025-12-27,SKU009,WH001,58,6,0,5,0,0,59
2025-12-27,SKU149,WH002,326,11,0,33,0,1,303
2025-12-27,SKU122,WH003,72,11,0,15,1,0,67
2025-12-27,SKU105,WH003,61,5,6,4,0,0,68
2025-12-27,SKU109,WH004,235,7,0,8,0,2,232
2025-12-27,SKU094,WH001,433,7,0,22,0,0,418
2025-12-27,SKU106,WH002,145,16,37,24,0,0,174
2025-12-27,SKU131,WH005,187,8,9,5,0,0,199
2025-12-27,SKU004,WH004,296,19,0,8,0,2,305
2025-12-27,SKU132,WH002,397,15,0,22,0,1,389
2025-12-27,SKU026,WH001,348,1,0,23,1,0,325
2025-12-27,SKU030,WH003,107,7,0,25,0,1,88
2025-12-27,SKU060,WH003,206,8,0,21,0,0,193
2025-12-27,SKU056,WH005,271,4,0,23,0,2,250
2025-12-27,SKU142,WH005,220,10,0,42,0,0,188
2025-12-27,SKU116,WH004,352,18,0,19,0,0,351
2025-12-27,SKU053,WH003,68,4,23,17,0,0,78
2025-12-27,SKU084,WH005,41,4,3,2,0,0,46
2025-12-27,SKU043,WH005,443,6,14,15,0,1,447
2025-12-27,SKU067,WH005,227,8,0,29,0,0,206
2025-12-27,SKU037,WH003,130,10,0,26,0,1,113
2025-12-27,SKU102,WH003,314,11,31,22,0,2,332
2025-12-27,SKU065,WH003,65,22,0,2,1,0,84
2025-12-28,SKU021,WH001,410,21,13,12,0,1,431
2025-12-28,SKU135,WH003,265,10,19,12,0,2,280
2025-12-28,SKU120,WH003,101,3,17,14,0,0,107
2025-12-28,SKU013,WH001,77,19,0,10,0,0,86
2025-12-28,SKU097,WH001,17,8,10,5,0,0,30
2025-12-28,SKU002,WH003,415,9,0,20,0,0,404
2025-12-28,SKU116,WH005,399,19,24,22,0,0,420
2025-12-28,SKU058,WH001,451,6,31,35,0,1,452
2025-12-28,SKU082,WH004,399,13,0,27,1,0,384
2025-12-28,SKU086,WH003,544,15,29,15,0,1,572
2025-12-28,SKU039,WH001,724,4,36,36,0,1,727
2025-12-28,SKU051,WH001,60,17,0,8,0,0,69
2025-12-28,SKU066,WH005,117,12,0,16,0,0,113
2025-12-28,SKU062,WH004,173,4,0,16,0,0,161
2025-12-28,SKU078,WH005,181,9,0,13,0,1,176
2025-12-28,SKU112,WH003,26,10,0,7,0,0,29
2025-12-28,SKU005,WH005,97,3,0,12,0,0,88
2025-12-28,SKU044,WH002,291,16,32,33,0,1,305
2025-12-28,SKU128,WH005,280,6,0,10,0,0,276
2025-12-28,SKU064,WH001,119,19,0,18,0,0,120
2025-12-28,SKU108,WH003,176,9,37,38,0,0,184
2025-12-28,SKU130,WH004,294,1,0,18,0,0,277
2025-12-28,SKU121,WH002,67,13,0,19,0,0,61
2025-12-28,SKU016,WH003,125,6,13,5,1,0,138
2025-12-28,SKU049,WH001,490,7,0,20,0,1,476
2025-12-28,SKU057,WH005,258,14,0,19,1,0,252
2025-12-28,SKU119,WH001,95,20,24,24,0,1,114
2025-12-28,SKU091,WH001,84,18,8,9,0,0,101
2025-12-28,SKU088,WH003,120,5,0,4,0,0,121
2025-12-28,SKU069,WH003,642,2,0,28,0,3,613
2025-12-28,SKU020,WH004,273,14,0,8,0,0,279
2025-12-28,SKU032,WH003,51,17,0,7,1,0,60
2025-12-28,SKU001,WH001,352,16,20,15,1,1,371
2025-12-28,SKU099,WH003,192,14,0,34,1,0,171
2025-12-28,SKU075,WH002,113,6,0,15,0,0,104
2025-12-28,SKU089,WH002,56,26,7,6,0,0,83
2025-12-28,SKU065,WH002,61,13,0,9,0,0,65
2025-12-28,SKU063,WH004,284,6,0,32,0,0,258
2025-12-28,SKU098,WH002,119,4,29,32,0,0,120
2025-12-28,SKU045,WH001,70,15,20,12,0,1,92
2025-12-28,SKU090,WH003,209,4,0,11,1,0,201
2025-12-28,SKU143,WH001,12,13,0,13,0,0,12
2025-12-28,SKU031,WH004,493,5,0,25,1,0,472
2025-12-28,SKU122,WH004,169,22,20,12,0,1,198
2025-12-28,SKU146,WH005,313,20,0,28,0,0,305
2025-12-29,SKU018,WH002,120,13,0,21,0,0,112
2025-12-29,SKU036,WH005,386,15,0,20,0,0,381
2025-12-29,SKU037,WH004,219,18,25,19,0,0,243
2025-12-29,SKU054,WH004,240,15,23,16,0,0,262
2025-12-29,SKU056,WH002,144,2,20,15,0,0,151
2025-12-29,SKU130,WH001,329,1,0,20,0,0,310
2025-12-29,SKU040,WH002,123,16,11,14,0,0,136
2025-12-29,SKU014,WH004,1037,14,0,22,0,1,1028
2025-12-29,SKU125,WH004,274,2,0,30,0,2,244
2025-12-29,SKU082,WH001,375,10,0,23,0,2,360
2025-12-29,SKU133,WH001,50,24,0,9,0,0,65
2025-12-29,SKU004,WH001,48,19,0,8,1,0,58
2025-12-29,SKU109,WH001,151,4,14,12,0,0,157
2025-12-29,SKU076,WH004,93,10,26,18,0,2,109
2025-12-29,SKU145,WH003,319,14,0,37,0,0,296
2025-12-29,SKU045,WH005,360,16,0,11,0,0,365
2025-12-29,SKU010,WH002,197,13,0,26,1,1,182
2025-12-29,SKU117,WH005,208,6,0,15,0,1,198
2025-12-29,SKU041,WH005,522,11,0,28,1,3,501
2025-12-29,SKU118,WH003,106,9,24,24,0,0,115
2025-12-29,SKU089,WH004,78,23,0,6,0,0,95
2025-12-29,SKU027,WH004,157,8,0,23,0,0,142
2025-12-29,SKU057,WH005,327,13,0,27,0,1,312
2025-12-29,SKU144,WH002,29,14,0,4,0,1,38
2025-12-29,SKU079,WH001,240,6,0,30,0,0,216
2025-12-29,SKU129,WH002,357,17,0,15,0,0,359
2025-12-29,SKU043,WH003,87,2,16,14,1,0,90
2025-12-29,SKU021,WH003,108,6,0,9,0,0,105
2025-12-29,SKU106,WH001,496,16,0,37,0,2,473
2025-12-29,SKU098,WH002,278,6,0,23,0,0,261
2025-12-29,SKU069,WH004,282,4,0,32,2,1,251
2025-12-29,SKU015,WH003,54,7,0,8,0,1,52
2025-12-29,SKU148,WH001,96,1,0,18,0,0,79
2025-12-29,SKU131,WH001,111,3,6,10,0,0,110
2025-12-29,SKU049,WH001,185,9,19,21,0,1,191
2025-12-29,SKU051,WH004,58,16,0,6,0,0,68
2025-12-29,SKU142,WH003,777,4,32,38,0,1,774
2025-12-29,SKU107,WH005,125,12,30,22,0,0,145
2025-12-29,SKU149,WH001,156,11,0,27,0,0,140
2025-12-29,SKU033,WH002,227,5,0,24,0,0,208
2025-12-29,SKU094,WH005,529,6,0,19,0,3,513
2025-12-29,SKU140,WH002,165,11,0,18,0,0,158
2025-12-29,SKU016,WH002,192,6,0,16,0,0,182
2025-12-29,SKU031,WH003,213,6,0,31,0,0,188
2025-12-29,SKU147,WH002,192,4,40,21,0,2,213
2025-12-30,SKU120,WH004,207,6,14,9,0,0,218
2025-12-30,SKU123,WH004,68,14,0,5,0,0,77
2025-12-30,SKU140,WH004,87,12,30,33,1,0,95
2025-12-30,SKU091,WH003,26,9,0,8,0,0,27
2025-12-30,SKU119,WH004,401,22,0,12,0,3,408
2025-12-30,SKU109,WH004,78,5,0,5,0,0,78
2025-12-30,SKU064,WH002,230,20,0,22,0,0,228
2025-12-30,SKU002,WH002,233,10,0,22,0,1,220
2025-12-30,SKU022,WH003,478,11,0,22,0,0,467
2025-12-30,SKU149,WH001,292,10,0,37,0,0,265
2025-12-30,SKU044,WH005,108,12,0,22,0,0,98
2025-12-30,SKU087,WH003,565,21,0,20,0,2,564
2025-12-30,SKU001,WH003,116,21,0,17,0,0,120
2025-12-30,SKU106,WH004,160,18,0,19,0,0,159
2025-12-30,SKU098,WH001,428,6,37,25,0,1,445
2025-12-30,SKU033,WH004,144,5,0,31,0,0,118
2025-12-30,SKU019,WH001,413,17,0,23,0,0,407
2025-12-30,SKU146,WH001,466,15,23,19,0,0,485
2025-12-30,SKU024,WH003,159,18,0,15,0,0,162
2025-12-30,SKU074,WH004,313,13,31,28,0,1,328
2025-12-30,SKU034,WH001,186,8,31,21,0,0,204
2025-12-30,SKU143,WH005,166,14,10,12,0,0,178
2025-12-30,SKU069,WH003,326,6,0,29,0,0,303
2025-12-30,SKU018,WH003,358,9,18,14,0,1,370
2025-12-30,SKU099,WH002,486,14,0,30,0,1,469
2025-12-30,SKU111,WH002,445,19,0,30,0,2,432
2025-12-30,SKU012,WH003,61,13,0,13,1,0,60
2025-12-30,SKU065,WH003,37,23,0,7,0,0,53
2025-12-30,SKU138,WH005,125,16,0,5,0,0,136
2025-12-30,SKU025,WH005,76,11,17,19,0,0,85
2025-12-30,SKU122,WH003,93,20,15,14,0,1,113
2025-12-30,SKU147,WH003,291,1,0,18,0,0,274
2025-12-30,SKU038,WH002,178,20,0,26,0,0,172
2025-12-30,SKU102,WH005,56,7,0,34,0,0,29
2025-12-30,SKU108,WH004,250,13,0,26,0,0,237
2025-12-30,SKU116,WH001,294,15,0,21,0,0,288
2025-12-30,SKU061,WH004,59,16,8,3,0,0,80
2025-12-30,SKU058,WH001,320,15,0,23,0,0,312
2025-12-30,SKU059,WH001,67,9,0,10,0,1,65
2025-12-30,SKU067,WH001,198,12,35,23,0,0,222
2025-12-30,SKU139,WH001,325,8,0,24,1,0,308
2025-12-30,SKU054,WH005,175,19,0,13,0,1,180
2025-12-30,SKU096,WH003,382,14,0,31,2,4,359
2025-12-30,SKU145,WH002,270,12,0,32,0,1,249
2025-12-30,SKU085,WH005,589,5,0,35,1,2,556
2025-12-31,SKU072,WH003,898,5,0,34,0,2,867
2025-12-31,SKU005,WH002,63,0,0,13,0,0,50
2025-12-31,SKU034,WH004,352,7,0,16,1,0,342
2025-12-31,SKU050,WH005,119,6,0,38,1,0,86
2025-12-31,SKU012,WH003,55,4,0,9,0,0,50
2025-12-31,SKU102,WH004,199,10,0,33,0,0,176
2025-12-31,SKU014,WH001,386,4,0,41,0,0,349
2025-12-31,SKU052,WH004,44,9,0,5,0,0,48
2025-12-31,SKU028,WH004,234,8,21,8,0,0,255
2025-12-31,SKU101,WH002,228,4,0,22,0,1,209
2025-12-31,SKU049,WH004,358,8,0,25,1,0,340
2025-12-31,SKU114,WH001,145,14,13,10,1,0,161
2025-12-31,SKU122,WH003,62,18,14,17,0,0,77
2025-12-31,SKU141,WH001,93,17,0,8,0,0,102
2025-12-31,SKU033,WH005,494,4,0,28,0,1,469
2025-12-31,SKU076,WH001,105,15,16,25,1,0,110
2025-12-31,SKU039,WH004,234,7,36,31,1,0,245
2025-12-31,SKU079,WH004,44,10,0,35,1,0,18
2025-12-31,SKU029,WH002,886,12,43,19,1,3,918
2025-12-31,SKU008,WH004,1200,3,0,34,0,1,1168
2025-12-31,SKU065,WH005,83,14,6,9,0,0,94
2025-12-31,SKU044,WH005,307,9,0,38,0,2,276
2025-12-31,SKU022,WH002,200,20,0,26,0,1,193
2025-12-31,SKU023,WH004,100,14,20,23,0,0,111
2025-12-31,SKU018,WH003,125,24,0,22,0,1,126
2025-12-31,SKU123,WH001,33,11,0,13,0,0,31
2025-12-31,SKU015,WH003,36,6,0,6,0,1,35
2025-12-31,SKU007,WH002,187,14,17,11,1,0,206
2025-12-31,SKU051,WH003,43,24,0,1,0,0,66
2025-12-31,SKU091,WH001,71,18,7,10,0,0,86
2025-12-31,SKU135,WH005,36,6,0,18,0,0,24
2025-12-31,SKU100,WH003,230,7,0,8,0,1,228
2025-12-31,SKU096,WH001,148,19,47,33,1,0,180
2025-12-31,SKU020,WH001,98,17,17,8,0,0,124
2025-12-31,SKU140,WH001,219,9,0,14,0,2,212
2025-12-31,SKU097,WH003,39,12,8,5,0,0,54
2025-12-31,SKU043,WH002,214,4,18,14,0,0,222
2025-12-31,SKU127,WH003,241,2,0,24,0,0,219
2025-12-31,SKU117,WH005,290,10,10,8,0,1,301
2025-12-31,SKU056,WH005,35,3,0,17,0,0,21
2025-12-31,SKU026,WH002,468,2,29,25,0,1,473
2025-12-31,SKU066,WH005,657,16,26,26,0,1,672
2025-12-31,SKU129,WH005,427,22,0,21,1,2,425
2025-12-31,SKU046,WH005,523,9,0,31,1,2,498
2025-12-31,SKU074,WH003,339,8,0,30,0,0,317
