PO_ID,PO_Date,Supplier_ID,Product_ID,Warehouse_ID,Ordered_Qty,Received_Qty,Expected_Date,Actual_Receipt_Date,PO_Status,Unit_Cost
PO000001,2025-10-04,SUP011,SKU041,WH003,854,850,2025-10-25,2025-10-23,Closed,8.46
PO000002,2025-12-21,SUP020,SKU114,WH001,1233,1193,2026-01-02,2026-01-02,Closed,10.59
PO000003,2025-06-09,SUP017,SKU034,WH003,610,556,2025-06-17,2025-06-17,Closed,3.69
PO000004,2025-09-17,SUP005,SKU060,WH001,67,65,2025-10-04,2025-10-09,Closed,9.75
PO000005,2025-03-02,SUP023,SKU001,WH003,771,726,2025-03-27,2025-03-27,Closed,3.18
PO000006,2025-04-04,SUP013,SKU052,WH004,58,49,2025-04-16,2025-04-21,Late,7.96
PO000007,2025-10-31,SUP022,SKU118,WH001,1045,995,2025-11-24,2025-11-24,Closed,8.37
PO000008,2025-10-08,SUP025,SKU102,WH004,997,968,2025-10-16,2025-10-14,Closed,10.0
PO000009,2025-04-12,SUP020,SKU096,WH005,117,114,2025-04-22,2025-04-24,Closed,4.22
PO000010,2025-09-14,SUP004,SKU134,WH005,969,902,2025-10-09,2025-10-08,Closed,2.09
PO000011,2025-04-15,SUP015,SKU088,WH001,232,200,2025-05-03,2025-05-02,Closed,6.94
PO000012,2025-08-27,SUP003,SKU083,WH004,1444,1407,2025-09-16,2025-09-15,Closed,2.58
PO000013,2025-02-25,SUP002,SKU131,WH002,807,790,2025-03-22,2025-03-22,Closed,8.58
PO000014,2025-03-07,SUP011,SKU097,WH002,639,624,2025-03-25,2025-04-02,Closed,6.92
PO000015,2025-11-01,SUP024,SKU028,WH005,1423,1218,2025-11-08,2025-11-07,Closed,4.97
PO000016,2025-07-24,SUP016,SKU029,WH004,751,668,2025-08-05,2025-08-05,Closed,11.3
PO000017,2025-03-14,SUP020,SKU081,WH003,825,708,2025-04-04,2025-04-04,Closed,9.8
PO000018,2025-10-18,SUP024,SKU010,WH002,491,170,2025-10-23,,Open,2.72
PO000019,2025-01-19,SUP022,SKU118,WH001,420,26,2025-02-12,,Open,8.37
PO000020,2025-05-15,SUP006,SKU042,WH003,256,225,2025-05-31,2025-05-30,Closed,6.84
PO000021,2025-08-29,SUP017,SKU055,WH005,548,539,2025-09-23,2025-09-21,Late,11.32
PO000022,2025-11-13,SUP025,SKU103,WH004,350,317,2025-11-23,2025-11-21,Closed,8.91
PO000023,2025-11-20,SUP021,SKU036,WH001,1290,1224,2025-11-25,2025-12-03,Closed,7.17
PO000024,2025-12-17,SUP006,SKU032,WH002,654,564,2026-01-09,2026-01-15,Closed,4.53
PO000025,2025-03-18,SUP016,SKU067,WH002,1212,1063,2025-04-03,2025-04-02,Closed,3.61
PO000026,2025-03-12,SUP025,SKU103,WH001,1344,1214,2025-03-22,2025-03-21,Closed,8.91
PO000027,2025-05-15,SUP022,SKU117,WH004,612,596,2025-05-20,2025-05-23,Closed,2.99
PO000028,2025-07-06,SUP025,SKU102,WH003,102,100,2025-07-14,2025-07-14,Closed,10.0
PO000029,2025-06-28,SUP008,SKU121,WH004,781,673,2025-07-08,2025-07-16,Closed,6.97
PO000030,2025-03-03,SUP022,SKU135,WH004,1302,1143,2025-03-09,2025-03-15,Closed,4.41
PO000031,2025-01-14,SUP024,SKU010,WH002,1256,1193,2025-01-19,2025-01-17,Closed,2.72
PO000032,2025-02-03,SUP024,SKU022,WH003,708,632,2025-02-11,2025-02-10,Closed,11.85
PO000033,2025-05-06,SUP020,SKU090,WH004,211,181,2025-05-22,2025-05-22,Closed,7.29
PO000034,2025-04-05,SUP017,SKU055,WH004,508,481,2025-04-30,2025-04-29,Closed,11.32
PO000035,2025-12-23,SUP003,SKU030,WH002,218,199,2026-01-10,2026-01-10,Closed,11.72
PO000036,2025-01-25,SUP022,SKU113,WH002,938,823,2025-02-03,2025-02-03,Closed,11.04
PO000037,2025-11-08,SUP015,SKU037,WH001,1356,1213,2025-11-15,2025-11-13,Closed,3.03
PO000038,2025-02-18,SUP017,SKU063,WH003,838,836,2025-03-07,2025-03-05,Closed,3.72
PO000039,2025-05-20,SUP023,SKU089,WH001,1024,939,2025-05-30,2025-05-29,Closed,1.53
PO000040,2025-03-16,SUP002,SKU040,WH005,537,506,2025-04-03,2025-04-03,Closed,1.97
PO000041,2025-11-28,SUP007,SKU015,WH002,715,71,2025-12-06,,Open,10.87
PO000042,2025-08-24,SUP017,SKU020,WH005,444,441,2025-09-02,2025-09-01,Closed,8.72
PO000043,2025-03-24,SUP018,SKU079,WH001,488,448,2025-03-30,2025-03-29,Closed,3.5
PO000044,2025-10-17,SUP005,SKU070,WH005,429,419,2025-10-29,2025-10-28,Closed,4.2
PO000045,2025-03-04,SUP025,SKU009,WH005,1074,942,2025-03-21,2025-03-20,Closed,11.58
PO000046,2025-11-18,SUP019,SKU018,WH003,847,733,2025-11-30,2025-11-28,Closed,10.5
PO000047,2025-06-09,SUP001,SKU105,WH005,1198,1025,2025-06-21,2025-06-20,Closed,11.35
PO000048,2025-10-07,SUP019,SKU080,WH005,869,773,2025-10-17,2025-10-15,Closed,10.96
PO000049,2025-04-29,SUP008,SKU121,WH001,847,817,2025-05-09,2025-05-08,Closed,6.97
PO000050,2025-11-05,SUP017,SKU074,WH003,1492,1449,2025-11-18,2025-11-17,Closed,7.35
PO000051,2025-01-01,SUP015,SKU037,WH001,952,816,2025-01-08,2025-01-10,Late,3.03
PO000052,2025-09-19,SUP011,SKU041,WH004,176,151,2025-10-10,2025-10-08,Closed,8.46
PO000053,2025-11-11,SUP006,SKU071,WH001,1168,1145,2025-11-16,2025-11-14,Closed,8.74
PO000054,2025-03-15,SUP006,SKU042,WH005,1003,983,2025-03-31,2025-03-31,Closed,6.84
PO000055,2025-02-28,SUP006,SKU002,WH005,701,649,2025-03-07,2025-03-07,Closed,10.55
PO000056,2025-11-17,SUP004,SKU076,WH003,298,57,2025-11-22,,Open,3.8
PO000057,2025-04-17,SUP021,SKU059,WH005,453,437,2025-04-26,2025-04-26,Closed,6.52
PO000058,2025-02-18,SUP005,SKU013,WH003,448,381,2025-02-25,2025-02-24,Closed,7.59
PO000059,2025-02-02,SUP013,SKU014,WH003,1185,1164,2025-02-15,2025-02-15,Closed,9.53
PO000060,2025-11-23,SUP006,SKU127,WH004,571,551,2025-12-09,2025-12-07,Late,10.11
PO000061,2025-11-05,SUP024,SKU010,WH002,786,759,2025-11-10,2025-11-10,Closed,2.72
PO000062,2025-06-22,SUP006,SKU042,WH003,374,336,2025-07-08,2025-07-06,Late,6.84
PO000063,2025-12-05,SUP018,SKU072,WH004,1465,1300,2025-12-11,2025-12-17,Closed,9.04
PO000064,2025-01-17,SUP025,SKU073,WH005,1467,1388,2025-01-22,2025-01-22,Closed,2.98
PO000065,2025-10-03,SUP025,SKU103,WH001,1392,1339,2025-10-13,2025-10-12,Closed,8.91
PO000066,2025-05-17,SUP016,SKU045,WH002,1071,951,2025-05-23,2025-05-23,Closed,3.07
PO000067,2025-10-03,SUP025,SKU004,WH002,1351,1286,2025-10-26,2025-10-31,Closed,6.13
PO000068,2025-08-18,SUP016,SKU029,WH002,1295,405,2025-08-30,,Open,11.3
PO000069,2025-07-24,SUP010,SKU145,WH005,1192,1145,2025-08-13,2025-08-12,Late,4.64
PO000070,2025-10-11,SUP025,SKU017,WH001,1037,288,2025-10-22,,Open,10.74
PO000071,2025-11-13,SUP014,SKU143,WH003,130,120,2025-12-05,2025-12-06,Closed,11.18
PO000072,2025-11-06,SUP021,SKU059,WH001,520,516,2025-11-15,2025-11-15,Closed,6.52
PO000073,2025-08-12,SUP014,SKU047,WH004,1261,1109,2025-08-30,2025-08-28,Closed,5.04
PO000074,2025-03-12,SUP014,SKU006,WH004,852,780,2025-04-05,2025-04-04,Closed,4.49
PO000075,2025-04-13,SUP025,SKU009,WH005,1481,1430,2025-04-30,2025-05-02,Closed,11.58
PO000076,2025-03-19,SUP014,SKU058,WH003,739,655,2025-04-01,2025-03-31,Closed,5.4
PO000077,2025-01-24,SUP022,SKU135,WH002,1251,1211,2025-01-30,2025-01-31,Closed,4.41
PO000078,2025-06-09,SUP013,SKU052,WH002,686,622,2025-06-21,2025-06-19,Closed,7.96
PO000079,2025-03-26,SUP002,SKU136,WH004,65,58,2025-04-18,2025-04-17,Closed,4.12
PO000080,2025-05-29,SUP013,SKU130,WH002,541,522,2025-06-13,2025-06-18,Closed,5.55
PO000081,2025-11-20,SUP015,SKU139,WH002,1201,242,2025-12-04,,Open,11.11
PO000082,2025-02-01,SUP011,SKU099,WH001,1132,1021,2025-02-10,2025-02-09,Closed,8.59
PO000083,2025-12-15,SUP025,SKU009,WH005,965,934,2026-01-01,2026-01-09,Closed,11.58
PO000084,2025-01-10,SUP012,SKU016,WH001,355,307,2025-01-27,2025-01-27,Closed,2.94
PO000085,2025-12-15,SUP025,SKU073,WH003,381,332,2025-12-20,2025-12-26,Late,2.98
PO000086,2025-08-25,SUP025,SKU009,WH003,858,779,2025-09-11,2025-09-09,Closed,11.58
PO000087,2025-10-12,SUP017,SKU074,WH004,1301,1182,2025-10-25,2025-10-24,Closed,7.35
PO000088,2025-07-21,SUP022,SKU133,WH003,148,27,2025-08-01,,Open,7.69
PO000089,2025-05-14,SUP013,SKU014,WH003,1012,1009,2025-05-27,2025-05-26,Late,9.53
PO000090,2025-05-03,SUP013,SKU039,WH001,539,471,2025-05-20,2025-05-18,Closed,9.94
PO000091,2025-03-16,SUP015,SKU033,WH001,1152,337,2025-03-22,,Open,10.83
PO000092,2025-06-23,SUP012,SKU061,WH004,755,749,2025-07-12,2025-07-12,Closed,7.1
PO000093,2025-10-28,SUP022,SKU118,WH002,276,267,2025-11-21,2025-11-21,Closed,8.37
PO000094,2025-05-27,SUP024,SKU010,WH002,602,568,2025-06-01,2025-05-31,Closed,2.72
PO000095,2025-02-15,SUP022,SKU117,WH003,490,475,2025-02-20,2025-02-24,Closed,2.99
PO000096,2025-10-22,SUP016,SKU045,WH004,757,143,2025-10-28,,Open,3.07
PO000097,2025-03-31,SUP008,SKU121,WH001,970,846,2025-04-10,2025-04-08,Closed,6.97
PO000098,2025-06-28,SUP023,SKU001,WH003,651,632,2025-07-23,2025-07-22,Closed,3.18
PO000099,2025-04-28,SUP017,SKU063,WH001,298,254,2025-05-15,2025-05-13,Closed,3.72
PO000100,2025-02-15,SUP004,SKU134,WH002,258,253,2025-03-12,2025-03-19,Closed,2.09
PO000101,2025-03-03,SUP016,SKU141,WH005,939,826,2025-03-16,2025-03-14,Closed,6.49
PO000102,2025-09-16,SUP003,SKU083,WH001,159,155,2025-10-06,2025-10-13,Closed,2.58
PO000103,2025-11-11,SUP019,SKU018,WH005,332,297,2025-11-23,2025-11-21,Closed,10.5
PO000104,2025-12-15,SUP020,SKU126,WH001,930,831,2026-01-06,2026-01-04,Closed,2.53
PO000105,2025-09-21,SUP010,SKU145,WH001,175,165,2025-10-11,2025-10-11,Closed,4.64
PO000106,2025-12-26,SUP016,SKU045,WH002,757,699,2026-01-01,2025-12-30,Closed,3.07
PO000107,2025-07-29,SUP011,SKU109,WH005,374,370,2025-08-13,2025-08-11,Closed,7.66
PO000108,2025-12-21,SUP022,SKU133,WH003,729,724,2026-01-01,2026-01-06,Closed,7.69
PO000109,2025-10-03,SUP017,SKU063,WH001,896,835,2025-10-20,2025-10-20,Closed,3.72
PO000110,2025-08-01,SUP017,SKU050,WH003,276,244,2025-08-21,2025-08-19,Late,7.03
PO000111,2025-04-03,SUP021,SKU021,WH001,1203,54,2025-04-08,,Open,5.64
PO000112,2025-07-22,SUP023,SKU125,WH004,901,787,2025-08-11,2025-08-10,Closed,2.72
PO000113,2025-05-29,SUP019,SKU049,WH001,269,231,2025-06-06,2025-06-06,Closed,1.72
PO000114,2025-05-12,SUP012,SKU069,WH002,938,886,2025-05-27,2025-05-28,Closed,8.73
PO000115,2025-04-11,SUP015,SKU037,WH005,947,845,2025-04-18,2025-04-17,Closed,3.03
PO000116,2025-05-19,SUP006,SKU042,WH001,211,196,2025-06-04,2025-06-02,Closed,6.84
PO000117,2025-12-21,SUP010,SKU147,WH003,804,710,2026-01-15,2026-01-13,Late,9.49
PO000118,2025-08-06,SUP015,SKU033,WH003,977,917,2025-08-12,2025-08-20,Closed,10.83
PO000119,2025-02-07,SUP004,SKU106,WH001,1487,1389,2025-02-17,2025-02-15,Closed,10.85
PO000120,2025-01-13,SUP023,SKU046,WH004,1000,952,2025-01-24,2025-01-24,Closed,4.22
PO000121,2025-03-31,SUP005,SKU060,WH002,759,662,2025-04-17,2025-04-23,Closed,9.75
PO000122,2025-08-07,SUP014,SKU047,WH005,1459,1354,2025-08-25,2025-08-28,Closed,5.04
PO000123,2025-11-17,SUP009,SKU129,WH003,1085,958,2025-12-09,2025-12-07,Closed,6.29
PO000124,2025-01-17,SUP025,SKU017,WH003,1096,1040,2025-01-28,2025-01-28,Closed,10.74
PO000125,2025-05-27,SUP019,SKU082,WH004,613,564,2025-06-11,2025-06-15,Closed,7.9
PO000126,2025-11-18,SUP017,SKU119,WH005,1026,978,2025-11-23,2025-11-22,Closed,11.97
PO000127,2025-08-23,SUP024,SKU150,WH004,1410,1386,2025-09-07,2025-09-06,Closed,11.46
PO000128,2025-12-18,SUP019,SKU080,WH004,447,439,2025-12-28,2025-12-26,Closed,10.96
PO000129,2025-03-14,SUP013,SKU039,WH001,1043,1021,2025-03-31,2025-03-29,Closed,9.94
PO000130,2025-11-23,SUP024,SKU150,WH001,307,285,2025-12-08,2025-12-08,Closed,11.46
PO000131,2025-07-19,SUP025,SKU004,WH005,214,199,2025-08-11,2025-08-10,Closed,6.13
PO000132,2025-06-22,SUP002,SKU085,WH003,916,870,2025-07-05,2025-07-04,Closed,2.16
PO000133,2025-02-01,SUP023,SKU089,WH001,591,552,2025-02-11,2025-02-11,Closed,1.53
PO000134,2025-02-24,SUP018,SKU079,WH003,927,823,2025-03-02,2025-03-02,Closed,3.5
PO000135,2025-08-19,SUP014,SKU006,WH005,665,565,2025-09-12,2025-09-12,Closed,4.49
PO000136,2025-07-26,SUP025,SKU009,WH005,701,631,2025-08-12,2025-08-10,Closed,11.58
PO000137,2025-12-28,SUP013,SKU014,WH003,297,87,2026-01-10,,Open,9.53
PO000138,2025-11-28,SUP017,SKU034,WH002,1452,1416,2025-12-06,2025-12-05,Closed,3.69
PO000139,2025-09-12,SUP019,SKU080,WH002,798,755,2025-09-22,2025-09-21,Closed,10.96
PO000140,2025-08-24,SUP019,SKU049,WH004,1443,1285,2025-09-01,2025-08-31,Closed,1.72
PO000141,2025-01-27,SUP008,SKU053,WH002,631,216,2025-02-18,,Open,5.27
PO000142,2025-05-16,SUP024,SKU012,WH005,942,913,2025-06-01,2025-05-30,Closed,11.08
PO000143,2025-06-25,SUP021,SKU059,WH002,471,452,2025-07-04,2025-07-04,Closed,6.52
PO000144,2025-07-02,SUP007,SKU024,WH001,458,401,2025-07-25,2025-07-24,Closed,7.58
PO000145,2025-07-20,SUP024,SKU035,WH002,255,224,2025-07-27,2025-07-26,Closed,11.5
PO000146,2025-10-04,SUP017,SKU055,WH002,956,925,2025-10-29,2025-10-28,Closed,11.32
PO000147,2025-06-28,SUP019,SKU043,WH005,872,795,2025-07-22,2025-07-26,Closed,7.04
PO000148,2025-05-05,SUP021,SKU054,WH001,1229,1224,2025-05-28,2025-05-27,Closed,8.56
PO000149,2025-04-05,SUP020,SKU081,WH001,468,462,2025-04-26,2025-05-04,Closed,9.8
PO000150,2025-11-26,SUP016,SKU029,WH002,1476,1360,2025-12-08,2025-12-08,Late,11.3
PO000151,2025-10-02,SUP018,SKU079,WH001,1108,1084,2025-10-08,2025-10-06,Closed,3.5
PO000152,2025-04-18,SUP011,SKU099,WH005,253,215,2025-04-27,2025-04-25,Closed,8.59
PO000153,2025-07-11,SUP006,SKU115,WH002,1252,1167,2025-08-04,2025-08-03,Closed,7.72
PO000154,2025-11-24,SUP015,SKU087,WH004,1197,1048,2025-12-15,2025-12-13,Closed,4.19
PO000155,2025-08-17,SUP010,SKU003,WH002,1131,143,2025-09-02,,Open,7.87
PO000156,2025-10-01,SUP020,SKU114,WH003,125,121,2025-10-13,2025-10-11,Closed,10.59
PO000157,2025-02-21,SUP021,SKU054,WH002,66,57,2025-03-16,2025-03-15,Closed,8.56
PO000158,2025-02-22,SUP006,SKU023,WH001,628,627,2025-03-14,2025-03-20,Closed,8.04
PO000159,2025-12-26,SUP020,SKU114,WH005,770,752,2026-01-07,2026-01-05,Closed,10.59
PO000160,2025-10-19,SUP012,SKU069,WH004,1112,997,2025-11-03,2025-11-03,Closed,8.73
PO000161,2025-08-03,SUP013,SKU052,WH001,236,230,2025-08-15,2025-08-18,Closed,7.96
PO000162,2025-08-15,SUP005,SKU013,WH004,888,789,2025-08-22,2025-08-20,Closed,7.59
PO000163,2025-09-15,SUP006,SKU127,WH004,583,553,2025-10-01,2025-10-01,Closed,10.11
PO000164,2025-09-14,SUP013,SKU130,WH002,833,799,2025-09-29,2025-09-28,Closed,5.55
PO000165,2025-08-30,SUP002,SKU095,WH005,1151,1003,2025-09-20,2025-09-18,Closed,10.55
PO000166,2025-08-20,SUP001,SKU048,WH002,500,454,2025-09-09,2025-09-11,Closed,6.32
PO000167,2025-05-18,SUP002,SKU085,WH002,823,718,2025-05-31,2025-05-31,Closed,2.16
PO000168,2025-10-19,SUP012,SKU044,WH003,1347,1344,2025-10-28,2025-10-28,Closed,5.88
PO000169,2025-09-02,SUP022,SKU135,WH002,325,317,2025-09-08,2025-09-08,Closed,4.41
PO000170,2025-12-01,SUP017,SKU063,WH002,251,216,2025-12-18,2025-12-19,Closed,3.72
PO000171,2025-10-06,SUP015,SKU033,WH002,369,331,2025-10-12,2025-10-10,Closed,10.83
PO000172,2025-04-21,SUP020,SKU081,WH005,825,264,2025-05-12,,Open,9.8
PO000173,2025-05-11,SUP025,SKU004,WH005,1130,1005,2025-06-03,2025-06-06,Closed,6.13
PO000174,2025-08-13,SUP016,SKU045,WH003,160,150,2025-08-19,2025-08-19,Closed,3.07
PO000175,2025-08-30,SUP021,SKU021,WH004,873,862,2025-09-04,2025-09-06,Closed,5.64
PO000176,2025-09-28,SUP008,SKU121,WH002,131,122,2025-10-08,2025-10-13,Closed,6.97
PO000177,2025-08-06,SUP013,SKU039,WH004,1355,443,2025-08-23,,Open,9.94
PO000178,2025-10-30,SUP005,SKU060,WH001,772,754,2025-11-16,2025-11-18,Closed,9.75
PO000179,2025-03-19,SUP022,SKU007,WH002,1229,1176,2025-03-29,2025-03-27,Closed,8.36
PO000180,2025-03-20,SUP024,SKU028,WH005,413,360,2025-03-27,2025-03-25,Late,4.97
PO000181,2025-06-26,SUP017,SKU050,WH004,1456,1308,2025-07-16,2025-07-14,Closed,7.03
PO000182,2025-10-02,SUP014,SKU058,WH003,1487,1341,2025-10-15,2025-10-13,Closed,5.4
PO000183,2025-10-27,SUP024,SKU149,WH002,1223,327,2025-11-01,,Open,3.72
PO000184,2025-06-05,SUP014,SKU143,WH003,1031,896,2025-06-27,2025-06-28,Late,11.18
PO000185,2025-05-03,SUP013,SKU057,WH002,610,530,2025-05-27,2025-05-25,Closed,2.31
PO000186,2025-01-02,SUP011,SKU109,WH004,688,90,2025-01-17,,Open,7.66
PO000187,2025-07-08,SUP005,SKU070,WH005,439,407,2025-07-20,2025-07-18,Closed,4.2
PO000188,2025-10-07,SUP019,SKU049,WH005,864,846,2025-10-15,2025-10-13,Closed,1.72
PO000189,2025-10-24,SUP017,SKU066,WH001,641,604,2025-11-10,2025-11-09,Closed,8.21
PO000190,2025-08-13,SUP020,SKU081,WH004,1281,1120,2025-09-03,2025-09-03,Closed,9.8
PO000191,2025-04-13,SUP014,SKU047,WH003,82,74,2025-05-01,2025-04-29,Closed,5.04
PO000192,2025-09-09,SUP024,SKU022,WH001,1296,1174,2025-09-17,2025-09-16,Closed,11.85
PO000193,2025-02-03,SUP024,SKU150,WH001,141,130,2025-02-18,2025-02-19,Closed,11.46
PO000194,2025-10-22,SUP010,SKU084,WH005,543,475,2025-11-14,2025-11-12,Closed,8.41
PO000195,2025-07-16,SUP004,SKU144,WH004,1313,1150,2025-07-28,2025-07-27,Closed,2.03
PO000196,2025-12-19,SUP012,SKU091,WH002,1435,1252,2026-01-07,2026-01-08,Closed,9.72
PO000197,2025-03-11,SUP016,SKU038,WH001,179,163,2025-04-01,2025-04-01,Closed,6.8
PO000198,2025-05-16,SUP025,SKU017,WH003,287,4,2025-05-27,,Open,10.74
PO000199,2025-09-01,SUP025,SKU132,WH005,683,598,2025-09-26,2025-09-24,Closed,8.24
PO000200,2025-01-12,SUP012,SKU069,WH001,593,528,2025-01-27,2025-01-26,Closed,8.73
PO000201,2025-02-19,SUP016,SKU029,WH003,668,633,2025-03-03,2025-03-02,Closed,11.3
PO000202,2025-08-28,SUP002,SKU040,WH002,360,315,2025-09-15,2025-09-15,Closed,1.97
PO000203,2025-06-27,SUP010,SKU084,WH005,208,178,2025-07-20,2025-07-19,Closed,8.41
PO000204,2025-09-10,SUP002,SKU040,WH001,1368,1299,2025-09-28,2025-09-28,Closed,1.97
PO000205,2025-10-31,SUP013,SKU014,WH004,1161,1160,2025-11-13,2025-11-12,Closed,9.53
PO000206,2025-08-03,SUP010,SKU084,WH005,563,553,2025-08-26,2025-08-24,Closed,8.41
PO000207,2025-03-16,SUP013,SKU130,WH003,1089,1039,2025-03-31,2025-03-30,Late,5.55
PO000208,2025-06-10,SUP020,SKU114,WH002,230,227,2025-06-22,2025-06-22,Closed,10.59
PO000209,2025-08-07,SUP016,SKU045,WH003,483,463,2025-08-13,2025-08-11,Closed,3.07
PO000210,2025-12-10,SUP007,SKU137,WH005,1060,964,2025-12-25,2025-12-30,Closed,2.01
PO000211,2025-08-04,SUP005,SKU013,WH004,782,692,2025-08-11,2025-08-10,Closed,7.59
PO000212,2025-04-15,SUP005,SKU060,WH001,220,189,2025-05-02,2025-05-01,Closed,9.75
PO000213,2025-05-16,SUP007,SKU024,WH001,666,599,2025-06-08,2025-06-07,Closed,7.58
PO000214,2025-01-21,SUP020,SKU081,WH004,66,57,2025-02-11,2025-02-09,Closed,9.8
PO000215,2025-08-16,SUP011,SKU099,WH005,884,773,2025-08-25,2025-08-27,Closed,8.59
PO000216,2025-10-19,SUP024,SKU028,WH001,974,831,2025-10-26,2025-10-26,Closed,4.97
PO000217,2025-08-03,SUP008,SKU053,WH001,1153,1096,2025-08-25,2025-08-27,Closed,5.27
PO000218,2025-06-02,SUP020,SKU081,WH005,1149,1145,2025-06-23,2025-06-21,Closed,9.8
PO000219,2025-12-15,SUP007,SKU015,WH002,1345,1225,2025-12-23,2025-12-22,Closed,10.87
PO000220,2025-05-29,SUP015,SKU120,WH004,1451,1406,2025-06-20,2025-06-22,Closed,6.3
PO000221,2025-10-28,SUP024,SKU128,WH002,272,236,2025-11-13,2025-11-13,Late,10.5
PO000222,2025-12-05,SUP019,SKU051,WH004,118,101,2025-12-12,2025-12-11,Closed,9.85
PO000223,2025-09-10,SUP020,SKU019,WH004,239,216,2025-09-23,2025-09-23,Closed,3.02
PO000224,2025-01-14,SUP001,SKU092,WH001,1414,391,2025-01-20,,Open,4.26
PO000225,2025-01-04,SUP010,SKU084,WH001,391,362,2025-01-27,2025-01-27,Closed,8.41
PO000226,2025-03-09,SUP024,SKU107,WH003,747,710,2025-03-19,2025-03-18,Closed,6.54
PO000227,2025-02-06,SUP011,SKU086,WH001,774,737,2025-02-25,2025-02-24,Closed,4.77
PO000228,2025-05-24,SUP011,SKU099,WH005,187,184,2025-06-02,2025-06-01,Closed,8.59
PO000229,2025-05-14,SUP013,SKU014,WH005,1314,1249,2025-05-27,2025-05-25,Closed,9.53
PO000230,2025-10-06,SUP012,SKU061,WH005,583,550,2025-10-25,2025-10-23,Closed,7.1
PO000231,2025-08-25,SUP016,SKU026,WH003,514,512,2025-09-01,2025-08-31,Closed,11.19
PO000232,2025-08-11,SUP021,SKU021,WH001,100,87,2025-08-16,2025-08-14,Closed,5.64
PO000233,2025-06-04,SUP015,SKU033,WH001,422,360,2025-06-10,2025-06-10,Closed,10.83
PO000234,2025-11-28,SUP025,SKU102,WH002,449,445,2025-12-06,2025-12-14,Closed,10.0
PO000235,2025-06-04,SUP016,SKU141,WH003,1119,1099,2025-06-17,2025-06-25,Late,6.49
PO000236,2025-09-21,SUP011,SKU086,WH005,1020,998,2025-10-10,2025-10-10,Closed,4.77
PO000237,2025-09-04,SUP002,SKU040,WH004,975,834,2025-09-22,2025-09-26,Closed,1.97
PO000238,2025-03-14,SUP014,SKU006,WH005,1425,1321,2025-04-07,2025-04-06,Late,4.49
PO000239,2025-11-25,SUP025,SKU025,WH005,287,248,2025-12-17,2025-12-23,Closed,8.66
PO000240,2025-12-05,SUP004,SKU076,WH002,1287,1279,2025-12-10,2025-12-09,Closed,3.8
PO000241,2025-07-25,SUP017,SKU034,WH004,123,106,2025-08-02,2025-08-07,Late,3.69
PO000242,2025-05-26,SUP021,SKU078,WH004,512,454,2025-06-11,2025-06-11,Closed,4.52
PO000243,2025-09-15,SUP017,SKU068,WH005,1110,1049,2025-10-08,2025-10-06,Closed,11.13
PO000244,2025-06-10,SUP021,SKU036,WH003,728,710,2025-06-15,2025-06-14,Closed,7.17
PO000245,2025-08-23,SUP012,SKU044,WH002,182,163,2025-09-01,2025-09-01,Closed,5.88
PO000246,2025-05-07,SUP014,SKU006,WH005,1044,921,2025-05-31,2025-05-31,Closed,4.49
PO000247,2025-09-02,SUP007,SKU104,WH002,414,393,2025-09-27,2025-09-29,Closed,5.43
PO000248,2025-08-03,SUP012,SKU069,WH001,368,341,2025-08-18,2025-08-18,Closed,8.73
PO000249,2025-11-07,SUP023,SKU056,WH002,848,728,2025-11-16,2025-11-15,Closed,3.9
PO000250,2025-06-13,SUP007,SKU011,WH005,336,325,2025-06-20,2025-06-19,Closed,10.01
PO000251,2025-09-28,SUP011,SKU097,WH001,566,533,2025-10-16,2025-10-15,Closed,6.92
PO000252,2025-06-24,SUP012,SKU016,WH004,762,707,2025-07-11,2025-07-11,Closed,2.94
PO000253,2025-02-23,SUP023,SKU089,WH004,1102,1029,2025-03-05,2025-03-04,Closed,1.53
PO000254,2025-08-23,SUP014,SKU005,WH001,911,176,2025-09-03,,Open,7.76
PO000255,2025-04-13,SUP008,SKU110,WH004,483,468,2025-05-01,2025-04-29,Closed,3.66
PO000256,2025-03-23,SUP025,SKU017,WH001,923,842,2025-04-03,2025-04-01,Closed,10.74
PO000257,2025-12-08,SUP014,SKU006,WH003,1477,1433,2026-01-01,2026-01-07,Closed,4.49
PO000258,2025-03-09,SUP023,SKU001,WH004,1362,1349,2025-04-03,2025-04-02,Closed,3.18
PO000259,2025-03-15,SUP022,SKU117,WH002,734,636,2025-03-20,2025-03-28,Closed,2.99
PO000260,2025-08-17,SUP024,SKU093,WH002,306,276,2025-09-06,2025-09-09,Closed,3.63
PO000261,2025-03-18,SUP025,SKU132,WH002,559,479,2025-04-12,2025-04-12,Closed,8.24
PO000262,2025-01-29,SUP022,SKU135,WH003,1292,259,2025-02-04,,Open,4.41
PO000263,2025-06-16,SUP023,SKU056,WH004,96,82,2025-06-25,2025-06-28,Closed,3.9
PO000264,2025-02-27,SUP006,SKU042,WH003,368,324,2025-03-15,2025-03-13,Closed,6.84
PO000265,2025-09-18,SUP005,SKU138,WH005,411,353,2025-10-11,2025-10-11,Closed,2.04
PO000266,2025-10-08,SUP013,SKU130,WH002,107,91,2025-10-23,2025-10-21,Closed,5.55
PO000267,2025-06-13,SUP019,SKU082,WH002,966,878,2025-06-28,2025-06-27,Closed,7.9
PO000268,2025-02-27,SUP023,SKU125,WH005,57,51,2025-03-19,2025-03-21,Closed,2.72
PO000269,2025-09-26,SUP010,SKU003,WH001,1140,1131,2025-10-12,2025-10-11,Closed,7.87
PO000270,2025-09-07,SUP024,SKU149,WH001,706,691,2025-09-12,2025-09-10,Closed,3.72
PO000271,2025-11-27,SUP013,SKU130,WH004,427,407,2025-12-12,2025-12-10,Closed,5.55
PO000272,2025-09-07,SUP017,SKU020,WH005,1264,1112,2025-09-16,2025-09-14,Closed,8.72
PO000273,2025-11-28,SUP024,SKU107,WH003,297,271,2025-12-08,2025-12-08,Closed,6.54
PO000274,2025-06-22,SUP012,SKU044,WH004,873,865,2025-07-01,2025-07-01,Closed,5.88
PO000275,2025-10-18,SUP024,SKU107,WH004,788,682,2025-10-28,2025-11-05,Closed,6.54
PO000276,2025-06-19,SUP025,SKU132,WH003,1186,1049,2025-07-14,2025-07-14,Closed,8.24
PO000277,2025-02-21,SUP014,SKU047,WH004,651,643,2025-03-11,2025-03-09,Closed,5.04
PO000278,2025-04-19,SUP023,SKU008,WH003,672,590,2025-05-03,2025-05-02,Closed,10.3
PO000279,2025-05-18,SUP024,SKU093,WH001,345,340,2025-06-07,2025-06-08,Closed,3.63
PO000280,2025-08-04,SUP003,SKU030,WH005,1450,1385,2025-08-22,2025-08-21,Closed,11.72
PO000281,2025-01-15,SUP011,SKU099,WH005,1301,1162,2025-01-24,2025-01-23,Closed,8.59
PO000282,2025-07-23,SUP013,SKU039,WH002,434,379,2025-08-09,2025-08-08,Closed,9.94
PO000283,2025-04-13,SUP002,SKU040,WH003,187,163,2025-05-01,2025-04-29,Closed,1.97
PO000284,2025-11-27,SUP025,SKU073,WH005,1176,1173,2025-12-02,2025-12-01,Closed,2.98
PO000285,2025-12-10,SUP022,SKU140,WH003,1162,1117,2026-01-04,2026-01-02,Closed,11.55
PO000286,2025-12-21,SUP012,SKU098,WH005,973,835,2026-01-12,2026-01-14,Closed,6.95
PO000287,2025-03-06,SUP011,SKU097,WH001,626,608,2025-03-24,2025-03-30,Closed,6.92
PO000288,2025-05-10,SUP003,SKU083,WH001,596,526,2025-05-30,2025-05-28,Closed,2.58
PO000289,2025-12-29,SUP012,SKU091,WH001,233,218,2026-01-17,2026-01-15,Closed,9.72
PO000290,2025-06-16,SUP012,SKU069,WH002,211,203,2025-07-01,2025-07-01,Closed,8.73
PO000291,2025-08-25,SUP013,SKU052,WH001,1101,997,2025-09-06,2025-09-05,Closed,7.96
PO000292,2025-06-04,SUP011,SKU099,WH005,537,512,2025-06-13,2025-06-13,Closed,8.59
PO000293,2025-10-07,SUP019,SKU018,WH002,482,464,2025-10-19,2025-10-18,Closed,10.5
PO000294,2025-10-31,SUP007,SKU015,WH002,1215,357,2025-11-08,,Open,10.87
PO000295,2025-04-04,SUP004,SKU144,WH002,1491,1439,2025-04-16,2025-04-16,Closed,2.03
PO000296,2025-02-09,SUP024,SKU031,WH004,371,359,2025-02-27,2025-02-26,Closed,3.1
PO000297,2025-11-28,SUP022,SKU118,WH001,713,623,2025-12-22,2025-12-20,Closed,8.37
PO000298,2025-07-13,SUP014,SKU058,WH001,595,525,2025-07-26,2025-07-26,Closed,5.4
PO000299,2025-05-04,SUP024,SKU107,WH001,321,305,2025-05-14,2025-05-12,Closed,6.54
PO000300,2025-12-07,SUP010,SKU003,WH001,193,172,2025-12-23,2025-12-23,Closed,7.87
PO000301,2025-06-01,SUP006,SKU023,WH004,490,441,2025-06-21,2025-06-20,Closed,8.04
PO000302,2025-08-15,SUP005,SKU062,WH002,1112,1037,2025-08-27,2025-08-27,Closed,10.26
PO000303,2025-04-17,SUP024,SKU093,WH003,178,167,2025-05-07,2025-05-06,Closed,3.63
PO000304,2025-04-12,SUP025,SKU103,WH004,586,562,2025-04-22,2025-04-21,Closed,8.91
PO000305,2025-07-22,SUP018,SKU148,WH004,1091,1005,2025-08-12,2025-08-12,Closed,5.75
PO000306,2025-07-10,SUP018,SKU148,WH002,947,843,2025-07-31,2025-08-06,Closed,5.75
PO000307,2025-04-11,SUP005,SKU013,WH004,1405,1333,2025-04-18,2025-04-16,Closed,7.59
PO000308,2025-07-13,SUP002,SKU108,WH003,429,420,2025-08-01,2025-07-31,Closed,9.81
PO000309,2025-05-04,SUP015,SKU037,WH005,879,831,2025-05-11,2025-05-10,Closed,3.03
PO000310,2025-06-11,SUP019,SKU082,WH003,1495,1477,2025-06-26,2025-06-28,Closed,7.9
PO000311,2025-07-06,SUP014,SKU047,WH005,815,788,2025-07-24,2025-07-22,Closed,5.04
PO000312,2025-08-19,SUP005,SKU138,WH004,693,652,2025-09-11,2025-09-11,Closed,2.04
PO000313,2025-02-02,SUP012,SKU069,WH002,848,733,2025-02-17,2025-02-15,Closed,8.73
PO000314,2025-10-02,SUP004,SKU144,WH004,236,229,2025-10-14,2025-10-14,Closed,2.03
PO000315,2025-11-06,SUP025,SKU103,WH004,134,124,2025-11-16,2025-11-15,Late,8.91
PO000316,2025-11-05,SUP001,SKU092,WH005,940,905,2025-11-11,2025-11-10,Closed,4.26
PO000317,2025-10-29,SUP007,SKU024,WH003,250,245,2025-11-21,2025-11-19,Closed,7.58
PO000318,2025-09-15,SUP012,SKU069,WH004,1443,1252,2025-09-30,2025-09-28,Closed,8.73
PO000319,2025-08-12,SUP005,SKU060,WH005,215,193,2025-08-29,2025-08-28,Closed,9.75
PO000320,2025-06-07,SUP022,SKU140,WH003,362,358,2025-07-02,2025-07-02,Closed,11.55
PO000321,2025-08-02,SUP012,SKU016,WH004,1230,1154,2025-08-19,2025-08-27,Closed,2.94
PO000322,2025-10-12,SUP013,SKU057,WH002,1050,1045,2025-11-05,2025-11-03,Closed,2.31
PO000323,2025-07-12,SUP025,SKU132,WH004,256,225,2025-08-06,2025-08-06,Closed,8.24
PO000324,2025-08-02,SUP011,SKU109,WH003,685,85,2025-08-17,,Open,7.66
PO000325,2025-12-03,SUP024,SKU107,WH004,1219,1098,2025-12-13,2025-12-11,Closed,6.54
PO000326,2025-06-29,SUP006,SKU071,WH005,992,967,2025-07-04,2025-07-08,Closed,8.74
PO000327,2025-11-03,SUP016,SKU029,WH001,1245,1130,2025-11-15,2025-11-15,Closed,11.3
PO000328,2025-05-25,SUP017,SKU063,WH003,1277,1167,2025-06-11,2025-06-09,Closed,3.72
PO000329,2025-01-08,SUP022,SKU133,WH002,765,140,2025-01-19,,Open,7.69
PO000330,2025-06-29,SUP019,SKU082,WH005,460,447,2025-07-14,2025-07-14,Closed,7.9
PO000331,2025-10-14,SUP025,SKU004,WH005,724,695,2025-11-06,2025-11-04,Closed,6.13
PO000332,2025-08-27,SUP023,SKU056,WH002,215,198,2025-09-05,2025-09-04,Late,3.9
PO000333,2025-12-22,SUP024,SKU022,WH004,442,426,2025-12-30,2025-12-30,Closed,11.85
PO000334,2025-10-25,SUP017,SKU020,WH005,105,97,2025-11-03,2025-11-01,Closed,8.72
PO000335,2025-09-14,SUP002,SKU108,WH001,1207,1154,2025-10-03,2025-10-02,Closed,9.81
PO000336,2025-07-16,SUP006,SKU071,WH002,677,581,2025-07-21,2025-07-19,Closed,8.74
PO000337,2025-12-28,SUP012,SKU061,WH003,129,122,2026-01-16,2026-01-18,Closed,7.1
PO000338,2025-10-23,SUP019,SKU018,WH002,1244,1125,2025-11-04,2025-11-03,Closed,10.5
PO000339,2025-05-22,SUP019,SKU082,WH002,1286,1095,2025-06-06,2025-06-05,Closed,7.9
PO000340,2025-10-08,SUP006,SKU115,WH002,424,401,2025-11-01,2025-11-04,Closed,7.72
PO000341,2025-04-11,SUP020,SKU019,WH003,1360,1283,2025-04-24,2025-04-24,Late,3.02
PO000342,2025-05-16,SUP024,SKU022,WH003,548,518,2025-05-24,2025-05-23,Closed,11.85
PO000343,2025-08-06,SUP007,SKU146,WH004,454,437,2025-08-28,2025-08-26,Closed,1.2
PO000344,2025-07-12,SUP002,SKU095,WH005,706,645,2025-08-02,2025-08-01,Closed,10.55
PO000345,2025-07-04,SUP013,SKU039,WH005,1361,1310,2025-07-21,2025-07-20,Closed,9.94
PO000346,2025-02-03,SUP019,SKU051,WH003,1339,1227,2025-02-10,2025-02-09,Closed,9.85
PO000347,2025-06-05,SUP019,SKU051,WH003,1260,1225,2025-06-12,2025-06-10,Closed,9.85
PO000348,2025-03-04,SUP016,SKU038,WH002,1175,1134,2025-03-25,2025-03-24,Closed,6.8
PO000349,2025-09-23,SUP015,SKU139,WH005,82,77,2025-10-07,2025-10-07,Closed,11.11
PO000350,2025-12-08,SUP024,SKU012,WH002,377,328,2025-12-24,2025-12-24,Closed,11.08
PO000351,2025-05-11,SUP005,SKU060,WH005,1456,1331,2025-05-28,2025-05-26,Closed,9.75
PO000352,2025-07-01,SUP010,SKU145,WH003,985,952,2025-07-21,2025-07-20,Late,4.64
PO000353,2025-09-21,SUP005,SKU070,WH003,1124,1020,2025-10-03,2025-10-02,Closed,4.2
PO000354,2025-03-15,SUP024,SKU010,WH003,1225,1203,2025-03-20,2025-03-19,Closed,2.72
PO000355,2025-06-05,SUP014,SKU058,WH001,945,0,2025-06-18,,Open,5.4
PO000356,2025-05-29,SUP002,SKU094,WH003,506,478,2025-06-07,2025-06-13,Closed,1.76
PO000357,2025-08-14,SUP010,SKU003,WH003,793,778,2025-08-30,2025-08-30,Closed,7.87
PO000358,2025-07-22,SUP024,SKU150,WH001,312,304,2025-08-06,2025-08-05,Closed,11.46
PO000359,2025-05-12,SUP017,SKU055,WH001,352,314,2025-06-06,2025-06-06,Late,11.32
PO000360,2025-12-15,SUP005,SKU060,WH001,1173,1039,2026-01-01,2025-12-30,Closed,9.75
PO000361,2025-05-26,SUP006,SKU071,WH003,767,673,2025-05-31,2025-05-31,Closed,8.74
PO000362,2025-03-31,SUP001,SKU122,WH004,768,687,2025-04-14,2025-04-17,Closed,11.42
PO000363,2025-03-21,SUP008,SKU110,WH004,1102,1101,2025-04-08,2025-04-08,Closed,3.66
PO000364,2025-08-01,SUP016,SKU067,WH005,694,648,2025-08-17,2025-08-17,Closed,3.61
PO000365,2025-09-24,SUP007,SKU104,WH005,324,316,2025-10-19,2025-10-19,Closed,5.43
PO000366,2025-01-22,SUP004,SKU106,WH005,210,179,2025-02-01,2025-02-01,Closed,10.85
PO000367,2025-08-01,SUP014,SKU058,WH001,578,184,2025-08-14,,Open,5.4
PO000368,2025-11-16,SUP023,SKU125,WH002,791,746,2025-12-06,2025-12-04,Closed,2.72
PO000369,2025-10-12,SUP006,SKU023,WH003,1207,1057,2025-11-01,2025-10-31,Closed,8.04
PO000370,2025-05-16,SUP006,SKU023,WH004,531,493,2025-06-05,2025-06-04,Closed,8.04
PO000371,2025-10-28,SUP020,SKU019,WH005,1494,1271,2025-11-10,2025-11-09,Closed,3.02
PO000372,2025-03-27,SUP018,SKU072,WH005,120,119,2025-04-02,2025-04-01,Closed,9.04
PO000373,2025-09-10,SUP016,SKU029,WH005,52,44,2025-09-22,2025-09-21,Closed,11.3
PO000374,2025-09-19,SUP017,SKU068,WH002,838,803,2025-10-12,2025-10-13,Closed,11.13
PO000375,2025-02-06,SUP009,SKU129,WH002,498,432,2025-02-28,2025-02-28,Closed,6.29
PO000376,2025-03-13,SUP017,SKU068,WH002,1152,1074,2025-04-05,2025-04-05,Closed,11.13
PO000377,2025-01-27,SUP016,SKU067,WH005,100,86,2025-02-12,2025-02-10,Closed,3.61
PO000378,2025-09-04,SUP025,SKU017,WH004,640,607,2025-09-15,2025-09-15,Closed,10.74
PO000379,2025-07-10,SUP006,SKU002,WH002,157,143,2025-07-17,2025-07-16,Closed,10.55
PO000380,2025-01-15,SUP002,SKU094,WH001,519,518,2025-01-24,2025-01-24,Closed,1.76
PO000381,2025-09-07,SUP014,SKU005,WH001,967,930,2025-09-18,2025-09-16,Closed,7.76
PO000382,2025-03-13,SUP003,SKU101,WH003,1413,1381,2025-03-25,2025-03-26,Closed,11.21
PO000383,2025-12-27,SUP017,SKU074,WH003,1088,963,2026-01-09,2026-01-08,Closed,7.35
PO000384,2025-10-21,SUP024,SKU093,WH002,1452,1239,2025-11-10,2025-11-10,Closed,3.63
PO000385,2025-12-09,SUP017,SKU050,WH003,676,602,2025-12-29,2026-01-03,Closed,7.03
PO000386,2025-08-16,SUP012,SKU091,WH001,1445,1417,2025-09-04,2025-09-07,Late,9.72
PO000387,2025-01-05,SUP006,SKU071,WH004,632,628,2025-01-10,2025-01-10,Closed,8.74
PO000388,2025-03-17,SUP004,SKU106,WH003,516,98,2025-03-27,,Open,10.85
PO000389,2025-08-02,SUP010,SKU084,WH003,1303,1226,2025-08-25,2025-08-25,Closed,8.41
PO000390,2025-03-03,SUP005,SKU062,WH004,1474,1451,2025-03-15,2025-03-13,Closed,10.26
PO000391,2025-01-02,SUP004,SKU134,WH005,869,750,2025-01-27,2025-01-25,Closed,2.09
PO000392,2025-03-25,SUP017,SKU074,WH002,98,89,2025-04-07,2025-04-05,Closed,7.35
PO000393,2025-11-23,SUP006,SKU127,WH003,522,447,2025-12-09,2025-12-08,Closed,10.11
PO000394,2025-02-14,SUP011,SKU086,WH003,609,574,2025-03-05,2025-03-03,Closed,4.77
PO000395,2025-10-09,SUP012,SKU061,WH003,50,47,2025-10-28,2025-10-26,Closed,7.1
PO000396,2025-04-24,SUP017,SKU074,WH003,361,2,2025-05-07,,Open,7.35
PO000397,2025-05-04,SUP020,SKU114,WH003,1407,1394,2025-05-16,2025-05-14,Closed,10.59
PO000398,2025-02-28,SUP006,SKU023,WH002,944,920,2025-03-20,2025-03-18,Closed,8.04
PO000399,2025-08-16,SUP009,SKU129,WH005,828,783,2025-09-07,2025-09-05,Late,6.29
PO000400,2025-09-09,SUP006,SKU071,WH003,536,514,2025-09-14,2025-09-14,Closed,8.74
PO000401,2025-06-10,SUP003,SKU083,WH004,877,840,2025-06-30,2025-07-06,Closed,2.58
PO000402,2025-06-11,SUP001,SKU105,WH002,1387,1237,2025-06-23,2025-06-21,Closed,11.35
PO000403,2025-10-23,SUP008,SKU053,WH002,1019,169,2025-11-14,,Open,5.27
PO000404,2025-03-29,SUP011,SKU109,WH002,252,249,2025-04-13,2025-04-11,Closed,7.66
PO000405,2025-12-29,SUP024,SKU012,WH004,645,581,2026-01-14,2026-01-12,Closed,11.08
PO000406,2025-10-17,SUP019,SKU043,WH004,862,847,2025-11-10,2025-11-09,Closed,7.04
PO000407,2025-09-13,SUP025,SKU132,WH003,656,647,2025-10-08,2025-10-08,Closed,8.24
PO000408,2025-03-16,SUP025,SKU004,WH001,1498,448,2025-04-08,,Open,6.13
PO000409,2025-01-07,SUP016,SKU067,WH004,743,707,2025-01-23,2025-01-30,Closed,3.61
PO000410,2025-04-06,SUP010,SKU064,WH004,255,241,2025-04-29,2025-04-29,Closed,9.34
PO000411,2025-08-16,SUP021,SKU078,WH001,1078,1069,2025-09-01,2025-08-31,Closed,4.52
PO000412,2025-04-16,SUP010,SKU075,WH001,492,438,2025-04-25,2025-04-24,Closed,9.3
PO000413,2025-07-20,SUP018,SKU148,WH003,1238,1142,2025-08-10,2025-08-09,Closed,5.75
PO000414,2025-12-16,SUP021,SKU059,WH004,597,517,2025-12-25,2025-12-24,Closed,6.52
PO000415,2025-03-29,SUP007,SKU137,WH004,1170,1137,2025-04-13,2025-04-11,Closed,2.01
PO000416,2025-01-09,SUP006,SKU127,WH003,1445,1276,2025-01-25,2025-01-25,Closed,10.11
PO000417,2025-05-05,SUP025,SKU025,WH004,864,841,2025-05-27,2025-05-25,Late,8.66
PO000418,2025-08-30,SUP008,SKU053,WH003,1077,1036,2025-09-21,2025-09-20,Closed,5.27
PO000419,2025-08-15,SUP001,SKU092,WH003,1344,1166,2025-08-21,2025-08-26,Closed,4.26
PO000420,2025-04-01,SUP023,SKU046,WH002,516,476,2025-04-12,2025-04-15,Closed,4.22
PO000421,2025-03-12,SUP014,SKU005,WH004,949,872,2025-03-23,2025-03-23,Closed,7.76
PO000422,2025-03-27,SUP022,SKU117,WH003,1467,310,2025-04-01,,Open,2.99
PO000423,2025-06-13,SUP013,SKU057,WH003,1281,1213,2025-07-07,2025-07-05,Closed,2.31
PO000424,2025-07-01,SUP005,SKU013,WH001,1241,1162,2025-07-08,2025-07-16,Closed,7.59
PO000425,2025-01-29,SUP017,SKU066,WH005,222,203,2025-02-15,2025-02-15,Closed,8.21
PO000426,2025-11-13,SUP009,SKU129,WH005,932,882,2025-12-05,2025-12-04,Closed,6.29
PO000427,2025-10-18,SUP005,SKU013,WH002,1120,1101,2025-10-25,2025-10-25,Closed,7.59
PO000428,2025-07-18,SUP005,SKU060,WH002,622,531,2025-08-04,2025-08-03,Closed,9.75
PO000429,2025-07-27,SUP022,SKU007,WH002,1393,1265,2025-08-06,2025-08-04,Closed,8.36
PO000430,2025-01-21,SUP008,SKU121,WH004,462,405,2025-01-31,2025-01-30,Closed,6.97
PO000431,2025-07-20,SUP015,SKU120,WH003,1242,1150,2025-08-11,2025-08-10,Closed,6.3
PO000432,2025-05-04,SUP003,SKU101,WH005,201,190,2025-05-16,2025-05-16,Closed,11.21
PO000433,2025-07-27,SUP023,SKU008,WH002,1439,1316,2025-08-10,2025-08-10,Closed,10.3
PO000434,2025-05-02,SUP014,SKU006,WH002,179,173,2025-05-26,2025-05-25,Closed,4.49
PO000435,2025-06-01,SUP024,SKU111,WH005,308,261,2025-06-16,2025-06-14,Closed,3.96
PO000436,2025-06-20,SUP010,SKU003,WH002,868,804,2025-07-06,2025-07-04,Closed,7.87
PO000437,2025-08-21,SUP004,SKU134,WH004,308,43,2025-09-15,,Open,2.09
PO000438,2025-12-09,SUP023,SKU056,WH004,595,584,2025-12-18,2025-12-17,Late,3.9
PO000439,2025-06-20,SUP002,SKU136,WH005,1221,1078,2025-07-13,2025-07-19,Closed,4.12
PO000440,2025-12-29,SUP008,SKU065,WH005,1499,1470,2026-01-15,2026-01-14,Closed,2.4
PO000441,2025-04-12,SUP025,SKU073,WH003,1225,1134,2025-04-17,2025-04-16,Closed,2.98
PO000442,2025-09-21,SUP020,SKU114,WH003,75,68,2025-10-03,2025-10-02,Closed,10.59
PO000443,2025-01-17,SUP025,SKU103,WH001,1449,1371,2025-01-27,2025-01-26,Closed,8.91
PO000444,2025-10-15,SUP019,SKU043,WH005,1168,181,2025-11-08,,Open,7.04
PO000445,2025-08-18,SUP023,SKU008,WH002,500,432,2025-09-01,2025-08-31,Closed,10.3
PO000446,2025-04-16,SUP002,SKU085,WH004,529,451,2025-04-29,2025-04-29,Closed,2.16
PO000447,2025-09-20,SUP005,SKU013,WH004,1102,137,2025-09-27,,Open,7.59
PO000448,2025-01-07,SUP017,SKU034,WH005,618,555,2025-01-15,2025-01-15,Closed,3.69
PO000449,2025-06-23,SUP025,SKU132,WH002,434,384,2025-07-18,2025-07-16,Closed,8.24
PO000450,2025-06-02,SUP015,SKU139,WH002,686,661,2025-06-16,2025-06-15,Closed,11.11
PO000451,2025-04-10,SUP020,SKU090,WH005,1346,1202,2025-04-26,2025-04-25,Closed,7.29
PO000452,2025-08-14,SUP024,SKU150,WH003,427,405,2025-08-29,2025-08-27,Closed,11.46
PO000453,2025-05-28,SUP007,SKU142,WH001,450,425,2025-06-08,2025-06-08,Closed,7.2
PO000454,2025-06-29,SUP010,SKU075,WH005,473,164,2025-07-08,,Open,9.3
PO000455,2025-11-05,SUP007,SKU015,WH001,428,408,2025-11-13,2025-11-12,Closed,10.87
PO000456,2025-10-27,SUP001,SKU105,WH005,470,412,2025-11-08,2025-11-07,Closed,11.35
PO000457,2025-02-13,SUP018,SKU072,WH004,523,445,2025-02-19,2025-02-19,Closed,9.04
PO000458,2025-05-08,SUP019,SKU043,WH005,778,675,2025-06-01,2025-05-31,Closed,7.04
PO000459,2025-07-15,SUP024,SKU031,WH004,433,421,2025-08-02,2025-07-31,Closed,3.1
PO000460,2025-02-16,SUP013,SKU014,WH001,214,204,2025-03-01,2025-02-27,Closed,9.53
PO000461,2025-09-22,SUP006,SKU023,WH001,446,443,2025-10-12,2025-10-10,Closed,8.04
PO000462,2025-02-21,SUP024,SKU150,WH001,587,552,2025-03-08,2025-03-06,Closed,11.46
PO000463,2025-09-25,SUP015,SKU139,WH004,477,472,2025-10-09,2025-10-14,Closed,11.11
PO000464,2025-10-04,SUP006,SKU127,WH001,1299,1120,2025-10-20,2025-10-18,Closed,10.11
PO000465,2025-11-23,SUP020,SKU126,WH004,720,710,2025-12-15,2025-12-14,Late,2.53
PO000466,2025-02-21,SUP022,SKU113,WH003,681,602,2025-03-02,2025-03-09,Closed,11.04
PO000467,2025-06-04,SUP001,SKU122,WH002,206,177,2025-06-18,2025-06-16,Closed,11.42
PO000468,2025-05-09,SUP023,SKU056,WH004,509,478,2025-05-18,2025-05-18,Closed,3.9
PO000469,2025-07-29,SUP006,SKU042,WH005,298,259,2025-08-14,2025-08-12,Closed,6.84
PO000470,2025-12-12,SUP021,SKU021,WH003,1390,1183,2025-12-17,2025-12-15,Closed,5.64
PO000471,2025-06-30,SUP010,SKU003,WH002,107,91,2025-07-16,2025-07-15,Closed,7.87
PO000472,2025-12-24,SUP016,SKU029,WH005,807,762,2026-01-05,2026-01-05,Closed,11.3
PO000473,2025-03-10,SUP001,SKU122,WH005,436,396,2025-03-24,2025-03-23,Closed,11.42
PO000474,2025-05-28,SUP011,SKU099,WH004,812,710,2025-06-06,2025-06-06,Late,8.59
PO000475,2025-09-19,SUP025,SKU025,WH005,57,49,2025-10-11,2025-10-09,Closed,8.66
PO000476,2025-04-30,SUP006,SKU071,WH001,1481,1322,2025-05-05,2025-05-03,Late,8.74
PO000477,2025-06-24,SUP024,SKU149,WH002,656,619,2025-06-29,2025-06-27,Closed,3.72
PO000478,2025-12-21,SUP023,SKU056,WH005,62,54,2025-12-30,2025-12-30,Closed,3.9
PO000479,2025-02-27,SUP023,SKU125,WH001,1030,888,2025-03-19,2025-03-19,Closed,2.72
PO000480,2025-10-18,SUP023,SKU046,WH003,627,583,2025-10-29,2025-11-04,Closed,4.22
PO000481,2025-01-07,SUP006,SKU127,WH002,67,60,2025-01-23,2025-01-21,Closed,10.11
PO000482,2025-11-21,SUP024,SKU035,WH004,1110,979,2025-11-28,2025-11-26,Closed,11.5
PO000483,2025-07-24,SUP020,SKU096,WH003,241,232,2025-08-03,2025-08-03,Closed,4.22
PO000484,2025-09-19,SUP013,SKU014,WH002,493,474,2025-10-02,2025-10-02,Closed,9.53
PO000485,2025-06-01,SUP015,SKU033,WH002,656,606,2025-06-07,2025-06-08,Closed,10.83
PO000486,2025-10-06,SUP021,SKU078,WH004,1346,1228,2025-10-22,2025-10-21,Closed,4.52
PO000487,2025-06-05,SUP001,SKU092,WH001,574,520,2025-06-11,2025-06-11,Closed,4.26
PO000488,2025-02-22,SUP001,SKU122,WH002,997,255,2025-03-08,,Open,11.42
PO000489,2025-01-17,SUP011,SKU109,WH004,1027,943,2025-02-01,2025-01-31,Late,7.66
PO000490,2025-08-04,SUP011,SKU097,WH005,1038,962,2025-08-22,2025-08-21,Closed,6.92
PO000491,2025-11-21,SUP017,SKU068,WH005,591,512,2025-12-14,2025-12-13,Closed,11.13
PO000492,2025-08-08,SUP013,SKU057,WH005,401,380,2025-09-01,2025-08-30,Closed,2.31
PO000493,2025-05-24,SUP023,SKU008,WH001,255,238,2025-06-07,2025-06-07,Closed,10.3
PO000494,2025-04-03,SUP020,SKU019,WH004,1100,1070,2025-04-16,2025-04-16,Closed,3.02
PO000495,2025-06-02,SUP020,SKU090,WH002,496,431,2025-06-18,2025-06-18,Closed,7.29
PO000496,2025-01-18,SUP024,SKU124,WH003,1143,1123,2025-01-30,2025-01-30,Closed,10.78
PO000497,2025-07-19,SUP008,SKU110,WH003,1179,1157,2025-08-06,2025-08-06,Closed,3.66
PO000498,2025-12-31,SUP014,SKU143,WH001,1303,1158,2026-01-22,2026-01-22,Closed,11.18
PO000499,2025-09-18,SUP025,SKU025,WH004,310,292,2025-10-10,2025-10-08,Closed,8.66
PO000500,2025-09-10,SUP019,SKU051,WH003,933,814,2025-09-17,2025-09-17,Closed,9.85
PO000501,2025-10-11,SUP007,SKU011,WH001,1180,1172,2025-10-18,2025-10-24,Closed,10.01
PO000502,2025-01-11,SUP002,SKU040,WH002,787,734,2025-01-29,2025-01-28,Closed,1.97
PO000503,2025-11-24,SUP001,SKU048,WH004,1122,1028,2025-12-14,2025-12-13,Closed,6.32
PO000504,2025-04-05,SUP022,SKU116,WH003,293,95,2025-04-26,,Open,4.95
PO000505,2025-05-16,SUP006,SKU071,WH001,708,603,2025-05-21,2025-05-28,Closed,8.74
PO000506,2025-02-17,SUP020,SKU090,WH004,1334,1166,2025-03-05,2025-03-03,Late,7.29
PO000507,2025-09-11,SUP003,SKU083,WH003,1386,1367,2025-10-01,2025-09-30,Closed,2.58
PO000508,2025-04-12,SUP012,SKU098,WH004,696,640,2025-05-04,2025-05-08,Closed,6.95
PO000509,2025-04-09,SUP012,SKU044,WH001,878,804,2025-04-18,2025-04-17,Closed,5.88
PO000510,2025-01-16,SUP018,SKU148,WH002,434,396,2025-02-06,2025-02-04,Closed,5.75
PO000511,2025-12-29,SUP024,SKU012,WH003,566,546,2026-01-14,2026-01-12,Closed,11.08
PO000512,2025-06-28,SUP022,SKU007,WH004,107,30,2025-07-08,,Open,8.36
PO000513,2025-11-10,SUP009,SKU129,WH004,1121,1098,2025-12-02,2025-11-30,Closed,6.29
PO000514,2025-10-16,SUP014,SKU047,WH002,664,662,2025-11-03,2025-11-01,Closed,5.04
PO000515,2025-03-13,SUP007,SKU104,WH005,177,154,2025-04-07,2025-04-06,Closed,5.43
PO000516,2025-06-23,SUP024,SKU010,WH001,171,167,2025-06-28,2025-06-26,Closed,2.72
PO000517,2025-10-13,SUP016,SKU026,WH005,500,476,2025-10-20,2025-10-18,Closed,11.19
PO000518,2025-09-15,SUP002,SKU077,WH001,1077,1067,2025-09-27,2025-09-26,Closed,9.38
PO000519,2025-12-14,SUP005,SKU060,WH005,103,98,2025-12-31,2025-12-31,Closed,9.75
PO000520,2025-10-25,SUP023,SKU027,WH004,1203,1200,2025-11-10,2025-11-11,Closed,3.81
PO000521,2025-07-01,SUP024,SKU149,WH003,926,823,2025-07-06,2025-07-12,Closed,3.72
PO000522,2025-01-09,SUP020,SKU090,WH003,84,75,2025-01-25,2025-01-23,Closed,7.29
PO000523,2025-12-26,SUP010,SKU064,WH003,1313,1119,2026-01-18,2026-01-18,Closed,9.34
PO000524,2025-02-04,SUP023,SKU089,WH004,212,190,2025-02-14,2025-02-14,Closed,1.53
PO000525,2025-06-22,SUP017,SKU066,WH005,366,56,2025-07-09,,Open,8.21
PO000526,2025-07-14,SUP021,SKU036,WH005,752,676,2025-07-19,2025-07-19,Closed,7.17
PO000527,2025-11-05,SUP007,SKU137,WH002,1204,1091,2025-11-20,2025-11-19,Closed,2.01
PO000528,2025-03-27,SUP019,SKU051,WH005,778,703,2025-04-03,2025-04-03,Closed,9.85
PO000529,2025-11-27,SUP017,SKU066,WH001,77,74,2025-12-14,2025-12-13,Closed,8.21
PO000530,2025-03-10,SUP014,SKU047,WH002,195,38,2025-03-28,,Open,5.04
PO000531,2025-05-12,SUP013,SKU130,WH003,474,454,2025-05-27,2025-05-26,Closed,5.55
PO000532,2025-08-22,SUP020,SKU081,WH005,539,498,2025-09-12,2025-09-12,Closed,9.8
PO000533,2025-05-25,SUP017,SKU034,WH001,988,939,2025-06-02,2025-06-09,Closed,3.69
PO000534,2025-03-09,SUP006,SKU042,WH004,734,682,2025-03-25,2025-03-24,Closed,6.84
PO000535,2025-03-07,SUP006,SKU071,WH001,784,706,2025-03-12,2025-03-11,Closed,8.74
PO000536,2025-10-17,SUP006,SKU023,WH005,1308,1224,2025-11-06,2025-11-06,Closed,8.04
PO000537,2025-10-18,SUP002,SKU136,WH003,333,304,2025-11-10,2025-11-10,Closed,4.12
PO000538,2025-05-11,SUP016,SKU045,WH003,1465,1382,2025-05-17,2025-05-19,Closed,3.07
PO000539,2025-05-07,SUP015,SKU037,WH003,585,508,2025-05-14,2025-05-14,Closed,3.03
PO000540,2025-10-18,SUP008,SKU053,WH002,892,866,2025-11-09,2025-11-07,Closed,5.27
PO000541,2025-04-03,SUP022,SKU113,WH005,104,103,2025-04-12,2025-04-11,Closed,11.04
PO000542,2025-02-09,SUP024,SKU010,WH002,394,351,2025-02-14,2025-02-12,Closed,2.72
PO000543,2025-02-25,SUP015,SKU087,WH004,1218,1047,2025-03-18,2025-03-16,Closed,4.19
PO000544,2025-01-29,SUP010,SKU084,WH002,837,723,2025-02-21,2025-02-28,Closed,8.41
PO000545,2025-01-09,SUP021,SKU059,WH002,1453,1409,2025-01-18,2025-01-17,Closed,6.52
PO000546,2025-02-05,SUP025,SKU009,WH005,160,145,2025-02-22,2025-02-20,Late,11.58
PO000547,2025-06-11,SUP011,SKU099,WH001,488,484,2025-06-20,2025-06-19,Closed,8.59
PO000548,2025-12-24,SUP020,SKU019,WH001,1010,899,2026-01-06,2026-01-06,Closed,3.02
PO000549,2025-11-07,SUP001,SKU105,WH005,391,371,2025-11-19,2025-11-19,Closed,11.35
PO000550,2025-10-25,SUP002,SKU136,WH001,1213,1201,2025-11-17,2025-11-15,Closed,4.12
PO000551,2025-09-30,SUP007,SKU024,WH005,693,619,2025-10-23,2025-10-21,Closed,7.58
PO000552,2025-06-21,SUP018,SKU072,WH004,155,134,2025-06-27,2025-07-05,Closed,9.04
PO000553,2025-12-09,SUP001,SKU092,WH003,778,681,2025-12-15,2025-12-14,Closed,4.26
PO000554,2025-11-05,SUP021,SKU059,WH003,1068,1053,2025-11-14,2025-11-13,Closed,6.52
PO000555,2025-06-15,SUP017,SKU066,WH005,717,660,2025-07-02,2025-06-30,Closed,8.21
PO000556,2025-12-10,SUP012,SKU069,WH005,1196,1164,2025-12-25,2025-12-23,Closed,8.73
PO000557,2025-10-05,SUP010,SKU145,WH003,147,134,2025-10-25,2025-10-24,Closed,4.64
PO000558,2025-06-26,SUP002,SKU136,WH004,288,256,2025-07-19,2025-07-18,Closed,4.12
PO000559,2025-10-01,SUP008,SKU053,WH001,1334,1222,2025-10-23,2025-10-22,Closed,5.27
PO000560,2025-04-27,SUP020,SKU081,WH002,73,3,2025-05-18,,Open,9.8
PO000561,2025-12-04,SUP015,SKU037,WH005,457,407,2025-12-11,2025-12-09,Closed,3.03
PO000562,2025-01-09,SUP012,SKU100,WH005,449,447,2025-01-25,2025-01-23,Closed,2.35
PO000563,2025-04-03,SUP006,SKU002,WH002,864,840,2025-04-10,2025-04-10,Closed,10.55
PO000564,2025-07-15,SUP023,SKU056,WH003,351,346,2025-07-24,2025-07-22,Closed,3.9
PO000565,2025-03-27,SUP016,SKU067,WH004,365,315,2025-04-12,2025-04-16,Closed,3.61
PO000566,2025-12-15,SUP003,SKU030,WH005,844,748,2026-01-02,2026-01-07,Closed,11.72
PO000567,2025-06-26,SUP014,SKU058,WH002,1093,1049,2025-07-09,2025-07-07,Closed,5.4
PO000568,2025-10-02,SUP007,SKU015,WH003,1362,1316,2025-10-10,2025-10-12,Closed,10.87
PO000569,2025-03-29,SUP001,SKU122,WH002,459,427,2025-04-12,2025-04-10,Closed,11.42
PO000570,2025-01-24,SUP006,SKU042,WH004,1489,1457,2025-02-09,2025-02-08,Closed,6.84
PO000571,2025-05-14,SUP007,SKU142,WH002,476,114,2025-05-25,,Open,7.2
PO000572,2025-09-22,SUP024,SKU107,WH001,383,335,2025-10-02,2025-10-01,Closed,6.54
PO000573,2025-02-03,SUP010,SKU084,WH002,1475,1322,2025-02-26,2025-02-24,Closed,8.41
PO000574,2025-12-16,SUP006,SKU002,WH002,1057,966,2025-12-23,2025-12-22,Closed,10.55
PO000575,2025-08-11,SUP020,SKU090,WH004,1100,222,2025-08-27,,Open,7.29
PO000576,2025-08-12,SUP005,SKU070,WH005,154,131,2025-08-24,2025-08-24,Closed,4.2
PO000577,2025-12-17,SUP019,SKU082,WH001,864,823,2026-01-01,2025-12-31,Closed,7.9
PO000578,2025-02-01,SUP024,SKU128,WH004,172,159,2025-02-17,2025-02-15,Closed,10.5
PO000579,2025-11-15,SUP024,SKU150,WH005,907,823,2025-11-30,2025-11-30,Closed,11.46
PO000580,2025-08-17,SUP025,SKU132,WH005,411,391,2025-09-11,2025-09-11,Closed,8.24
PO000581,2025-09-13,SUP025,SKU009,WH003,217,201,2025-09-30,2025-09-30,Closed,11.58
PO000582,2025-12-11,SUP017,SKU119,WH001,1410,1385,2025-12-16,2025-12-16,Closed,11.97
PO000583,2025-10-01,SUP024,SKU028,WH003,945,835,2025-10-08,2025-10-07,Closed,4.97
PO000584,2025-05-28,SUP004,SKU134,WH004,362,359,2025-06-22,2025-06-22,Closed,2.09
PO000585,2025-03-18,SUP008,SKU053,WH003,1200,1142,2025-04-09,2025-04-14,Closed,5.27
PO000586,2025-02-26,SUP007,SKU137,WH001,508,460,2025-03-13,2025-03-12,Closed,2.01
PO000587,2025-12-08,SUP020,SKU081,WH004,1325,1187,2025-12-29,2025-12-28,Closed,9.8
PO000588,2025-09-16,SUP011,SKU097,WH001,707,669,2025-10-04,2025-10-03,Late,6.92
PO000589,2025-01-31,SUP018,SKU148,WH003,1487,1268,2025-02-21,2025-02-25,Closed,5.75
PO000590,2025-01-10,SUP011,SKU097,WH001,1304,368,2025-01-28,,Open,6.92
PO000591,2025-06-29,SUP016,SKU026,WH005,367,340,2025-07-06,2025-07-04,Closed,11.19
PO000592,2025-09-28,SUP004,SKU076,WH002,799,794,2025-10-03,2025-10-02,Closed,3.8
PO000593,2025-09-24,SUP015,SKU037,WH001,1367,1361,2025-10-01,2025-09-30,Closed,3.03
PO000594,2025-10-15,SUP022,SKU140,WH004,444,443,2025-11-09,2025-11-08,Closed,11.55
PO000595,2025-11-17,SUP023,SKU056,WH004,303,285,2025-11-26,2025-11-26,Closed,3.9
PO000596,2025-06-19,SUP024,SKU107,WH002,863,287,2025-06-29,,Open,6.54
PO000597,2025-05-03,SUP005,SKU062,WH002,732,630,2025-05-15,2025-05-13,Closed,10.26
PO000598,2025-12-28,SUP023,SKU001,WH005,894,870,2026-01-22,2026-01-20,Closed,3.18
PO000599,2025-08-29,SUP016,SKU029,WH002,1292,1271,2025-09-10,2025-09-10,Closed,11.3
PO000600,2025-12-28,SUP003,SKU030,WH004,1267,1194,2026-01-15,2026-01-15,Closed,11.72
PO000601,2025-08-28,SUP019,SKU049,WH002,769,710,2025-09-05,2025-09-04,Closed,1.72
PO000602,2025-11-03,SUP025,SKU102,WH005,441,382,2025-11-11,2025-11-09,Closed,10.0
PO000603,2025-06-30,SUP002,SKU108,WH002,177,164,2025-07-19,2025-07-18,Closed,9.81
PO000604,2025-03-18,SUP012,SKU091,WH001,75,73,2025-04-06,2025-04-05,Closed,9.72
PO000605,2025-06-16,SUP012,SKU044,WH001,1334,1323,2025-06-25,2025-06-24,Closed,5.88
PO000606,2025-10-19,SUP019,SKU082,WH005,638,544,2025-11-03,2025-11-01,Closed,7.9
PO000607,2025-11-24,SUP020,SKU096,WH004,810,696,2025-12-04,2025-12-03,Closed,4.22
PO000608,2025-09-05,SUP010,SKU003,WH001,374,364,2025-09-21,2025-09-19,Closed,7.87
PO000609,2025-01-02,SUP021,SKU036,WH003,103,99,2025-01-07,2025-01-15,Closed,7.17
PO000610,2025-09-29,SUP017,SKU068,WH005,1399,1267,2025-10-22,2025-10-20,Closed,11.13
PO000611,2025-03-07,SUP025,SKU025,WH002,937,864,2025-03-29,2025-03-29,Closed,8.66
PO000612,2025-10-16,SUP001,SKU048,WH005,868,844,2025-11-05,2025-11-05,Closed,6.32
PO000613,2025-10-23,SUP023,SKU001,WH005,1210,1135,2025-11-17,2025-11-15,Closed,3.18
PO000614,2025-07-04,SUP016,SKU141,WH005,1145,1006,2025-07-17,2025-07-16,Closed,6.49
PO000615,2025-08-21,SUP005,SKU070,WH003,125,120,2025-09-02,2025-09-01,Closed,4.2
PO000616,2025-06-21,SUP012,SKU061,WH004,954,846,2025-07-10,2025-07-09,Closed,7.1
PO000617,2025-06-29,SUP020,SKU114,WH001,482,463,2025-07-11,2025-07-11,Closed,10.59
PO000618,2025-08-29,SUP023,SKU089,WH005,573,542,2025-09-08,2025-09-07,Closed,1.53
PO000619,2025-03-05,SUP016,SKU038,WH004,500,487,2025-03-26,2025-03-25,Late,6.8
PO000620,2025-03-25,SUP011,SKU086,WH005,323,289,2025-04-13,2025-04-12,Closed,4.77
PO000621,2025-10-21,SUP016,SKU067,WH002,1251,1156,2025-11-06,2025-11-11,Late,3.61
PO000622,2025-05-26,SUP014,SKU143,WH004,946,813,2025-06-17,2025-06-15,Closed,11.18
PO000623,2025-04-20,SUP024,SKU128,WH002,960,881,2025-05-06,2025-05-04,Closed,10.5
PO000624,2025-06-25,SUP019,SKU082,WH005,403,388,2025-07-10,2025-07-09,Closed,7.9
PO000625,2025-09-20,SUP025,SKU004,WH003,359,60,2025-10-13,,Open,6.13
PO000626,2025-11-04,SUP011,SKU041,WH001,122,108,2025-11-25,2025-11-25,Closed,8.46
PO000627,2025-12-07,SUP021,SKU059,WH002,217,214,2025-12-16,2025-12-16,Closed,6.52
PO000628,2025-09-12,SUP012,SKU098,WH002,568,548,2025-10-04,2025-10-06,Closed,6.95
PO000629,2025-04-16,SUP025,SKU004,WH004,990,854,2025-05-09,2025-05-12,Closed,6.13
PO000630,2025-03-21,SUP025,SKU103,WH005,982,949,2025-03-31,2025-03-30,Closed,8.91
PO000631,2025-06-26,SUP010,SKU147,WH001,296,290,2025-07-21,2025-07-20,Closed,9.49
PO000632,2025-10-15,SUP010,SKU147,WH001,306,286,2025-11-09,2025-11-09,Closed,9.49
PO000633,2025-01-08,SUP017,SKU063,WH002,1382,400,2025-01-25,,Open,3.72
PO000634,2025-02-15,SUP002,SKU077,WH003,893,778,2025-02-27,2025-02-26,Closed,9.38
PO000635,2025-06-23,SUP016,SKU141,WH005,1013,1012,2025-07-06,2025-07-04,Closed,6.49
PO000636,2025-01-09,SUP023,SKU046,WH005,1348,1331,2025-01-20,2025-01-19,Closed,4.22
PO000637,2025-05-20,SUP012,SKU100,WH002,1109,1036,2025-06-05,2025-06-05,Closed,2.35
PO000638,2025-03-24,SUP020,SKU081,WH005,1388,1297,2025-04-14,2025-04-13,Closed,9.8
PO000639,2025-10-17,SUP015,SKU123,WH001,1119,59,2025-10-24,,Open,10.56
PO000640,2025-07-27,SUP003,SKU030,WH002,854,750,2025-08-14,2025-08-12,Closed,11.72
PO000641,2025-11-17,SUP025,SKU004,WH001,1086,931,2025-12-10,2025-12-09,Closed,6.13
PO000642,2025-11-19,SUP019,SKU051,WH003,867,812,2025-11-26,2025-11-25,Closed,9.85
PO000643,2025-04-10,SUP005,SKU138,WH003,474,464,2025-05-03,2025-05-02,Closed,2.04
PO000644,2025-02-27,SUP025,SKU017,WH002,250,217,2025-03-10,2025-03-10,Closed,10.74
PO000645,2025-12-12,SUP023,SKU046,WH004,1394,1289,2025-12-23,2025-12-30,Closed,4.22
PO000646,2025-03-22,SUP021,SKU021,WH001,1297,1230,2025-03-27,2025-03-25,Closed,5.64
PO000647,2025-01-05,SUP012,SKU091,WH001,67,59,2025-01-24,2025-01-25,Closed,9.72
PO000648,2025-05-06,SUP014,SKU006,WH003,845,843,2025-05-30,2025-05-29,Closed,4.49
PO000649,2025-09-26,SUP016,SKU045,WH005,1052,1035,2025-10-02,2025-10-09,Closed,3.07
PO000650,2025-02-03,SUP025,SKU004,WH005,675,663,2025-02-26,2025-02-26,Closed,6.13
PO000651,2025-10-19,SUP005,SKU013,WH005,1003,887,2025-10-26,2025-10-24,Closed,7.59
PO000652,2025-02-08,SUP017,SKU063,WH004,282,253,2025-02-25,2025-02-25,Late,3.72
PO000653,2025-08-04,SUP008,SKU065,WH002,365,336,2025-08-21,2025-08-20,Closed,2.4
PO000654,2025-12-16,SUP022,SKU118,WH002,480,461,2026-01-09,2026-01-08,Closed,8.37
PO000655,2025-12-30,SUP023,SKU089,WH001,300,287,2026-01-09,2026-01-13,Late,1.53
PO000656,2025-12-28,SUP014,SKU006,WH001,180,163,2026-01-21,2026-01-20,Closed,4.49
PO000657,2025-11-24,SUP001,SKU122,WH001,400,387,2025-12-08,2025-12-09,Closed,11.42
PO000658,2025-04-22,SUP020,SKU090,WH002,1301,1179,2025-05-08,2025-05-06,Closed,7.29
PO000659,2025-07-10,SUP018,SKU072,WH004,167,149,2025-07-16,2025-07-16,Closed,9.04
PO000660,2025-06-12,SUP006,SKU115,WH004,537,99,2025-07-06,,Open,7.72
PO000661,2025-05-24,SUP017,SKU066,WH001,1486,1345,2025-06-10,2025-06-17,Late,8.21
PO000662,2025-03-01,SUP017,SKU034,WH005,533,496,2025-03-09,2025-03-09,Closed,3.69
PO000663,2025-02-24,SUP001,SKU048,WH003,214,196,2025-03-16,2025-03-16,Closed,6.32
PO000664,2025-04-19,SUP007,SKU146,WH001,82,81,2025-05-11,2025-05-09,Closed,1.2
PO000665,2025-11-04,SUP013,SKU130,WH005,585,533,2025-11-19,2025-11-18,Closed,5.55
PO000666,2025-07-05,SUP003,SKU101,WH004,765,702,2025-07-17,2025-07-23,Closed,11.21
PO000667,2025-08-17,SUP018,SKU148,WH004,513,447,2025-09-07,2025-09-05,Closed,5.75
PO000668,2025-06-10,SUP012,SKU100,WH002,552,527,2025-06-26,2025-06-28,Closed,2.35
PO000669,2025-08-14,SUP023,SKU008,WH001,221,187,2025-08-28,2025-08-26,Closed,10.3
PO000670,2025-02-16,SUP014,SKU005,WH004,795,693,2025-02-27,2025-03-06,Closed,7.76
PO000671,2025-01-03,SUP007,SKU015,WH003,174,164,2025-01-11,2025-01-11,Closed,10.87
PO000672,2025-12-19,SUP005,SKU013,WH001,1273,1172,2025-12-26,2025-12-31,Closed,7.59
PO000673,2025-07-17,SUP006,SKU071,WH003,1236,1215,2025-07-22,2025-07-20,Closed,8.74
PO000674,2025-12-03,SUP015,SKU120,WH003,425,418,2025-12-25,2025-12-24,Closed,6.3
PO000675,2025-12-13,SUP010,SKU145,WH003,686,665,2026-01-02,2026-01-02,Closed,4.64
PO000676,2025-09-18,SUP006,SKU023,WH002,396,375,2025-10-08,2025-10-06,Closed,8.04
PO000677,2025-05-18,SUP017,SKU066,WH002,1310,1242,2025-06-04,2025-06-02,Closed,8.21
PO000678,2025-05-27,SUP002,SKU085,WH001,1392,1198,2025-06-09,2025-06-08,Closed,2.16
PO000679,2025-08-25,SUP025,SKU103,WH005,798,703,2025-09-04,2025-09-02,Closed,8.91
PO000680,2025-12-02,SUP003,SKU101,WH005,1044,27,2025-12-14,,Open,11.21
PO000681,2025-07-24,SUP025,SKU103,WH005,498,447,2025-08-03,2025-08-02,Closed,8.91
PO000682,2025-02-01,SUP024,SKU010,WH005,1172,1142,2025-02-06,2025-02-08,Closed,2.72
PO000683,2025-07-04,SUP015,SKU088,WH001,347,338,2025-07-22,2025-07-20,Closed,6.94
PO000684,2025-01-19,SUP023,SKU056,WH001,1474,1278,2025-01-28,2025-01-27,Closed,3.9
PO000685,2025-02-10,SUP017,SKU050,WH001,682,604,2025-03-02,2025-03-02,Closed,7.03
PO000686,2025-07-04,SUP010,SKU147,WH001,1423,1276,2025-07-29,2025-07-29,Closed,9.49
PO000687,2025-03-12,SUP012,SKU100,WH001,1401,1388,2025-03-28,2025-03-28,Late,2.35
PO000688,2025-07-02,SUP017,SKU050,WH005,1078,921,2025-07-22,2025-07-22,Closed,7.03
PO000689,2025-11-11,SUP024,SKU124,WH003,147,128,2025-11-23,2025-11-23,Closed,10.78
PO000690,2025-11-07,SUP002,SKU085,WH005,1469,1459,2025-11-20,2025-11-19,Closed,2.16
PO000691,2025-05-27,SUP002,SKU094,WH004,115,111,2025-06-05,2025-06-04,Closed,1.76
PO000692,2025-07-01,SUP016,SKU038,WH004,801,741,2025-07-22,2025-07-20,Closed,6.8
PO000693,2025-02-16,SUP005,SKU138,WH001,307,268,2025-03-11,2025-03-09,Closed,2.04
PO000694,2025-03-06,SUP007,SKU146,WH002,908,782,2025-03-28,2025-03-26,Closed,1.2
PO000695,2025-07-29,SUP015,SKU139,WH005,1196,1072,2025-08-12,2025-08-12,Late,11.11
PO000696,2025-10-25,SUP025,SKU102,WH001,1032,1031,2025-11-02,2025-11-01,Closed,10.0
PO000697,2025-09-27,SUP016,SKU026,WH004,85,76,2025-10-04,2025-10-02,Closed,11.19
PO000698,2025-03-21,SUP010,SKU145,WH002,73,23,2025-04-10,,Open,4.64
PO000699,2025-11-11,SUP013,SKU052,WH001,1096,952,2025-11-23,2025-11-22,Closed,7.96
PO000700,2025-02-04,SUP020,SKU090,WH004,1233,1201,2025-02-20,2025-02-20,Closed,7.29
PO000701,2025-12-15,SUP020,SKU081,WH003,815,807,2026-01-05,2026-01-03,Closed,9.8
PO000702,2025-10-15,SUP006,SKU127,WH001,176,173,2025-10-31,2025-10-29,Closed,10.11
PO000703,2025-03-14,SUP024,SKU035,WH002,827,745,2025-03-21,2025-03-19,Late,11.5
PO000704,2025-05-08,SUP022,SKU113,WH002,1284,1145,2025-05-17,2025-05-15,Closed,11.04
PO000705,2025-08-16,SUP020,SKU081,WH003,398,367,2025-09-06,2025-09-04,Closed,9.8
PO000706,2025-05-17,SUP010,SKU003,WH001,903,808,2025-06-02,2025-06-01,Late,7.87
PO000707,2025-02-06,SUP015,SKU087,WH001,488,452,2025-02-27,2025-02-25,Closed,4.19
PO000708,2025-09-29,SUP019,SKU043,WH001,548,484,2025-10-23,2025-10-27,Closed,7.04
PO000709,2025-03-16,SUP002,SKU094,WH005,694,681,2025-03-25,2025-03-25,Closed,1.76
PO000710,2025-06-07,SUP015,SKU037,WH002,625,599,2025-06-14,2025-06-12,Closed,3.03
PO000711,2025-10-10,SUP023,SKU056,WH003,162,158,2025-10-19,2025-10-18,Closed,3.9
PO000712,2025-05-17,SUP002,SKU131,WH001,76,75,2025-06-11,2025-06-10,Closed,8.58
PO000713,2025-04-01,SUP019,SKU082,WH001,798,704,2025-04-16,2025-04-16,Closed,7.9
PO000714,2025-04-19,SUP005,SKU060,WH004,757,723,2025-05-06,2025-05-05,Closed,9.75
PO000715,2025-03-28,SUP024,SKU022,WH002,535,509,2025-04-05,2025-04-05,Closed,11.85
PO000716,2025-07-30,SUP025,SKU009,WH002,857,737,2025-08-16,2025-08-15,Closed,11.58
PO000717,2025-11-13,SUP010,SKU084,WH004,882,766,2025-12-06,2025-12-04,Closed,8.41
PO000718,2025-09-20,SUP024,SKU093,WH001,857,733,2025-10-10,2025-10-08,Closed,3.63
PO000719,2025-12-03,SUP016,SKU026,WH003,711,706,2025-12-10,2025-12-10,Closed,11.19
PO000720,2025-11-23,SUP015,SKU088,WH005,343,336,2025-12-11,2025-12-09,Closed,6.94
PO000721,2025-03-23,SUP003,SKU030,WH005,561,519,2025-04-10,2025-04-09,Closed,11.72
PO000722,2025-09-01,SUP008,SKU121,WH004,902,835,2025-09-11,2025-09-14,Closed,6.97
PO000723,2025-03-20,SUP013,SKU039,WH001,1125,1051,2025-04-06,2025-04-04,Closed,9.94
PO000724,2025-07-02,SUP025,SKU132,WH001,1106,1082,2025-07-27,2025-07-28,Closed,8.24
PO000725,2025-11-02,SUP014,SKU143,WH005,1013,962,2025-11-24,2025-11-27,Closed,11.18
PO000726,2025-04-10,SUP010,SKU145,WH004,1127,1059,2025-04-30,2025-04-29,Closed,4.64
PO000727,2025-09-16,SUP020,SKU019,WH004,557,490,2025-09-29,2025-09-28,Closed,3.02
PO000728,2025-04-05,SUP012,SKU091,WH002,1362,1252,2025-04-24,2025-04-22,Closed,9.72
PO000729,2025-09-25,SUP025,SKU017,WH003,964,883,2025-10-06,2025-10-08,Closed,10.74
PO000730,2025-09-27,SUP024,SKU031,WH002,1340,1241,2025-10-15,2025-10-14,Closed,3.1
PO000731,2025-10-06,SUP024,SKU124,WH005,596,511,2025-10-18,2025-10-16,Closed,10.78
PO000732,2025-04-05,SUP011,SKU097,WH002,394,348,2025-04-23,2025-04-30,Closed,6.92
PO000733,2025-07-13,SUP002,SKU136,WH005,215,209,2025-08-05,2025-08-06,Closed,4.12
PO000734,2025-05-28,SUP012,SKU069,WH002,474,408,2025-06-12,2025-06-19,Closed,8.73
PO000735,2025-10-11,SUP017,SKU074,WH003,825,145,2025-10-24,,Open,7.35
PO000736,2025-12-23,SUP007,SKU024,WH002,71,62,2026-01-15,2026-01-13,Closed,7.58
PO000737,2025-05-05,SUP014,SKU006,WH004,243,218,2025-05-29,2025-06-06,Closed,4.49
PO000738,2025-12-27,SUP015,SKU088,WH003,344,294,2026-01-14,2026-01-13,Closed,6.94
PO000739,2025-11-05,SUP007,SKU137,WH004,617,538,2025-11-20,2025-11-20,Closed,2.01
PO000740,2025-05-25,SUP024,SKU028,WH005,507,432,2025-06-01,2025-05-30,Late,4.97
PO000741,2025-08-11,SUP004,SKU144,WH004,181,168,2025-08-23,2025-08-30,Late,2.03
PO000742,2025-03-22,SUP002,SKU131,WH004,446,384,2025-04-16,2025-04-16,Closed,8.58
PO000743,2025-04-22,SUP012,SKU091,WH004,278,242,2025-05-11,2025-05-09,Closed,9.72
PO000744,2025-03-09,SUP008,SKU121,WH003,1490,1310,2025-03-19,2025-03-18,Closed,6.97
PO000745,2025-03-06,SUP012,SKU069,WH003,1232,1228,2025-03-21,2025-03-20,Late,8.73
PO000746,2025-07-29,SUP001,SKU092,WH005,964,914,2025-08-04,2025-08-03,Closed,4.26
PO000747,2025-03-28,SUP016,SKU067,WH004,917,822,2025-04-13,2025-04-12,Closed,3.61
PO000748,2025-04-13,SUP017,SKU050,WH005,210,178,2025-05-03,2025-05-02,Closed,7.03
PO000749,2025-09-22,SUP006,SKU032,WH005,706,688,2025-10-15,2025-10-15,Late,4.53
PO000750,2025-02-14,SUP007,SKU137,WH004,740,701,2025-03-01,2025-03-01,Closed,2.01
PO000751,2025-02-16,SUP025,SKU103,WH005,180,176,2025-02-26,2025-02-25,Closed,8.91
PO000752,2025-08-13,SUP005,SKU062,WH005,329,294,2025-08-25,2025-08-28,Closed,10.26
PO000753,2025-11-15,SUP003,SKU030,WH001,1078,1011,2025-12-03,2025-12-03,Closed,11.72
PO000754,2025-05-31,SUP024,SKU149,WH004,539,493,2025-06-05,2025-06-10,Closed,3.72
PO000755,2025-07-07,SUP025,SKU103,WH005,1021,945,2025-07-17,2025-07-17,Late,8.91
PO000756,2025-04-03,SUP019,SKU049,WH002,492,476,2025-04-11,2025-04-11,Closed,1.72
PO000757,2025-01-12,SUP006,SKU032,WH003,1406,1286,2025-02-04,2025-02-04,Closed,4.53
PO000758,2025-10-11,SUP013,SKU039,WH003,1499,1277,2025-10-28,2025-10-30,Late,9.94
PO000759,2025-11-30,SUP006,SKU042,WH003,1197,1106,2025-12-16,2025-12-15,Closed,6.84
PO000760,2025-05-31,SUP020,SKU096,WH004,1143,1035,2025-06-10,2025-06-08,Closed,4.22
PO000761,2025-07-09,SUP001,SKU048,WH004,581,575,2025-07-29,2025-07-27,Closed,6.32
PO000762,2025-03-23,SUP024,SKU031,WH002,585,502,2025-04-10,2025-04-10,Closed,3.1
PO000763,2025-02-21,SUP023,SKU089,WH003,412,365,2025-03-03,2025-03-03,Closed,1.53
PO000764,2025-09-23,SUP017,SKU055,WH005,1242,1145,2025-10-18,2025-10-17,Late,11.32
PO000765,2025-11-22,SUP022,SKU135,WH002,1363,1198,2025-11-28,2025-11-28,Closed,4.41
PO000766,2025-01-04,SUP011,SKU086,WH004,1092,1006,2025-01-23,2025-01-23,Closed,4.77
PO000767,2025-05-16,SUP013,SKU039,WH002,1340,1191,2025-06-02,2025-06-05,Closed,9.94
PO000768,2025-03-10,SUP020,SKU090,WH004,362,359,2025-03-26,2025-03-26,Closed,7.29
PO000769,2025-11-23,SUP008,SKU065,WH003,195,179,2025-12-10,2025-12-09,Closed,2.4
PO000770,2025-07-30,SUP024,SKU150,WH003,1464,1392,2025-08-14,2025-08-12,Closed,11.46
PO000771,2025-12-13,SUP004,SKU134,WH005,1126,1021,2026-01-07,2026-01-06,Closed,2.09
PO000772,2025-03-20,SUP002,SKU077,WH005,168,155,2025-04-01,2025-03-30,Closed,9.38
PO000773,2025-03-23,SUP024,SKU031,WH005,745,641,2025-04-10,2025-04-10,Closed,3.1
PO000774,2025-04-25,SUP015,SKU033,WH002,543,502,2025-05-01,2025-05-01,Closed,10.83
PO000775,2025-10-24,SUP012,SKU044,WH001,584,501,2025-11-02,2025-11-09,Closed,5.88
PO000776,2025-04-12,SUP013,SKU057,WH002,655,638,2025-05-06,2025-05-04,Closed,2.31
PO000777,2025-04-01,SUP015,SKU120,WH005,329,322,2025-04-23,2025-04-23,Closed,6.3
PO000778,2025-07-04,SUP020,SKU114,WH001,724,668,2025-07-16,2025-07-14,Closed,10.59
PO000779,2025-11-27,SUP016,SKU026,WH002,645,584,2025-12-04,2025-12-07,Closed,11.19
PO000780,2025-09-21,SUP017,SKU074,WH001,1472,1318,2025-10-04,2025-10-03,Closed,7.35
PO000781,2025-07-28,SUP020,SKU114,WH002,910,875,2025-08-09,2025-08-09,Closed,10.59
PO000782,2025-05-16,SUP015,SKU120,WH001,854,853,2025-06-07,2025-06-06,Closed,6.3
PO000783,2025-01-25,SUP002,SKU131,WH001,1189,1187,2025-02-19,2025-02-27,Closed,8.58
PO000784,2025-06-17,SUP006,SKU071,WH003,1070,993,2025-06-22,2025-06-20,Closed,8.74
PO000785,2025-12-29,SUP025,SKU102,WH002,789,703,2026-01-06,2026-01-06,Late,10.0
PO000786,2025-11-13,SUP016,SKU029,WH005,1464,1353,2025-11-25,2025-11-24,Closed,11.3
PO000787,2025-02-09,SUP015,SKU139,WH004,100,90,2025-02-23,2025-02-21,Closed,11.11
PO000788,2025-11-09,SUP002,SKU108,WH003,749,691,2025-11-28,2025-11-26,Closed,9.81
PO000789,2025-06-23,SUP021,SKU078,WH005,417,382,2025-07-09,2025-07-09,Closed,4.52
PO000790,2025-03-18,SUP020,SKU081,WH004,1148,1119,2025-04-08,2025-04-07,Closed,9.8
PO000791,2025-12-23,SUP001,SKU105,WH004,1491,344,2026-01-04,,Open,11.35
PO000792,2025-12-16,SUP020,SKU090,WH004,317,277,2026-01-01,2025-12-30,Closed,7.29
PO000793,2025-04-04,SUP012,SKU016,WH004,818,800,2025-04-21,2025-04-20,Closed,2.94
PO000794,2025-02-18,SUP004,SKU144,WH002,811,240,2025-03-02,,Open,2.03
PO000795,2025-04-26,SUP020,SKU114,WH002,977,132,2025-05-08,,Open,10.59
PO000796,2025-09-20,SUP024,SKU093,WH005,521,452,2025-10-10,2025-10-10,Closed,3.63
PO000797,2025-10-19,SUP017,SKU020,WH004,291,256,2025-10-28,2025-10-27,Closed,8.72
PO000798,2025-04-27,SUP016,SKU045,WH001,1262,1148,2025-05-03,2025-05-05,Closed,3.07
PO000799,2025-12-29,SUP017,SKU119,WH005,616,584,2026-01-03,2026-01-02,Closed,11.97
PO000800,2025-12-22,SUP017,SKU020,WH003,88,85,2025-12-31,2025-12-29,Closed,8.72
PO000801,2025-05-11,SUP016,SKU045,WH002,333,302,2025-05-17,2025-05-15,Closed,3.07
PO000802,2025-12-07,SUP025,SKU132,WH004,529,464,2026-01-01,2026-01-03,Closed,8.24
PO000803,2025-04-11,SUP001,SKU122,WH005,1217,1100,2025-04-25,2025-04-28,Closed,11.42
PO000804,2025-10-18,SUP023,SKU056,WH003,584,530,2025-10-27,2025-10-25,Closed,3.9
PO000805,2025-03-17,SUP015,SKU037,WH002,1495,1368,2025-03-24,2025-03-22,Closed,3.03
PO000806,2025-06-03,SUP017,SKU063,WH005,561,525,2025-06-20,2025-06-18,Closed,3.72
PO000807,2025-07-12,SUP008,SKU053,WH004,428,387,2025-08-03,2025-08-03,Closed,5.27
PO000808,2025-10-25,SUP022,SKU007,WH003,280,250,2025-11-04,2025-11-04,Closed,8.36
PO000809,2025-10-14,SUP025,SKU009,WH004,487,449,2025-10-31,2025-10-29,Closed,11.58
PO000810,2025-06-19,SUP005,SKU138,WH005,146,137,2025-07-12,2025-07-12,Closed,2.04
PO000811,2025-01-12,SUP007,SKU142,WH003,414,356,2025-01-23,2025-01-21,Closed,7.2
PO000812,2025-11-18,SUP015,SKU123,WH002,693,647,2025-11-25,2025-11-23,Closed,10.56
PO000813,2025-07-25,SUP012,SKU069,WH002,336,328,2025-08-09,2025-08-09,Closed,8.73
PO000814,2025-04-18,SUP015,SKU120,WH004,1220,1215,2025-05-10,2025-05-10,Closed,6.3
PO000815,2025-11-10,SUP017,SKU063,WH003,561,557,2025-11-27,2025-11-25,Closed,3.72
PO000816,2025-12-30,SUP006,SKU115,WH004,1481,1415,2026-01-23,2026-01-21,Closed,7.72
PO000817,2025-12-01,SUP010,SKU145,WH003,192,181,2025-12-21,2025-12-20,Closed,4.64
PO000818,2025-07-24,SUP011,SKU086,WH005,1307,1274,2025-08-12,2025-08-19,Closed,4.77
PO000819,2025-11-03,SUP004,SKU106,WH003,569,546,2025-11-13,2025-11-13,Closed,10.85
PO000820,2025-07-10,SUP014,SKU143,WH003,586,499,2025-08-01,2025-07-31,Closed,11.18
PO000821,2025-09-13,SUP005,SKU138,WH004,1399,1378,2025-10-06,2025-10-08,Closed,2.04
PO000822,2025-02-05,SUP002,SKU085,WH002,1226,1160,2025-02-18,2025-02-17,Closed,2.16
PO000823,2025-07-28,SUP011,SKU097,WH001,767,655,2025-08-15,2025-08-13,Closed,6.92
PO000824,2025-04-01,SUP005,SKU013,WH004,1066,965,2025-04-08,2025-04-08,Closed,7.59
PO000825,2025-10-31,SUP021,SKU054,WH003,986,973,2025-11-23,2025-11-24,Closed,8.56
PO000826,2025-05-12,SUP019,SKU080,WH003,1460,376,2025-05-22,,Open,10.96
PO000827,2025-01-03,SUP024,SKU124,WH004,835,818,2025-01-15,2025-01-13,Closed,10.78
PO000828,2025-01-03,SUP016,SKU026,WH004,1494,1359,2025-01-10,2025-01-12,Closed,11.19
PO000829,2025-03-23,SUP005,SKU062,WH001,302,288,2025-04-04,2025-04-11,Closed,10.26
PO000830,2025-07-07,SUP012,SKU016,WH003,700,667,2025-07-24,2025-07-26,Closed,2.94
PO000831,2025-10-04,SUP020,SKU081,WH004,1417,1397,2025-10-25,2025-10-23,Closed,9.8
PO000832,2025-08-10,SUP024,SKU010,WH002,91,80,2025-08-15,2025-08-13,Closed,2.72
PO000833,2025-05-07,SUP024,SKU150,WH003,1074,967,2025-05-22,2025-05-21,Closed,11.46
PO000834,2025-10-20,SUP015,SKU037,WH004,1299,1256,2025-10-27,2025-10-29,Closed,3.03
PO000835,2025-12-05,SUP007,SKU142,WH001,177,166,2025-12-16,2025-12-15,Closed,7.2
PO000836,2025-05-10,SUP012,SKU091,WH003,324,312,2025-05-29,2025-05-28,Late,9.72
PO000837,2025-07-22,SUP023,SKU008,WH003,975,942,2025-08-05,2025-08-03,Closed,10.3
PO000838,2025-02-13,SUP015,SKU123,WH003,1067,907,2025-02-20,2025-02-22,Closed,10.56
PO000839,2025-05-16,SUP016,SKU029,WH004,1368,1343,2025-05-28,2025-05-28,Closed,11.3
PO000840,2025-04-18,SUP008,SKU121,WH003,527,513,2025-04-28,2025-04-26,Late,6.97
PO000841,2025-09-05,SUP005,SKU138,WH003,1330,1192,2025-09-28,2025-10-01,Closed,2.04
PO000842,2025-12-04,SUP005,SKU138,WH004,269,235,2025-12-27,2025-12-25,Closed,2.04
PO000843,2025-02-02,SUP004,SKU144,WH004,785,771,2025-02-14,2025-02-14,Closed,2.03
PO000844,2025-01-27,SUP006,SKU032,WH001,263,5,2025-02-19,,Open,4.53
PO000845,2025-01-01,SUP024,SKU010,WH001,379,359,2025-01-06,2025-01-09,Closed,2.72
PO000846,2025-09-13,SUP018,SKU148,WH001,1414,1322,2025-10-04,2025-10-04,Closed,5.75
PO000847,2025-06-02,SUP021,SKU036,WH003,446,395,2025-06-07,2025-06-07,Closed,7.17
PO000848,2025-02-20,SUP017,SKU066,WH001,324,298,2025-03-09,2025-03-09,Closed,8.21
PO000849,2025-11-29,SUP011,SKU097,WH003,1249,1163,2025-12-17,2025-12-15,Closed,6.92
PO000850,2025-01-14,SUP022,SKU135,WH004,955,855,2025-01-20,2025-01-24,Closed,4.41
PO000851,2025-05-28,SUP004,SKU076,WH002,982,906,2025-06-02,2025-06-02,Closed,3.8
PO000852,2025-10-11,SUP022,SKU133,WH004,81,72,2025-10-22,2025-10-22,Late,7.69
PO000853,2025-12-07,SUP010,SKU003,WH001,830,791,2025-12-23,2025-12-22,Closed,7.87
PO000854,2025-11-17,SUP007,SKU024,WH004,783,743,2025-12-10,2025-12-11,Late,7.58
PO000855,2025-09-23,SUP020,SKU090,WH003,999,922,2025-10-09,2025-10-08,Closed,7.29
PO000856,2025-03-16,SUP008,SKU121,WH003,128,127,2025-03-26,2025-03-24,Closed,6.97
PO000857,2025-03-27,SUP008,SKU121,WH003,866,750,2025-04-06,2025-04-05,Closed,6.97
PO000858,2025-02-17,SUP024,SKU012,WH002,844,818,2025-03-05,2025-03-03,Closed,11.08
PO000859,2025-04-24,SUP010,SKU003,WH004,501,441,2025-05-10,2025-05-12,Closed,7.87
PO000860,2025-02-22,SUP022,SKU133,WH004,679,586,2025-03-05,2025-03-03,Late,7.69
PO000861,2025-07-26,SUP024,SKU093,WH005,904,797,2025-08-15,2025-08-15,Closed,3.63
PO000862,2025-10-26,SUP010,SKU084,WH001,77,70,2025-11-18,2025-11-16,Closed,8.41
PO000863,2025-03-08,SUP016,SKU045,WH005,968,916,2025-03-14,2025-03-13,Late,3.07
PO000864,2025-03-12,SUP017,SKU034,WH004,773,123,2025-03-20,,Open,3.69
PO000865,2025-09-28,SUP012,SKU100,WH005,174,152,2025-10-14,2025-10-20,Closed,2.35
PO000866,2025-10-22,SUP010,SKU084,WH004,338,307,2025-11-14,2025-11-14,Closed,8.41
PO000867,2025-11-02,SUP008,SKU121,WH001,1400,487,2025-11-12,,Open,6.97
PO000868,2025-08-25,SUP020,SKU114,WH001,1045,925,2025-09-06,2025-09-05,Closed,10.59
PO000869,2025-04-24,SUP002,SKU095,WH005,943,857,2025-05-15,2025-05-15,Closed,10.55
PO000870,2025-06-19,SUP018,SKU079,WH001,121,103,2025-06-25,2025-06-27,Closed,3.5
PO000871,2025-08-06,SUP012,SKU098,WH001,378,365,2025-08-28,2025-08-27,Closed,6.95
PO000872,2025-07-18,SUP019,SKU080,WH004,978,935,2025-07-28,2025-07-31,Closed,10.96
PO000873,2025-07-07,SUP023,SKU027,WH002,1286,1247,2025-07-23,2025-07-24,Closed,3.81
PO000874,2025-11-26,SUP021,SKU036,WH005,490,449,2025-12-01,2025-12-01,Closed,7.17
PO000875,2025-01-05,SUP003,SKU101,WH003,885,839,2025-01-17,2025-01-16,Late,11.21
PO000876,2025-12-14,SUP008,SKU065,WH004,209,199,2025-12-31,2025-12-30,Closed,2.4
PO000877,2025-09-20,SUP006,SKU023,WH005,1244,1138,2025-10-10,2025-10-10,Closed,8.04
PO000878,2025-12-31,SUP010,SKU064,WH005,739,120,2026-01-23,,Open,9.34
PO000879,2025-10-22,SUP010,SKU145,WH005,325,277,2025-11-11,2025-11-09,Late,4.64
PO000880,2025-11-17,SUP022,SKU133,WH004,1378,1203,2025-11-28,2025-11-27,Late,7.69
PO000881,2025-04-08,SUP011,SKU109,WH003,704,158,2025-04-23,,Open,7.66
PO000882,2025-06-10,SUP007,SKU146,WH005,1203,1024,2025-07-02,2025-07-02,Closed,1.2
PO000883,2025-03-11,SUP021,SKU078,WH002,1307,1160,2025-03-27,2025-03-26,Closed,4.52
PO000884,2025-11-30,SUP007,SKU137,WH004,537,476,2025-12-15,2025-12-13,Closed,2.01
PO000885,2025-04-03,SUP017,SKU068,WH002,197,179,2025-04-26,2025-04-24,Closed,11.13
PO000886,2025-07-19,SUP024,SKU022,WH005,1108,1050,2025-07-27,2025-07-27,Closed,11.85
PO000887,2025-07-28,SUP015,SKU037,WH005,174,156,2025-08-04,2025-08-03,Closed,3.03
PO000888,2025-12-17,SUP008,SKU053,WH003,1357,1243,2026-01-08,2026-01-07,Closed,5.27
PO000889,2025-02-18,SUP016,SKU045,WH003,530,497,2025-02-24,2025-02-24,Closed,3.07
PO000890,2025-07-19,SUP019,SKU051,WH001,1282,242,2025-07-26,,Open,9.85
PO000891,2025-11-04,SUP024,SKU128,WH002,1350,1158,2025-11-20,2025-11-19,Closed,10.5
PO000892,2025-04-13,SUP006,SKU071,WH003,138,132,2025-04-18,2025-04-26,Closed,8.74
PO000893,2025-04-13,SUP015,SKU088,WH003,1221,1095,2025-05-01,2025-04-30,Closed,6.94
PO000894,2025-07-19,SUP024,SKU012,WH001,875,801,2025-08-04,2025-08-03,Closed,11.08
PO000895,2025-09-09,SUP008,SKU112,WH004,1100,1086,2025-09-22,2025-09-20,Closed,2.85
PO000896,2025-10-26,SUP025,SKU009,WH003,951,950,2025-11-12,2025-11-12,Closed,11.58
PO000897,2025-07-30,SUP022,SKU113,WH005,1293,1195,2025-08-08,2025-08-08,Closed,11.04
PO000898,2025-05-01,SUP015,SKU139,WH003,920,838,2025-05-15,2025-05-13,Closed,11.11
PO000899,2025-12-08,SUP012,SKU098,WH003,1071,1050,2025-12-30,2025-12-30,Closed,6.95
PO000900,2025-11-13,SUP007,SKU015,WH003,682,676,2025-11-21,2025-11-21,Closed,10.87
PO000901,2025-10-11,SUP016,SKU045,WH002,1068,948,2025-10-17,2025-10-17,Closed,3.07
PO000902,2025-06-19,SUP011,SKU041,WH001,1429,1333,2025-07-10,2025-07-10,Closed,8.46
PO000903,2025-07-20,SUP004,SKU134,WH005,581,546,2025-08-14,2025-08-14,Closed,2.09
PO000904,2025-02-11,SUP019,SKU018,WH003,969,908,2025-02-23,2025-02-21,Closed,10.5
PO000905,2025-02-18,SUP012,SKU069,WH001,1106,48,2025-03-05,,Open,8.73
PO000906,2025-01-14,SUP024,SKU035,WH003,971,905,2025-01-21,2025-01-19,Closed,11.5
PO000907,2025-12-17,SUP008,SKU112,WH002,1294,1102,2025-12-30,2026-01-06,Closed,2.85
PO000908,2025-09-01,SUP023,SKU027,WH005,433,404,2025-09-17,2025-09-16,Closed,3.81
PO000909,2025-08-24,SUP004,SKU134,WH004,829,763,2025-09-18,2025-09-16,Closed,2.09
PO000910,2025-07-12,SUP013,SKU057,WH002,687,624,2025-08-05,2025-08-12,Closed,2.31
PO000911,2025-01-21,SUP025,SKU009,WH001,1391,1261,2025-02-07,2025-02-06,Closed,11.58
PO000912,2025-03-23,SUP018,SKU079,WH002,937,876,2025-03-29,2025-03-27,Closed,3.5
PO000913,2025-09-18,SUP020,SKU126,WH005,1463,1462,2025-10-10,2025-10-09,Late,2.53
PO000914,2025-09-30,SUP007,SKU024,WH005,1412,1362,2025-10-23,2025-10-23,Closed,7.58
PO000915,2025-01-30,SUP015,SKU037,WH002,957,951,2025-02-06,2025-02-05,Closed,3.03
PO000916,2025-11-06,SUP023,SKU089,WH005,1379,1276,2025-11-16,2025-11-17,Closed,1.53
PO000917,2025-01-18,SUP024,SKU028,WH003,864,830,2025-01-25,2025-01-25,Closed,4.97
PO000918,2025-06-25,SUP024,SKU022,WH004,332,297,2025-07-03,2025-07-02,Closed,11.85
PO000919,2025-11-04,SUP001,SKU092,WH004,689,645,2025-11-10,2025-11-08,Late,4.26
PO000920,2025-05-03,SUP024,SKU149,WH005,1282,1104,2025-05-08,2025-05-08,Closed,3.72
PO000921,2025-02-12,SUP018,SKU148,WH002,1174,1121,2025-03-05,2025-03-07,Late,5.75
PO000922,2025-08-22,SUP002,SKU108,WH003,148,146,2025-09-10,2025-09-09,Closed,9.81
PO000923,2025-03-18,SUP001,SKU092,WH003,1150,1045,2025-03-24,2025-04-01,Closed,4.26
PO000924,2025-11-15,SUP010,SKU145,WH005,577,561,2025-12-05,2025-12-04,Closed,4.64
PO000925,2025-09-16,SUP024,SKU028,WH001,610,574,2025-09-23,2025-09-26,Closed,4.97
PO000926,2025-11-20,SUP022,SKU133,WH003,1370,1346,2025-12-01,2025-12-08,Closed,7.69
PO000927,2025-05-15,SUP017,SKU074,WH001,854,737,2025-05-28,2025-05-28,Closed,7.35
PO000928,2025-09-18,SUP003,SKU083,WH001,1169,1091,2025-10-08,2025-10-08,Closed,2.58
PO000929,2025-01-06,SUP010,SKU084,WH001,1064,1021,2025-01-29,2025-01-28,Closed,8.41
PO000930,2025-10-14,SUP012,SKU100,WH003,312,296,2025-10-30,2025-11-05,Closed,2.35
PO000931,2025-10-01,SUP002,SKU095,WH004,325,319,2025-10-22,2025-10-30,Closed,10.55
PO000932,2025-12-22,SUP015,SKU087,WH003,959,916,2026-01-12,2026-01-10,Late,4.19
PO000933,2025-05-31,SUP020,SKU019,WH004,600,526,2025-06-13,2025-06-15,Closed,3.02
PO000934,2025-03-02,SUP012,SKU091,WH004,142,127,2025-03-21,2025-03-21,Closed,9.72
PO000935,2025-02-11,SUP020,SKU019,WH005,1346,1244,2025-02-24,2025-02-24,Closed,3.02
PO000936,2025-04-30,SUP016,SKU141,WH001,1169,241,2025-05-13,,Open,6.49
PO000937,2025-09-06,SUP021,SKU078,WH004,1254,1068,2025-09-22,2025-09-21,Closed,4.52
PO000938,2025-05-20,SUP023,SKU008,WH004,851,796,2025-06-03,2025-06-02,Closed,10.3
PO000939,2025-01-07,SUP005,SKU138,WH002,385,370,2025-01-30,2025-01-29,Closed,2.04
PO000940,2025-01-21,SUP019,SKU043,WH001,721,652,2025-02-14,2025-02-14,Closed,7.04
PO000941,2025-02-14,SUP019,SKU082,WH005,383,328,2025-03-01,2025-03-01,Closed,7.9
PO000942,2025-12-31,SUP012,SKU091,WH004,843,753,2026-01-19,2026-01-17,Closed,9.72
PO000943,2025-01-28,SUP005,SKU060,WH003,1405,1357,2025-02-14,2025-02-14,Closed,9.75
PO000944,2025-03-19,SUP023,SKU125,WH001,1436,220,2025-04-08,,Open,2.72
PO000945,2025-08-18,SUP024,SKU149,WH004,1142,1058,2025-08-23,2025-08-21,Closed,3.72
PO000946,2025-04-24,SUP018,SKU148,WH002,1251,1086,2025-05-15,2025-05-14,Late,5.75
PO000947,2025-04-08,SUP010,SKU145,WH005,901,803,2025-04-28,2025-04-27,Closed,4.64
PO000948,2025-05-27,SUP020,SKU114,WH002,199,60,2025-06-08,,Open,10.59
PO000949,2025-02-01,SUP024,SKU035,WH003,1226,1186,2025-02-08,2025-02-06,Closed,11.5
PO000950,2025-06-10,SUP017,SKU063,WH004,642,590,2025-06-27,2025-06-27,Closed,3.72
PO000951,2025-02-28,SUP010,SKU064,WH003,182,157,2025-03-23,2025-03-22,Closed,9.34
PO000952,2025-07-26,SUP016,SKU026,WH002,1222,1092,2025-08-02,2025-08-01,Closed,11.19
PO000953,2025-10-08,SUP015,SKU120,WH005,362,334,2025-10-30,2025-10-30,Closed,6.3
PO000954,2025-11-20,SUP019,SKU080,WH004,154,144,2025-11-30,2025-11-28,Closed,10.96
PO000955,2025-06-24,SUP025,SKU132,WH005,1277,1180,2025-07-19,2025-07-23,Closed,8.24
PO000956,2025-07-29,SUP018,SKU148,WH005,599,569,2025-08-19,2025-08-18,Closed,5.75
PO000957,2025-11-03,SUP009,SKU129,WH002,1346,1210,2025-11-25,2025-11-23,Closed,6.29
PO000958,2025-05-10,SUP002,SKU077,WH005,835,723,2025-05-22,2025-05-20,Late,9.38
PO000959,2025-06-12,SUP013,SKU039,WH004,859,758,2025-06-29,2025-06-27,Closed,9.94
PO000960,2025-07-28,SUP013,SKU052,WH002,1419,137,2025-08-09,,Open,7.96
PO000961,2025-12-31,SUP023,SKU008,WH001,1169,1058,2026-01-14,2026-01-13,Closed,10.3
PO000962,2025-08-21,SUP012,SKU061,WH003,1355,1170,2025-09-09,2025-09-08,Closed,7.1
PO000963,2025-10-12,SUP019,SKU082,WH001,925,892,2025-10-27,2025-10-26,Closed,7.9
PO000964,2025-12-22,SUP001,SKU105,WH005,171,30,2026-01-03,,Open,11.35
PO000965,2025-09-02,SUP007,SKU024,WH005,877,45,2025-09-25,,Open,7.58
PO000966,2025-09-11,SUP007,SKU015,WH005,1017,964,2025-09-19,2025-09-17,Closed,10.87
PO000967,2025-09-10,SUP019,SKU043,WH001,278,272,2025-10-04,2025-10-03,Late,7.04
PO000968,2025-04-05,SUP001,SKU048,WH004,425,375,2025-04-25,2025-04-26,Closed,6.32
PO000969,2025-11-27,SUP025,SKU009,WH003,1297,1147,2025-12-14,2025-12-22,Closed,11.58
PO000970,2025-10-27,SUP025,SKU009,WH002,371,325,2025-11-13,2025-11-11,Closed,11.58
PO000971,2025-10-20,SUP005,SKU070,WH002,885,816,2025-11-01,2025-10-30,Closed,4.2
PO000972,2025-06-17,SUP007,SKU024,WH005,424,363,2025-07-10,2025-07-08,Closed,7.58
PO000973,2025-10-22,SUP025,SKU004,WH001,329,318,2025-11-14,2025-11-13,Closed,6.13
PO000974,2025-10-31,SUP024,SKU107,WH005,1288,1237,2025-11-10,2025-11-16,Late,6.54
PO000975,2025-07-23,SUP025,SKU009,WH005,648,556,2025-08-09,2025-08-13,Closed,11.58
PO000976,2025-03-02,SUP024,SKU010,WH001,689,612,2025-03-07,2025-03-05,Closed,2.72
PO000977,2025-12-09,SUP007,SKU137,WH002,510,502,2025-12-24,2025-12-28,Closed,2.01
PO000978,2025-01-31,SUP016,SKU141,WH001,1307,1218,2025-02-13,2025-02-13,Closed,6.49
PO000979,2025-05-13,SUP012,SKU016,WH005,524,495,2025-05-30,2025-05-28,Closed,2.94
PO000980,2025-05-26,SUP006,SKU023,WH001,253,216,2025-06-15,2025-06-14,Closed,8.04
PO000981,2025-12-23,SUP015,SKU088,WH002,997,906,2026-01-10,2026-01-09,Closed,6.94
PO000982,2025-02-28,SUP016,SKU038,WH005,204,188,2025-03-21,2025-03-20,Closed,6.8
PO000983,2025-10-01,SUP007,SKU137,WH003,1330,1216,2025-10-16,2025-10-14,Closed,2.01
PO000984,2025-08-21,SUP002,SKU136,WH004,320,308,2025-09-13,2025-09-15,Closed,4.12
PO000985,2025-01-28,SUP012,SKU098,WH001,1064,37,2025-02-19,,Open,6.95
PO000986,2025-12-17,SUP010,SKU147,WH004,1128,1022,2026-01-11,2026-01-10,Closed,9.49
PO000987,2025-05-05,SUP016,SKU026,WH003,1424,1355,2025-05-12,2025-05-11,Closed,11.19
PO000988,2025-06-22,SUP023,SKU027,WH003,830,807,2025-07-08,2025-07-06,Closed,3.81
PO000989,2025-03-30,SUP001,SKU048,WH001,561,546,2025-04-19,2025-04-19,Closed,6.32
PO000990,2025-08-25,SUP022,SKU118,WH004,1335,1264,2025-09-18,2025-09-26,Closed,8.37
PO000991,2025-12-26,SUP016,SKU045,WH001,1320,178,2026-01-01,,Open,3.07
PO000992,2025-05-30,SUP019,SKU043,WH004,998,905,2025-06-23,2025-06-21,Closed,7.04
PO000993,2025-07-25,SUP016,SKU038,WH003,1111,1052,2025-08-15,2025-08-14,Late,6.8
PO000994,2025-09-14,SUP012,SKU091,WH001,281,254,2025-10-03,2025-10-01,Closed,9.72
PO000995,2025-02-15,SUP013,SKU052,WH004,1342,1221,2025-02-27,2025-02-27,Closed,7.96
PO000996,2025-08-13,SUP022,SKU007,WH002,676,585,2025-08-23,2025-08-27,Closed,8.36
PO000997,2025-07-27,SUP023,SKU001,WH004,1113,1035,2025-08-21,2025-08-22,Closed,3.18
PO000998,2025-08-03,SUP013,SKU057,WH004,1021,943,2025-08-27,2025-08-26,Closed,2.31
PO000999,2025-04-21,SUP011,SKU086,WH004,943,878,2025-05-10,2025-05-16,Closed,4.77
PO001000,2025-10-19,SUP019,SKU082,WH002,987,915,2025-11-03,2025-11-01,Closed,7.9
PO001001,2025-02-17,SUP011,SKU041,WH003,53,5,2025-03-10,,Open,8.46
PO001002,2025-06-22,SUP017,SKU074,WH003,1302,1214,2025-07-05,2025-07-06,Closed,7.35
PO001003,2025-10-09,SUP017,SKU066,WH004,1001,908,2025-10-26,2025-11-03,Closed,8.21
PO001004,2025-04-06,SUP019,SKU082,WH001,1368,1350,2025-04-21,2025-04-23,Closed,7.9
PO001005,2025-10-22,SUP024,SKU022,WH003,488,419,2025-10-30,2025-10-28,Closed,11.85
PO001006,2025-04-23,SUP011,SKU099,WH004,84,74,2025-05-02,2025-05-01,Closed,8.59
PO001007,2025-09-05,SUP011,SKU099,WH005,953,922,2025-09-14,2025-09-13,Late,8.59
PO001008,2025-04-13,SUP002,SKU077,WH001,778,751,2025-04-25,2025-04-26,Closed,9.38
PO001009,2025-03-15,SUP020,SKU114,WH004,1130,1050,2025-03-27,2025-03-27,Closed,10.59
PO001010,2025-12-15,SUP018,SKU148,WH004,642,561,2026-01-05,2026-01-05,Closed,5.75
PO001011,2025-11-28,SUP020,SKU090,WH002,673,656,2025-12-14,2025-12-14,Closed,7.29
PO001012,2025-09-13,SUP018,SKU072,WH004,1350,114,2025-09-19,,Open,9.04
PO001013,2025-06-25,SUP005,SKU138,WH004,1341,1245,2025-07-18,2025-07-18,Closed,2.04
PO001014,2025-11-01,SUP013,SKU130,WH005,558,547,2025-11-16,2025-11-16,Closed,5.55
PO001015,2025-01-12,SUP024,SKU111,WH002,993,974,2025-01-27,2025-01-27,Closed,3.96
PO001016,2025-07-12,SUP006,SKU115,WH004,252,226,2025-08-05,2025-08-03,Closed,7.72
PO001017,2025-03-08,SUP017,SKU119,WH003,1107,1028,2025-03-13,2025-03-19,Closed,11.97
PO001018,2025-12-27,SUP023,SKU027,WH002,697,662,2026-01-12,2026-01-12,Closed,3.81
PO001019,2025-12-15,SUP002,SKU040,WH001,974,953,2026-01-02,2025-12-31,Closed,1.97
PO001020,2025-10-27,SUP020,SKU114,WH001,1032,996,2025-11-08,2025-11-07,Closed,10.59
PO001021,2025-02-28,SUP022,SKU140,WH004,747,663,2025-03-25,2025-03-25,Closed,11.55
PO001022,2025-02-09,SUP001,SKU092,WH001,996,949,2025-02-15,2025-02-13,Closed,4.26
PO001023,2025-09-17,SUP022,SKU113,WH001,1117,1088,2025-09-26,2025-09-25,Late,11.04
PO001024,2025-02-20,SUP010,SKU147,WH005,307,276,2025-03-17,2025-03-17,Closed,9.49
PO001025,2025-01-30,SUP025,SKU004,WH002,442,393,2025-02-22,2025-02-20,Closed,6.13
PO001026,2025-02-20,SUP013,SKU057,WH001,1182,1052,2025-03-16,2025-03-16,Closed,2.31
PO001027,2025-04-19,SUP006,SKU002,WH005,1393,1240,2025-04-26,2025-04-26,Closed,10.55
PO001028,2025-06-10,SUP023,SKU001,WH005,262,242,2025-07-05,2025-07-05,Closed,3.18
PO001029,2025-02-27,SUP024,SKU035,WH001,843,776,2025-03-06,2025-03-04,Closed,11.5
PO001030,2025-12-19,SUP008,SKU053,WH005,554,536,2026-01-10,2026-01-09,Closed,5.27
PO001031,2025-03-20,SUP008,SKU053,WH003,802,782,2025-04-11,2025-04-10,Closed,5.27
PO001032,2025-01-25,SUP010,SKU145,WH003,402,353,2025-02-14,2025-02-16,Closed,4.64
PO001033,2025-04-12,SUP008,SKU053,WH002,641,622,2025-05-04,2025-05-03,Closed,5.27
PO001034,2025-08-09,SUP022,SKU135,WH005,1200,1184,2025-08-15,2025-08-15,Closed,4.41
PO001035,2025-01-31,SUP015,SKU033,WH003,1463,251,2025-02-06,,Open,10.83
PO001036,2025-08-12,SUP017,SKU055,WH003,55,52,2025-09-06,2025-09-06,Closed,11.32
PO001037,2025-03-21,SUP024,SKU012,WH002,745,652,2025-04-06,2025-04-05,Closed,11.08
PO001038,2025-08-01,SUP008,SKU112,WH005,1334,1263,2025-08-14,2025-08-14,Closed,2.85
PO001039,2025-06-05,SUP002,SKU131,WH003,1335,1317,2025-06-30,2025-06-29,Closed,8.58
PO001040,2025-03-10,SUP013,SKU130,WH003,1369,1186,2025-03-25,2025-03-23,Closed,5.55
PO001041,2025-11-28,SUP020,SKU096,WH004,909,810,2025-12-08,2025-12-15,Late,4.22
PO001042,2025-11-28,SUP018,SKU072,WH001,1019,873,2025-12-04,2025-12-02,Closed,9.04
PO001043,2025-08-31,SUP006,SKU032,WH005,1164,1016,2025-09-23,2025-09-23,Closed,4.53
PO001044,2025-02-05,SUP021,SKU059,WH004,1245,1183,2025-02-14,2025-02-12,Closed,6.52
PO001045,2025-06-09,SUP021,SKU059,WH005,784,771,2025-06-18,2025-06-23,Closed,6.52
PO001046,2025-01-04,SUP025,SKU009,WH002,352,334,2025-01-21,2025-01-21,Closed,11.58
PO001047,2025-12-05,SUP005,SKU138,WH003,1342,1161,2025-12-28,2025-12-27,Closed,2.04
PO001048,2025-09-27,SUP021,SKU036,WH001,1025,998,2025-10-02,2025-09-30,Closed,7.17
PO001049,2025-10-27,SUP021,SKU054,WH003,1271,1260,2025-11-19,2025-11-17,Closed,8.56
PO001050,2025-03-02,SUP007,SKU142,WH005,1113,996,2025-03-13,2025-03-13,Closed,7.2
PO001051,2025-12-09,SUP008,SKU065,WH003,1500,1450,2025-12-26,2025-12-25,Closed,2.4
PO001052,2025-02-24,SUP004,SKU106,WH003,730,708,2025-03-06,2025-03-04,Closed,10.85
PO001053,2025-08-04,SUP008,SKU053,WH004,1446,181,2025-08-26,,Open,5.27
PO001054,2025-06-26,SUP018,SKU072,WH004,496,432,2025-07-02,2025-07-02,Closed,9.04
PO001055,2025-09-26,SUP006,SKU023,WH005,1164,993,2025-10-16,2025-10-15,Closed,8.04
PO001056,2025-08-06,SUP025,SKU009,WH001,313,290,2025-08-23,2025-08-22,Closed,11.58
PO001057,2025-12-09,SUP004,SKU144,WH005,1158,1088,2025-12-21,2025-12-24,Closed,2.03
PO001058,2025-01-27,SUP005,SKU060,WH003,629,622,2025-02-13,2025-02-12,Closed,9.75
PO001059,2025-02-26,SUP023,SKU046,WH005,898,826,2025-03-09,2025-03-09,Late,4.22
PO001060,2025-08-12,SUP006,SKU115,WH001,1135,968,2025-09-05,2025-09-04,Closed,7.72
PO001061,2025-12-10,SUP022,SKU140,WH003,1440,153,2026-01-04,,Open,11.55
PO001062,2025-03-03,SUP015,SKU037,WH001,536,485,2025-03-10,2025-03-09,Closed,3.03
PO001063,2025-05-30,SUP024,SKU035,WH001,453,445,2025-06-06,2025-06-06,Closed,11.5
PO001064,2025-09-13,SUP005,SKU062,WH003,1087,962,2025-09-25,2025-09-24,Closed,10.26
PO001065,2025-04-05,SUP015,SKU033,WH003,1200,1035,2025-04-11,2025-04-10,Closed,10.83
PO001066,2025-02-16,SUP015,SKU037,WH002,603,593,2025-02-23,2025-02-21,Closed,3.03
PO001067,2025-05-05,SUP015,SKU123,WH003,80,78,2025-05-12,2025-05-11,Closed,10.56
PO001068,2025-01-07,SUP008,SKU112,WH005,1068,1010,2025-01-20,2025-01-18,Closed,2.85
PO001069,2025-01-19,SUP017,SKU055,WH004,590,548,2025-02-13,2025-02-14,Closed,11.32
PO001070,2025-02-09,SUP024,SKU149,WH003,1032,903,2025-02-14,2025-02-13,Closed,3.72
PO001071,2025-03-14,SUP023,SKU008,WH004,874,830,2025-03-28,2025-03-27,Closed,10.3
PO001072,2025-03-21,SUP008,SKU112,WH001,134,38,2025-04-03,,Open,2.85
PO001073,2025-09-02,SUP006,SKU002,WH005,277,266,2025-09-09,2025-09-07,Closed,10.55
PO001074,2025-07-23,SUP005,SKU013,WH005,117,116,2025-07-30,2025-07-30,Closed,7.59
PO001075,2025-04-05,SUP025,SKU025,WH005,1083,993,2025-04-27,2025-04-25,Closed,8.66
PO001076,2025-10-29,SUP006,SKU071,WH003,442,378,2025-11-03,2025-11-03,Closed,8.74
PO001077,2025-11-02,SUP008,SKU053,WH001,873,840,2025-11-24,2025-11-24,Closed,5.27
PO001078,2025-09-08,SUP016,SKU141,WH004,840,813,2025-09-21,2025-09-19,Closed,6.49
PO001079,2025-11-10,SUP018,SKU148,WH003,368,328,2025-12-01,2025-11-29,Closed,5.75
PO001080,2025-02-18,SUP013,SKU057,WH002,273,258,2025-03-14,2025-03-13,Late,2.31
PO001081,2025-04-10,SUP025,SKU073,WH003,736,725,2025-04-15,2025-04-13,Closed,2.98
PO001082,2025-01-29,SUP007,SKU142,WH005,778,748,2025-02-09,2025-02-13,Closed,7.2
PO001083,2025-11-06,SUP025,SKU102,WH001,586,576,2025-11-14,2025-11-14,Closed,10.0
PO001084,2025-12-29,SUP022,SKU118,WH005,551,545,2026-01-22,2026-01-22,Closed,8.37
PO001085,2025-02-02,SUP024,SKU093,WH004,1196,1092,2025-02-22,2025-02-21,Closed,3.63
PO001086,2025-10-14,SUP002,SKU131,WH004,115,113,2025-11-08,2025-11-06,Late,8.58
PO001087,2025-06-22,SUP002,SKU077,WH005,874,777,2025-07-04,2025-07-03,Closed,9.38
PO001088,2025-12-25,SUP016,SKU141,WH003,925,801,2026-01-07,2026-01-09,Closed,6.49
PO001089,2025-05-27,SUP002,SKU077,WH005,416,406,2025-06-08,2025-06-08,Late,9.38
PO001090,2025-02-10,SUP020,SKU081,WH002,1258,1151,2025-03-03,2025-03-03,Closed,9.8
PO001091,2025-02-22,SUP025,SKU103,WH002,908,806,2025-03-04,2025-03-02,Late,8.91
PO001092,2025-02-10,SUP012,SKU098,WH002,538,481,2025-03-04,2025-03-02,Closed,6.95
PO001093,2025-05-16,SUP002,SKU095,WH003,904,773,2025-06-06,2025-06-06,Closed,10.55
PO001094,2025-02-11,SUP002,SKU094,WH002,886,805,2025-02-20,2025-02-20,Closed,1.76
PO001095,2025-02-07,SUP004,SKU144,WH002,380,376,2025-02-19,2025-02-17,Closed,2.03
PO001096,2025-07-10,SUP022,SKU118,WH003,239,206,2025-08-03,2025-08-02,Late,8.37
PO001097,2025-08-14,SUP015,SKU120,WH003,1091,975,2025-09-05,2025-09-03,Closed,6.3
PO001098,2025-12-15,SUP017,SKU055,WH002,466,420,2026-01-09,2026-01-09,Closed,11.32
PO001099,2025-01-03,SUP007,SKU142,WH002,148,129,2025-01-14,2025-01-14,Late,7.2
PO001100,2025-09-26,SUP005,SKU060,WH005,673,657,2025-10-13,2025-10-11,Closed,9.75
PO001101,2025-09-30,SUP012,SKU098,WH004,838,802,2025-10-22,2025-10-22,Closed,6.95
PO001102,2025-12-28,SUP017,SKU119,WH002,1109,1063,2026-01-02,2025-12-31,Closed,11.97
PO001103,2025-05-17,SUP007,SKU104,WH001,677,673,2025-06-11,2025-06-09,Closed,5.43
PO001104,2025-08-26,SUP002,SKU136,WH001,1036,945,2025-09-18,2025-09-17,Closed,4.12
PO001105,2025-06-29,SUP023,SKU008,WH004,249,231,2025-07-13,2025-07-13,Closed,10.3
PO001106,2025-09-14,SUP007,SKU142,WH002,390,347,2025-09-25,2025-09-25,Closed,7.2
PO001107,2025-12-01,SUP007,SKU011,WH003,607,547,2025-12-08,2025-12-08,Late,10.01
PO001108,2025-01-09,SUP016,SKU029,WH004,65,58,2025-01-21,2025-01-20,Closed,11.3
PO001109,2025-02-07,SUP025,SKU009,WH002,877,819,2025-02-24,2025-02-26,Closed,11.58
PO001110,2025-09-10,SUP021,SKU078,WH005,1335,1184,2025-09-26,2025-09-24,Closed,4.52
PO001111,2025-12-15,SUP006,SKU042,WH004,944,876,2025-12-31,2025-12-29,Closed,6.84
PO001112,2025-03-31,SUP023,SKU056,WH001,1484,1385,2025-04-09,2025-04-09,Closed,3.9
PO001113,2025-08-08,SUP012,SKU069,WH001,730,158,2025-08-23,,Open,8.73
PO001114,2025-08-08,SUP025,SKU103,WH003,165,2,2025-08-18,,Open,8.91
PO001115,2025-10-09,SUP022,SKU116,WH002,1495,1422,2025-10-30,2025-10-29,Closed,4.95
PO001116,2025-08-22,SUP004,SKU144,WH003,1338,1194,2025-09-03,2025-09-02,Closed,2.03
PO001117,2025-04-06,SUP020,SKU019,WH004,330,323,2025-04-19,2025-04-17,Closed,3.02
PO001118,2025-08-19,SUP006,SKU071,WH001,341,301,2025-08-24,2025-08-24,Closed,8.74
PO001119,2025-03-30,SUP002,SKU094,WH005,629,546,2025-04-08,2025-04-08,Closed,1.76
PO001120,2025-07-16,SUP004,SKU106,WH002,1410,1202,2025-07-26,2025-07-24,Closed,10.85
PO001121,2025-05-08,SUP004,SKU076,WH003,862,858,2025-05-13,2025-05-11,Closed,3.8
PO001122,2025-02-09,SUP013,SKU014,WH001,1407,1405,2025-02-22,2025-02-24,Late,9.53
PO001123,2025-06-19,SUP013,SKU052,WH001,1238,1077,2025-07-01,2025-06-30,Closed,7.96
PO001124,2025-04-24,SUP024,SKU010,WH003,1298,1187,2025-04-29,2025-04-27,Closed,2.72
PO001125,2025-09-16,SUP014,SKU005,WH005,829,813,2025-09-27,2025-09-25,Closed,7.76
PO001126,2025-11-13,SUP012,SKU061,WH005,1289,1140,2025-12-02,2025-12-02,Closed,7.1
PO001127,2025-05-02,SUP002,SKU095,WH002,687,605,2025-05-23,2025-05-21,Closed,10.55
PO001128,2025-12-24,SUP017,SKU020,WH001,1119,968,2026-01-02,2026-01-02,Closed,8.72
PO001129,2025-11-28,SUP017,SKU055,WH002,1404,1256,2025-12-23,2025-12-22,Closed,11.32
PO001130,2025-10-14,SUP006,SKU127,WH005,293,277,2025-10-30,2025-10-28,Closed,10.11
PO001131,2025-03-13,SUP012,SKU069,WH001,975,833,2025-03-28,2025-03-28,Closed,8.73
PO001132,2025-11-27,SUP017,SKU020,WH005,1125,970,2025-12-06,2025-12-10,Closed,8.72
PO001133,2025-01-17,SUP016,SKU067,WH001,1369,1222,2025-02-02,2025-02-01,Closed,3.61
PO001134,2025-03-15,SUP013,SKU039,WH004,1237,1163,2025-04-01,2025-03-31,Closed,9.94
PO001135,2025-12-07,SUP007,SKU024,WH001,1141,1023,2025-12-30,2025-12-30,Closed,7.58
PO001136,2025-05-30,SUP007,SKU137,WH004,1458,135,2025-06-14,,Open,2.01
PO001137,2025-01-30,SUP021,SKU054,WH005,818,809,2025-02-22,2025-02-24,Closed,8.56
PO001138,2025-09-29,SUP015,SKU139,WH002,819,772,2025-10-13,2025-10-13,Closed,11.11
PO001139,2025-12-12,SUP005,SKU070,WH003,761,744,2025-12-24,2025-12-24,Late,4.2
PO001140,2025-10-19,SUP007,SKU011,WH004,1445,1273,2025-10-26,2025-10-26,Closed,10.01
PO001141,2025-03-31,SUP005,SKU062,WH004,849,831,2025-04-12,2025-04-10,Closed,10.26
PO001142,2025-04-29,SUP022,SKU116,WH005,717,677,2025-05-20,2025-05-19,Closed,4.95
PO001143,2025-10-06,SUP011,SKU097,WH002,298,276,2025-10-24,2025-10-22,Closed,6.92
PO001144,2025-02-04,SUP016,SKU029,WH004,1233,1053,2025-02-16,2025-02-15,Closed,11.3
PO001145,2025-02-17,SUP017,SKU068,WH003,1326,1215,2025-03-12,2025-03-10,Closed,11.13
PO001146,2025-04-21,SUP024,SKU107,WH002,61,59,2025-05-01,2025-04-29,Closed,6.54
PO001147,2025-09-25,SUP016,SKU141,WH001,1055,1011,2025-10-08,2025-10-15,Closed,6.49
PO001148,2025-01-17,SUP010,SKU075,WH003,384,360,2025-01-26,2025-01-26,Closed,9.3
PO001149,2025-09-30,SUP017,SKU063,WH004,1482,1422,2025-10-17,2025-10-16,Closed,3.72
PO001150,2025-01-27,SUP017,SKU066,WH004,553,487,2025-02-13,2025-02-11,Closed,8.21
PO001151,2025-06-27,SUP014,SKU047,WH001,509,475,2025-07-15,2025-07-22,Closed,5.04
PO001152,2025-05-18,SUP019,SKU051,WH002,802,741,2025-05-25,2025-05-24,Closed,9.85
PO001153,2025-11-16,SUP021,SKU059,WH005,1274,1115,2025-11-25,2025-11-24,Closed,6.52
PO001154,2025-06-15,SUP019,SKU043,WH005,1365,1252,2025-07-09,2025-07-13,Closed,7.04
PO001155,2025-07-07,SUP025,SKU102,WH003,1246,1180,2025-07-15,2025-07-15,Closed,10.0
PO001156,2025-05-22,SUP024,SKU149,WH005,449,151,2025-05-27,,Open,3.72
PO001157,2025-03-21,SUP024,SKU012,WH004,73,72,2025-04-06,2025-04-06,Closed,11.08
PO001158,2025-05-26,SUP025,SKU103,WH004,599,561,2025-06-05,2025-06-05,Late,8.91
PO001159,2025-06-28,SUP023,SKU089,WH001,1172,1060,2025-07-08,2025-07-13,Closed,1.53
PO001160,2025-11-28,SUP012,SKU016,WH002,1097,959,2025-12-15,2025-12-14,Closed,2.94
PO001161,2025-08-22,SUP006,SKU127,WH002,151,142,2025-09-07,2025-09-06,Closed,10.11
PO001162,2025-05-05,SUP007,SKU015,WH001,483,416,2025-05-13,2025-05-11,Closed,10.87
PO001163,2025-05-16,SUP021,SKU036,WH001,884,790,2025-05-21,2025-05-20,Closed,7.17
PO001164,2025-01-28,SUP014,SKU005,WH001,78,20,2025-02-08,,Open,7.76
PO001165,2025-02-05,SUP011,SKU109,WH004,1131,987,2025-02-20,2025-02-18,Closed,7.66
PO001166,2025-03-30,SUP020,SKU096,WH003,1461,1322,2025-04-09,2025-04-09,Closed,4.22
PO001167,2025-08-02,SUP024,SKU124,WH005,166,156,2025-08-14,2025-08-15,Closed,10.78
PO001168,2025-09-22,SUP002,SKU095,WH003,1363,1259,2025-10-13,2025-10-13,Closed,10.55
PO001169,2025-07-11,SUP025,SKU004,WH004,64,54,2025-08-03,2025-08-01,Closed,6.13
PO001170,2025-06-28,SUP011,SKU109,WH005,469,416,2025-07-13,2025-07-19,Closed,7.66
PO001171,2025-08-11,SUP024,SKU012,WH004,981,848,2025-08-27,2025-08-26,Closed,11.08
PO001172,2025-04-25,SUP024,SKU124,WH002,146,132,2025-05-07,2025-05-15,Closed,10.78
PO001173,2025-05-09,SUP025,SKU004,WH003,1350,1280,2025-06-01,2025-06-05,Closed,6.13
PO001174,2025-03-23,SUP012,SKU091,WH004,1350,1217,2025-04-11,2025-04-09,Closed,9.72
PO001175,2025-04-06,SUP013,SKU014,WH001,535,484,2025-04-19,2025-04-18,Closed,9.53
PO001176,2025-04-12,SUP005,SKU070,WH005,1304,1122,2025-04-24,2025-04-24,Closed,4.2
PO001177,2025-09-24,SUP006,SKU115,WH001,624,592,2025-10-18,2025-10-23,Late,7.72
PO001178,2025-10-27,SUP002,SKU131,WH002,776,765,2025-11-21,2025-11-19,Closed,8.58
PO001179,2025-07-01,SUP001,SKU092,WH002,1178,342,2025-07-07,,Open,4.26
PO001180,2025-01-09,SUP025,SKU103,WH003,158,149,2025-01-19,2025-01-18,Closed,8.91
PO001181,2025-07-28,SUP002,SKU040,WH005,1230,1135,2025-08-15,2025-08-14,Late,1.97
PO001182,2025-09-22,SUP012,SKU098,WH002,844,801,2025-10-14,2025-10-14,Closed,6.95
PO001183,2025-06-23,SUP011,SKU086,WH003,703,701,2025-07-12,2025-07-12,Closed,4.77
PO001184,2025-01-03,SUP019,SKU080,WH004,881,781,2025-01-13,2025-01-13,Late,10.96
PO001185,2025-06-13,SUP022,SKU116,WH001,532,516,2025-07-04,2025-07-05,Closed,4.95
PO001186,2025-11-11,SUP006,SKU042,WH004,109,100,2025-11-27,2025-11-30,Closed,6.84
PO001187,2025-01-05,SUP008,SKU065,WH001,717,642,2025-01-22,2025-01-21,Closed,2.4
PO001188,2025-06-18,SUP024,SKU093,WH001,1203,1131,2025-07-08,2025-07-14,Closed,3.63
PO001189,2025-10-14,SUP015,SKU088,WH003,1036,1000,2025-11-01,2025-11-01,Closed,6.94
PO001190,2025-06-21,SUP020,SKU081,WH003,815,775,2025-07-12,2025-07-15,Closed,9.8
PO001191,2025-01-11,SUP023,SKU089,WH002,843,784,2025-01-21,2025-01-20,Closed,1.53
PO001192,2025-12-20,SUP006,SKU042,WH001,1421,1212,2026-01-05,2026-01-03,Late,6.84
PO001193,2025-01-08,SUP016,SKU026,WH002,853,837,2025-01-15,2025-01-13,Closed,11.19
PO001194,2025-12-06,SUP019,SKU080,WH004,731,697,2025-12-16,2025-12-16,Closed,10.96
PO001195,2025-06-04,SUP012,SKU100,WH003,1086,1032,2025-06-20,2025-06-19,Closed,2.35
PO001196,2025-04-29,SUP005,SKU060,WH002,967,964,2025-05-16,2025-05-16,Closed,9.75
PO001197,2025-09-21,SUP016,SKU045,WH004,705,94,2025-09-27,,Open,3.07
PO001198,2025-08-26,SUP006,SKU115,WH004,358,353,2025-09-19,2025-09-26,Closed,7.72
PO001199,2025-08-28,SUP001,SKU105,WH005,580,503,2025-09-09,2025-09-17,Closed,11.35
PO001200,2025-07-04,SUP001,SKU092,WH004,527,506,2025-07-10,2025-07-08,Closed,4.26
PO001201,2025-12-28,SUP024,SKU111,WH002,604,591,2026-01-12,2026-01-11,Closed,3.96
PO001202,2025-04-27,SUP021,SKU036,WH004,557,555,2025-05-02,2025-05-03,Late,7.17
PO001203,2025-12-03,SUP006,SKU002,WH001,443,397,2025-12-10,2025-12-08,Closed,10.55
PO001204,2025-02-02,SUP025,SKU102,WH005,95,93,2025-02-10,2025-02-09,Closed,10.0
PO001205,2025-03-13,SUP014,SKU143,WH003,1333,1190,2025-04-04,2025-04-02,Closed,11.18
PO001206,2025-02-08,SUP014,SKU005,WH004,92,79,2025-02-19,2025-02-24,Late,7.76
PO001207,2025-12-19,SUP002,SKU094,WH005,331,314,2025-12-28,2025-12-28,Closed,1.76
PO001208,2025-06-09,SUP015,SKU037,WH005,271,265,2025-06-16,2025-06-19,Closed,3.03
PO001209,2025-04-06,SUP024,SKU150,WH005,884,765,2025-04-21,2025-04-20,Closed,11.46
PO001210,2025-12-08,SUP024,SKU012,WH005,354,302,2025-12-24,2025-12-23,Closed,11.08
PO001211,2025-01-29,SUP022,SKU113,WH003,388,344,2025-02-07,2025-02-11,Closed,11.04
PO001212,2025-10-19,SUP007,SKU142,WH003,1167,1032,2025-10-30,2025-10-29,Closed,7.2
PO001213,2025-08-17,SUP019,SKU082,WH001,250,212,2025-09-01,2025-08-30,Closed,7.9
PO001214,2025-06-07,SUP009,SKU129,WH002,1077,991,2025-06-29,2025-06-28,Closed,6.29
PO001215,2025-03-29,SUP023,SKU056,WH003,1230,1223,2025-04-07,2025-04-05,Closed,3.9
PO001216,2025-08-31,SUP008,SKU112,WH003,566,564,2025-09-13,2025-09-13,Closed,2.85
PO001217,2025-09-10,SUP023,SKU046,WH003,79,10,2025-09-21,,Open,4.22
PO001218,2025-12-03,SUP024,SKU111,WH004,740,722,2025-12-18,2025-12-16,Closed,3.96
PO001219,2025-03-30,SUP002,SKU095,WH003,302,289,2025-04-20,2025-04-18,Closed,10.55
PO001220,2025-11-22,SUP002,SKU040,WH003,109,96,2025-12-10,2025-12-08,Late,1.97
PO001221,2025-02-25,SUP013,SKU014,WH002,1389,1364,2025-03-10,2025-03-09,Closed,9.53
PO001222,2025-05-21,SUP019,SKU051,WH004,1390,1273,2025-05-28,2025-05-26,Closed,9.85
PO001223,2025-06-30,SUP024,SKU107,WH005,1088,1053,2025-07-10,2025-07-09,Closed,6.54
PO001224,2025-01-15,SUP012,SKU098,WH004,918,784,2025-02-06,2025-02-06,Closed,6.95
PO001225,2025-08-01,SUP015,SKU088,WH001,141,128,2025-08-19,2025-08-18,Closed,6.94
PO001226,2025-10-26,SUP017,SKU063,WH002,1467,1347,2025-11-12,2025-11-12,Closed,3.72
PO001227,2025-06-29,SUP005,SKU138,WH001,1056,946,2025-07-22,2025-07-22,Closed,2.04
PO001228,2025-11-28,SUP023,SKU089,WH004,588,567,2025-12-08,2025-12-07,Closed,1.53
PO001229,2025-03-09,SUP024,SKU093,WH002,300,259,2025-03-29,2025-03-28,Closed,3.63
PO001230,2025-06-21,SUP019,SKU080,WH003,1479,1268,2025-07-01,2025-07-09,Closed,10.96
PO001231,2025-10-13,SUP024,SKU107,WH003,1248,186,2025-10-23,,Open,6.54
PO001232,2025-08-11,SUP024,SKU128,WH001,664,646,2025-08-27,2025-08-25,Closed,10.5
PO001233,2025-11-24,SUP011,SKU086,WH002,144,122,2025-12-13,2025-12-13,Closed,4.77
PO001234,2025-11-05,SUP020,SKU126,WH005,1442,1240,2025-11-27,2025-11-25,Closed,2.53
PO001235,2025-07-02,SUP024,SKU093,WH001,224,51,2025-07-22,,Open,3.63
PO001236,2025-08-29,SUP002,SKU077,WH004,1425,1263,2025-09-10,2025-09-09,Closed,9.38
PO001237,2025-05-20,SUP025,SKU004,WH001,949,907,2025-06-12,2025-06-10,Closed,6.13
PO001238,2025-01-28,SUP013,SKU057,WH004,840,770,2025-02-21,2025-02-19,Closed,2.31
PO001239,2025-09-16,SUP007,SKU142,WH003,804,783,2025-09-27,2025-09-27,Closed,7.2
PO001240,2025-01-29,SUP016,SKU141,WH004,1466,1391,2025-02-11,2025-02-11,Closed,6.49
PO001241,2025-04-16,SUP006,SKU023,WH005,638,558,2025-05-06,2025-05-04,Closed,8.04
PO001242,2025-03-30,SUP010,SKU145,WH001,344,320,2025-04-19,2025-04-18,Closed,4.64
PO001243,2025-05-02,SUP012,SKU044,WH004,569,521,2025-05-11,2025-05-11,Closed,5.88
PO001244,2025-04-13,SUP012,SKU100,WH005,1371,1219,2025-04-29,2025-04-30,Closed,2.35
PO001245,2025-05-24,SUP006,SKU002,WH004,908,780,2025-05-31,2025-05-29,Closed,10.55
PO001246,2025-11-03,SUP015,SKU120,WH005,1070,1037,2025-11-25,2025-11-27,Late,6.3
PO001247,2025-10-14,SUP017,SKU119,WH002,1334,1276,2025-10-19,2025-10-18,Closed,11.97
PO001248,2025-04-04,SUP011,SKU109,WH005,1442,1272,2025-04-19,2025-04-26,Closed,7.66
PO001249,2025-11-25,SUP010,SKU003,WH002,210,186,2025-12-11,2025-12-11,Closed,7.87
PO001250,2025-10-15,SUP023,SKU046,WH005,1430,466,2025-10-26,,Open,4.22
PO001251,2025-02-22,SUP019,SKU082,WH005,686,673,2025-03-09,2025-03-08,Closed,7.9
PO001252,2025-09-01,SUP022,SKU117,WH001,932,914,2025-09-06,2025-09-04,Closed,2.99
PO001253,2025-08-14,SUP008,SKU121,WH002,120,105,2025-08-24,2025-09-01,Closed,6.97
PO001254,2025-05-13,SUP010,SKU064,WH003,1088,977,2025-06-05,2025-06-03,Closed,9.34
PO001255,2025-04-15,SUP017,SKU119,WH003,366,312,2025-04-20,2025-04-19,Closed,11.97
PO001256,2025-05-24,SUP022,SKU135,WH003,896,809,2025-05-30,2025-06-01,Closed,4.41
PO001257,2025-01-22,SUP003,SKU083,WH001,134,117,2025-02-11,2025-02-10,Closed,2.58
PO001258,2025-09-22,SUP010,SKU064,WH003,1089,1067,2025-10-15,2025-10-14,Closed,9.34
PO001259,2025-11-07,SUP022,SKU116,WH002,948,853,2025-11-28,2025-11-28,Closed,4.95
PO001260,2025-01-30,SUP010,SKU075,WH004,774,727,2025-02-08,2025-02-07,Closed,9.3
PO001261,2025-12-30,SUP016,SKU029,WH001,1043,906,2026-01-11,2026-01-11,Closed,11.3
PO001262,2025-06-13,SUP011,SKU109,WH002,112,101,2025-06-28,2025-06-26,Closed,7.66
PO001263,2025-06-16,SUP002,SKU077,WH001,350,348,2025-06-28,2025-07-04,Closed,9.38
PO001264,2025-12-25,SUP006,SKU002,WH003,738,666,2026-01-01,2025-12-30,Closed,10.55
PO001265,2025-12-01,SUP020,SKU090,WH001,106,99,2025-12-17,2025-12-15,Closed,7.29
PO001266,2025-04-15,SUP017,SKU119,WH005,427,376,2025-04-20,2025-04-20,Closed,11.97
PO001267,2025-05-27,SUP025,SKU102,WH001,740,690,2025-06-04,2025-06-04,Closed,10.0
PO001268,2025-11-19,SUP022,SKU140,WH004,322,320,2025-12-14,2025-12-13,Closed,11.55
PO001269,2025-12-31,SUP012,SKU098,WH005,713,656,2026-01-22,2026-01-22,Closed,6.95
PO001270,2025-04-06,SUP002,SKU040,WH004,1115,1092,2025-04-24,2025-04-25,Closed,1.97
PO001271,2025-08-02,SUP024,SKU149,WH003,421,357,2025-08-07,2025-08-06,Closed,3.72
PO001272,2025-03-07,SUP012,SKU069,WH002,1424,1420,2025-03-22,2025-03-21,Closed,8.73
PO001273,2025-01-03,SUP024,SKU035,WH001,560,521,2025-01-10,2025-01-08,Closed,11.5
PO001274,2025-10-19,SUP014,SKU058,WH004,1230,1215,2025-11-01,2025-11-07,Closed,5.4
PO001275,2025-04-08,SUP023,SKU089,WH002,407,385,2025-04-18,2025-04-17,Closed,1.53
PO001276,2025-12-28,SUP024,SKU022,WH002,895,784,2026-01-05,2026-01-03,Closed,11.85
PO001277,2025-12-15,SUP001,SKU105,WH003,710,230,2025-12-27,,Open,11.35
PO001278,2025-11-14,SUP012,SKU069,WH002,399,378,2025-11-29,2025-12-05,Closed,8.73
PO001279,2025-01-25,SUP020,SKU126,WH002,976,869,2025-02-16,2025-02-18,Closed,2.53
PO001280,2025-09-29,SUP024,SKU031,WH005,829,795,2025-10-17,2025-10-17,Closed,3.1
PO001281,2025-02-11,SUP020,SKU126,WH004,112,104,2025-03-05,2025-03-03,Closed,2.53
PO001282,2025-05-06,SUP012,SKU098,WH002,988,947,2025-05-28,2025-05-26,Closed,6.95
PO001283,2025-10-30,SUP005,SKU062,WH004,513,489,2025-11-11,2025-11-16,Closed,10.26
PO001284,2025-08-17,SUP003,SKU101,WH005,1167,1043,2025-08-29,2025-08-29,Closed,11.21
PO001285,2025-01-04,SUP022,SKU117,WH003,591,569,2025-01-09,2025-01-09,Closed,2.99
PO001286,2025-04-28,SUP020,SKU090,WH004,261,257,2025-05-14,2025-05-12,Closed,7.29
PO001287,2025-06-08,SUP022,SKU117,WH002,856,780,2025-06-13,2025-06-13,Closed,2.99
PO001288,2025-03-28,SUP010,SKU084,WH003,1235,1112,2025-04-20,2025-04-19,Closed,8.41
PO001289,2025-01-09,SUP004,SKU076,WH005,970,891,2025-01-14,2025-01-13,Closed,3.8
PO001290,2025-09-05,SUP014,SKU047,WH004,322,308,2025-09-23,2025-09-22,Closed,5.04
PO001291,2025-08-15,SUP006,SKU127,WH005,407,384,2025-08-31,2025-08-31,Closed,10.11
PO001292,2025-06-23,SUP013,SKU130,WH004,666,643,2025-07-08,2025-07-08,Closed,5.55
PO001293,2025-11-16,SUP018,SKU079,WH001,78,70,2025-11-22,2025-11-21,Closed,3.5
PO001294,2025-05-13,SUP011,SKU109,WH003,374,338,2025-05-28,2025-06-05,Closed,7.66
PO001295,2025-07-12,SUP017,SKU068,WH001,848,735,2025-08-04,2025-08-03,Closed,11.13
PO001296,2025-07-08,SUP025,SKU132,WH002,1337,1226,2025-08-02,2025-08-01,Closed,8.24
PO001297,2025-05-22,SUP020,SKU114,WH001,1325,1137,2025-06-03,2025-06-03,Closed,10.59
PO001298,2025-02-03,SUP011,SKU041,WH004,1312,1272,2025-02-24,2025-02-23,Closed,8.46
PO001299,2025-03-22,SUP020,SKU126,WH002,644,596,2025-04-13,2025-04-11,Closed,2.53
PO001300,2025-10-21,SUP019,SKU049,WH002,827,747,2025-10-29,2025-10-29,Closed,1.72
PO001301,2025-03-03,SUP010,SKU084,WH004,337,320,2025-03-26,2025-04-01,Closed,8.41
PO001302,2025-07-15,SUP016,SKU067,WH005,700,597,2025-07-31,2025-07-31,Closed,3.61
PO001303,2025-01-23,SUP024,SKU035,WH001,1462,1287,2025-01-30,2025-01-28,Closed,11.5
PO001304,2025-02-25,SUP014,SKU006,WH002,1034,993,2025-03-21,2025-03-20,Closed,4.49
PO001305,2025-05-24,SUP002,SKU108,WH005,1069,971,2025-06-12,2025-06-11,Closed,9.81
PO001306,2025-02-23,SUP023,SKU008,WH004,1464,1399,2025-03-09,2025-03-08,Closed,10.3
PO001307,2025-02-21,SUP014,SKU047,WH005,1420,1211,2025-03-11,2025-03-15,Closed,5.04
PO001308,2025-09-13,SUP022,SKU135,WH001,68,64,2025-09-19,2025-09-17,Closed,4.41
PO001309,2025-10-15,SUP018,SKU072,WH005,1349,1222,2025-10-21,2025-10-26,Closed,9.04
PO001310,2025-04-03,SUP024,SKU093,WH001,353,334,2025-04-23,2025-04-22,Closed,3.63
PO001311,2025-07-19,SUP012,SKU091,WH001,1133,993,2025-08-07,2025-08-14,Late,9.72
PO001312,2025-02-03,SUP012,SKU091,WH003,806,718,2025-02-22,2025-02-21,Closed,9.72
PO001313,2025-07-16,SUP020,SKU114,WH003,255,246,2025-07-28,2025-07-28,Closed,10.59
PO001314,2025-11-03,SUP024,SKU149,WH001,1201,1115,2025-11-08,2025-11-12,Closed,3.72
PO001315,2025-12-08,SUP017,SKU055,WH004,1401,359,2026-01-02,,Open,11.32
PO001316,2025-12-18,SUP015,SKU033,WH003,351,303,2025-12-24,2025-12-22,Closed,10.83
PO001317,2025-06-18,SUP020,SKU019,WH003,94,93,2025-07-01,2025-06-29,Closed,3.02
PO001318,2025-01-12,SUP017,SKU050,WH001,62,53,2025-02-01,2025-02-01,Closed,7.03
PO001319,2025-09-18,SUP006,SKU115,WH004,744,633,2025-10-12,2025-10-12,Closed,7.72
PO001320,2025-08-02,SUP024,SKU022,WH005,160,38,2025-08-10,,Open,11.85
PO001321,2025-05-30,SUP002,SKU131,WH003,1417,1395,2025-06-24,2025-06-22,Closed,8.58
PO001322,2025-07-29,SUP015,SKU037,WH002,1409,1400,2025-08-05,2025-08-04,Closed,3.03
PO001323,2025-04-29,SUP002,SKU136,WH002,319,306,2025-05-22,2025-05-22,Closed,4.12
PO001324,2025-08-12,SUP006,SKU032,WH001,355,342,2025-09-04,2025-09-02,Closed,4.53
PO001325,2025-09-15,SUP004,SKU106,WH002,1287,1135,2025-09-25,2025-09-23,Closed,10.85
PO001326,2025-01-08,SUP012,SKU069,WH003,123,106,2025-01-23,2025-01-23,Closed,8.73
PO001327,2025-06-04,SUP005,SKU013,WH002,209,185,2025-06-11,2025-06-10,Late,7.59
PO001328,2025-10-14,SUP024,SKU128,WH004,248,229,2025-10-30,2025-10-28,Closed,10.5
PO001329,2025-11-27,SUP012,SKU044,WH001,866,863,2025-12-06,2025-12-05,Closed,5.88
PO001330,2025-08-29,SUP015,SKU087,WH005,255,226,2025-09-19,2025-09-19,Closed,4.19
PO001331,2025-10-26,SUP010,SKU003,WH005,515,489,2025-11-11,2025-11-10,Closed,7.87
PO001332,2025-01-27,SUP018,SKU072,WH001,374,359,2025-02-02,2025-02-06,Closed,9.04
PO001333,2025-03-04,SUP014,SKU047,WH002,556,521,2025-03-22,2025-03-27,Closed,5.04
PO001334,2025-01-25,SUP007,SKU146,WH004,912,850,2025-02-16,2025-02-15,Closed,1.2
PO001335,2025-08-31,SUP020,SKU096,WH001,876,818,2025-09-10,2025-09-10,Closed,4.22
PO001336,2025-12-13,SUP017,SKU068,WH001,791,718,2026-01-05,2026-01-05,Closed,11.13
PO001337,2025-02-05,SUP024,SKU010,WH005,314,272,2025-02-10,2025-02-08,Closed,2.72
PO001338,2025-08-02,SUP013,SKU130,WH003,188,185,2025-08-17,2025-08-16,Closed,5.55
PO001339,2025-08-21,SUP015,SKU120,WH002,1068,951,2025-09-12,2025-09-10,Closed,6.3
PO001340,2025-11-30,SUP022,SKU007,WH001,451,444,2025-12-10,2025-12-08,Closed,8.36
PO001341,2025-10-26,SUP008,SKU053,WH001,212,189,2025-11-17,2025-11-17,Closed,5.27
PO001342,2025-06-12,SUP024,SKU028,WH005,302,264,2025-06-19,2025-06-18,Closed,4.97
PO001343,2025-10-09,SUP016,SKU038,WH004,1445,1356,2025-10-30,2025-10-28,Closed,6.8
PO001344,2025-07-30,SUP017,SKU034,WH002,1198,1027,2025-08-07,2025-08-07,Closed,3.69
PO001345,2025-05-02,SUP004,SKU106,WH005,1430,1396,2025-05-12,2025-05-11,Closed,10.85
PO001346,2025-07-11,SUP022,SKU117,WH003,1421,1364,2025-07-16,2025-07-16,Closed,2.99
PO001347,2025-11-10,SUP003,SKU030,WH001,1007,98,2025-11-28,,Open,11.72
PO001348,2025-08-28,SUP010,SKU064,WH002,843,738,2025-09-20,2025-09-20,Closed,9.34
PO001349,2025-04-13,SUP021,SKU036,WH003,1075,935,2025-04-18,2025-04-16,Closed,7.17
PO001350,2025-07-18,SUP001,SKU122,WH005,1298,1107,2025-08-01,2025-08-07,Closed,11.42
PO001351,2025-04-11,SUP024,SKU093,WH005,223,204,2025-05-01,2025-04-29,Closed,3.63
PO001352,2025-04-30,SUP008,SKU112,WH002,588,551,2025-05-13,2025-05-21,Closed,2.85
PO001353,2025-04-05,SUP010,SKU064,WH002,1387,1364,2025-04-28,2025-04-28,Closed,9.34
PO001354,2025-09-19,SUP014,SKU005,WH003,361,99,2025-09-30,,Open,7.76
PO001355,2025-09-09,SUP025,SKU103,WH005,620,551,2025-09-19,2025-09-18,Closed,8.91
PO001356,2025-12-17,SUP023,SKU046,WH002,1088,1012,2025-12-28,2025-12-27,Late,4.22
PO001357,2025-07-21,SUP011,SKU086,WH004,726,705,2025-08-09,2025-08-10,Closed,4.77
PO001358,2025-08-11,SUP024,SKU035,WH004,678,676,2025-08-18,2025-08-16,Closed,11.5
PO001359,2025-02-17,SUP020,SKU114,WH003,953,897,2025-03-01,2025-03-01,Closed,10.59
PO001360,2025-05-16,SUP008,SKU112,WH005,948,942,2025-05-29,2025-06-06,Closed,2.85
PO001361,2025-08-03,SUP015,SKU088,WH001,1315,1213,2025-08-21,2025-08-26,Closed,6.94
PO001362,2025-03-17,SUP024,SKU150,WH002,97,0,2025-04-01,,Open,11.46
PO001363,2025-10-11,SUP024,SKU150,WH003,607,519,2025-10-26,2025-10-26,Closed,11.46
PO001364,2025-01-10,SUP020,SKU114,WH005,986,842,2025-01-22,2025-01-22,Closed,10.59
PO001365,2025-11-06,SUP012,SKU100,WH001,611,529,2025-11-22,2025-11-23,Closed,2.35
PO001366,2025-09-17,SUP012,SKU098,WH005,336,326,2025-10-09,2025-10-09,Closed,6.95
PO001367,2025-03-18,SUP024,SKU093,WH004,128,114,2025-04-07,2025-04-05,Closed,3.63
PO001368,2025-07-30,SUP003,SKU101,WH005,1190,1068,2025-08-11,2025-08-10,Closed,11.21
PO001369,2025-09-02,SUP017,SKU034,WH001,955,837,2025-09-10,2025-09-10,Closed,3.69
PO001370,2025-05-19,SUP005,SKU013,WH003,1239,1087,2025-05-26,2025-05-26,Closed,7.59
PO001371,2025-05-22,SUP025,SKU004,WH003,804,713,2025-06-14,2025-06-14,Closed,6.13
PO001372,2025-11-17,SUP022,SKU117,WH002,1251,1224,2025-11-22,2025-11-22,Closed,2.99
PO001373,2025-06-07,SUP004,SKU076,WH001,109,98,2025-06-12,2025-06-11,Closed,3.8
PO001374,2025-05-20,SUP018,SKU072,WH002,746,669,2025-05-26,2025-05-24,Closed,9.04
PO001375,2025-09-12,SUP007,SKU146,WH001,215,200,2025-10-04,2025-10-02,Closed,1.2
PO001376,2025-07-25,SUP005,SKU013,WH001,59,54,2025-08-01,2025-07-31,Closed,7.59
PO001377,2025-10-19,SUP020,SKU081,WH002,373,368,2025-11-09,2025-11-07,Closed,9.8
PO001378,2025-04-28,SUP017,SKU050,WH003,1254,1155,2025-05-18,2025-05-16,Closed,7.03
PO001379,2025-01-12,SUP021,SKU054,WH002,1347,1171,2025-02-04,2025-02-03,Closed,8.56
PO001380,2025-05-12,SUP010,SKU084,WH005,1081,994,2025-06-04,2025-06-02,Closed,8.41
PO001381,2025-01-08,SUP005,SKU060,WH004,586,516,2025-01-25,2025-01-25,Closed,9.75
PO001382,2025-08-20,SUP024,SKU022,WH005,1348,1217,2025-08-28,2025-08-26,Closed,11.85
PO001383,2025-05-22,SUP012,SKU016,WH002,389,331,2025-06-08,2025-06-07,Closed,2.94
PO001384,2025-10-11,SUP008,SKU065,WH001,282,14,2025-10-28,,Open,2.4
PO001385,2025-07-05,SUP023,SKU046,WH004,1284,1168,2025-07-16,2025-07-22,Closed,4.22
PO001386,2025-12-20,SUP025,SKU004,WH002,504,479,2026-01-12,2026-01-12,Closed,6.13
PO001387,2025-04-02,SUP013,SKU039,WH001,625,613,2025-04-19,2025-04-18,Closed,9.94
PO001388,2025-05-10,SUP005,SKU062,WH004,294,268,2025-05-22,2025-05-22,Closed,10.26
PO001389,2025-05-27,SUP016,SKU026,WH005,981,918,2025-06-03,2025-06-03,Closed,11.19
PO001390,2025-04-27,SUP010,SKU145,WH004,367,326,2025-05-17,2025-05-15,Late,4.64
PO001391,2025-01-05,SUP002,SKU094,WH003,1328,1160,2025-01-14,2025-01-21,Closed,1.76
PO001392,2025-08-01,SUP025,SKU004,WH003,136,127,2025-08-24,2025-08-23,Closed,6.13
PO001393,2025-01-30,SUP009,SKU129,WH003,287,244,2025-02-21,2025-02-20,Closed,6.29
PO001394,2025-01-23,SUP006,SKU071,WH004,955,938,2025-01-28,2025-01-31,Closed,8.74
PO001395,2025-10-29,SUP025,SKU017,WH001,651,594,2025-11-09,2025-11-07,Closed,10.74
PO001396,2025-03-18,SUP025,SKU073,WH002,1155,1074,2025-03-23,2025-03-31,Closed,2.98
PO001397,2025-06-13,SUP016,SKU045,WH004,1113,1036,2025-06-19,2025-06-21,Closed,3.07
PO001398,2025-07-03,SUP014,SKU143,WH005,365,327,2025-07-25,2025-07-25,Closed,11.18
PO001399,2025-01-17,SUP008,SKU112,WH005,1372,1284,2025-01-30,2025-01-28,Closed,2.85
PO001400,2025-08-08,SUP020,SKU090,WH005,96,86,2025-08-24,2025-08-23,Closed,7.29
PO001401,2025-05-22,SUP013,SKU039,WH002,1360,1280,2025-06-08,2025-06-08,Closed,9.94
PO001402,2025-11-21,SUP012,SKU016,WH002,99,87,2025-12-08,2025-12-08,Closed,2.94
PO001403,2025-01-23,SUP021,SKU054,WH001,934,876,2025-02-15,2025-02-13,Closed,8.56
PO001404,2025-12-22,SUP002,SKU040,WH005,292,48,2026-01-09,,Open,1.97
PO001405,2025-11-15,SUP016,SKU026,WH003,876,847,2025-11-22,2025-11-20,Closed,11.19
PO001406,2025-08-21,SUP024,SKU128,WH001,1127,1080,2025-09-06,2025-09-05,Closed,10.5
PO001407,2025-01-08,SUP019,SKU049,WH001,574,499,2025-01-16,2025-01-20,Closed,1.72
PO001408,2025-12-14,SUP007,SKU024,WH005,382,344,2026-01-06,2026-01-05,Closed,7.58
PO001409,2025-07-10,SUP005,SKU138,WH005,1368,1208,2025-08-02,2025-08-02,Closed,2.04
PO001410,2025-05-21,SUP015,SKU037,WH003,671,626,2025-05-28,2025-05-27,Closed,3.03
PO001411,2025-10-15,SUP023,SKU125,WH003,1465,249,2025-11-04,,Open,2.72
PO001412,2025-06-26,SUP024,SKU150,WH002,78,68,2025-07-11,2025-07-09,Closed,11.46
PO001413,2025-06-18,SUP025,SKU132,WH004,1407,1223,2025-07-13,2025-07-12,Closed,8.24
PO001414,2025-07-19,SUP005,SKU070,WH004,631,220,2025-07-31,,Open,4.2
PO001415,2025-01-15,SUP024,SKU031,WH003,402,29,2025-02-02,,Open,3.1
PO001416,2025-12-07,SUP006,SKU042,WH001,592,503,2025-12-23,2025-12-22,Closed,6.84
PO001417,2025-02-01,SUP024,SKU093,WH001,1074,298,2025-02-21,,Open,3.63
PO001418,2025-11-18,SUP012,SKU016,WH004,758,753,2025-12-05,2025-12-04,Closed,2.94
PO001419,2025-12-18,SUP012,SKU016,WH003,518,515,2026-01-04,2026-01-04,Closed,2.94
PO001420,2025-05-20,SUP016,SKU026,WH003,953,834,2025-05-27,2025-05-26,Closed,11.19
PO001421,2025-05-08,SUP022,SKU135,WH001,165,151,2025-05-14,2025-05-12,Closed,4.41
PO001422,2025-07-28,SUP017,SKU074,WH002,764,724,2025-08-10,2025-08-08,Closed,7.35
PO001423,2025-04-02,SUP007,SKU146,WH004,556,549,2025-04-24,2025-04-22,Closed,1.2
PO001424,2025-06-18,SUP024,SKU128,WH004,740,656,2025-07-04,2025-07-04,Closed,10.5
PO001425,2025-07-22,SUP015,SKU123,WH004,367,345,2025-07-29,2025-07-27,Closed,10.56
PO001426,2025-10-18,SUP006,SKU042,WH003,972,938,2025-11-03,2025-11-03,Closed,6.84
PO001427,2025-02-28,SUP022,SKU118,WH004,64,60,2025-03-24,2025-03-24,Closed,8.37
PO001428,2025-03-23,SUP024,SKU128,WH004,1034,971,2025-04-08,2025-04-06,Closed,10.5
PO001429,2025-08-17,SUP011,SKU099,WH005,1167,77,2025-08-26,,Open,8.59
PO001430,2025-10-15,SUP006,SKU023,WH003,1277,1224,2025-11-04,2025-11-03,Closed,8.04
PO001431,2025-10-29,SUP023,SKU089,WH005,62,57,2025-11-08,2025-11-07,Closed,1.53
PO001432,2025-05-20,SUP012,SKU016,WH005,103,25,2025-06-06,,Open,2.94
PO001433,2025-08-22,SUP025,SKU025,WH005,1352,1292,2025-09-13,2025-09-13,Closed,8.66
PO001434,2025-04-19,SUP024,SKU031,WH003,700,608,2025-05-07,2025-05-06,Late,3.1
PO001435,2025-05-28,SUP001,SKU105,WH004,598,570,2025-06-09,2025-06-09,Closed,11.35
PO001436,2025-10-10,SUP024,SKU111,WH001,1217,1109,2025-10-25,2025-10-26,Closed,3.96
PO001437,2025-02-02,SUP001,SKU122,WH001,233,227,2025-02-16,2025-02-15,Closed,11.42
PO001438,2025-06-09,SUP024,SKU031,WH005,994,906,2025-06-27,2025-06-27,Closed,3.1
PO001439,2025-06-05,SUP022,SKU133,WH004,309,306,2025-06-16,2025-06-18,Closed,7.69
PO001440,2025-07-25,SUP010,SKU064,WH001,193,192,2025-08-17,2025-08-15,Late,9.34
PO001441,2025-12-24,SUP007,SKU146,WH005,1101,1097,2026-01-15,2026-01-15,Closed,1.2
PO001442,2025-01-17,SUP002,SKU040,WH003,460,433,2025-02-04,2025-02-02,Closed,1.97
PO001443,2025-09-08,SUP019,SKU051,WH004,225,194,2025-09-15,2025-09-15,Closed,9.85
PO001444,2025-03-21,SUP015,SKU033,WH001,369,360,2025-03-27,2025-03-30,Closed,10.83
PO001445,2025-06-27,SUP011,SKU099,WH003,1347,1226,2025-07-06,2025-07-04,Closed,8.59
PO001446,2025-07-10,SUP017,SKU050,WH005,176,166,2025-07-30,2025-07-30,Closed,7.03
PO001447,2025-05-01,SUP018,SKU079,WH002,702,636,2025-05-07,2025-05-08,Closed,3.5
PO001448,2025-08-09,SUP013,SKU014,WH004,811,186,2025-08-22,,Open,9.53
PO001449,2025-04-24,SUP019,SKU080,WH004,1032,1023,2025-05-04,2025-05-04,Closed,10.96
PO001450,2025-08-06,SUP024,SKU010,WH004,239,217,2025-08-11,2025-08-10,Closed,2.72
PO001451,2025-10-20,SUP001,SKU048,WH005,200,21,2025-11-09,,Open,6.32
PO001452,2025-07-02,SUP014,SKU006,WH002,327,286,2025-07-26,2025-07-26,Closed,4.49
PO001453,2025-05-27,SUP020,SKU019,WH004,249,212,2025-06-09,2025-06-09,Closed,3.02
PO001454,2025-10-16,SUP001,SKU105,WH001,1200,1198,2025-10-28,2025-10-28,Closed,11.35
PO001455,2025-01-24,SUP002,SKU095,WH002,1475,1385,2025-02-14,2025-02-12,Closed,10.55
PO001456,2025-01-02,SUP022,SKU116,WH003,292,288,2025-01-23,2025-01-21,Closed,4.95
PO001457,2025-10-11,SUP006,SKU042,WH004,444,423,2025-10-27,2025-10-29,Closed,6.84
PO001458,2025-03-11,SUP008,SKU053,WH004,1410,452,2025-04-02,,Open,5.27
PO001459,2025-06-08,SUP023,SKU125,WH004,1259,1234,2025-06-28,2025-06-27,Closed,2.72
PO001460,2025-08-13,SUP018,SKU072,WH003,212,205,2025-08-19,2025-08-19,Closed,9.04
PO001461,2025-03-07,SUP017,SKU119,WH003,553,548,2025-03-12,2025-03-16,Closed,11.97
PO001462,2025-03-20,SUP012,SKU100,WH002,1413,1312,2025-04-05,2025-04-11,Closed,2.35
PO001463,2025-06-21,SUP025,SKU017,WH003,545,476,2025-07-02,2025-07-01,Closed,10.74
PO001464,2025-03-15,SUP006,SKU127,WH002,335,322,2025-03-31,2025-03-30,Closed,10.11
PO001465,2025-04-06,SUP012,SKU098,WH005,926,887,2025-04-28,2025-04-28,Closed,6.95
PO001466,2025-10-07,SUP004,SKU076,WH005,91,88,2025-10-12,2025-10-10,Closed,3.8
PO001467,2025-01-21,SUP023,SKU046,WH004,1283,1167,2025-02-01,2025-01-30,Closed,4.22
PO001468,2025-06-11,SUP006,SKU023,WH002,1172,1119,2025-07-01,2025-07-01,Closed,8.04
PO001469,2025-01-02,SUP025,SKU132,WH003,1459,1297,2025-01-27,2025-01-27,Closed,8.24
PO001470,2025-06-30,SUP011,SKU041,WH001,712,44,2025-07-21,,Open,8.46
PO001471,2025-08-14,SUP017,SKU068,WH002,767,766,2025-09-06,2025-09-04,Closed,11.13
PO001472,2025-07-13,SUP019,SKU043,WH003,416,379,2025-08-06,2025-08-04,Late,7.04
PO001473,2025-11-09,SUP005,SKU060,WH003,1444,315,2025-11-26,,Open,9.75
PO001474,2025-07-19,SUP004,SKU144,WH003,137,128,2025-07-31,2025-08-01,Closed,2.03
PO001475,2025-10-27,SUP022,SKU113,WH004,229,195,2025-11-05,2025-11-04,Late,11.04
PO001476,2025-12-10,SUP024,SKU111,WH003,1421,1317,2025-12-25,2025-12-25,Closed,3.96
PO001477,2025-06-17,SUP025,SKU009,WH005,1194,1015,2025-07-04,2025-07-03,Closed,11.58
PO001478,2025-04-12,SUP023,SKU008,WH004,236,212,2025-04-26,2025-04-25,Closed,10.3
PO001479,2025-02-02,SUP017,SKU068,WH001,665,624,2025-02-25,2025-02-25,Late,11.13
PO001480,2025-04-13,SUP006,SKU115,WH005,1074,1032,2025-05-07,2025-05-07,Closed,7.72
PO001481,2025-04-23,SUP008,SKU121,WH001,732,154,2025-05-03,,Open,6.97
PO001482,2025-06-30,SUP018,SKU072,WH005,1489,1465,2025-07-06,2025-07-05,Closed,9.04
PO001483,2025-02-20,SUP012,SKU069,WH001,691,593,2025-03-07,2025-03-07,Closed,8.73
PO001484,2025-11-24,SUP013,SKU052,WH001,681,657,2025-12-06,2025-12-04,Closed,7.96
PO001485,2025-11-26,SUP016,SKU045,WH004,836,167,2025-12-02,,Open,3.07
PO001486,2025-08-17,SUP017,SKU066,WH001,93,92,2025-09-03,2025-09-09,Closed,8.21
PO001487,2025-03-10,SUP025,SKU009,WH005,1484,1393,2025-03-27,2025-03-27,Closed,11.58
PO001488,2025-04-09,SUP006,SKU002,WH001,1057,950,2025-04-16,2025-04-14,Closed,10.55
PO001489,2025-08-28,SUP008,SKU112,WH001,180,154,2025-09-10,2025-09-10,Closed,2.85
PO001490,2025-12-18,SUP013,SKU039,WH001,298,275,2026-01-04,2026-01-02,Closed,9.94
PO001491,2025-11-24,SUP015,SKU123,WH002,770,680,2025-12-01,2025-11-29,Closed,10.56
PO001492,2025-07-06,SUP008,SKU053,WH003,1283,1209,2025-07-28,2025-07-27,Closed,5.27
PO001493,2025-06-03,SUP002,SKU094,WH003,246,211,2025-06-12,2025-06-12,Closed,1.76
PO001494,2025-06-17,SUP021,SKU054,WH005,1412,1300,2025-07-10,2025-07-09,Closed,8.56
PO001495,2025-02-14,SUP007,SKU142,WH004,673,614,2025-02-25,2025-02-24,Closed,7.2
PO001496,2025-07-22,SUP017,SKU034,WH005,171,152,2025-07-30,2025-08-04,Closed,3.69
PO001497,2025-01-27,SUP001,SKU048,WH002,810,789,2025-02-16,2025-02-16,Closed,6.32
PO001498,2025-12-29,SUP025,SKU017,WH002,983,883,2026-01-09,2026-01-12,Closed,10.74
PO001499,2025-08-10,SUP016,SKU067,WH001,1155,1005,2025-08-26,2025-08-26,Closed,3.61
PO001500,2025-03-25,SUP022,SKU116,WH004,1143,1131,2025-04-15,2025-04-16,Closed,4.95
PO001501,2025-10-14,SUP006,SKU023,WH004,58,50,2025-11-03,2025-11-02,Closed,8.04
PO001502,2025-10-13,SUP023,SKU089,WH002,1284,1099,2025-10-23,2025-10-24,Closed,1.53
PO001503,2025-03-27,SUP023,SKU008,WH001,1324,1266,2025-04-10,2025-04-10,Closed,10.3
PO001504,2025-12-19,SUP022,SKU140,WH002,1475,1419,2026-01-13,2026-01-13,Closed,11.55
PO001505,2025-01-28,SUP024,SKU150,WH004,941,836,2025-02-12,2025-02-11,Closed,11.46
PO001506,2025-01-16,SUP024,SKU093,WH003,652,595,2025-02-05,2025-02-04,Closed,3.63
PO001507,2025-06-15,SUP014,SKU006,WH004,714,697,2025-07-09,2025-07-07,Closed,4.49
PO001508,2025-11-09,SUP012,SKU016,WH005,467,33,2025-11-26,,Open,2.94
PO001509,2025-05-27,SUP007,SKU146,WH003,270,259,2025-06-18,2025-06-17,Closed,1.2
PO001510,2025-03-06,SUP005,SKU070,WH004,1416,1345,2025-03-18,2025-03-16,Closed,4.2
PO001511,2025-06-01,SUP013,SKU039,WH001,1322,1158,2025-06-18,2025-06-18,Closed,9.94
PO001512,2025-07-19,SUP017,SKU063,WH002,897,843,2025-08-05,2025-08-04,Late,3.72
PO001513,2025-10-31,SUP005,SKU062,WH005,87,74,2025-11-12,2025-11-12,Closed,10.26
PO001514,2025-09-24,SUP004,SKU144,WH004,659,640,2025-10-06,2025-10-05,Closed,2.03
PO001515,2025-05-12,SUP003,SKU101,WH002,1134,1118,2025-05-24,2025-05-26,Closed,11.21
PO001516,2025-03-31,SUP021,SKU059,WH004,1229,1082,2025-04-09,2025-04-09,Closed,6.52
PO001517,2025-10-23,SUP017,SKU050,WH005,1043,917,2025-11-12,2025-11-12,Closed,7.03
PO001518,2025-06-08,SUP017,SKU034,WH002,918,870,2025-06-16,2025-06-16,Closed,3.69
PO001519,2025-06-12,SUP014,SKU143,WH004,157,139,2025-07-04,2025-07-02,Closed,11.18
PO001520,2025-06-09,SUP020,SKU096,WH005,303,90,2025-06-19,,Open,4.22
PO001521,2025-01-22,SUP024,SKU111,WH005,1034,904,2025-02-06,2025-02-04,Closed,3.96
PO001522,2025-01-01,SUP023,SKU056,WH001,567,514,2025-01-10,2025-01-10,Closed,3.9
PO001523,2025-02-22,SUP020,SKU081,WH005,1230,249,2025-03-15,,Open,9.8
PO001524,2025-08-01,SUP016,SKU045,WH001,176,174,2025-08-07,2025-08-05,Closed,3.07
PO001525,2025-11-05,SUP006,SKU002,WH001,254,229,2025-11-12,2025-11-14,Closed,10.55
PO001526,2025-07-24,SUP022,SKU140,WH002,1173,1082,2025-08-18,2025-08-17,Closed,11.55
PO001527,2025-01-16,SUP019,SKU080,WH002,221,218,2025-01-26,2025-01-24,Closed,10.96
PO001528,2025-02-02,SUP013,SKU014,WH002,760,756,2025-02-15,2025-02-13,Closed,9.53
PO001529,2025-01-06,SUP014,SKU058,WH003,408,387,2025-01-19,2025-01-19,Closed,5.4
PO001530,2025-01-04,SUP005,SKU060,WH001,1059,1028,2025-01-21,2025-01-21,Closed,9.75
PO001531,2025-08-19,SUP023,SKU001,WH005,415,119,2025-09-13,,Open,3.18
PO001532,2025-10-26,SUP011,SKU097,WH002,1226,1170,2025-11-13,2025-11-18,Closed,6.92
PO001533,2025-02-02,SUP006,SKU127,WH004,1110,1062,2025-02-18,2025-02-17,Closed,10.11
PO001534,2025-08-16,SUP008,SKU112,WH002,1183,109,2025-08-29,,Open,2.85
PO001535,2025-10-10,SUP002,SKU095,WH001,1409,1255,2025-10-31,2025-10-29,Late,10.55
PO001536,2025-01-28,SUP006,SKU115,WH003,1240,1187,2025-02-21,2025-02-21,Closed,7.72
PO001537,2025-01-27,SUP007,SKU137,WH003,1321,1252,2025-02-11,2025-02-11,Closed,2.01
PO001538,2025-01-30,SUP010,SKU003,WH003,1180,1127,2025-02-15,2025-02-21,Closed,7.87
PO001539,2025-12-13,SUP016,SKU141,WH005,727,691,2025-12-26,2025-12-24,Closed,6.49
PO001540,2025-06-06,SUP019,SKU018,WH002,1475,1261,2025-06-18,2025-06-23,Closed,10.5
PO001541,2025-06-01,SUP020,SKU096,WH001,1020,930,2025-06-11,2025-06-10,Closed,4.22
PO001542,2025-07-06,SUP006,SKU115,WH005,1167,1108,2025-07-30,2025-07-29,Closed,7.72
PO001543,2025-10-13,SUP019,SKU049,WH003,771,675,2025-10-21,2025-10-20,Closed,1.72
PO001544,2025-07-02,SUP016,SKU067,WH003,1227,1102,2025-07-18,2025-07-18,Closed,3.61
PO001545,2025-04-23,SUP005,SKU060,WH003,88,0,2025-05-10,,Open,9.75
PO001546,2025-12-22,SUP018,SKU072,WH001,863,167,2025-12-28,,Open,9.04
PO001547,2025-12-28,SUP020,SKU114,WH001,1176,1014,2026-01-09,2026-01-08,Closed,10.59
PO001548,2025-04-03,SUP024,SKU031,WH004,1150,1033,2025-04-21,2025-04-21,Closed,3.1
PO001549,2025-07-23,SUP020,SKU081,WH003,292,67,2025-08-13,,Open,9.8
PO001550,2025-04-26,SUP004,SKU106,WH005,384,372,2025-05-06,2025-05-12,Closed,10.85
PO001551,2025-05-31,SUP024,SKU022,WH005,1093,966,2025-06-08,2025-06-08,Closed,11.85
PO001552,2025-09-26,SUP003,SKU101,WH004,388,373,2025-10-08,2025-10-07,Closed,11.21
PO001553,2025-03-30,SUP017,SKU063,WH005,1129,1042,2025-04-16,2025-04-17,Late,3.72
PO001554,2025-06-20,SUP002,SKU085,WH004,66,61,2025-07-03,2025-07-01,Closed,2.16
PO001555,2025-02-22,SUP025,SKU017,WH004,330,292,2025-03-05,2025-03-03,Closed,10.74
PO001556,2025-11-01,SUP005,SKU013,WH004,363,309,2025-11-08,2025-11-06,Closed,7.59
PO001557,2025-02-28,SUP015,SKU123,WH005,792,760,2025-03-07,2025-03-07,Closed,10.56
PO001558,2025-01-05,SUP022,SKU116,WH004,994,966,2025-01-26,2025-01-26,Closed,4.95
PO001559,2025-09-16,SUP013,SKU052,WH003,1366,1353,2025-09-28,2025-10-06,Closed,7.96
PO001560,2025-11-27,SUP009,SKU129,WH002,470,436,2025-12-19,2025-12-18,Closed,6.29
PO001561,2025-10-23,SUP006,SKU071,WH004,586,574,2025-10-28,2025-10-26,Late,8.74
PO001562,2025-10-31,SUP001,SKU105,WH003,969,896,2025-11-12,2025-11-10,Closed,11.35
PO001563,2025-07-27,SUP012,SKU061,WH004,517,499,2025-08-15,2025-08-15,Closed,7.1
PO001564,2025-08-22,SUP018,SKU148,WH001,1179,1093,2025-09-12,2025-09-11,Closed,5.75
PO001565,2025-03-01,SUP002,SKU077,WH002,833,781,2025-03-13,2025-03-11,Closed,9.38
PO001566,2025-09-27,SUP008,SKU110,WH001,885,777,2025-10-15,2025-10-13,Closed,3.66
PO001567,2025-11-20,SUP023,SKU001,WH004,648,611,2025-12-15,2025-12-13,Closed,3.18
PO001568,2025-10-25,SUP015,SKU088,WH002,285,250,2025-11-12,2025-11-10,Closed,6.94
PO001569,2025-05-18,SUP025,SKU132,WH003,157,143,2025-06-12,2025-06-11,Closed,8.24
PO001570,2025-04-16,SUP025,SKU102,WH002,1295,1195,2025-04-24,2025-04-23,Closed,10.0
PO001571,2025-11-25,SUP024,SKU149,WH005,799,722,2025-11-30,2025-11-30,Closed,3.72
PO001572,2025-07-30,SUP001,SKU048,WH005,1042,887,2025-08-19,2025-08-18,Closed,6.32
PO001573,2025-09-30,SUP005,SKU070,WH002,1335,1315,2025-10-12,2025-10-12,Closed,4.2
PO001574,2025-07-03,SUP018,SKU072,WH005,495,439,2025-07-09,2025-07-14,Closed,9.04
PO001575,2025-01-12,SUP025,SKU004,WH003,103,23,2025-02-04,,Open,6.13
PO001576,2025-04-11,SUP009,SKU129,WH004,933,817,2025-05-03,2025-05-02,Closed,6.29
PO001577,2025-05-21,SUP018,SKU148,WH004,1136,1081,2025-06-11,2025-06-17,Closed,5.75
PO001578,2025-04-08,SUP015,SKU033,WH004,747,657,2025-04-14,2025-04-14,Closed,10.83
PO001579,2025-02-27,SUP010,SKU003,WH005,980,239,2025-03-15,,Open,7.87
PO001580,2025-12-11,SUP007,SKU024,WH003,619,129,2026-01-03,,Open,7.58
PO001581,2025-05-25,SUP025,SKU004,WH004,973,970,2025-06-17,2025-06-15,Closed,6.13
PO001582,2025-10-21,SUP022,SKU118,WH002,254,246,2025-11-14,2025-11-13,Closed,8.37
PO001583,2025-12-07,SUP025,SKU004,WH002,1399,1334,2025-12-30,2025-12-30,Closed,6.13
PO001584,2025-08-27,SUP025,SKU103,WH001,363,329,2025-09-06,2025-09-05,Closed,8.91
PO001585,2025-02-19,SUP011,SKU086,WH002,919,901,2025-03-10,2025-03-12,Closed,4.77
PO001586,2025-02-11,SUP006,SKU042,WH005,1211,1142,2025-02-27,2025-02-26,Closed,6.84
PO001587,2025-09-18,SUP015,SKU123,WH001,1414,1258,2025-09-25,2025-09-24,Closed,10.56
PO001588,2025-12-31,SUP015,SKU033,WH001,1147,1112,2026-01-06,2026-01-06,Closed,10.83
PO001589,2025-05-31,SUP024,SKU124,WH004,1268,1219,2025-06-12,2025-06-12,Closed,10.78
PO001590,2025-01-01,SUP016,SKU141,WH005,576,567,2025-01-14,2025-01-12,Closed,6.49
PO001591,2025-12-31,SUP022,SKU117,WH003,526,500,2026-01-05,2026-01-05,Closed,2.99
PO001592,2025-10-20,SUP022,SKU113,WH003,948,880,2025-10-29,2025-10-29,Closed,11.04
PO001593,2025-08-25,SUP010,SKU075,WH004,726,671,2025-09-03,2025-09-09,Closed,9.3
PO001594,2025-08-24,SUP025,SKU132,WH004,778,664,2025-09-18,2025-09-17,Closed,8.24
PO001595,2025-04-27,SUP006,SKU127,WH005,1335,1285,2025-05-13,2025-05-11,Closed,10.11
PO001596,2025-04-09,SUP024,SKU111,WH004,1281,1123,2025-04-24,2025-04-23,Closed,3.96
PO001597,2025-06-28,SUP005,SKU062,WH005,211,203,2025-07-10,2025-07-10,Closed,10.26
PO001598,2025-05-23,SUP015,SKU087,WH002,836,791,2025-06-13,2025-06-11,Closed,4.19
PO001599,2025-09-18,SUP010,SKU145,WH004,468,456,2025-10-08,2025-10-08,Closed,4.64
PO001600,2025-02-21,SUP006,SKU071,WH004,269,233,2025-02-26,2025-02-24,Closed,8.74
PO001601,2025-11-02,SUP019,SKU018,WH001,209,181,2025-11-14,2025-11-16,Closed,10.5
PO001602,2025-03-17,SUP017,SKU055,WH002,699,682,2025-04-11,2025-04-10,Closed,11.32
PO001603,2025-09-09,SUP017,SKU034,WH004,1455,1355,2025-09-17,2025-09-16,Closed,3.69
PO001604,2025-04-10,SUP015,SKU087,WH004,324,323,2025-05-01,2025-05-01,Closed,4.19
PO001605,2025-12-29,SUP010,SKU075,WH005,904,821,2026-01-07,2026-01-05,Closed,9.3
PO001606,2025-04-17,SUP019,SKU018,WH002,813,749,2025-04-29,2025-04-28,Closed,10.5
PO001607,2025-09-24,SUP006,SKU127,WH001,700,662,2025-10-10,2025-10-18,Closed,10.11
PO001608,2025-01-13,SUP001,SKU122,WH002,586,511,2025-01-27,2025-01-27,Closed,11.42
PO001609,2025-02-05,SUP007,SKU137,WH002,623,609,2025-02-20,2025-02-18,Closed,2.01
PO001610,2025-04-07,SUP024,SKU028,WH002,984,871,2025-04-14,2025-04-13,Closed,4.97
PO001611,2025-01-24,SUP003,SKU030,WH005,823,777,2025-02-11,2025-02-11,Closed,11.72
PO001612,2025-02-22,SUP013,SKU057,WH002,858,205,2025-03-18,,Open,2.31
PO001613,2025-04-13,SUP002,SKU108,WH005,533,455,2025-05-02,2025-05-01,Closed,9.81
PO001614,2025-05-25,SUP006,SKU032,WH005,725,641,2025-06-17,2025-06-16,Closed,4.53
PO001615,2025-02-28,SUP013,SKU130,WH001,1478,1449,2025-03-15,2025-03-13,Late,5.55
PO001616,2025-02-11,SUP001,SKU105,WH004,646,611,2025-02-23,2025-02-21,Closed,11.35
PO001617,2025-08-28,SUP012,SKU044,WH005,175,174,2025-09-06,2025-09-05,Closed,5.88
PO001618,2025-07-04,SUP004,SKU144,WH001,688,622,2025-07-16,2025-07-15,Closed,2.03
PO001619,2025-03-07,SUP001,SKU122,WH003,93,85,2025-03-21,2025-03-20,Closed,11.42
PO001620,2025-08-18,SUP011,SKU086,WH001,142,131,2025-09-06,2025-09-04,Closed,4.77
PO001621,2025-12-28,SUP006,SKU042,WH004,867,824,2026-01-13,2026-01-11,Closed,6.84
PO001622,2025-04-11,SUP008,SKU112,WH002,845,760,2025-04-24,2025-04-24,Closed,2.85
PO001623,2025-06-28,SUP006,SKU042,WH002,1182,1109,2025-07-14,2025-07-13,Closed,6.84
PO001624,2025-06-09,SUP021,SKU059,WH002,562,526,2025-06-18,2025-06-22,Late,6.52
PO001625,2025-10-12,SUP008,SKU053,WH003,387,368,2025-11-03,2025-11-08,Closed,5.27
PO001626,2025-04-01,SUP013,SKU052,WH005,1428,1397,2025-04-13,2025-04-11,Closed,7.96
PO001627,2025-09-05,SUP019,SKU080,WH005,51,44,2025-09-15,2025-09-15,Closed,10.96
PO001628,2025-07-04,SUP024,SKU093,WH001,327,283,2025-07-24,2025-07-22,Closed,3.63
PO001629,2025-09-19,SUP005,SKU013,WH005,704,212,2025-09-26,,Open,7.59
PO001630,2025-06-28,SUP002,SKU085,WH004,874,789,2025-07-11,2025-07-17,Closed,2.16
PO001631,2025-06-19,SUP017,SKU074,WH002,409,369,2025-07-02,2025-07-01,Closed,7.35
PO001632,2025-06-19,SUP022,SKU135,WH004,1319,1121,2025-06-25,2025-06-24,Closed,4.41
PO001633,2025-04-22,SUP023,SKU125,WH004,847,822,2025-05-12,2025-05-11,Closed,2.72
PO001634,2025-09-22,SUP012,SKU100,WH004,1297,1147,2025-10-08,2025-10-06,Closed,2.35
PO001635,2025-08-10,SUP025,SKU009,WH001,834,794,2025-08-27,2025-08-27,Closed,11.58
PO001636,2025-07-20,SUP020,SKU081,WH001,604,516,2025-08-10,2025-08-18,Closed,9.8
PO001637,2025-11-13,SUP013,SKU130,WH004,1081,1080,2025-11-28,2025-12-05,Closed,5.55
PO001638,2025-02-28,SUP019,SKU049,WH003,393,380,2025-03-08,2025-03-06,Closed,1.72
PO001639,2025-05-03,SUP023,SKU125,WH004,1481,1443,2025-05-23,2025-05-25,Closed,2.72
PO001640,2025-09-12,SUP020,SKU081,WH001,1376,65,2025-10-03,,Open,9.8
PO001641,2025-11-28,SUP011,SKU086,WH005,1379,1206,2025-12-17,2025-12-16,Closed,4.77
PO001642,2025-12-02,SUP015,SKU123,WH005,843,783,2025-12-09,2025-12-11,Closed,10.56
PO001643,2025-05-21,SUP023,SKU125,WH001,372,325,2025-06-10,2025-06-09,Closed,2.72
PO001644,2025-02-28,SUP024,SKU124,WH002,606,561,2025-03-12,2025-03-11,Closed,10.78
PO001645,2025-11-21,SUP021,SKU036,WH002,566,559,2025-11-26,2025-11-25,Closed,7.17
PO001646,2025-10-30,SUP012,SKU100,WH002,1404,1339,2025-11-15,2025-11-14,Closed,2.35
PO001647,2025-05-06,SUP005,SKU013,WH003,1397,1203,2025-05-13,2025-05-18,Late,7.59
PO001648,2025-08-01,SUP017,SKU068,WH005,889,856,2025-08-24,2025-08-24,Closed,11.13
PO001649,2025-03-15,SUP025,SKU073,WH003,1224,1176,2025-03-20,2025-03-18,Late,2.98
PO001650,2025-08-09,SUP002,SKU077,WH005,1355,142,2025-08-21,,Open,9.38
PO001651,2025-03-12,SUP007,SKU146,WH005,1241,1238,2025-04-03,2025-04-11,Closed,1.2
PO001652,2025-05-24,SUP016,SKU045,WH004,746,665,2025-05-30,2025-05-28,Closed,3.07
PO001653,2025-05-03,SUP002,SKU040,WH002,1207,1073,2025-05-21,2025-05-20,Closed,1.97
PO001654,2025-04-28,SUP025,SKU004,WH004,669,637,2025-05-21,2025-05-19,Closed,6.13
PO001655,2025-03-25,SUP016,SKU045,WH002,989,848,2025-03-31,2025-03-29,Closed,3.07
PO001656,2025-08-31,SUP014,SKU005,WH002,244,221,2025-09-11,2025-09-09,Closed,7.76
PO001657,2025-11-07,SUP015,SKU037,WH001,368,343,2025-11-14,2025-11-12,Closed,3.03
PO001658,2025-04-07,SUP010,SKU003,WH004,159,150,2025-04-23,2025-04-21,Closed,7.87
PO001659,2025-03-13,SUP024,SKU124,WH004,153,136,2025-03-25,2025-03-25,Closed,10.78
PO001660,2025-09-10,SUP019,SKU043,WH003,1187,1112,2025-10-04,2025-10-04,Late,7.04
PO001661,2025-03-08,SUP003,SKU101,WH002,781,766,2025-03-20,2025-03-21,Closed,11.21
PO001662,2025-03-15,SUP021,SKU021,WH005,480,18,2025-03-20,,Open,5.64
PO001663,2025-09-27,SUP002,SKU131,WH003,64,61,2025-10-22,2025-10-20,Closed,8.58
PO001664,2025-02-04,SUP024,SKU031,WH005,1114,143,2025-02-22,,Open,3.1
PO001665,2025-06-02,SUP015,SKU123,WH002,71,68,2025-06-09,2025-06-08,Closed,10.56
PO001666,2025-10-12,SUP019,SKU049,WH001,1186,1113,2025-10-20,2025-10-19,Closed,1.72
PO001667,2025-08-23,SUP021,SKU078,WH004,863,753,2025-09-08,2025-09-08,Closed,4.52
PO001668,2025-06-14,SUP005,SKU062,WH004,195,174,2025-06-26,2025-06-26,Closed,10.26
PO001669,2025-12-03,SUP020,SKU090,WH003,1075,963,2025-12-19,2025-12-17,Closed,7.29
PO001670,2025-07-12,SUP001,SKU105,WH001,241,224,2025-07-24,2025-07-24,Closed,11.35
PO001671,2025-10-23,SUP024,SKU128,WH004,887,864,2025-11-08,2025-11-12,Closed,10.5
PO001672,2025-04-18,SUP011,SKU097,WH005,542,487,2025-05-06,2025-05-07,Closed,6.92
PO001673,2025-01-15,SUP011,SKU109,WH002,1042,1000,2025-01-30,2025-01-30,Late,7.66
PO001674,2025-07-14,SUP019,SKU049,WH004,755,728,2025-07-22,2025-07-26,Closed,1.72
PO001675,2025-01-20,SUP008,SKU053,WH004,688,623,2025-02-11,2025-02-10,Closed,5.27
PO001676,2025-09-19,SUP007,SKU146,WH004,90,80,2025-10-11,2025-10-09,Closed,1.2
PO001677,2025-06-20,SUP012,SKU091,WH005,762,657,2025-07-09,2025-07-08,Closed,9.72
PO001678,2025-11-07,SUP024,SKU150,WH003,1330,1294,2025-11-22,2025-11-20,Closed,11.46
PO001679,2025-06-18,SUP013,SKU014,WH001,1446,1251,2025-07-01,2025-06-29,Closed,9.53
PO001680,2025-10-23,SUP004,SKU106,WH005,51,43,2025-11-02,2025-10-31,Closed,10.85
PO001681,2025-10-12,SUP017,SKU034,WH002,590,515,2025-10-20,2025-10-19,Closed,3.69
PO001682,2025-05-10,SUP002,SKU040,WH004,306,277,2025-05-28,2025-05-28,Closed,1.97
PO001683,2025-05-28,SUP007,SKU104,WH002,553,477,2025-06-22,2025-06-21,Closed,5.43
PO001684,2025-12-02,SUP016,SKU045,WH001,521,500,2025-12-08,2025-12-07,Closed,3.07
PO001685,2025-04-26,SUP024,SKU093,WH005,498,24,2025-05-16,,Open,3.63
PO001686,2025-05-16,SUP022,SKU133,WH004,164,4,2025-05-27,,Open,7.69
PO001687,2025-02-06,SUP010,SKU064,WH001,1152,1042,2025-03-01,2025-03-01,Closed,9.34
PO001688,2025-12-15,SUP005,SKU138,WH003,1172,1114,2026-01-07,2026-01-06,Closed,2.04
PO001689,2025-12-27,SUP008,SKU112,WH004,979,197,2026-01-09,,Open,2.85
PO001690,2025-01-12,SUP025,SKU025,WH001,369,3,2025-02-03,,Open,8.66
PO001691,2025-07-18,SUP012,SKU091,WH002,458,410,2025-08-06,2025-08-04,Closed,9.72
PO001692,2025-02-10,SUP024,SKU028,WH004,848,836,2025-02-17,2025-02-16,Closed,4.97
PO001693,2025-01-24,SUP016,SKU141,WH003,349,318,2025-02-06,2025-02-04,Closed,6.49
PO001694,2025-03-30,SUP025,SKU009,WH005,1380,1218,2025-04-16,2025-04-16,Closed,11.58
PO001695,2025-03-12,SUP011,SKU109,WH002,1469,1293,2025-03-27,2025-03-27,Closed,7.66
PO001696,2025-05-15,SUP012,SKU100,WH002,415,359,2025-05-31,2025-05-29,Late,2.35
PO001697,2025-12-29,SUP007,SKU137,WH004,902,785,2026-01-13,2026-01-11,Closed,2.01
PO001698,2025-12-01,SUP024,SKU028,WH005,571,492,2025-12-08,2025-12-15,Closed,4.97
PO001699,2025-03-08,SUP004,SKU134,WH003,559,499,2025-04-02,2025-04-02,Closed,2.09
PO001700,2025-04-29,SUP005,SKU062,WH005,710,707,2025-05-11,2025-05-09,Closed,10.26
PO001701,2025-02-04,SUP018,SKU072,WH005,1437,1359,2025-02-10,2025-02-08,Closed,9.04
PO001702,2025-09-09,SUP007,SKU015,WH002,534,464,2025-09-17,2025-09-22,Closed,10.87
PO001703,2025-08-28,SUP021,SKU059,WH002,628,545,2025-09-06,2025-09-05,Closed,6.52
PO001704,2025-01-03,SUP002,SKU085,WH004,641,49,2025-01-16,,Open,2.16
PO001705,2025-09-07,SUP004,SKU076,WH004,1214,1035,2025-09-12,2025-09-10,Closed,3.8
PO001706,2025-01-24,SUP002,SKU108,WH002,321,293,2025-02-12,2025-02-12,Closed,9.81
PO001707,2025-11-17,SUP025,SKU102,WH002,311,283,2025-11-25,2025-11-25,Closed,10.0
PO001708,2025-03-07,SUP012,SKU098,WH004,1079,302,2025-03-29,,Open,6.95
PO001709,2025-08-30,SUP021,SKU059,WH001,1143,1077,2025-09-08,2025-09-06,Closed,6.52
PO001710,2025-10-17,SUP005,SKU062,WH005,1334,1270,2025-10-29,2025-10-29,Late,10.26
PO001711,2025-08-13,SUP003,SKU030,WH002,1402,1393,2025-08-31,2025-08-29,Closed,11.72
PO001712,2025-02-26,SUP013,SKU039,WH004,1436,1225,2025-03-15,2025-03-16,Late,9.94
PO001713,2025-01-08,SUP016,SKU029,WH001,138,127,2025-01-20,2025-01-25,Late,11.3
PO001714,2025-09-29,SUP023,SKU008,WH003,95,94,2025-10-13,2025-10-13,Closed,10.3
PO001715,2025-11-16,SUP011,SKU097,WH003,1137,1089,2025-12-04,2025-12-03,Closed,6.92
PO001716,2025-10-31,SUP018,SKU079,WH002,1060,1019,2025-11-06,2025-11-05,Closed,3.5
PO001717,2025-02-26,SUP008,SKU112,WH005,979,944,2025-03-11,2025-03-11,Closed,2.85
PO001718,2025-01-26,SUP006,SKU042,WH004,547,516,2025-02-11,2025-02-11,Closed,6.84
PO001719,2025-04-24,SUP024,SKU128,WH003,1223,1067,2025-05-10,2025-05-09,Closed,10.5
PO001720,2025-06-11,SUP017,SKU050,WH005,1301,1201,2025-07-01,2025-07-06,Closed,7.03
PO001721,2025-11-29,SUP007,SKU146,WH001,1154,1023,2025-12-21,2025-12-21,Closed,1.2
PO001722,2025-11-30,SUP011,SKU109,WH003,1096,1084,2025-12-15,2025-12-14,Closed,7.66
PO001723,2025-06-25,SUP015,SKU123,WH002,461,415,2025-07-02,2025-07-02,Closed,10.56
PO001724,2025-01-03,SUP004,SKU144,WH002,1495,1419,2025-01-15,2025-01-16,Closed,2.03
PO001725,2025-04-01,SUP007,SKU011,WH005,734,679,2025-04-08,2025-04-09,Closed,10.01
PO001726,2025-09-17,SUP020,SKU126,WH001,1282,1145,2025-10-09,2025-10-09,Closed,2.53
PO001727,2025-10-29,SUP010,SKU145,WH003,211,67,2025-11-18,,Open,4.64
PO001728,2025-08-12,SUP013,SKU052,WH005,1112,974,2025-08-24,2025-08-22,Closed,7.96
PO001729,2025-01-10,SUP020,SKU114,WH001,150,134,2025-01-22,2025-01-26,Closed,10.59
PO001730,2025-06-07,SUP025,SKU009,WH003,1044,963,2025-06-24,2025-06-22,Closed,11.58
PO001731,2025-11-20,SUP013,SKU130,WH003,130,114,2025-12-05,2025-12-03,Closed,5.55
PO001732,2025-09-23,SUP024,SKU028,WH004,1434,1369,2025-09-30,2025-09-29,Closed,4.97
PO001733,2025-05-26,SUP011,SKU099,WH004,942,827,2025-06-04,2025-06-03,Closed,8.59
PO001734,2025-02-25,SUP003,SKU030,WH001,814,785,2025-03-15,2025-03-14,Closed,11.72
PO001735,2025-07-30,SUP022,SKU140,WH002,1379,464,2025-08-24,,Open,11.55
PO001736,2025-01-20,SUP018,SKU148,WH003,1097,981,2025-02-10,2025-02-12,Closed,5.75
PO001737,2025-04-19,SUP024,SKU111,WH005,1214,1127,2025-05-04,2025-05-04,Closed,3.96
PO001738,2025-02-16,SUP024,SKU010,WH001,1188,1158,2025-02-21,2025-02-21,Closed,2.72
PO001739,2025-10-30,SUP014,SKU058,WH005,1022,894,2025-11-12,2025-11-10,Closed,5.4
PO001740,2025-12-03,SUP007,SKU011,WH003,197,168,2025-12-10,2025-12-12,Closed,10.01
PO001741,2025-11-26,SUP009,SKU129,WH003,1082,1076,2025-12-18,2025-12-18,Closed,6.29
PO001742,2025-01-12,SUP007,SKU104,WH002,946,891,2025-02-06,2025-02-05,Late,5.43
PO001743,2025-07-10,SUP024,SKU111,WH001,958,913,2025-07-25,2025-07-25,Closed,3.96
PO001744,2025-11-10,SUP010,SKU064,WH001,442,387,2025-12-03,2025-12-02,Closed,9.34
PO001745,2025-04-21,SUP022,SKU118,WH004,387,358,2025-05-15,2025-05-13,Late,8.37
PO001746,2025-07-14,SUP005,SKU070,WH004,1433,1317,2025-07-26,2025-07-24,Late,4.2
PO001747,2025-03-09,SUP025,SKU017,WH001,497,484,2025-03-20,2025-03-19,Closed,10.74
PO001748,2025-12-29,SUP007,SKU011,WH003,169,144,2026-01-05,2026-01-11,Closed,10.01
PO001749,2025-04-06,SUP021,SKU054,WH003,586,173,2025-04-29,,Open,8.56
PO001750,2025-03-07,SUP002,SKU040,WH003,1275,1088,2025-03-25,2025-03-31,Closed,1.97
PO001751,2025-08-16,SUP023,SKU008,WH004,612,546,2025-08-30,2025-08-28,Closed,10.3
PO001752,2025-08-18,SUP025,SKU102,WH005,113,96,2025-08-26,2025-08-26,Closed,10.0
PO001753,2025-01-25,SUP010,SKU147,WH002,234,205,2025-02-19,2025-02-21,Closed,9.49
PO001754,2025-01-11,SUP024,SKU107,WH005,500,450,2025-01-21,2025-01-19,Closed,6.54
PO001755,2025-10-21,SUP011,SKU041,WH004,798,736,2025-11-11,2025-11-09,Closed,8.46
PO001756,2025-02-27,SUP017,SKU050,WH005,592,505,2025-03-19,2025-03-19,Closed,7.03
PO001757,2025-09-04,SUP024,SKU107,WH002,54,53,2025-09-14,2025-09-14,Closed,6.54
PO001758,2025-09-07,SUP023,SKU056,WH002,992,333,2025-09-16,,Open,3.9
PO001759,2025-05-22,SUP007,SKU011,WH002,118,115,2025-05-29,2025-05-31,Closed,10.01
PO001760,2025-04-13,SUP020,SKU096,WH001,768,665,2025-04-23,2025-04-21,Closed,4.22
PO001761,2025-12-10,SUP019,SKU080,WH005,1218,1132,2025-12-20,2025-12-19,Closed,10.96
PO001762,2025-01-28,SUP008,SKU112,WH001,1024,1009,2025-02-10,2025-02-08,Closed,2.85
PO001763,2025-10-13,SUP001,SKU092,WH004,1125,1042,2025-10-19,2025-10-18,Closed,4.26
PO001764,2025-10-04,SUP014,SKU143,WH003,496,434,2025-10-26,2025-10-25,Closed,11.18
PO001765,2025-10-28,SUP017,SKU034,WH001,169,148,2025-11-05,2025-11-03,Closed,3.69
PO001766,2025-10-26,SUP021,SKU059,WH001,660,223,2025-11-04,,Open,6.52
PO001767,2025-08-06,SUP006,SKU002,WH003,992,918,2025-08-13,2025-08-12,Closed,10.55
PO001768,2025-06-25,SUP010,SKU075,WH001,1190,1039,2025-07-04,2025-07-03,Closed,9.3
PO001769,2025-10-25,SUP011,SKU097,WH001,1372,1244,2025-11-12,2025-11-11,Closed,6.92
PO001770,2025-02-10,SUP022,SKU116,WH002,1276,1114,2025-03-03,2025-03-02,Closed,4.95
PO001771,2025-04-09,SUP021,SKU059,WH003,476,461,2025-04-18,2025-04-18,Closed,6.52
PO001772,2025-04-27,SUP024,SKU111,WH005,1241,1214,2025-05-12,2025-05-12,Late,3.96
PO001773,2025-08-17,SUP003,SKU083,WH003,1089,1044,2025-09-06,2025-09-05,Late,2.58
PO001774,2025-12-19,SUP012,SKU100,WH002,762,730,2026-01-04,2026-01-03,Closed,2.35
PO001775,2025-12-22,SUP015,SKU037,WH003,1148,251,2025-12-29,,Open,3.03
PO001776,2025-05-20,SUP005,SKU138,WH002,760,683,2025-06-12,2025-06-12,Closed,2.04
PO001777,2025-08-20,SUP023,SKU046,WH003,308,280,2025-08-31,2025-09-02,Closed,4.22
PO001778,2025-07-06,SUP013,SKU057,WH002,825,711,2025-07-30,2025-07-28,Late,2.31
PO001779,2025-04-07,SUP002,SKU108,WH004,682,581,2025-04-26,2025-04-28,Closed,9.81
PO001780,2025-04-08,SUP005,SKU062,WH002,340,322,2025-04-20,2025-04-20,Closed,10.26
PO001781,2025-07-23,SUP016,SKU029,WH003,797,715,2025-08-04,2025-08-04,Closed,11.3
PO001782,2025-07-18,SUP002,SKU094,WH005,165,156,2025-07-27,2025-07-29,Closed,1.76
PO001783,2025-12-25,SUP016,SKU141,WH002,993,968,2026-01-07,2026-01-05,Closed,6.49
PO001784,2025-04-03,SUP015,SKU120,WH001,347,0,2025-04-25,,Open,6.3
PO001785,2025-08-13,SUP003,SKU101,WH003,1497,1380,2025-08-25,2025-08-30,Closed,11.21
PO001786,2025-11-24,SUP017,SKU063,WH005,1112,962,2025-12-11,2025-12-09,Closed,3.72
PO001787,2025-07-07,SUP021,SKU021,WH003,826,716,2025-07-12,2025-07-12,Closed,5.64
PO001788,2025-12-08,SUP025,SKU017,WH002,318,294,2025-12-19,2025-12-19,Closed,10.74
PO001789,2025-11-26,SUP020,SKU081,WH002,1065,934,2025-12-17,2025-12-15,Closed,9.8
PO001790,2025-12-12,SUP005,SKU062,WH005,301,285,2025-12-24,2025-12-22,Closed,10.26
PO001791,2025-11-04,SUP025,SKU025,WH003,862,843,2025-11-26,2025-12-02,Closed,8.66
PO001792,2025-01-26,SUP014,SKU006,WH004,1146,1003,2025-02-19,2025-02-19,Late,4.49
PO001793,2025-02-25,SUP001,SKU092,WH004,388,371,2025-03-03,2025-03-02,Closed,4.26
PO001794,2025-03-07,SUP002,SKU094,WH002,1388,1316,2025-03-16,2025-03-16,Closed,1.76
PO001795,2025-05-19,SUP020,SKU114,WH004,405,351,2025-05-31,2025-05-29,Closed,10.59
PO001796,2025-09-17,SUP008,SKU110,WH005,1177,1103,2025-10-05,2025-10-09,Closed,3.66
PO001797,2025-04-03,SUP025,SKU102,WH001,1352,1241,2025-04-11,2025-04-11,Closed,10.0
PO001798,2025-06-26,SUP003,SKU083,WH004,552,469,2025-07-16,2025-07-18,Closed,2.58
PO001799,2025-09-24,SUP012,SKU016,WH002,263,239,2025-10-11,2025-10-09,Closed,2.94
PO001800,2025-12-29,SUP017,SKU066,WH001,774,754,2026-01-15,2026-01-18,Closed,8.21
PO001801,2025-09-29,SUP024,SKU124,WH003,1179,1085,2025-10-11,2025-10-12,Closed,10.78
PO001802,2025-04-26,SUP017,SKU074,WH005,1166,1007,2025-05-09,2025-05-08,Closed,7.35
PO001803,2025-03-10,SUP004,SKU106,WH001,970,272,2025-03-20,,Open,10.85
PO001804,2025-12-23,SUP014,SKU006,WH003,453,441,2026-01-16,2026-01-16,Closed,4.49
PO001805,2025-08-23,SUP003,SKU101,WH004,130,117,2025-09-04,2025-09-03,Closed,11.21
PO001806,2025-08-28,SUP017,SKU020,WH002,1355,121,2025-09-06,,Open,8.72
PO001807,2025-04-10,SUP001,SKU105,WH002,920,877,2025-04-22,2025-04-20,Late,11.35
PO001808,2025-04-03,SUP014,SKU047,WH002,1273,1210,2025-04-21,2025-04-20,Closed,5.04
PO001809,2025-03-17,SUP021,SKU036,WH001,714,631,2025-03-22,2025-03-21,Late,7.17
PO001810,2025-11-03,SUP012,SKU061,WH003,1450,1394,2025-11-22,2025-11-24,Closed,7.1
PO001811,2025-01-02,SUP021,SKU021,WH004,864,736,2025-01-07,2025-01-07,Closed,5.64
PO001812,2025-01-04,SUP020,SKU126,WH004,719,671,2025-01-26,2025-01-25,Closed,2.53
PO001813,2025-05-24,SUP007,SKU011,WH003,918,886,2025-05-31,2025-05-29,Closed,10.01
PO001814,2025-01-08,SUP013,SKU057,WH004,1262,1208,2025-02-01,2025-01-31,Closed,2.31
PO001815,2025-01-03,SUP015,SKU088,WH003,727,698,2025-01-21,2025-01-21,Closed,6.94
PO001816,2025-01-14,SUP025,SKU025,WH002,97,87,2025-02-05,2025-02-06,Closed,8.66
PO001817,2025-09-09,SUP018,SKU072,WH001,924,828,2025-09-15,2025-09-14,Closed,9.04
PO001818,2025-05-14,SUP017,SKU034,WH005,981,979,2025-05-22,2025-05-22,Closed,3.69
PO001819,2025-09-26,SUP002,SKU095,WH002,1134,997,2025-10-17,2025-10-17,Closed,10.55
PO001820,2025-06-13,SUP005,SKU070,WH003,543,525,2025-06-25,2025-06-25,Closed,4.2
PO001821,2025-05-10,SUP002,SKU094,WH004,1262,1193,2025-05-19,2025-05-17,Closed,1.76
PO001822,2025-04-17,SUP019,SKU082,WH003,349,308,2025-05-02,2025-05-06,Closed,7.9
PO001823,2025-07-03,SUP016,SKU067,WH005,557,474,2025-07-19,2025-07-21,Closed,3.61
PO001824,2025-07-23,SUP005,SKU138,WH005,713,145,2025-08-15,,Open,2.04
PO001825,2025-07-04,SUP014,SKU005,WH005,158,135,2025-07-15,2025-07-13,Closed,7.76
PO001826,2025-05-12,SUP014,SKU006,WH003,957,944,2025-06-05,2025-06-03,Closed,4.49
PO001827,2025-05-12,SUP024,SKU010,WH002,1170,1052,2025-05-17,2025-05-17,Closed,2.72
PO001828,2025-10-21,SUP014,SKU058,WH004,457,395,2025-11-03,2025-11-04,Closed,5.4
PO001829,2025-11-30,SUP024,SKU093,WH003,1394,1384,2025-12-20,2025-12-18,Closed,3.63
PO001830,2025-12-27,SUP018,SKU148,WH003,993,903,2026-01-17,2026-01-17,Closed,5.75
PO001831,2025-08-18,SUP012,SKU098,WH004,1333,387,2025-09-09,,Open,6.95
PO001832,2025-09-22,SUP003,SKU030,WH002,932,901,2025-10-10,2025-10-08,Closed,11.72
PO001833,2025-04-21,SUP008,SKU121,WH005,462,432,2025-05-01,2025-04-30,Closed,6.97
PO001834,2025-02-06,SUP022,SKU135,WH004,1052,923,2025-02-12,2025-02-11,Closed,4.41
PO001835,2025-09-12,SUP015,SKU033,WH003,856,773,2025-09-18,2025-09-17,Closed,10.83
PO001836,2025-09-18,SUP022,SKU118,WH002,726,637,2025-10-12,2025-10-10,Closed,8.37
PO001837,2025-11-28,SUP016,SKU067,WH004,858,750,2025-12-14,2025-12-12,Closed,3.61
PO001838,2025-12-10,SUP024,SKU022,WH001,841,785,2025-12-18,2025-12-17,Late,11.85
PO001839,2025-11-16,SUP006,SKU023,WH001,1047,1018,2025-12-06,2025-12-06,Late,8.04
PO001840,2025-07-25,SUP017,SKU119,WH002,1299,1105,2025-07-30,2025-07-28,Closed,11.97
PO001841,2025-03-19,SUP018,SKU079,WH003,1244,1060,2025-03-25,2025-03-25,Closed,3.5
PO001842,2025-03-20,SUP024,SKU035,WH003,1084,1008,2025-03-27,2025-03-26,Closed,11.5
PO001843,2025-02-05,SUP006,SKU032,WH002,76,71,2025-02-28,2025-02-27,Closed,4.53
PO001844,2025-05-17,SUP007,SKU024,WH003,1260,1182,2025-06-09,2025-06-09,Closed,7.58
PO001845,2025-05-08,SUP014,SKU006,WH001,1336,1332,2025-06-01,2025-05-30,Closed,4.49
PO001846,2025-03-18,SUP011,SKU099,WH003,308,294,2025-03-27,2025-03-25,Closed,8.59
PO001847,2025-08-24,SUP012,SKU044,WH005,331,287,2025-09-02,2025-08-31,Closed,5.88
PO001848,2025-02-03,SUP025,SKU103,WH001,442,432,2025-02-13,2025-02-12,Closed,8.91
PO001849,2025-08-26,SUP010,SKU147,WH004,161,147,2025-09-20,2025-09-18,Closed,9.49
PO001850,2025-04-03,SUP023,SKU056,WH003,869,801,2025-04-12,2025-04-12,Late,3.9
PO001851,2025-12-30,SUP004,SKU134,WH001,1383,1236,2026-01-24,2026-01-23,Closed,2.09
PO001852,2025-07-25,SUP005,SKU062,WH003,1308,1258,2025-08-06,2025-08-06,Closed,10.26
PO001853,2025-01-05,SUP001,SKU105,WH001,314,269,2025-01-17,2025-01-16,Closed,11.35
PO001854,2025-01-16,SUP017,SKU034,WH002,1371,1215,2025-01-24,2025-01-24,Closed,3.69
PO001855,2025-02-16,SUP002,SKU095,WH002,426,402,2025-03-09,2025-03-09,Closed,10.55
PO001856,2025-06-24,SUP015,SKU037,WH001,688,683,2025-07-01,2025-06-29,Closed,3.03
PO001857,2025-02-03,SUP005,SKU013,WH003,574,126,2025-02-10,,Open,7.59
PO001858,2025-04-10,SUP008,SKU065,WH001,1145,1031,2025-04-27,2025-04-26,Closed,2.4
PO001859,2025-06-09,SUP015,SKU088,WH004,123,112,2025-06-27,2025-06-25,Closed,6.94
PO001860,2025-07-26,SUP004,SKU144,WH004,122,109,2025-08-07,2025-08-05,Closed,2.03
PO001861,2025-02-04,SUP023,SKU046,WH005,1086,977,2025-02-15,2025-02-15,Closed,4.22
PO001862,2025-11-26,SUP011,SKU099,WH001,133,123,2025-12-05,2025-12-04,Closed,8.59
PO001863,2025-06-13,SUP002,SKU108,WH005,833,719,2025-07-02,2025-06-30,Closed,9.81
PO001864,2025-09-07,SUP017,SKU055,WH001,451,403,2025-10-02,2025-09-30,Closed,11.32
PO001865,2025-04-24,SUP010,SKU064,WH005,1025,287,2025-05-17,,Open,9.34
PO001866,2025-12-07,SUP024,SKU022,WH005,184,157,2025-12-15,2025-12-14,Closed,11.85
PO001867,2025-02-16,SUP020,SKU081,WH004,442,424,2025-03-09,2025-03-07,Closed,9.8
PO001868,2025-09-11,SUP013,SKU130,WH003,54,49,2025-09-26,2025-09-25,Closed,5.55
PO001869,2025-12-27,SUP018,SKU072,WH004,301,294,2026-01-02,2025-12-31,Closed,9.04
PO001870,2025-08-27,SUP010,SKU084,WH005,534,454,2025-09-19,2025-09-22,Closed,8.41
PO001871,2025-07-03,SUP014,SKU006,WH004,1455,1414,2025-07-27,2025-07-25,Late,4.49
PO001872,2025-01-12,SUP003,SKU101,WH004,1414,1243,2025-01-24,2025-01-24,Closed,11.21
PO001873,2025-08-31,SUP023,SKU056,WH005,194,185,2025-09-09,2025-09-14,Closed,3.9
PO001874,2025-07-11,SUP017,SKU020,WH002,793,790,2025-07-20,2025-07-24,Closed,8.72
PO001875,2025-07-30,SUP024,SKU010,WH001,1329,1180,2025-08-04,2025-08-04,Late,2.72
PO001876,2025-04-03,SUP023,SKU056,WH005,435,434,2025-04-12,2025-04-12,Closed,3.9
PO001877,2025-05-23,SUP018,SKU148,WH002,1122,1045,2025-06-13,2025-06-11,Closed,5.75
PO001878,2025-09-12,SUP004,SKU076,WH004,1240,1145,2025-09-17,2025-09-15,Closed,3.8
PO001879,2025-10-31,SUP001,SKU122,WH001,205,177,2025-11-14,2025-11-14,Closed,11.42
PO001880,2025-02-09,SUP020,SKU126,WH003,1083,944,2025-03-03,2025-03-03,Closed,2.53
PO001881,2025-05-14,SUP010,SKU147,WH003,1006,926,2025-06-08,2025-06-08,Closed,9.49
PO001882,2025-07-23,SUP012,SKU061,WH005,954,926,2025-08-11,2025-08-19,Closed,7.1
PO001883,2025-11-05,SUP016,SKU045,WH002,580,501,2025-11-11,2025-11-14,Closed,3.07
PO001884,2025-09-24,SUP024,SKU150,WH002,159,136,2025-10-09,2025-10-13,Closed,11.46
PO001885,2025-05-13,SUP006,SKU127,WH003,349,329,2025-05-29,2025-05-29,Closed,10.11
PO001886,2025-11-01,SUP010,SKU145,WH005,515,446,2025-11-21,2025-11-20,Closed,4.64
PO001887,2025-03-04,SUP024,SKU111,WH005,1480,1471,2025-03-19,2025-03-19,Closed,3.96
PO001888,2025-10-07,SUP019,SKU043,WH001,222,221,2025-10-31,2025-10-31,Closed,7.04
PO001889,2025-01-06,SUP023,SKU089,WH004,775,698,2025-01-16,2025-01-14,Closed,1.53
PO001890,2025-06-24,SUP015,SKU088,WH002,705,690,2025-07-12,2025-07-11,Closed,6.94
PO001891,2025-06-11,SUP023,SKU046,WH002,438,421,2025-06-22,2025-06-22,Closed,4.22
PO001892,2025-03-10,SUP025,SKU102,WH004,519,518,2025-03-18,2025-03-18,Closed,10.0
PO001893,2025-01-07,SUP001,SKU048,WH005,522,451,2025-01-27,2025-01-26,Closed,6.32
PO001894,2025-11-17,SUP014,SKU005,WH003,552,478,2025-11-28,2025-12-05,Closed,7.76
PO001895,2025-09-27,SUP014,SKU006,WH003,1188,1185,2025-10-21,2025-10-22,Closed,4.49
PO001896,2025-11-18,SUP010,SKU003,WH001,1420,1334,2025-12-04,2025-12-02,Closed,7.87
PO001897,2025-05-14,SUP002,SKU085,WH001,1492,1404,2025-05-27,2025-05-27,Closed,2.16
PO001898,2025-08-12,SUP007,SKU146,WH001,767,735,2025-09-03,2025-09-01,Closed,1.2
PO001899,2025-01-28,SUP007,SKU137,WH005,261,237,2025-02-12,2025-02-11,Closed,2.01
PO001900,2025-10-21,SUP023,SKU125,WH004,1305,1283,2025-11-10,2025-11-08,Closed,2.72
PO001901,2025-04-19,SUP016,SKU026,WH003,359,339,2025-04-26,2025-04-24,Closed,11.19
PO001902,2025-09-05,SUP005,SKU060,WH002,608,548,2025-09-22,2025-09-26,Closed,9.75
PO001903,2025-10-10,SUP013,SKU057,WH001,966,943,2025-11-03,2025-11-03,Closed,2.31
PO001904,2025-04-16,SUP005,SKU013,WH003,381,327,2025-04-23,2025-04-21,Closed,7.59
PO001905,2025-06-28,SUP012,SKU069,WH003,827,7,2025-07-13,,Open,8.73
PO001906,2025-05-05,SUP024,SKU028,WH003,1263,1258,2025-05-12,2025-05-11,Closed,4.97
PO001907,2025-07-24,SUP015,SKU087,WH005,137,10,2025-08-14,,Open,4.19
PO001908,2025-06-06,SUP017,SKU074,WH005,637,568,2025-06-19,2025-06-19,Closed,7.35
PO001909,2025-04-26,SUP008,SKU121,WH003,727,711,2025-05-06,2025-05-05,Late,6.97
PO001910,2025-02-21,SUP015,SKU087,WH001,1304,1282,2025-03-14,2025-03-22,Closed,4.19
PO001911,2025-01-19,SUP023,SKU089,WH002,832,756,2025-01-29,2025-01-28,Closed,1.53
PO001912,2025-10-24,SUP012,SKU098,WH005,952,935,2025-11-15,2025-11-14,Closed,6.95
PO001913,2025-09-30,SUP021,SKU036,WH001,713,693,2025-10-05,2025-10-05,Closed,7.17
PO001914,2025-01-25,SUP024,SKU111,WH005,910,826,2025-02-09,2025-02-08,Closed,3.96
PO001915,2025-07-25,SUP006,SKU042,WH005,415,413,2025-08-10,2025-08-12,Closed,6.84
PO001916,2025-08-19,SUP025,SKU004,WH001,648,207,2025-09-11,,Open,6.13
PO001917,2025-06-17,SUP019,SKU082,WH004,264,257,2025-07-02,2025-07-03,Closed,7.9
PO001918,2025-05-25,SUP003,SKU101,WH002,165,154,2025-06-06,2025-06-05,Closed,11.21
PO001919,2025-02-09,SUP022,SKU140,WH005,1370,1189,2025-03-06,2025-03-05,Closed,11.55
PO001920,2025-10-03,SUP023,SKU027,WH001,110,103,2025-10-19,2025-10-19,Closed,3.81
PO001921,2025-08-02,SUP022,SKU007,WH001,173,172,2025-08-12,2025-08-17,Closed,8.36
PO001922,2025-02-02,SUP020,SKU114,WH005,605,603,2025-02-14,2025-02-14,Closed,10.59
PO001923,2025-06-19,SUP013,SKU130,WH002,878,831,2025-07-04,2025-07-04,Closed,5.55
PO001924,2025-10-20,SUP025,SKU017,WH003,310,291,2025-10-31,2025-10-30,Closed,10.74
PO001925,2025-06-18,SUP007,SKU137,WH002,256,241,2025-07-03,2025-07-02,Closed,2.01
PO001926,2025-04-23,SUP025,SKU017,WH003,692,664,2025-05-04,2025-05-06,Closed,10.74
PO001927,2025-10-23,SUP004,SKU106,WH004,346,308,2025-11-02,2025-11-02,Closed,10.85
PO001928,2025-04-21,SUP010,SKU145,WH001,175,161,2025-05-11,2025-05-09,Closed,4.64
PO001929,2025-05-05,SUP022,SKU135,WH005,452,399,2025-05-11,2025-05-17,Closed,4.41
PO001930,2025-01-12,SUP009,SKU129,WH004,1115,1023,2025-02-03,2025-02-05,Closed,6.29
PO001931,2025-01-08,SUP008,SKU112,WH005,1211,1055,2025-01-21,2025-01-19,Late,2.85
PO001932,2025-09-17,SUP017,SKU119,WH004,1481,1404,2025-09-22,2025-09-29,Late,11.97
PO001933,2025-03-19,SUP007,SKU024,WH003,308,285,2025-04-11,2025-04-09,Late,7.58
PO001934,2025-01-07,SUP024,SKU010,WH004,1261,1212,2025-01-12,2025-01-13,Closed,2.72
PO001935,2025-03-02,SUP010,SKU075,WH002,910,896,2025-03-11,2025-03-11,Closed,9.3
PO001936,2025-05-06,SUP007,SKU146,WH004,1410,1293,2025-05-28,2025-05-27,Closed,1.2
PO001937,2025-10-13,SUP002,SKU040,WH003,1440,1275,2025-10-31,2025-10-29,Closed,1.97
PO001938,2025-08-12,SUP007,SKU142,WH001,1217,1209,2025-08-23,2025-08-26,Closed,7.2
PO001939,2025-11-09,SUP012,SKU016,WH003,842,763,2025-11-26,2025-11-25,Closed,2.94
PO001940,2025-12-11,SUP024,SKU093,WH004,245,214,2025-12-31,2026-01-06,Closed,3.63
PO001941,2025-08-25,SUP005,SKU013,WH001,188,174,2025-09-01,2025-08-31,Closed,7.59
PO001942,2025-12-28,SUP005,SKU013,WH004,1055,905,2026-01-04,2026-01-04,Closed,7.59
PO001943,2025-02-16,SUP007,SKU015,WH004,789,735,2025-02-24,2025-02-22,Closed,10.87
PO001944,2025-06-13,SUP016,SKU067,WH001,1288,1155,2025-06-29,2025-07-01,Closed,3.61
PO001945,2025-08-08,SUP024,SKU124,WH004,1286,213,2025-08-20,,Open,10.78
PO001946,2025-08-19,SUP007,SKU015,WH001,741,715,2025-08-27,2025-08-31,Closed,10.87
PO001947,2025-09-12,SUP005,SKU138,WH003,869,823,2025-10-05,2025-10-05,Closed,2.04
PO001948,2025-06-28,SUP024,SKU111,WH005,1406,1209,2025-07-13,2025-07-11,Closed,3.96
PO001949,2025-05-02,SUP007,SKU146,WH001,1314,1258,2025-05-24,2025-05-24,Closed,1.2
PO001950,2025-03-01,SUP025,SKU132,WH001,1136,970,2025-03-26,2025-03-26,Late,8.24
PO001951,2025-04-22,SUP025,SKU004,WH004,212,204,2025-05-15,2025-05-13,Closed,6.13
PO001952,2025-10-13,SUP017,SKU050,WH002,1114,1013,2025-11-02,2025-11-03,Closed,7.03
PO001953,2025-05-20,SUP012,SKU069,WH002,1376,1354,2025-06-04,2025-06-02,Closed,8.73
PO001954,2025-11-14,SUP004,SKU144,WH001,1068,988,2025-11-26,2025-11-25,Closed,2.03
PO001955,2025-04-15,SUP024,SKU012,WH003,367,332,2025-05-01,2025-04-29,Closed,11.08
PO001956,2025-07-31,SUP023,SKU089,WH004,659,75,2025-08-10,,Open,1.53
PO001957,2025-02-08,SUP024,SKU107,WH001,1094,1049,2025-02-18,2025-02-17,Closed,6.54
PO001958,2025-05-19,SUP023,SKU056,WH002,597,549,2025-05-28,2025-05-26,Closed,3.9
PO001959,2025-06-12,SUP008,SKU053,WH003,1315,1176,2025-07-04,2025-07-02,Closed,5.27
PO001960,2025-06-08,SUP025,SKU102,WH001,110,95,2025-06-16,2025-06-19,Closed,10.0
PO001961,2025-01-31,SUP001,SKU122,WH005,1414,1309,2025-02-14,2025-02-13,Closed,11.42
PO001962,2025-03-10,SUP024,SKU150,WH004,856,792,2025-03-25,2025-03-26,Closed,11.46
PO001963,2025-11-28,SUP015,SKU088,WH001,365,319,2025-12-16,2025-12-15,Closed,6.94
PO001964,2025-11-24,SUP024,SKU010,WH005,478,407,2025-11-29,2025-11-29,Late,2.72
PO001965,2025-07-02,SUP024,SKU093,WH003,701,611,2025-07-22,2025-07-20,Closed,3.63
PO001966,2025-08-12,SUP022,SKU116,WH004,400,384,2025-09-02,2025-09-02,Closed,4.95
PO001967,2025-01-20,SUP020,SKU096,WH001,473,458,2025-01-30,2025-02-06,Closed,4.22
PO001968,2025-09-14,SUP025,SKU132,WH005,1343,1161,2025-10-09,2025-10-09,Closed,8.24
PO001969,2025-08-04,SUP002,SKU094,WH001,290,255,2025-08-13,2025-08-12,Closed,1.76
PO001970,2025-07-07,SUP005,SKU070,WH004,593,521,2025-07-19,2025-07-18,Closed,4.2
PO001971,2025-04-04,SUP010,SKU075,WH001,813,273,2025-04-13,,Open,9.3
PO001972,2025-08-24,SUP006,SKU127,WH004,473,443,2025-09-09,2025-09-07,Closed,10.11
PO001973,2025-09-29,SUP017,SKU068,WH004,582,577,2025-10-22,2025-10-21,Closed,11.13
PO001974,2025-03-10,SUP013,SKU039,WH003,200,187,2025-03-27,2025-03-26,Closed,9.94
PO001975,2025-07-16,SUP015,SKU087,WH001,538,505,2025-08-06,2025-08-06,Closed,4.19
PO001976,2025-12-12,SUP021,SKU078,WH001,320,283,2025-12-28,2025-12-26,Closed,4.52
PO001977,2025-01-24,SUP025,SKU004,WH005,1138,971,2025-02-16,2025-02-16,Closed,6.13
PO001978,2025-06-04,SUP012,SKU098,WH005,1062,1035,2025-06-26,2025-06-27,Closed,6.95
PO001979,2025-09-06,SUP019,SKU051,WH004,715,661,2025-09-13,2025-09-12,Closed,9.85
PO001980,2025-06-02,SUP002,SKU040,WH003,1315,1120,2025-06-20,2025-06-19,Closed,1.97
PO001981,2025-10-14,SUP017,SKU066,WH003,892,808,2025-10-31,2025-10-30,Closed,8.21
PO001982,2025-05-16,SUP008,SKU053,WH003,1222,1213,2025-06-07,2025-06-05,Closed,5.27
PO001983,2025-09-26,SUP007,SKU142,WH005,204,39,2025-10-07,,Open,7.2
PO001984,2025-04-28,SUP014,SKU005,WH004,1457,1296,2025-05-09,2025-05-09,Closed,7.76
PO001985,2025-10-26,SUP013,SKU057,WH001,375,35,2025-11-19,,Open,2.31
PO001986,2025-10-16,SUP019,SKU043,WH004,1283,1270,2025-11-09,2025-11-07,Late,7.04
PO001987,2025-08-15,SUP025,SKU004,WH002,1410,1252,2025-09-07,2025-09-07,Closed,6.13
PO001988,2025-05-23,SUP019,SKU049,WH004,1381,1353,2025-05-31,2025-05-29,Closed,1.72
PO001989,2025-11-22,SUP017,SKU034,WH002,716,650,2025-11-30,2025-11-29,Closed,3.69
PO001990,2025-03-23,SUP024,SKU128,WH003,840,785,2025-04-08,2025-04-06,Late,10.5
PO001991,2025-12-06,SUP002,SKU085,WH005,1179,1113,2025-12-19,2025-12-18,Closed,2.16
PO001992,2025-03-22,SUP011,SKU086,WH004,1103,967,2025-04-10,2025-04-09,Closed,4.77
PO001993,2025-07-22,SUP005,SKU062,WH003,1141,993,2025-08-03,2025-08-10,Closed,10.26
PO001994,2025-01-01,SUP010,SKU064,WH001,1151,1109,2025-01-24,2025-01-22,Closed,9.34
PO001995,2025-12-04,SUP024,SKU149,WH004,965,829,2025-12-09,2025-12-08,Closed,3.72
PO001996,2025-04-24,SUP023,SKU056,WH002,1387,327,2025-05-03,,Open,3.9
PO001997,2025-10-04,SUP024,SKU128,WH005,461,455,2025-10-20,2025-10-19,Closed,10.5
PO001998,2025-07-18,SUP012,SKU016,WH001,1252,1124,2025-08-04,2025-08-10,Closed,2.94
PO001999,2025-11-01,SUP004,SKU076,WH001,1444,1317,2025-11-06,2025-11-04,Late,3.8
PO002000,2025-02-04,SUP024,SKU150,WH004,1049,966,2025-02-19,2025-02-17,Closed,11.46
PO002001,2025-10-30,SUP023,SKU001,WH001,1022,939,2025-11-24,2025-11-24,Closed,3.18
PO002002,2025-11-15,SUP007,SKU024,WH001,1145,1050,2025-12-08,2025-12-07,Closed,7.58
PO002003,2025-10-03,SUP002,SKU085,WH001,320,283,2025-10-16,2025-10-14,Closed,2.16
PO002004,2025-11-26,SUP024,SKU035,WH001,1467,228,2025-12-03,,Open,11.5
PO002005,2025-05-24,SUP024,SKU031,WH003,1100,1087,2025-06-11,2025-06-11,Closed,3.1
PO002006,2025-10-11,SUP020,SKU114,WH002,1174,1002,2025-10-23,2025-10-21,Closed,10.59
PO002007,2025-01-14,SUP007,SKU142,WH002,1138,1030,2025-01-25,2025-01-25,Late,7.2
PO002008,2025-12-26,SUP015,SKU037,WH004,357,311,2026-01-02,2025-12-31,Closed,3.03
PO002009,2025-07-22,SUP008,SKU110,WH001,837,735,2025-08-09,2025-08-09,Closed,3.66
PO002010,2025-07-18,SUP024,SKU150,WH003,311,267,2025-08-02,2025-08-05,Closed,11.46
PO002011,2025-01-09,SUP005,SKU060,WH003,651,649,2025-01-26,2025-01-24,Closed,9.75
PO002012,2025-11-30,SUP005,SKU070,WH001,366,361,2025-12-12,2025-12-10,Closed,4.2
PO002013,2025-07-03,SUP025,SKU073,WH002,573,570,2025-07-08,2025-07-06,Closed,2.98
PO002014,2025-06-19,SUP025,SKU073,WH005,1472,108,2025-06-24,,Open,2.98
PO002015,2025-01-30,SUP010,SKU145,WH004,1143,1120,2025-02-19,2025-02-18,Closed,4.64
PO002016,2025-09-30,SUP022,SKU133,WH003,1209,1168,2025-10-11,2025-10-17,Closed,7.69
PO002017,2025-10-07,SUP007,SKU146,WH001,1064,978,2025-10-29,2025-10-28,Closed,1.2
PO002018,2025-02-07,SUP022,SKU116,WH002,951,826,2025-02-28,2025-02-26,Closed,4.95
PO002019,2025-07-30,SUP015,SKU033,WH001,260,224,2025-08-05,2025-08-03,Closed,10.83
PO002020,2025-06-16,SUP013,SKU130,WH002,1417,44,2025-07-01,,Open,5.55
PO002021,2025-01-29,SUP014,SKU047,WH005,68,59,2025-02-16,2025-02-22,Closed,5.04
PO002022,2025-01-08,SUP022,SKU118,WH002,212,192,2025-02-01,2025-02-01,Closed,8.37
PO002023,2025-01-24,SUP021,SKU021,WH001,1228,1125,2025-01-29,2025-01-27,Closed,5.64
PO002024,2025-06-01,SUP014,SKU047,WH005,536,513,2025-06-19,2025-06-19,Closed,5.04
PO002025,2025-12-02,SUP024,SKU022,WH001,583,571,2025-12-10,2025-12-10,Closed,11.85
PO002026,2025-12-23,SUP006,SKU023,WH002,1205,1132,2026-01-12,2026-01-10,Closed,8.04
PO002027,2025-12-22,SUP013,SKU130,WH002,257,226,2026-01-06,2026-01-12,Closed,5.55
PO002028,2025-06-15,SUP024,SKU111,WH003,817,753,2025-06-30,2025-07-03,Closed,3.96
PO002029,2025-06-14,SUP002,SKU136,WH002,730,675,2025-07-07,2025-07-05,Closed,4.12
PO002030,2025-03-25,SUP008,SKU065,WH003,1280,1209,2025-04-11,2025-04-09,Closed,2.4
PO002031,2025-08-05,SUP024,SKU093,WH005,1462,1297,2025-08-25,2025-08-25,Closed,3.63
PO002032,2025-11-24,SUP021,SKU059,WH003,1321,1259,2025-12-03,2025-12-03,Closed,6.52
PO002033,2025-08-24,SUP012,SKU069,WH003,1104,21,2025-09-08,,Open,8.73
PO002034,2025-08-12,SUP010,SKU064,WH001,450,399,2025-09-04,2025-09-08,Closed,9.34
PO002035,2025-01-04,SUP002,SKU136,WH002,950,865,2025-01-27,2025-01-26,Closed,4.12
PO002036,2025-03-12,SUP019,SKU043,WH001,484,426,2025-04-05,2025-04-11,Closed,7.04
PO002037,2025-11-20,SUP024,SKU128,WH001,379,329,2025-12-06,2025-12-04,Closed,10.5
PO002038,2025-12-08,SUP007,SKU011,WH005,823,776,2025-12-15,2025-12-13,Closed,10.01
PO002039,2025-09-21,SUP016,SKU067,WH003,84,4,2025-10-07,,Open,3.61
PO002040,2025-03-04,SUP017,SKU055,WH004,1413,1273,2025-03-29,2025-03-29,Closed,11.32
PO002041,2025-07-25,SUP023,SKU008,WH001,414,143,2025-08-08,,Open,10.3
PO002042,2025-11-21,SUP005,SKU062,WH004,1287,1204,2025-12-03,2025-12-03,Closed,10.26
PO002043,2025-10-19,SUP011,SKU041,WH001,599,528,2025-11-09,2025-11-09,Late,8.46
PO002044,2025-11-28,SUP024,SKU035,WH002,109,101,2025-12-05,2025-12-11,Closed,11.5
PO002045,2025-06-05,SUP024,SKU111,WH002,1361,1175,2025-06-20,2025-06-27,Closed,3.96
PO002046,2025-03-14,SUP023,SKU046,WH004,1156,1000,2025-03-25,2025-03-27,Closed,4.22
PO002047,2025-01-25,SUP011,SKU109,WH002,834,723,2025-02-09,2025-02-09,Closed,7.66
PO002048,2025-05-31,SUP024,SKU022,WH003,500,485,2025-06-08,2025-06-08,Closed,11.85
PO002049,2025-08-22,SUP024,SKU128,WH005,906,835,2025-09-07,2025-09-06,Closed,10.5
PO002050,2025-02-01,SUP005,SKU070,WH003,122,7,2025-02-13,,Open,4.2
PO002051,2025-02-21,SUP003,SKU083,WH005,1088,1082,2025-03-13,2025-03-13,Closed,2.58
PO002052,2025-02-23,SUP022,SKU007,WH001,207,185,2025-03-05,2025-03-04,Closed,8.36
PO002053,2025-12-30,SUP017,SKU074,WH003,185,174,2026-01-12,2026-01-20,Closed,7.35
PO002054,2025-10-18,SUP001,SKU105,WH003,1393,1194,2025-10-30,2025-11-01,Closed,11.35
PO002055,2025-06-24,SUP006,SKU071,WH004,1151,1114,2025-06-29,2025-06-27,Closed,8.74
PO002056,2025-04-03,SUP014,SKU047,WH001,1469,115,2025-04-21,,Open,5.04
PO002057,2025-04-19,SUP007,SKU137,WH002,246,227,2025-05-04,2025-05-02,Closed,2.01
PO002058,2025-09-02,SUP012,SKU016,WH004,1360,1301,2025-09-19,2025-09-17,Closed,2.94
PO002059,2025-09-16,SUP012,SKU098,WH003,1065,956,2025-10-08,2025-10-15,Closed,6.95
PO002060,2025-11-29,SUP014,SKU143,WH004,1184,1046,2025-12-21,2025-12-24,Closed,11.18
PO002061,2025-12-24,SUP024,SKU111,WH004,920,910,2026-01-08,2026-01-15,Closed,3.96
PO002062,2025-01-25,SUP018,SKU072,WH004,293,266,2025-01-31,2025-02-06,Closed,9.04
PO002063,2025-03-12,SUP016,SKU141,WH003,453,395,2025-03-25,2025-03-25,Closed,6.49
PO002064,2025-08-12,SUP024,SKU128,WH003,770,657,2025-08-28,2025-08-28,Closed,10.5
PO002065,2025-01-16,SUP001,SKU122,WH004,1265,1105,2025-01-30,2025-01-28,Closed,11.42
PO002066,2025-10-28,SUP005,SKU062,WH003,822,811,2025-11-09,2025-11-17,Closed,10.26
PO002067,2025-03-09,SUP015,SKU037,WH001,1399,1266,2025-03-16,2025-03-14,Closed,3.03
PO002068,2025-06-15,SUP019,SKU051,WH001,1092,1045,2025-06-22,2025-06-20,Closed,9.85
PO002069,2025-04-30,SUP016,SKU026,WH002,449,423,2025-05-07,2025-05-07,Closed,11.19
PO002070,2025-05-29,SUP019,SKU080,WH003,60,56,2025-06-08,2025-06-08,Closed,10.96
PO002071,2025-12-04,SUP017,SKU020,WH002,719,676,2025-12-13,2025-12-12,Closed,8.72
PO002072,2025-02-04,SUP012,SKU016,WH003,1410,1302,2025-02-21,2025-02-20,Closed,2.94
PO002073,2025-08-11,SUP004,SKU076,WH005,800,697,2025-08-16,2025-08-24,Closed,3.8
PO002074,2025-12-10,SUP004,SKU144,WH002,1221,1178,2025-12-22,2025-12-20,Closed,2.03
PO002075,2025-09-09,SUP001,SKU048,WH004,1034,896,2025-09-29,2025-09-29,Closed,6.32
PO002076,2025-05-22,SUP024,SKU107,WH002,1359,1339,2025-06-01,2025-06-01,Closed,6.54
PO002077,2025-11-01,SUP016,SKU067,WH003,382,381,2025-11-17,2025-11-15,Closed,3.61
PO002078,2025-11-03,SUP023,SKU089,WH005,1476,1331,2025-11-13,2025-11-18,Closed,1.53
PO002079,2025-10-21,SUP022,SKU116,WH005,1371,1365,2025-11-11,2025-11-09,Closed,4.95
PO002080,2025-01-18,SUP020,SKU114,WH001,789,672,2025-01-30,2025-01-30,Closed,10.59
PO002081,2025-09-25,SUP020,SKU081,WH004,560,477,2025-10-16,2025-10-16,Closed,9.8
PO002082,2025-10-22,SUP024,SKU012,WH004,113,106,2025-11-07,2025-11-07,Closed,11.08
PO002083,2025-07-12,SUP005,SKU138,WH004,1465,1255,2025-08-04,2025-08-03,Closed,2.04
PO002084,2025-01-26,SUP002,SKU085,WH005,289,274,2025-02-08,2025-02-08,Closed,2.16
PO002085,2025-07-18,SUP024,SKU010,WH002,202,191,2025-07-23,2025-07-22,Closed,2.72
PO002086,2025-06-22,SUP017,SKU055,WH001,1464,1254,2025-07-17,2025-07-17,Closed,11.32
PO002087,2025-12-17,SUP008,SKU121,WH002,1128,1042,2025-12-27,2025-12-26,Closed,6.97
PO002088,2025-09-01,SUP013,SKU052,WH005,403,364,2025-09-13,2025-09-12,Closed,7.96
PO002089,2025-11-05,SUP019,SKU051,WH002,743,706,2025-11-12,2025-11-11,Closed,9.85
PO002090,2025-03-14,SUP005,SKU138,WH005,606,575,2025-04-06,2025-04-12,Closed,2.04
PO002091,2025-07-03,SUP012,SKU044,WH004,780,777,2025-07-12,2025-07-11,Closed,5.88
PO002092,2025-10-13,SUP016,SKU026,WH002,734,733,2025-10-20,2025-10-20,Closed,11.19
PO002093,2025-07-16,SUP024,SKU012,WH001,1479,1288,2025-08-01,2025-07-31,Closed,11.08
PO002094,2025-10-02,SUP005,SKU013,WH005,528,515,2025-10-09,2025-10-09,Closed,7.59
PO002095,2025-08-13,SUP015,SKU088,WH001,1169,355,2025-08-31,,Open,6.94
PO002096,2025-02-11,SUP012,SKU098,WH004,609,557,2025-03-05,2025-03-04,Closed,6.95
PO002097,2025-03-03,SUP021,SKU021,WH001,611,553,2025-03-08,2025-03-08,Closed,5.64
PO002098,2025-11-18,SUP021,SKU078,WH002,1232,1052,2025-12-04,2025-12-06,Closed,4.52
PO002099,2025-03-26,SUP016,SKU067,WH002,772,667,2025-04-11,2025-04-18,Closed,3.61
PO002100,2025-09-08,SUP015,SKU088,WH005,155,148,2025-09-26,2025-09-25,Closed,6.94
PO002101,2025-04-09,SUP006,SKU023,WH004,1282,1277,2025-04-29,2025-04-29,Closed,8.04
PO002102,2025-01-30,SUP004,SKU076,WH002,1188,1069,2025-02-04,2025-02-04,Closed,3.8
PO002103,2025-12-13,SUP016,SKU045,WH001,1462,310,2025-12-19,,Open,3.07
PO002104,2025-01-25,SUP022,SKU118,WH002,718,138,2025-02-18,,Open,8.37
PO002105,2025-10-29,SUP016,SKU141,WH004,1218,1204,2025-11-11,2025-11-11,Closed,6.49
PO002106,2025-11-11,SUP017,SKU055,WH003,379,324,2025-12-06,2025-12-05,Closed,11.32
PO002107,2025-09-02,SUP024,SKU035,WH004,697,601,2025-09-09,2025-09-08,Closed,11.5
PO002108,2025-11-03,SUP006,SKU042,WH004,1117,1107,2025-11-19,2025-11-19,Closed,6.84
PO002109,2025-08-27,SUP017,SKU066,WH005,1289,1174,2025-09-13,2025-09-13,Late,8.21
PO002110,2025-06-10,SUP019,SKU051,WH001,1136,1029,2025-06-17,2025-06-16,Late,9.85
PO002111,2025-04-05,SUP006,SKU042,WH003,679,610,2025-04-21,2025-04-20,Closed,6.84
PO002112,2025-04-11,SUP015,SKU088,WH005,1031,893,2025-04-29,2025-04-27,Closed,6.94
PO002113,2025-05-27,SUP012,SKU061,WH002,1278,1147,2025-06-15,2025-06-15,Closed,7.1
PO002114,2025-04-07,SUP024,SKU093,WH003,461,410,2025-04-27,2025-05-04,Closed,3.63
PO002115,2025-10-22,SUP007,SKU146,WH001,954,901,2025-11-13,2025-11-16,Closed,1.2
PO002116,2025-08-29,SUP025,SKU004,WH003,565,548,2025-09-21,2025-09-19,Closed,6.13
PO002117,2025-04-01,SUP003,SKU101,WH001,1072,971,2025-04-13,2025-04-13,Closed,11.21
PO002118,2025-07-29,SUP007,SKU024,WH003,561,552,2025-08-21,2025-08-20,Closed,7.58
PO002119,2025-07-21,SUP018,SKU072,WH005,344,336,2025-07-27,2025-07-27,Late,9.04
PO002120,2025-08-10,SUP013,SKU014,WH005,1214,1074,2025-08-23,2025-08-21,Closed,9.53
PO002121,2025-01-29,SUP007,SKU015,WH002,1471,1391,2025-02-06,2025-02-04,Late,10.87
PO002122,2025-05-04,SUP004,SKU144,WH003,939,846,2025-05-16,2025-05-14,Closed,2.03
PO002123,2025-11-12,SUP017,SKU068,WH002,92,91,2025-12-05,2025-12-05,Closed,11.13
PO002124,2025-11-19,SUP024,SKU031,WH003,499,428,2025-12-07,2025-12-06,Closed,3.1
PO002125,2025-01-23,SUP003,SKU030,WH003,1141,298,2025-02-10,,Open,11.72
PO002126,2025-08-31,SUP005,SKU062,WH005,529,452,2025-09-12,2025-09-14,Closed,10.26
PO002127,2025-03-25,SUP016,SKU038,WH004,1203,1197,2025-04-15,2025-04-15,Closed,6.8
PO002128,2025-12-28,SUP016,SKU029,WH002,298,286,2026-01-09,2026-01-07,Closed,11.3
PO002129,2025-02-20,SUP016,SKU029,WH003,1302,1200,2025-03-04,2025-03-04,Closed,11.3
PO002130,2025-05-02,SUP006,SKU032,WH002,1130,1121,2025-05-25,2025-05-23,Closed,4.53
PO002131,2025-01-08,SUP015,SKU123,WH002,89,78,2025-01-15,2025-01-13,Closed,10.56
PO002132,2025-09-21,SUP001,SKU092,WH003,701,671,2025-09-27,2025-10-04,Closed,4.26
PO002133,2025-03-23,SUP004,SKU134,WH005,391,367,2025-04-17,2025-04-15,Closed,2.09
PO002134,2025-03-31,SUP017,SKU034,WH003,981,872,2025-04-08,2025-04-08,Closed,3.69
PO002135,2025-04-22,SUP014,SKU005,WH002,122,106,2025-05-03,2025-05-01,Closed,7.76
PO002136,2025-08-03,SUP010,SKU147,WH001,1085,971,2025-08-28,2025-08-27,Closed,9.49
PO002137,2025-05-17,SUP018,SKU079,WH003,275,264,2025-05-23,2025-05-23,Closed,3.5
PO002138,2025-04-15,SUP017,SKU050,WH002,94,88,2025-05-05,2025-05-10,Closed,7.03
PO002139,2025-05-20,SUP025,SKU102,WH001,635,565,2025-05-28,2025-05-28,Closed,10.0
PO002140,2025-12-28,SUP011,SKU099,WH005,413,369,2026-01-06,2026-01-04,Closed,8.59
PO002141,2025-01-03,SUP023,SKU089,WH001,425,386,2025-01-13,2025-01-12,Closed,1.53
PO002142,2025-12-02,SUP006,SKU127,WH002,1019,902,2025-12-18,2025-12-18,Closed,10.11
PO002143,2025-04-04,SUP017,SKU020,WH002,228,223,2025-04-13,2025-04-12,Closed,8.72
PO002144,2025-01-21,SUP002,SKU085,WH002,1101,970,2025-02-03,2025-02-01,Closed,2.16
PO002145,2025-09-04,SUP015,SKU037,WH003,489,1,2025-09-11,,Open,3.03
PO002146,2025-05-01,SUP024,SKU035,WH003,317,279,2025-05-08,2025-05-06,Closed,11.5
PO002147,2025-07-30,SUP007,SKU024,WH001,488,425,2025-08-22,2025-08-22,Closed,7.58
PO002148,2025-06-06,SUP013,SKU014,WH005,877,852,2025-06-19,2025-06-17,Closed,9.53
PO002149,2025-09-16,SUP020,SKU081,WH003,1010,994,2025-10-07,2025-10-06,Closed,9.8
PO002150,2025-06-30,SUP025,SKU132,WH001,100,98,2025-07-25,2025-08-02,Closed,8.24
PO002151,2025-02-28,SUP015,SKU037,WH005,944,871,2025-03-07,2025-03-06,Closed,3.03
PO002152,2025-06-02,SUP005,SKU060,WH004,1333,1272,2025-06-19,2025-06-17,Closed,9.75
PO002153,2025-05-01,SUP015,SKU087,WH002,692,636,2025-05-22,2025-05-29,Closed,4.19
PO002154,2025-05-16,SUP019,SKU051,WH002,1402,6,2025-05-23,,Open,9.85
PO002155,2025-09-20,SUP013,SKU052,WH002,1189,280,2025-10-02,,Open,7.96
PO002156,2025-05-19,SUP014,SKU058,WH003,750,660,2025-06-01,2025-06-04,Closed,5.4
PO002157,2025-07-11,SUP002,SKU094,WH004,785,202,2025-07-20,,Open,1.76
PO002158,2025-10-22,SUP016,SKU141,WH004,182,178,2025-11-04,2025-11-03,Closed,6.49
PO002159,2025-03-16,SUP008,SKU053,WH003,909,882,2025-04-07,2025-04-07,Closed,5.27
PO002160,2025-07-19,SUP016,SKU026,WH002,613,592,2025-07-26,2025-07-26,Closed,11.19
PO002161,2025-08-30,SUP015,SKU120,WH005,931,227,2025-09-21,,Open,6.3
PO002162,2025-10-21,SUP015,SKU088,WH002,1021,887,2025-11-08,2025-11-06,Closed,6.94
PO002163,2025-10-21,SUP002,SKU094,WH001,57,55,2025-10-30,2025-10-29,Closed,1.76
PO002164,2025-12-03,SUP019,SKU043,WH004,1092,1023,2025-12-27,2025-12-26,Closed,7.04
PO002165,2025-06-23,SUP025,SKU132,WH005,1060,1012,2025-07-18,2025-07-17,Closed,8.24
PO002166,2025-02-08,SUP025,SKU009,WH002,799,773,2025-02-25,2025-03-04,Closed,11.58
PO002167,2025-08-01,SUP017,SKU066,WH003,1041,918,2025-08-18,2025-08-18,Closed,8.21
PO002168,2025-05-20,SUP001,SKU048,WH005,1384,1184,2025-06-09,2025-06-09,Closed,6.32
PO002169,2025-07-01,SUP020,SKU019,WH004,146,132,2025-07-14,2025-07-12,Closed,3.02
PO002170,2025-03-25,SUP021,SKU021,WH003,1431,1302,2025-03-30,2025-03-28,Closed,5.64
PO002171,2025-03-16,SUP023,SKU001,WH002,450,58,2025-04-10,,Open,3.18
PO002172,2025-09-16,SUP006,SKU002,WH005,1205,1132,2025-09-23,2025-09-21,Closed,10.55
PO002173,2025-01-13,SUP006,SKU127,WH005,952,121,2025-01-29,,Open,10.11
PO002174,2025-01-04,SUP014,SKU006,WH003,1150,1086,2025-01-28,2025-01-27,Closed,4.49
PO002175,2025-07-23,SUP024,SKU124,WH005,1369,1168,2025-08-04,2025-08-10,Closed,10.78
PO002176,2025-10-01,SUP002,SKU040,WH003,338,317,2025-10-19,2025-10-22,Closed,1.97
PO002177,2025-07-15,SUP025,SKU073,WH004,253,249,2025-07-20,2025-07-19,Closed,2.98
PO002178,2025-02-02,SUP022,SKU113,WH001,429,416,2025-02-11,2025-02-10,Closed,11.04
PO002179,2025-09-17,SUP014,SKU006,WH003,939,808,2025-10-11,2025-10-11,Closed,4.49
PO002180,2025-03-10,SUP013,SKU057,WH004,242,223,2025-04-03,2025-04-03,Closed,2.31
PO002181,2025-09-18,SUP013,SKU052,WH005,145,140,2025-09-30,2025-09-30,Closed,7.96
PO002182,2025-05-02,SUP023,SKU027,WH003,1079,1038,2025-05-18,2025-05-18,Closed,3.81
PO002183,2025-02-07,SUP015,SKU033,WH003,1105,982,2025-02-13,2025-02-12,Closed,10.83
PO002184,2025-07-30,SUP015,SKU123,WH001,1111,1002,2025-08-06,2025-08-11,Closed,10.56
PO002185,2025-09-18,SUP025,SKU073,WH003,69,60,2025-09-23,2025-10-01,Late,2.98
PO002186,2025-01-05,SUP022,SKU116,WH005,1074,1067,2025-01-26,2025-01-24,Closed,4.95
PO002187,2025-08-10,SUP007,SKU104,WH003,1111,1096,2025-09-04,2025-09-04,Closed,5.43
PO002188,2025-06-01,SUP005,SKU060,WH005,863,786,2025-06-18,2025-06-16,Closed,9.75
PO002189,2025-08-19,SUP019,SKU018,WH004,1126,1119,2025-08-31,2025-09-07,Closed,10.5
PO002190,2025-03-01,SUP024,SKU093,WH002,237,213,2025-03-21,2025-03-19,Closed,3.63
PO002191,2025-01-21,SUP013,SKU130,WH001,1333,1315,2025-02-05,2025-02-12,Closed,5.55
PO002192,2025-01-04,SUP025,SKU132,WH003,612,583,2025-01-29,2025-02-03,Closed,8.24
PO002193,2025-01-20,SUP024,SKU107,WH004,1397,1301,2025-01-30,2025-02-01,Closed,6.54
PO002194,2025-02-02,SUP020,SKU081,WH005,1367,1361,2025-02-23,2025-02-21,Closed,9.8
PO002195,2025-06-11,SUP003,SKU083,WH003,285,275,2025-07-01,2025-07-01,Closed,2.58
PO002196,2025-11-14,SUP025,SKU073,WH001,590,502,2025-11-19,2025-11-19,Closed,2.98
PO002197,2025-08-01,SUP022,SKU133,WH002,214,193,2025-08-12,2025-08-12,Closed,7.69
PO002198,2025-05-10,SUP006,SKU071,WH002,1205,1161,2025-05-15,2025-05-15,Closed,8.74
PO002199,2025-06-18,SUP006,SKU032,WH004,1398,1236,2025-07-11,2025-07-10,Closed,4.53
PO002200,2025-02-20,SUP019,SKU018,WH002,519,478,2025-03-04,2025-03-02,Closed,10.5
PO002201,2025-11-16,SUP005,SKU070,WH001,345,339,2025-11-28,2025-11-26,Closed,4.2
PO002202,2025-02-05,SUP017,SKU066,WH002,1356,1213,2025-02-22,2025-02-22,Late,8.21
PO002203,2025-02-02,SUP015,SKU088,WH002,709,646,2025-02-20,2025-02-20,Closed,6.94
PO002204,2025-01-19,SUP012,SKU016,WH004,912,790,2025-02-05,2025-02-04,Closed,2.94
PO002205,2025-06-03,SUP011,SKU099,WH001,917,891,2025-06-12,2025-06-14,Closed,8.59
PO002206,2025-07-22,SUP001,SKU122,WH003,480,419,2025-08-05,2025-08-03,Closed,11.42
PO002207,2025-06-20,SUP024,SKU028,WH005,434,369,2025-06-27,2025-07-04,Closed,4.97
PO002208,2025-03-16,SUP008,SKU053,WH002,1059,1049,2025-04-07,2025-04-05,Closed,5.27
PO002209,2025-02-16,SUP017,SKU119,WH004,1110,1086,2025-02-21,2025-02-19,Late,11.97
PO002210,2025-02-01,SUP014,SKU047,WH001,396,349,2025-02-19,2025-02-18,Closed,5.04
PO002211,2025-12-18,SUP007,SKU011,WH003,173,156,2025-12-25,2025-12-25,Closed,10.01
PO002212,2025-03-28,SUP006,SKU023,WH005,182,174,2025-04-17,2025-04-17,Closed,8.04
PO002213,2025-02-09,SUP015,SKU120,WH003,1142,1057,2025-03-03,2025-03-03,Closed,6.3
PO002214,2025-06-05,SUP012,SKU061,WH003,735,645,2025-06-24,2025-06-26,Closed,7.1
PO002215,2025-06-12,SUP019,SKU018,WH003,1339,1293,2025-06-24,2025-06-24,Closed,10.5
PO002216,2025-06-29,SUP025,SKU004,WH004,683,646,2025-07-22,2025-07-22,Closed,6.13
PO002217,2025-02-21,SUP005,SKU060,WH001,1041,908,2025-03-10,2025-03-10,Closed,9.75
PO002218,2025-07-25,SUP025,SKU017,WH004,334,1,2025-08-05,,Open,10.74
PO002219,2025-08-14,SUP016,SKU038,WH001,1443,1288,2025-09-04,2025-09-04,Closed,6.8
PO002220,2025-02-18,SUP006,SKU115,WH002,193,14,2025-03-14,,Open,7.72
PO002221,2025-07-15,SUP005,SKU062,WH001,461,413,2025-07-27,2025-07-27,Closed,10.26
PO002222,2025-01-01,SUP004,SKU134,WH002,412,396,2025-01-26,2025-01-29,Closed,2.09
PO002223,2025-03-03,SUP016,SKU141,WH001,827,719,2025-03-16,2025-03-14,Closed,6.49
PO002224,2025-12-21,SUP016,SKU067,WH005,1128,121,2026-01-06,,Open,3.61
PO002225,2025-06-02,SUP005,SKU070,WH005,188,176,2025-06-14,2025-06-12,Closed,4.2
PO002226,2025-11-10,SUP015,SKU123,WH002,1333,1311,2025-11-17,2025-11-17,Closed,10.56
PO002227,2025-06-21,SUP023,SKU056,WH005,188,183,2025-06-30,2025-07-06,Closed,3.9
PO002228,2025-10-31,SUP024,SKU111,WH004,1306,1262,2025-11-15,2025-11-18,Closed,3.96
PO002229,2025-02-26,SUP016,SKU026,WH003,329,322,2025-03-05,2025-03-04,Closed,11.19
PO002230,2025-11-05,SUP005,SKU070,WH001,1468,1402,2025-11-17,2025-11-16,Closed,4.2
PO002231,2025-11-03,SUP005,SKU070,WH003,65,58,2025-11-15,2025-11-13,Closed,4.2
PO002232,2025-11-14,SUP019,SKU082,WH002,417,367,2025-11-29,2025-11-29,Closed,7.9
PO002233,2025-03-29,SUP022,SKU133,WH004,535,531,2025-04-09,2025-04-07,Closed,7.69
PO002234,2025-11-29,SUP015,SKU087,WH004,1451,1283,2025-12-20,2025-12-19,Closed,4.19
PO002235,2025-01-11,SUP022,SKU140,WH002,502,477,2025-02-05,2025-02-10,Closed,11.55
PO002236,2025-05-30,SUP017,SKU055,WH003,655,20,2025-06-24,,Open,11.32
PO002237,2025-06-24,SUP025,SKU132,WH003,573,525,2025-07-19,2025-07-19,Closed,8.24
PO002238,2025-11-15,SUP025,SKU073,WH002,1398,1372,2025-11-20,2025-11-18,Closed,2.98
PO002239,2025-01-21,SUP012,SKU044,WH001,285,284,2025-01-30,2025-01-30,Closed,5.88
PO002240,2025-05-30,SUP019,SKU080,WH003,754,752,2025-06-09,2025-06-07,Closed,10.96
PO002241,2025-02-23,SUP018,SKU079,WH002,122,105,2025-03-01,2025-02-28,Closed,3.5
PO002242,2025-03-27,SUP023,SKU056,WH005,464,451,2025-04-05,2025-04-03,Closed,3.9
PO002243,2025-03-19,SUP011,SKU099,WH002,1065,169,2025-03-28,,Open,8.59
PO002244,2025-07-19,SUP008,SKU121,WH004,608,540,2025-07-29,2025-07-27,Closed,6.97
PO002245,2025-04-03,SUP016,SKU038,WH003,380,366,2025-04-24,2025-04-24,Closed,6.8
PO002246,2025-05-26,SUP013,SKU014,WH004,978,941,2025-06-08,2025-06-12,Closed,9.53
PO002247,2025-04-24,SUP010,SKU003,WH005,879,775,2025-05-10,2025-05-15,Closed,7.87
PO002248,2025-08-17,SUP003,SKU101,WH004,541,540,2025-08-29,2025-08-27,Closed,11.21
PO002249,2025-04-12,SUP012,SKU098,WH004,392,346,2025-05-04,2025-05-02,Closed,6.95
PO002250,2025-05-29,SUP017,SKU119,WH004,863,254,2025-06-03,,Open,11.97
PO002251,2025-04-26,SUP020,SKU081,WH001,98,87,2025-05-17,2025-05-16,Closed,9.8
PO002252,2025-09-06,SUP019,SKU080,WH004,67,65,2025-09-16,2025-09-14,Closed,10.96
PO002253,2025-02-26,SUP015,SKU139,WH002,90,88,2025-03-12,2025-03-13,Closed,11.11
PO002254,2025-10-29,SUP008,SKU112,WH004,1079,953,2025-11-11,2025-11-10,Closed,2.85
PO002255,2025-09-09,SUP001,SKU122,WH001,260,87,2025-09-23,,Open,11.42
PO002256,2025-04-06,SUP011,SKU041,WH001,262,238,2025-04-27,2025-04-25,Closed,8.46
PO002257,2025-05-07,SUP024,SKU012,WH005,974,4,2025-05-23,,Open,11.08
PO002258,2025-09-20,SUP023,SKU046,WH003,698,646,2025-10-01,2025-10-04,Closed,4.22
PO002259,2025-04-29,SUP004,SKU144,WH005,355,335,2025-05-11,2025-05-09,Closed,2.03
PO002260,2025-05-07,SUP010,SKU064,WH005,658,653,2025-05-30,2025-05-30,Closed,9.34
PO002261,2025-01-22,SUP007,SKU015,WH002,481,473,2025-01-30,2025-01-28,Closed,10.87
PO002262,2025-12-01,SUP012,SKU044,WH002,1154,1141,2025-12-10,2025-12-08,Closed,5.88
PO002263,2025-12-16,SUP007,SKU146,WH001,1320,1268,2026-01-07,2026-01-06,Closed,1.2
PO002264,2025-03-09,SUP003,SKU083,WH001,103,102,2025-03-29,2025-03-27,Closed,2.58
PO002265,2025-10-06,SUP016,SKU045,WH004,564,148,2025-10-12,,Open,3.07
PO002266,2025-05-08,SUP003,SKU083,WH002,943,936,2025-05-28,2025-06-01,Closed,2.58
PO002267,2025-04-26,SUP020,SKU096,WH001,139,124,2025-05-06,2025-05-06,Late,4.22
PO002268,2025-03-12,SUP022,SKU113,WH003,1139,1020,2025-03-21,2025-03-19,Closed,11.04
PO002269,2025-03-01,SUP012,SKU069,WH005,474,411,2025-03-16,2025-03-14,Closed,8.73
PO002270,2025-05-09,SUP017,SKU063,WH005,969,953,2025-05-26,2025-05-24,Closed,3.72
PO002271,2025-09-19,SUP015,SKU087,WH002,229,209,2025-10-10,2025-10-17,Closed,4.19
PO002272,2025-12-15,SUP024,SKU031,WH005,255,232,2026-01-02,2025-12-31,Closed,3.1
PO002273,2025-12-25,SUP011,SKU086,WH003,1322,1161,2026-01-13,2026-01-15,Closed,4.77
PO002274,2025-04-09,SUP019,SKU049,WH002,836,824,2025-04-17,2025-04-17,Closed,1.72
PO002275,2025-07-31,SUP024,SKU128,WH003,479,444,2025-08-16,2025-08-16,Closed,10.5
PO002276,2025-03-16,SUP002,SKU085,WH003,708,655,2025-03-29,2025-03-27,Closed,2.16
PO002277,2025-11-13,SUP001,SKU048,WH001,637,557,2025-12-03,2025-12-02,Closed,6.32
PO002278,2025-01-31,SUP006,SKU032,WH001,218,194,2025-02-23,2025-02-22,Late,4.53
PO002279,2025-05-12,SUP014,SKU143,WH001,1007,918,2025-06-03,2025-06-02,Closed,11.18
PO002280,2025-11-06,SUP001,SKU105,WH004,438,378,2025-11-18,2025-11-17,Late,11.35
PO002281,2025-06-17,SUP005,SKU062,WH002,235,207,2025-06-29,2025-06-28,Closed,10.26
PO002282,2025-06-12,SUP014,SKU047,WH001,455,434,2025-06-30,2025-06-29,Closed,5.04
PO002283,2025-09-16,SUP009,SKU129,WH001,601,511,2025-10-08,2025-10-10,Closed,6.29
PO002284,2025-09-09,SUP022,SKU117,WH003,353,300,2025-09-14,2025-09-14,Closed,2.99
PO002285,2025-04-17,SUP022,SKU117,WH001,290,272,2025-04-22,2025-04-21,Closed,2.99
PO002286,2025-01-04,SUP012,SKU069,WH005,883,822,2025-01-19,2025-01-19,Closed,8.73
PO002287,2025-11-06,SUP017,SKU020,WH004,775,773,2025-11-15,2025-11-13,Closed,8.72
PO002288,2025-01-23,SUP002,SKU136,WH002,1006,958,2025-02-15,2025-02-13,Closed,4.12
PO002289,2025-03-24,SUP022,SKU140,WH002,786,67,2025-04-18,,Open,11.55
PO002290,2025-11-09,SUP014,SKU143,WH002,905,871,2025-12-01,2025-11-29,Closed,11.18
PO002291,2025-06-26,SUP019,SKU051,WH004,662,649,2025-07-03,2025-07-02,Late,9.85
PO002292,2025-12-20,SUP017,SKU119,WH003,199,177,2025-12-25,2025-12-24,Closed,11.97
PO002293,2025-01-31,SUP024,SKU124,WH001,1090,972,2025-02-12,2025-02-10,Closed,10.78
PO002294,2025-08-18,SUP025,SKU017,WH001,695,648,2025-08-29,2025-08-28,Closed,10.74
PO002295,2025-08-04,SUP007,SKU015,WH003,923,871,2025-08-12,2025-08-11,Closed,10.87
PO002296,2025-05-06,SUP014,SKU058,WH001,1446,1286,2025-05-19,2025-05-19,Closed,5.4
PO002297,2025-04-26,SUP024,SKU031,WH004,1473,1441,2025-05-14,2025-05-13,Closed,3.1
PO002298,2025-08-25,SUP007,SKU146,WH002,363,344,2025-09-16,2025-09-14,Closed,1.2
PO002299,2025-12-31,SUP015,SKU088,WH003,1492,1491,2026-01-18,2026-01-17,Closed,6.94
PO002300,2025-08-19,SUP002,SKU108,WH004,727,698,2025-09-07,2025-09-06,Closed,9.81
PO002301,2025-11-19,SUP007,SKU024,WH002,169,153,2025-12-12,2025-12-12,Closed,7.58
PO002302,2025-11-04,SUP019,SKU043,WH005,1327,1280,2025-11-28,2025-11-27,Closed,7.04
PO002303,2025-11-01,SUP022,SKU140,WH002,1141,1007,2025-11-26,2025-11-26,Closed,11.55
PO002304,2025-09-11,SUP025,SKU132,WH002,297,31,2025-10-06,,Open,8.24
PO002305,2025-12-24,SUP015,SKU123,WH004,113,37,2025-12-31,,Open,10.56
PO002306,2025-04-18,SUP018,SKU079,WH003,912,898,2025-04-24,2025-04-23,Closed,3.5
PO002307,2025-08-04,SUP014,SKU047,WH001,827,795,2025-08-22,2025-08-21,Closed,5.04
PO002308,2025-01-14,SUP017,SKU050,WH002,1487,1484,2025-02-03,2025-02-01,Closed,7.03
PO002309,2025-12-31,SUP006,SKU115,WH005,488,457,2026-01-24,2026-01-24,Closed,7.72
PO002310,2025-11-02,SUP015,SKU123,WH003,1398,297,2025-11-09,,Open,10.56
PO002311,2025-02-10,SUP003,SKU083,WH002,739,632,2025-03-02,2025-02-28,Closed,2.58
PO002312,2025-08-08,SUP022,SKU133,WH004,945,857,2025-08-19,2025-08-18,Closed,7.69
PO002313,2025-12-13,SUP010,SKU064,WH002,432,411,2026-01-05,2026-01-03,Closed,9.34
PO002314,2025-02-15,SUP023,SKU089,WH001,615,599,2025-02-25,2025-03-02,Closed,1.53
PO002315,2025-06-01,SUP021,SKU054,WH004,878,864,2025-06-24,2025-06-23,Closed,8.56
PO002316,2025-11-11,SUP002,SKU085,WH005,1201,1053,2025-11-24,2025-11-22,Closed,2.16
PO002317,2025-07-02,SUP015,SKU037,WH003,1347,1314,2025-07-09,2025-07-07,Closed,3.03
PO002318,2025-01-08,SUP009,SKU129,WH003,1131,963,2025-01-30,2025-02-05,Closed,6.29
PO002319,2025-02-26,SUP019,SKU051,WH003,140,127,2025-03-05,2025-03-13,Closed,9.85
PO002320,2025-11-09,SUP023,SKU027,WH004,277,266,2025-11-25,2025-11-23,Closed,3.81
PO002321,2025-09-14,SUP004,SKU144,WH003,740,694,2025-09-26,2025-09-26,Late,2.03
PO002322,2025-08-28,SUP016,SKU026,WH004,1149,1050,2025-09-04,2025-09-04,Closed,11.19
PO002323,2025-05-03,SUP006,SKU032,WH001,925,826,2025-05-26,2025-05-26,Late,4.53
PO002324,2025-12-19,SUP011,SKU086,WH002,1180,1158,2026-01-07,2026-01-05,Closed,4.77
PO002325,2025-04-30,SUP011,SKU086,WH004,1162,1030,2025-05-19,2025-05-27,Closed,4.77
PO002326,2025-06-11,SUP012,SKU044,WH002,157,144,2025-06-20,2025-06-18,Closed,5.88
PO002327,2025-03-28,SUP015,SKU120,WH004,938,825,2025-04-19,2025-04-19,Closed,6.3
PO002328,2025-08-25,SUP008,SKU121,WH001,1404,1350,2025-09-04,2025-09-03,Closed,6.97
PO002329,2025-08-25,SUP021,SKU059,WH004,695,613,2025-09-03,2025-09-01,Closed,6.52
PO002330,2025-03-29,SUP008,SKU121,WH001,957,868,2025-04-08,2025-04-08,Closed,6.97
PO002331,2025-10-22,SUP024,SKU111,WH005,1034,972,2025-11-06,2025-11-05,Closed,3.96
PO002332,2025-03-11,SUP017,SKU063,WH005,1377,1313,2025-03-28,2025-04-04,Closed,3.72
PO002333,2025-12-26,SUP020,SKU114,WH004,288,284,2026-01-07,2026-01-12,Late,10.59
PO002334,2025-04-29,SUP024,SKU012,WH002,894,216,2025-05-15,,Open,11.08
PO002335,2025-10-13,SUP017,SKU066,WH003,723,707,2025-10-30,2025-10-28,Closed,8.21
PO002336,2025-11-28,SUP006,SKU071,WH002,227,225,2025-12-03,2025-12-02,Closed,8.74
PO002337,2025-06-21,SUP024,SKU028,WH005,799,791,2025-06-28,2025-06-27,Late,4.97
PO002338,2025-12-15,SUP003,SKU083,WH003,488,452,2026-01-04,2026-01-02,Closed,2.58
PO002339,2025-06-08,SUP002,SKU136,WH001,718,619,2025-07-01,2025-07-01,Closed,4.12
PO002340,2025-01-04,SUP003,SKU083,WH001,1075,1040,2025-01-24,2025-01-23,Closed,2.58
PO002341,2025-11-19,SUP018,SKU148,WH002,453,414,2025-12-10,2025-12-09,Closed,5.75
PO002342,2025-11-23,SUP023,SKU089,WH001,1103,989,2025-12-03,2025-12-02,Closed,1.53
PO002343,2025-06-03,SUP001,SKU122,WH005,307,281,2025-06-17,2025-06-16,Closed,11.42
PO002344,2025-05-17,SUP007,SKU146,WH004,955,869,2025-06-08,2025-06-06,Closed,1.2
PO002345,2025-02-05,SUP017,SKU063,WH003,1440,1274,2025-02-22,2025-02-20,Closed,3.72
PO002346,2025-04-14,SUP023,SKU008,WH002,1493,1481,2025-04-28,2025-05-02,Closed,10.3
PO002347,2025-03-06,SUP024,SKU150,WH005,343,315,2025-03-21,2025-03-21,Closed,11.46
PO002348,2025-10-22,SUP017,SKU034,WH003,59,57,2025-10-30,2025-10-28,Closed,3.69
PO002349,2025-09-08,SUP006,SKU115,WH004,1020,912,2025-10-02,2025-09-30,Closed,7.72
PO002350,2025-04-19,SUP012,SKU044,WH005,1447,1402,2025-04-28,2025-05-06,Late,5.88
PO002351,2025-12-03,SUP021,SKU021,WH002,818,165,2025-12-08,,Open,5.64
PO002352,2025-05-13,SUP019,SKU049,WH001,732,673,2025-05-21,2025-05-20,Closed,1.72
PO002353,2025-08-04,SUP021,SKU078,WH005,141,2,2025-08-20,,Open,4.52
PO002354,2025-09-11,SUP022,SKU007,WH001,126,123,2025-09-21,2025-09-20,Closed,8.36
PO002355,2025-04-28,SUP024,SKU128,WH003,724,695,2025-05-14,2025-05-14,Late,10.5
PO002356,2025-09-13,SUP024,SKU022,WH001,473,429,2025-09-21,2025-09-20,Closed,11.85
PO002357,2025-04-28,SUP016,SKU038,WH002,202,177,2025-05-19,2025-05-21,Closed,6.8
PO002358,2025-12-12,SUP010,SKU075,WH003,837,757,2025-12-21,2025-12-20,Closed,9.3
PO002359,2025-10-04,SUP007,SKU104,WH005,1257,1245,2025-10-29,2025-10-27,Closed,5.43
PO002360,2025-09-15,SUP017,SKU050,WH003,991,863,2025-10-05,2025-10-03,Closed,7.03
PO002361,2025-03-12,SUP002,SKU095,WH005,658,585,2025-04-02,2025-04-10,Closed,10.55
PO002362,2025-09-19,SUP021,SKU036,WH003,228,215,2025-09-24,2025-09-23,Closed,7.17
PO002363,2025-08-09,SUP020,SKU126,WH002,268,244,2025-08-31,2025-08-29,Closed,2.53
PO002364,2025-11-18,SUP015,SKU088,WH003,435,379,2025-12-06,2025-12-04,Closed,6.94
PO002365,2025-09-17,SUP007,SKU146,WH005,333,297,2025-10-09,2025-10-16,Closed,1.2
PO002366,2025-09-05,SUP022,SKU133,WH001,1152,1082,2025-09-16,2025-09-14,Closed,7.69
PO002367,2025-01-22,SUP014,SKU058,WH001,877,843,2025-02-04,2025-02-03,Closed,5.4
PO002368,2025-01-02,SUP015,SKU033,WH003,1418,1320,2025-01-08,2025-01-07,Closed,10.83
PO002369,2025-02-01,SUP024,SKU035,WH005,1301,1278,2025-02-08,2025-02-08,Closed,11.5
PO002370,2025-11-04,SUP001,SKU048,WH002,149,143,2025-11-24,2025-11-22,Closed,6.32
PO002371,2025-05-13,SUP002,SKU094,WH005,474,411,2025-05-22,2025-05-21,Closed,1.76
PO002372,2025-03-07,SUP020,SKU090,WH004,76,67,2025-03-23,2025-03-22,Closed,7.29
PO002373,2025-01-25,SUP023,SKU027,WH004,1024,1021,2025-02-10,2025-02-09,Closed,3.81
PO002374,2025-03-30,SUP024,SKU107,WH002,463,62,2025-04-09,,Open,6.54
PO002375,2025-03-07,SUP013,SKU039,WH002,717,641,2025-03-24,2025-03-23,Closed,9.94
PO002376,2025-02-15,SUP008,SKU065,WH005,575,548,2025-03-04,2025-03-11,Closed,2.4
PO002377,2025-05-06,SUP014,SKU047,WH005,482,476,2025-05-24,2025-05-24,Closed,5.04
PO002378,2025-07-05,SUP022,SKU140,WH003,259,231,2025-07-30,2025-07-30,Closed,11.55
PO002379,2025-06-25,SUP005,SKU013,WH002,1271,1223,2025-07-02,2025-07-01,Closed,7.59
PO002380,2025-06-19,SUP021,SKU054,WH004,260,257,2025-07-12,2025-07-12,Closed,8.56
PO002381,2025-11-28,SUP012,SKU044,WH002,835,827,2025-12-07,2025-12-06,Closed,5.88
PO002382,2025-04-26,SUP022,SKU113,WH001,1063,1054,2025-05-05,2025-05-03,Closed,11.04
PO002383,2025-05-08,SUP024,SKU093,WH004,462,408,2025-05-28,2025-05-28,Late,3.63
PO002384,2025-07-05,SUP005,SKU062,WH004,790,733,2025-07-17,2025-07-16,Closed,10.26
PO002385,2025-04-01,SUP015,SKU088,WH003,446,388,2025-04-19,2025-04-19,Closed,6.94
PO002386,2025-08-30,SUP020,SKU114,WH004,591,575,2025-09-11,2025-09-18,Closed,10.59
PO002387,2025-03-29,SUP011,SKU041,WH001,813,755,2025-04-19,2025-04-17,Closed,8.46
PO002388,2025-01-15,SUP019,SKU080,WH005,311,290,2025-01-25,2025-01-24,Closed,10.96
PO002389,2025-04-28,SUP014,SKU143,WH001,1154,1148,2025-05-20,2025-05-18,Closed,11.18
PO002390,2025-02-05,SUP025,SKU017,WH005,407,369,2025-02-16,2025-02-14,Closed,10.74
PO002391,2025-04-10,SUP023,SKU027,WH004,1363,1292,2025-04-26,2025-04-24,Closed,3.81
PO002392,2025-03-11,SUP025,SKU025,WH001,494,464,2025-04-02,2025-04-01,Closed,8.66
PO002393,2025-09-12,SUP007,SKU146,WH002,161,149,2025-10-04,2025-10-02,Closed,1.2
PO002394,2025-09-16,SUP012,SKU091,WH003,96,0,2025-10-05,,Open,9.72
PO002395,2025-07-12,SUP016,SKU067,WH004,812,761,2025-07-28,2025-07-27,Closed,3.61
PO002396,2025-08-07,SUP020,SKU019,WH002,1202,1196,2025-08-20,2025-08-20,Closed,3.02
PO002397,2025-01-26,SUP001,SKU048,WH005,1426,1350,2025-02-15,2025-02-14,Late,6.32
PO002398,2025-05-05,SUP010,SKU075,WH001,1185,1008,2025-05-14,2025-05-13,Closed,9.3
PO002399,2025-08-02,SUP024,SKU093,WH004,691,600,2025-08-22,2025-08-21,Closed,3.63
PO002400,2025-04-30,SUP024,SKU111,WH002,843,800,2025-05-15,2025-05-15,Closed,3.96
PO002401,2025-06-21,SUP012,SKU100,WH004,740,716,2025-07-07,2025-07-05,Closed,2.35
PO002402,2025-08-23,SUP002,SKU131,WH001,987,862,2025-09-17,2025-09-15,Closed,8.58
PO002403,2025-06-09,SUP008,SKU112,WH003,854,837,2025-06-22,2025-06-22,Closed,2.85
PO002404,2025-12-31,SUP006,SKU115,WH004,740,631,2026-01-24,2026-01-24,Closed,7.72
PO002405,2025-09-08,SUP019,SKU051,WH001,671,641,2025-09-15,2025-09-13,Closed,9.85
PO002406,2025-10-13,SUP023,SKU089,WH004,737,731,2025-10-23,2025-10-24,Closed,1.53
PO002407,2025-07-11,SUP014,SKU058,WH005,794,728,2025-07-24,2025-07-24,Closed,5.4
PO002408,2025-12-08,SUP024,SKU035,WH005,371,339,2025-12-15,2025-12-14,Closed,11.5
PO002409,2025-12-01,SUP010,SKU084,WH004,964,836,2025-12-24,2025-12-23,Closed,8.41
PO002410,2025-06-08,SUP012,SKU044,WH001,484,480,2025-06-17,2025-06-16,Closed,5.88
PO002411,2025-02-20,SUP006,SKU071,WH001,773,78,2025-02-25,,Open,8.74
PO002412,2025-10-07,SUP024,SKU031,WH004,664,650,2025-10-25,2025-10-25,Closed,3.1
PO002413,2025-06-12,SUP006,SKU115,WH003,1118,1041,2025-07-06,2025-07-05,Closed,7.72
PO002414,2025-11-27,SUP004,SKU076,WH004,835,826,2025-12-02,2025-12-06,Closed,3.8
PO002415,2025-01-20,SUP001,SKU048,WH004,543,30,2025-02-09,,Open,6.32
PO002416,2025-03-11,SUP021,SKU054,WH001,342,334,2025-04-03,2025-04-01,Closed,8.56
PO002417,2025-04-15,SUP016,SKU038,WH005,1457,1263,2025-05-06,2025-05-13,Closed,6.8
PO002418,2025-09-07,SUP025,SKU009,WH001,184,175,2025-09-24,2025-10-01,Closed,11.58
PO002419,2025-05-20,SUP014,SKU006,WH003,418,384,2025-06-13,2025-06-12,Closed,4.49
PO002420,2025-06-21,SUP002,SKU095,WH004,235,222,2025-07-12,2025-07-13,Closed,10.55
PO002421,2025-03-16,SUP024,SKU028,WH003,918,904,2025-03-23,2025-03-23,Closed,4.97
PO002422,2025-08-22,SUP024,SKU028,WH005,1387,1193,2025-08-29,2025-08-28,Closed,4.97
PO002423,2025-08-21,SUP021,SKU054,WH005,329,314,2025-09-13,2025-09-13,Closed,8.56
PO002424,2025-11-30,SUP017,SKU063,WH003,707,700,2025-12-17,2025-12-17,Closed,3.72
PO002425,2025-04-19,SUP011,SKU097,WH001,259,253,2025-05-07,2025-05-06,Closed,6.92
PO002426,2025-08-12,SUP015,SKU120,WH005,1195,1151,2025-09-03,2025-09-03,Closed,6.3
PO002427,2025-09-22,SUP024,SKU010,WH005,470,417,2025-09-27,2025-10-05,Closed,2.72
PO002428,2025-03-17,SUP010,SKU147,WH002,705,682,2025-04-11,2025-04-11,Closed,9.49
PO002429,2025-09-04,SUP002,SKU095,WH005,332,308,2025-09-25,2025-09-24,Closed,10.55
PO002430,2025-05-26,SUP015,SKU033,WH002,217,191,2025-06-01,2025-05-30,Closed,10.83
PO002431,2025-12-30,SUP012,SKU100,WH001,439,382,2026-01-15,2026-01-14,Closed,2.35
PO002432,2025-03-06,SUP021,SKU021,WH004,673,645,2025-03-11,2025-03-14,Closed,5.64
PO002433,2025-07-27,SUP025,SKU004,WH001,1344,1317,2025-08-19,2025-08-19,Closed,6.13
PO002434,2025-09-14,SUP022,SKU140,WH002,466,109,2025-10-09,,Open,11.55
PO002435,2025-10-13,SUP023,SKU089,WH002,65,58,2025-10-23,2025-10-23,Closed,1.53
PO002436,2025-03-01,SUP005,SKU062,WH004,489,430,2025-03-13,2025-03-13,Closed,10.26
PO002437,2025-07-12,SUP024,SKU035,WH002,1264,1142,2025-07-19,2025-07-26,Closed,11.5
PO002438,2025-06-09,SUP023,SKU046,WH002,282,272,2025-06-20,2025-06-18,Closed,4.22
PO002439,2025-01-02,SUP012,SKU069,WH002,739,692,2025-01-17,2025-01-15,Closed,8.73
PO002440,2025-10-11,SUP003,SKU101,WH004,1075,1003,2025-10-23,2025-10-31,Closed,11.21
PO002441,2025-02-11,SUP016,SKU045,WH005,233,218,2025-02-17,2025-02-15,Closed,3.07
PO002442,2025-03-25,SUP005,SKU060,WH005,139,123,2025-04-11,2025-04-09,Closed,9.75
PO002443,2025-11-28,SUP025,SKU025,WH005,1240,1133,2025-12-20,2025-12-19,Closed,8.66
PO002444,2025-04-14,SUP017,SKU066,WH003,731,651,2025-05-01,2025-04-29,Closed,8.21
PO002445,2025-03-07,SUP018,SKU148,WH002,87,77,2025-03-28,2025-03-28,Closed,5.75
PO002446,2025-05-12,SUP008,SKU053,WH005,1113,971,2025-06-03,2025-06-02,Closed,5.27
PO002447,2025-06-17,SUP024,SKU093,WH005,175,165,2025-07-07,2025-07-09,Closed,3.63
PO002448,2025-12-12,SUP022,SKU133,WH001,1271,1137,2025-12-23,2025-12-21,Closed,7.69
PO002449,2025-04-28,SUP015,SKU123,WH005,340,327,2025-05-05,2025-05-04,Closed,10.56
PO002450,2025-07-09,SUP006,SKU115,WH005,625,570,2025-08-02,2025-07-31,Closed,7.72
PO002451,2025-12-02,SUP024,SKU028,WH005,718,681,2025-12-09,2025-12-16,Closed,4.97
PO002452,2025-10-12,SUP019,SKU080,WH002,408,353,2025-10-22,2025-10-27,Closed,10.96
PO002453,2025-03-29,SUP017,SKU066,WH004,719,686,2025-04-15,2025-04-13,Closed,8.21
PO002454,2025-05-08,SUP008,SKU065,WH001,1189,1037,2025-05-25,2025-05-23,Closed,2.4
PO002455,2025-10-23,SUP019,SKU080,WH003,1411,1212,2025-11-02,2025-11-02,Closed,10.96
PO002456,2025-06-20,SUP010,SKU003,WH002,1195,1152,2025-07-06,2025-07-06,Closed,7.87
PO002457,2025-08-12,SUP002,SKU085,WH003,475,410,2025-08-25,2025-08-23,Closed,2.16
PO002458,2025-10-20,SUP024,SKU010,WH005,438,390,2025-10-25,2025-10-23,Closed,2.72
PO002459,2025-01-30,SUP013,SKU014,WH001,347,330,2025-02-12,2025-02-10,Closed,9.53
PO002460,2025-06-29,SUP025,SKU103,WH002,1177,1075,2025-07-09,2025-07-16,Closed,8.91
PO002461,2025-04-19,SUP002,SKU095,WH005,156,150,2025-05-10,2025-05-10,Closed,10.55
PO002462,2025-04-19,SUP014,SKU005,WH005,1140,985,2025-04-30,2025-04-29,Late,7.76
PO002463,2025-01-14,SUP017,SKU055,WH003,58,51,2025-02-08,2025-02-08,Closed,11.32
PO002464,2025-12-10,SUP016,SKU026,WH004,406,405,2025-12-17,2025-12-16,Closed,11.19
PO002465,2025-05-05,SUP015,SKU037,WH005,397,361,2025-05-12,2025-05-10,Closed,3.03
PO002466,2025-03-17,SUP019,SKU043,WH002,1471,1393,2025-04-10,2025-04-10,Closed,7.04
PO002467,2025-04-17,SUP001,SKU122,WH005,970,210,2025-05-01,,Open,11.42
PO002468,2025-03-07,SUP024,SKU107,WH005,1011,930,2025-03-17,2025-03-17,Closed,6.54
PO002469,2025-08-23,SUP020,SKU114,WH003,1470,1395,2025-09-04,2025-09-03,Closed,10.59
PO002470,2025-03-13,SUP008,SKU110,WH002,106,102,2025-03-31,2025-03-29,Closed,3.66
PO002471,2025-06-19,SUP021,SKU036,WH003,938,317,2025-06-24,,Open,7.17
PO002472,2025-07-15,SUP016,SKU038,WH004,1387,1258,2025-08-05,2025-08-10,Closed,6.8
PO002473,2025-12-26,SUP006,SKU115,WH004,339,314,2026-01-19,2026-01-20,Closed,7.72
PO002474,2025-01-09,SUP013,SKU014,WH004,1359,1230,2025-01-22,2025-01-20,Closed,9.53
PO002475,2025-09-05,SUP012,SKU044,WH002,1313,1201,2025-09-14,2025-09-14,Late,5.88
PO002476,2025-10-22,SUP015,SKU087,WH001,1099,1014,2025-11-12,2025-11-12,Closed,4.19
PO002477,2025-11-01,SUP003,SKU083,WH003,868,853,2025-11-21,2025-11-19,Late,2.58
PO002478,2025-12-21,SUP016,SKU029,WH001,854,804,2026-01-02,2026-01-01,Closed,11.3
PO002479,2025-06-01,SUP010,SKU084,WH004,746,682,2025-06-24,2025-06-30,Closed,8.41
PO002480,2025-10-20,SUP020,SKU081,WH001,1284,1098,2025-11-10,2025-11-11,Closed,9.8
PO002481,2025-08-15,SUP022,SKU135,WH005,330,312,2025-08-21,2025-08-19,Closed,4.41
PO002482,2025-03-06,SUP003,SKU030,WH002,1140,1014,2025-03-24,2025-03-23,Closed,11.72
PO002483,2025-09-11,SUP016,SKU038,WH002,626,610,2025-10-02,2025-09-30,Closed,6.8
PO002484,2025-07-09,SUP017,SKU050,WH003,481,451,2025-07-29,2025-07-29,Closed,7.03
PO002485,2025-02-21,SUP002,SKU108,WH002,1073,958,2025-03-12,2025-03-12,Late,9.81
PO002486,2025-04-30,SUP008,SKU065,WH004,1052,913,2025-05-17,2025-05-17,Closed,2.4
PO002487,2025-11-22,SUP019,SKU082,WH001,877,826,2025-12-07,2025-12-05,Closed,7.9
PO002488,2025-07-28,SUP010,SKU003,WH002,731,721,2025-08-13,2025-08-12,Closed,7.87
PO002489,2025-12-23,SUP020,SKU090,WH003,552,507,2026-01-08,2026-01-07,Closed,7.29
PO002490,2025-09-18,SUP024,SKU093,WH001,373,345,2025-10-08,2025-10-08,Closed,3.63
PO002491,2025-05-23,SUP001,SKU122,WH002,555,491,2025-06-06,2025-06-08,Closed,11.42
PO002492,2025-01-25,SUP012,SKU016,WH003,101,35,2025-02-11,,Open,2.94
PO002493,2025-05-02,SUP005,SKU060,WH001,247,219,2025-05-19,2025-05-18,Closed,9.75
PO002494,2025-04-10,SUP016,SKU067,WH004,1404,1224,2025-04-26,2025-04-24,Closed,3.61
PO002495,2025-11-07,SUP024,SKU107,WH005,757,744,2025-11-17,2025-11-23,Closed,6.54
PO002496,2025-09-01,SUP008,SKU110,WH002,287,254,2025-09-19,2025-09-23,Closed,3.66
PO002497,2025-03-03,SUP007,SKU011,WH002,733,730,2025-03-10,2025-03-10,Closed,10.01
PO002498,2025-09-05,SUP006,SKU115,WH001,508,440,2025-09-29,2025-10-05,Closed,7.72
PO002499,2025-09-25,SUP023,SKU089,WH004,1233,1062,2025-10-05,2025-10-03,Closed,1.53
PO002500,2025-04-01,SUP024,SKU028,WH001,846,801,2025-04-08,2025-04-06,Closed,4.97
PO002501,2025-08-23,SUP010,SKU075,WH001,782,677,2025-09-01,2025-09-01,Closed,9.3
PO002502,2025-02-11,SUP025,SKU073,WH001,633,613,2025-02-16,2025-02-23,Closed,2.98
PO002503,2025-06-20,SUP024,SKU010,WH001,686,685,2025-06-25,2025-06-24,Closed,2.72
PO002504,2025-06-13,SUP017,SKU034,WH003,368,351,2025-06-21,2025-06-20,Closed,3.69
PO002505,2025-07-27,SUP020,SKU081,WH002,839,807,2025-08-17,2025-08-15,Closed,9.8
PO002506,2025-09-17,SUP001,SKU048,WH002,273,239,2025-10-07,2025-10-06,Closed,6.32
PO002507,2025-08-14,SUP023,SKU125,WH004,531,507,2025-09-03,2025-09-02,Closed,2.72
PO002508,2025-09-14,SUP015,SKU139,WH001,1426,1253,2025-09-28,2025-09-27,Closed,11.11
PO002509,2025-07-07,SUP014,SKU143,WH004,1064,1001,2025-07-29,2025-07-29,Closed,11.18
PO002510,2025-04-28,SUP024,SKU031,WH002,132,128,2025-05-16,2025-05-16,Closed,3.1
PO002511,2025-09-26,SUP022,SKU116,WH002,403,0,2025-10-17,,Open,4.95
PO002512,2025-10-10,SUP012,SKU100,WH004,51,45,2025-10-26,2025-10-28,Closed,2.35
PO002513,2025-12-07,SUP005,SKU070,WH003,1404,1347,2025-12-19,2025-12-27,Closed,4.2
PO002514,2025-04-13,SUP023,SKU089,WH002,1083,947,2025-04-23,2025-04-22,Closed,1.53
PO002515,2025-03-13,SUP008,SKU053,WH001,1022,874,2025-04-04,2025-04-12,Closed,5.27
PO002516,2025-05-31,SUP004,SKU144,WH002,1256,1190,2025-06-12,2025-06-20,Closed,2.03
PO002517,2025-08-10,SUP020,SKU081,WH001,863,771,2025-08-31,2025-08-30,Closed,9.8
PO002518,2025-08-07,SUP022,SKU140,WH004,126,119,2025-09-01,2025-08-30,Closed,11.55
PO002519,2025-10-19,SUP015,SKU033,WH001,1243,1180,2025-10-25,2025-10-24,Closed,10.83
PO002520,2025-01-28,SUP016,SKU029,WH002,112,104,2025-02-09,2025-02-07,Closed,11.3
PO002521,2025-04-04,SUP006,SKU042,WH004,1407,1207,2025-04-20,2025-04-20,Closed,6.84
PO002522,2025-12-03,SUP002,SKU095,WH003,74,64,2025-12-24,2025-12-23,Closed,10.55
PO002523,2025-03-16,SUP001,SKU105,WH002,1040,900,2025-03-28,2025-03-28,Closed,11.35
PO002524,2025-06-22,SUP024,SKU107,WH001,978,838,2025-07-02,2025-07-02,Closed,6.54
PO002525,2025-10-02,SUP020,SKU126,WH002,1241,1110,2025-10-24,2025-10-23,Closed,2.53
PO002526,2025-11-22,SUP021,SKU054,WH002,1090,1005,2025-12-15,2025-12-15,Closed,8.56
PO002527,2025-05-25,SUP024,SKU031,WH002,515,486,2025-06-12,2025-06-11,Closed,3.1
PO002528,2025-07-24,SUP004,SKU106,WH004,972,930,2025-08-03,2025-08-02,Late,10.85
PO002529,2025-11-08,SUP017,SKU074,WH004,1315,1289,2025-11-21,2025-11-19,Closed,7.35
PO002530,2025-06-05,SUP016,SKU067,WH003,460,393,2025-06-21,2025-06-21,Closed,3.61
PO002531,2025-11-06,SUP015,SKU123,WH002,1036,954,2025-11-13,2025-11-13,Closed,10.56
PO002532,2025-08-28,SUP007,SKU015,WH003,1329,1230,2025-09-05,2025-09-05,Closed,10.87
PO002533,2025-04-20,SUP021,SKU021,WH005,1138,1017,2025-04-25,2025-05-01,Closed,5.64
PO002534,2025-04-04,SUP017,SKU119,WH002,1196,1094,2025-04-09,2025-04-08,Closed,11.97
PO002535,2025-07-25,SUP017,SKU066,WH001,654,563,2025-08-11,2025-08-11,Closed,8.21
PO002536,2025-06-03,SUP021,SKU078,WH005,330,325,2025-06-19,2025-06-17,Closed,4.52
PO002537,2025-02-24,SUP010,SKU147,WH004,744,665,2025-03-21,2025-03-21,Closed,9.49
PO002538,2025-01-22,SUP016,SKU067,WH001,650,579,2025-02-07,2025-02-06,Closed,3.61
PO002539,2025-07-24,SUP024,SKU128,WH005,1045,954,2025-08-09,2025-08-10,Closed,10.5
PO002540,2025-12-29,SUP003,SKU083,WH001,511,128,2026-01-18,,Open,2.58
PO002541,2025-03-15,SUP014,SKU006,WH005,601,563,2025-04-08,2025-04-07,Closed,4.49
PO002542,2025-05-28,SUP025,SKU025,WH001,961,954,2025-06-19,2025-06-18,Late,8.66
PO002543,2025-10-16,SUP012,SKU091,WH003,335,314,2025-11-04,2025-11-04,Closed,9.72
PO002544,2025-07-23,SUP024,SKU012,WH003,1067,934,2025-08-08,2025-08-06,Closed,11.08
PO002545,2025-11-04,SUP008,SKU053,WH001,628,597,2025-11-26,2025-11-25,Late,5.27
PO002546,2025-01-30,SUP017,SKU050,WH002,1158,49,2025-02-19,,Open,7.03
PO002547,2025-08-31,SUP005,SKU138,WH005,1036,1016,2025-09-23,2025-09-23,Closed,2.04
PO002548,2025-10-07,SUP021,SKU054,WH004,537,86,2025-10-30,,Open,8.56
PO002549,2025-05-04,SUP021,SKU078,WH002,737,681,2025-05-20,2025-05-24,Closed,4.52
PO002550,2025-05-10,SUP008,SKU065,WH005,1313,1224,2025-05-27,2025-05-27,Closed,2.4
PO002551,2025-03-03,SUP024,SKU093,WH001,1446,87,2025-03-23,,Open,3.63
PO002552,2025-02-20,SUP020,SKU114,WH002,376,340,2025-03-04,2025-03-03,Closed,10.59
PO002553,2025-12-08,SUP002,SKU095,WH001,611,551,2025-12-29,2026-01-06,Closed,10.55
PO002554,2025-04-10,SUP001,SKU105,WH004,298,287,2025-04-22,2025-04-20,Closed,11.35
PO002555,2025-12-31,SUP015,SKU088,WH002,340,336,2026-01-18,2026-01-17,Late,6.94
PO002556,2025-03-25,SUP021,SKU021,WH004,934,812,2025-03-30,2025-03-30,Late,5.64
PO002557,2025-04-11,SUP007,SKU137,WH002,1072,984,2025-04-26,2025-04-24,Closed,2.01
PO002558,2025-03-08,SUP011,SKU099,WH001,1201,1161,2025-03-17,2025-03-15,Closed,8.59
PO002559,2025-01-11,SUP022,SKU007,WH001,970,176,2025-01-21,,Open,8.36
PO002560,2025-07-10,SUP015,SKU120,WH001,621,593,2025-08-01,2025-08-01,Closed,6.3
PO002561,2025-01-22,SUP003,SKU030,WH004,1078,1023,2025-02-09,2025-02-09,Closed,11.72
PO002562,2025-06-12,SUP017,SKU020,WH001,522,463,2025-06-21,2025-06-21,Closed,8.72
PO002563,2025-02-26,SUP011,SKU086,WH004,1323,1194,2025-03-17,2025-03-16,Closed,4.77
PO002564,2025-05-18,SUP015,SKU087,WH005,722,687,2025-06-08,2025-06-08,Closed,4.19
PO002565,2025-12-10,SUP020,SKU090,WH003,77,70,2025-12-26,2025-12-28,Closed,7.29
PO002566,2025-10-03,SUP014,SKU143,WH003,814,758,2025-10-25,2025-10-23,Closed,11.18
PO002567,2025-06-01,SUP022,SKU135,WH002,631,79,2025-06-07,,Open,4.41
PO002568,2025-07-09,SUP006,SKU042,WH005,1318,1208,2025-07-25,2025-07-23,Closed,6.84
PO002569,2025-09-23,SUP011,SKU086,WH005,590,536,2025-10-12,2025-10-20,Closed,4.77
PO002570,2025-01-18,SUP017,SKU074,WH005,70,68,2025-01-31,2025-01-30,Closed,7.35
PO002571,2025-06-24,SUP006,SKU127,WH003,1155,1137,2025-07-10,2025-07-08,Closed,10.11
PO002572,2025-09-24,SUP022,SKU113,WH004,182,158,2025-10-03,2025-10-03,Closed,11.04
PO002573,2025-06-23,SUP024,SKU128,WH002,1242,1140,2025-07-09,2025-07-08,Closed,10.5
PO002574,2025-10-09,SUP013,SKU130,WH001,661,646,2025-10-24,2025-10-23,Closed,5.55
PO002575,2025-10-23,SUP022,SKU117,WH005,635,55,2025-10-28,,Open,2.99
PO002576,2025-06-30,SUP025,SKU073,WH005,1370,454,2025-07-05,,Open,2.98
PO002577,2025-09-06,SUP024,SKU031,WH005,886,827,2025-09-24,2025-09-24,Closed,3.1
PO002578,2025-10-16,SUP012,SKU091,WH002,1373,1282,2025-11-04,2025-11-03,Closed,9.72
PO002579,2025-06-26,SUP018,SKU072,WH004,1326,1185,2025-07-02,2025-07-01,Closed,9.04
PO002580,2025-10-15,SUP019,SKU082,WH001,952,921,2025-10-30,2025-10-29,Closed,7.9
PO002581,2025-11-14,SUP010,SKU003,WH003,450,382,2025-11-30,2025-11-30,Closed,7.87
PO002582,2025-09-11,SUP024,SKU150,WH002,934,895,2025-09-26,2025-10-04,Closed,11.46
PO002583,2025-02-10,SUP007,SKU137,WH005,518,474,2025-02-25,2025-02-23,Closed,2.01
PO002584,2025-07-06,SUP018,SKU079,WH004,685,636,2025-07-12,2025-07-12,Closed,3.5
PO002585,2025-09-18,SUP022,SKU116,WH003,583,547,2025-10-09,2025-10-08,Closed,4.95
PO002586,2025-07-21,SUP014,SKU005,WH001,920,902,2025-08-01,2025-07-31,Closed,7.76
PO002587,2025-01-14,SUP025,SKU103,WH005,576,507,2025-01-24,2025-01-22,Closed,8.91
PO002588,2025-04-21,SUP009,SKU129,WH001,98,83,2025-05-13,2025-05-12,Closed,6.29
PO002589,2025-02-09,SUP013,SKU057,WH005,1123,1000,2025-03-05,2025-03-11,Closed,2.31
PO002590,2025-06-30,SUP015,SKU139,WH002,723,660,2025-07-14,2025-07-14,Late,11.11
PO002591,2025-01-14,SUP005,SKU138,WH001,1019,959,2025-02-06,2025-02-04,Closed,2.04
PO002592,2025-07-21,SUP020,SKU090,WH004,320,299,2025-08-06,2025-08-05,Closed,7.29
PO002593,2025-07-30,SUP025,SKU073,WH002,805,736,2025-08-04,2025-08-04,Closed,2.98
PO002594,2025-08-03,SUP017,SKU063,WH002,1032,952,2025-08-20,2025-08-25,Closed,3.72
PO002595,2025-06-19,SUP020,SKU090,WH005,1421,1291,2025-07-05,2025-07-04,Closed,7.29
PO002596,2025-08-03,SUP008,SKU053,WH005,361,322,2025-08-25,2025-08-24,Closed,5.27
PO002597,2025-07-18,SUP004,SKU076,WH005,177,48,2025-07-23,,Open,3.8
PO002598,2025-08-24,SUP025,SKU073,WH005,379,366,2025-08-29,2025-08-27,Closed,2.98
PO002599,2025-09-23,SUP022,SKU113,WH005,1000,929,2025-10-02,2025-10-01,Closed,11.04
PO002600,2025-12-09,SUP024,SKU031,WH003,1451,1417,2025-12-27,2025-12-26,Closed,3.1
PO002601,2025-03-25,SUP019,SKU018,WH004,781,680,2025-04-06,2025-04-06,Closed,10.5
PO002602,2025-03-03,SUP022,SKU133,WH002,64,56,2025-03-14,2025-03-13,Closed,7.69
PO002603,2025-07-09,SUP007,SKU104,WH002,1127,1108,2025-08-03,2025-08-03,Late,5.43
PO002604,2025-12-22,SUP007,SKU015,WH001,765,680,2025-12-30,2025-12-28,Closed,10.87
PO002605,2025-08-13,SUP022,SKU133,WH004,981,892,2025-08-24,2025-08-22,Closed,7.69
PO002606,2025-11-18,SUP001,SKU092,WH002,1029,874,2025-11-24,2025-11-26,Late,4.26
PO002607,2025-07-04,SUP001,SKU122,WH004,391,332,2025-07-18,2025-07-18,Closed,11.42
PO002608,2025-07-16,SUP017,SKU063,WH003,1221,1160,2025-08-02,2025-07-31,Closed,3.72
PO002609,2025-09-30,SUP021,SKU036,WH002,1480,1271,2025-10-05,2025-10-04,Closed,7.17
PO002610,2025-10-03,SUP011,SKU041,WH003,358,307,2025-10-24,2025-10-23,Closed,8.46
PO002611,2025-03-19,SUP012,SKU044,WH005,863,834,2025-03-28,2025-03-28,Closed,5.88
PO002612,2025-09-25,SUP023,SKU027,WH004,131,123,2025-10-11,2025-10-10,Closed,3.81
PO002613,2025-08-09,SUP025,SKU103,WH004,73,62,2025-08-19,2025-08-19,Late,8.91
PO002614,2025-03-19,SUP013,SKU014,WH003,61,59,2025-04-01,2025-03-30,Closed,9.53
PO002615,2025-11-02,SUP024,SKU028,WH003,1318,1221,2025-11-09,2025-11-07,Closed,4.97
PO002616,2025-10-20,SUP007,SKU137,WH004,1269,1116,2025-11-04,2025-11-03,Closed,2.01
PO002617,2025-06-01,SUP016,SKU045,WH003,492,483,2025-06-07,2025-06-05,Closed,3.07
PO002618,2025-02-22,SUP008,SKU110,WH001,501,465,2025-03-12,2025-03-10,Closed,3.66
PO002619,2025-05-14,SUP013,SKU014,WH004,83,77,2025-05-27,2025-05-27,Closed,9.53
PO002620,2025-04-23,SUP023,SKU046,WH003,441,382,2025-05-04,2025-05-02,Late,4.22
PO002621,2025-10-12,SUP001,SKU122,WH001,586,585,2025-10-26,2025-10-26,Closed,11.42
PO002622,2025-02-19,SUP024,SKU010,WH003,162,150,2025-02-24,2025-02-24,Closed,2.72
PO002623,2025-03-19,SUP019,SKU051,WH003,945,815,2025-03-26,2025-03-25,Closed,9.85
PO002624,2025-04-17,SUP017,SKU034,WH002,180,165,2025-04-25,2025-04-24,Closed,3.69
PO002625,2025-06-09,SUP025,SKU102,WH005,927,863,2025-06-17,2025-06-15,Closed,10.0
PO002626,2025-10-02,SUP024,SKU010,WH003,1377,1232,2025-10-07,2025-10-07,Closed,2.72
PO002627,2025-01-08,SUP003,SKU083,WH005,1293,1254,2025-01-28,2025-01-26,Closed,2.58
PO002628,2025-07-19,SUP022,SKU133,WH001,1454,1350,2025-07-30,2025-08-06,Late,7.69
PO002629,2025-09-15,SUP016,SKU067,WH002,1257,1255,2025-10-01,2025-09-29,Closed,3.61
PO002630,2025-11-21,SUP016,SKU029,WH003,61,54,2025-12-03,2025-12-03,Closed,11.3
PO002631,2025-03-03,SUP017,SKU074,WH002,708,614,2025-03-16,2025-03-15,Closed,7.35
PO002632,2025-05-07,SUP021,SKU059,WH005,965,822,2025-05-16,2025-05-16,Closed,6.52
PO002633,2025-09-06,SUP008,SKU053,WH004,1394,1292,2025-09-28,2025-09-26,Closed,5.27
PO002634,2025-12-28,SUP006,SKU023,WH005,584,578,2026-01-17,2026-01-15,Closed,8.04
PO002635,2025-03-16,SUP015,SKU087,WH003,424,413,2025-04-06,2025-04-04,Closed,4.19
PO002636,2025-10-02,SUP014,SKU047,WH005,1421,1381,2025-10-20,2025-10-23,Closed,5.04
PO002637,2025-06-01,SUP002,SKU094,WH003,112,95,2025-06-10,2025-06-10,Closed,1.76
PO002638,2025-03-03,SUP016,SKU067,WH001,1212,1034,2025-03-19,2025-03-18,Closed,3.61
PO002639,2025-04-02,SUP017,SKU068,WH001,176,174,2025-04-25,2025-04-25,Late,11.13
PO002640,2025-06-06,SUP021,SKU078,WH003,1421,62,2025-06-22,,Open,4.52
PO002641,2025-07-29,SUP025,SKU103,WH005,66,61,2025-08-08,2025-08-08,Closed,8.91
PO002642,2025-09-22,SUP012,SKU044,WH003,151,128,2025-10-01,2025-09-29,Closed,5.88
PO002643,2025-12-27,SUP020,SKU019,WH003,536,466,2026-01-09,2026-01-08,Closed,3.02
PO002644,2025-05-22,SUP024,SKU111,WH003,966,845,2025-06-06,2025-06-06,Closed,3.96
PO002645,2025-01-08,SUP022,SKU140,WH005,454,398,2025-02-02,2025-02-02,Closed,11.55
PO002646,2025-05-10,SUP005,SKU070,WH004,353,306,2025-05-22,2025-05-21,Closed,4.2
PO002647,2025-06-01,SUP022,SKU117,WH001,536,480,2025-06-06,2025-06-11,Closed,2.99
PO002648,2025-08-18,SUP013,SKU014,WH005,1307,381,2025-08-31,,Open,9.53
PO002649,2025-10-12,SUP006,SKU002,WH004,1389,1364,2025-10-19,2025-10-17,Closed,10.55
PO002650,2025-03-29,SUP012,SKU098,WH001,442,393,2025-04-20,2025-04-24,Closed,6.95
PO002651,2025-06-26,SUP023,SKU008,WH005,549,530,2025-07-10,2025-07-09,Closed,10.3
PO002652,2025-09-04,SUP006,SKU127,WH003,1406,1393,2025-09-20,2025-09-26,Closed,10.11
PO002653,2025-09-19,SUP008,SKU053,WH003,722,697,2025-10-11,2025-10-17,Closed,5.27
PO002654,2025-12-12,SUP023,SKU008,WH005,542,491,2025-12-26,2026-01-01,Closed,10.3
PO002655,2025-12-04,SUP010,SKU003,WH003,698,650,2025-12-20,2025-12-20,Closed,7.87
PO002656,2025-10-29,SUP012,SKU044,WH003,384,357,2025-11-07,2025-11-06,Closed,5.88
PO002657,2025-08-26,SUP012,SKU069,WH003,382,345,2025-09-10,2025-09-09,Closed,8.73
PO002658,2025-05-05,SUP023,SKU125,WH002,386,385,2025-05-25,2025-05-23,Closed,2.72
PO002659,2025-05-31,SUP010,SKU145,WH003,794,752,2025-06-20,2025-06-20,Closed,4.64
PO002660,2025-10-25,SUP019,SKU018,WH005,421,394,2025-11-06,2025-11-12,Closed,10.5
PO002661,2025-05-06,SUP011,SKU109,WH003,481,410,2025-05-21,2025-05-24,Closed,7.66
PO002662,2025-03-25,SUP023,SKU056,WH005,446,437,2025-04-03,2025-04-08,Closed,3.9
PO002663,2025-07-07,SUP022,SKU140,WH005,1244,1118,2025-08-01,2025-08-01,Late,11.55
PO002664,2025-01-02,SUP025,SKU017,WH004,1239,1097,2025-01-13,2025-01-11,Closed,10.74
PO002665,2025-04-12,SUP012,SKU100,WH003,227,226,2025-04-28,2025-04-26,Closed,2.35
PO002666,2025-04-18,SUP013,SKU052,WH004,1081,922,2025-04-30,2025-04-29,Closed,7.96
PO002667,2025-10-02,SUP012,SKU016,WH001,469,410,2025-10-19,2025-10-17,Closed,2.94
PO002668,2025-01-02,SUP002,SKU131,WH004,201,181,2025-01-27,2025-01-26,Closed,8.58
PO002669,2025-07-15,SUP013,SKU014,WH002,221,220,2025-07-28,2025-07-27,Closed,9.53
PO002670,2025-12-04,SUP022,SKU117,WH001,504,454,2025-12-09,2025-12-09,Closed,2.99
PO002671,2025-05-05,SUP016,SKU045,WH002,1088,970,2025-05-11,2025-05-09,Closed,3.07
PO002672,2025-06-12,SUP006,SKU042,WH003,1135,1023,2025-06-28,2025-06-28,Closed,6.84
PO002673,2025-03-03,SUP016,SKU029,WH002,973,931,2025-03-15,2025-03-22,Closed,11.3
PO002674,2025-04-06,SUP013,SKU039,WH002,1450,1270,2025-04-23,2025-04-28,Closed,9.94
PO002675,2025-04-17,SUP020,SKU126,WH004,548,546,2025-05-09,2025-05-10,Late,2.53
PO002676,2025-10-30,SUP017,SKU063,WH002,490,483,2025-11-16,2025-11-14,Late,3.72
PO002677,2025-05-06,SUP010,SKU147,WH004,1208,1029,2025-05-31,2025-06-03,Closed,9.49
PO002678,2025-04-06,SUP010,SKU084,WH005,594,510,2025-04-29,2025-04-29,Closed,8.41
PO002679,2025-11-26,SUP025,SKU102,WH002,1430,393,2025-12-04,,Open,10.0
PO002680,2025-01-27,SUP020,SKU114,WH005,205,185,2025-02-08,2025-02-07,Closed,10.59
PO002681,2025-03-15,SUP010,SKU075,WH005,1284,1093,2025-03-24,2025-03-25,Closed,9.3
PO002682,2025-05-30,SUP024,SKU124,WH005,766,655,2025-06-11,2025-06-10,Closed,10.78
PO002683,2025-03-28,SUP011,SKU099,WH003,245,64,2025-04-06,,Open,8.59
PO002684,2025-03-13,SUP025,SKU025,WH003,423,417,2025-04-04,2025-04-04,Closed,8.66
PO002685,2025-10-22,SUP013,SKU130,WH003,456,415,2025-11-06,2025-11-05,Closed,5.55
PO002686,2025-03-05,SUP021,SKU021,WH003,661,634,2025-03-10,2025-03-08,Closed,5.64
PO002687,2025-06-12,SUP025,SKU025,WH002,1169,1163,2025-07-04,2025-07-03,Closed,8.66
PO002688,2025-08-28,SUP024,SKU149,WH003,1387,1260,2025-09-02,2025-09-03,Closed,3.72
PO002689,2025-06-25,SUP006,SKU002,WH005,1298,1115,2025-07-02,2025-06-30,Closed,10.55
PO002690,2025-01-21,SUP020,SKU096,WH001,780,752,2025-01-31,2025-01-31,Closed,4.22
PO002691,2025-07-25,SUP022,SKU113,WH001,1110,984,2025-08-03,2025-08-01,Closed,11.04
PO002692,2025-03-09,SUP007,SKU024,WH003,357,330,2025-04-01,2025-04-08,Closed,7.58
PO002693,2025-12-05,SUP017,SKU034,WH001,747,663,2025-12-13,2025-12-13,Closed,3.69
PO002694,2025-03-09,SUP023,SKU027,WH005,1159,1007,2025-03-25,2025-03-24,Closed,3.81
PO002695,2025-04-24,SUP002,SKU131,WH005,1462,1412,2025-05-19,2025-05-17,Closed,8.58
PO002696,2025-08-24,SUP022,SKU117,WH004,429,380,2025-08-29,2025-08-28,Closed,2.99
PO002697,2025-10-10,SUP022,SKU140,WH005,231,196,2025-11-04,2025-11-04,Closed,11.55
PO002698,2025-12-04,SUP010,SKU145,WH005,111,29,2025-12-24,,Open,4.64
PO002699,2025-02-14,SUP007,SKU137,WH001,993,877,2025-03-01,2025-02-27,Closed,2.01
PO002700,2025-01-05,SUP015,SKU123,WH005,193,186,2025-01-12,2025-01-12,Closed,10.56
PO002701,2025-09-24,SUP012,SKU044,WH004,1076,969,2025-10-03,2025-10-03,Closed,5.88
PO002702,2025-11-06,SUP024,SKU010,WH004,183,178,2025-11-11,2025-11-10,Closed,2.72
PO002703,2025-07-08,SUP020,SKU096,WH001,342,319,2025-07-18,2025-07-16,Closed,4.22
PO002704,2025-09-06,SUP015,SKU037,WH002,293,261,2025-09-13,2025-09-13,Closed,3.03
PO002705,2025-05-19,SUP012,SKU100,WH004,993,920,2025-06-04,2025-06-02,Closed,2.35
PO002706,2025-03-22,SUP017,SKU050,WH004,654,639,2025-04-11,2025-04-11,Closed,7.03
PO002707,2025-02-11,SUP010,SKU084,WH003,1156,1151,2025-03-06,2025-03-06,Closed,8.41
PO002708,2025-04-17,SUP011,SKU041,WH002,1324,1263,2025-05-08,2025-05-06,Closed,8.46
PO002709,2025-12-15,SUP021,SKU059,WH004,1105,1019,2025-12-24,2025-12-23,Closed,6.52
PO002710,2025-09-13,SUP015,SKU088,WH005,453,398,2025-10-01,2025-09-29,Closed,6.94
PO002711,2025-07-11,SUP002,SKU136,WH002,360,345,2025-08-03,2025-08-03,Closed,4.12
PO002712,2025-08-30,SUP010,SKU147,WH001,284,273,2025-09-24,2025-09-22,Closed,9.49
PO002713,2025-08-25,SUP022,SKU117,WH005,1104,951,2025-08-30,2025-08-28,Closed,2.99
PO002714,2025-07-02,SUP003,SKU101,WH003,1071,1020,2025-07-14,2025-07-13,Closed,11.21
PO002715,2025-10-21,SUP011,SKU099,WH004,846,818,2025-10-30,2025-10-30,Late,8.59
PO002716,2025-12-03,SUP015,SKU087,WH004,148,131,2025-12-24,2025-12-24,Closed,4.19
PO002717,2025-03-15,SUP010,SKU084,WH004,264,232,2025-04-07,2025-04-06,Closed,8.41
PO002718,2025-09-13,SUP006,SKU002,WH004,231,7,2025-09-20,,Open,10.55
PO002719,2025-07-17,SUP024,SKU031,WH002,1139,1028,2025-08-04,2025-08-03,Closed,3.1
PO002720,2025-12-10,SUP024,SKU010,WH004,1446,1346,2025-12-15,2025-12-15,Closed,2.72
PO002721,2025-01-20,SUP023,SKU001,WH003,1229,1088,2025-02-14,2025-02-12,Late,3.18
PO002722,2025-05-01,SUP007,SKU015,WH005,868,861,2025-05-09,2025-05-13,Closed,10.87
PO002723,2025-02-16,SUP006,SKU071,WH005,132,127,2025-02-21,2025-02-24,Closed,8.74
PO002724,2025-05-01,SUP019,SKU018,WH001,245,219,2025-05-13,2025-05-21,Closed,10.5
PO002725,2025-03-09,SUP010,SKU084,WH005,247,22,2025-04-01,,Open,8.41
PO002726,2025-02-14,SUP013,SKU130,WH003,652,587,2025-03-01,2025-02-28,Closed,5.55
PO002727,2025-04-14,SUP024,SKU107,WH002,533,487,2025-04-24,2025-04-23,Closed,6.54
PO002728,2025-03-14,SUP017,SKU119,WH004,1225,1165,2025-03-19,2025-03-19,Closed,11.97
PO002729,2025-10-29,SUP019,SKU082,WH002,1429,1268,2025-11-13,2025-11-13,Closed,7.9
PO002730,2025-04-01,SUP023,SKU125,WH003,488,471,2025-04-21,2025-04-20,Closed,2.72
PO002731,2025-07-29,SUP014,SKU047,WH001,1094,99,2025-08-16,,Open,5.04
PO002732,2025-08-06,SUP019,SKU051,WH001,471,444,2025-08-13,2025-08-13,Closed,9.85
PO002733,2025-12-29,SUP014,SKU006,WH001,785,716,2026-01-22,2026-01-20,Closed,4.49
PO002734,2025-06-15,SUP012,SKU098,WH005,312,291,2025-07-07,2025-07-05,Closed,6.95
PO002735,2025-02-05,SUP023,SKU008,WH004,1128,1051,2025-02-19,2025-02-19,Closed,10.3
PO002736,2025-07-02,SUP025,SKU025,WH003,1334,1304,2025-07-24,2025-07-22,Closed,8.66
PO002737,2025-01-16,SUP025,SKU009,WH005,1423,1244,2025-02-02,2025-02-09,Closed,11.58
PO002738,2025-06-14,SUP024,SKU093,WH004,809,35,2025-07-04,,Open,3.63
PO002739,2025-03-17,SUP011,SKU097,WH005,712,649,2025-04-04,2025-04-03,Late,6.92
PO002740,2025-07-15,SUP017,SKU119,WH001,892,870,2025-07-20,2025-07-20,Closed,11.97
PO002741,2025-07-26,SUP001,SKU048,WH001,1208,1112,2025-08-15,2025-08-15,Closed,6.32
PO002742,2025-06-03,SUP016,SKU045,WH005,1050,943,2025-06-09,2025-06-08,Closed,3.07
PO002743,2025-04-04,SUP005,SKU138,WH001,954,202,2025-04-27,,Open,2.04
PO002744,2025-11-24,SUP019,SKU051,WH004,859,852,2025-12-01,2025-12-03,Closed,9.85
PO002745,2025-11-18,SUP024,SKU012,WH003,1398,368,2025-12-04,,Open,11.08
PO002746,2025-12-16,SUP024,SKU031,WH003,706,659,2026-01-03,2026-01-02,Closed,3.1
PO002747,2025-05-02,SUP016,SKU045,WH005,1321,1269,2025-05-08,2025-05-06,Late,3.07
PO002748,2025-11-04,SUP017,SKU050,WH004,1355,1182,2025-11-24,2025-11-30,Closed,7.03
PO002749,2025-11-20,SUP023,SKU027,WH005,1383,1282,2025-12-06,2025-12-06,Closed,3.81
PO002750,2025-06-11,SUP023,SKU001,WH003,496,439,2025-07-06,2025-07-06,Late,3.18
PO002751,2025-01-08,SUP013,SKU014,WH003,272,267,2025-01-21,2025-01-21,Closed,9.53
PO002752,2025-02-24,SUP024,SKU128,WH003,649,613,2025-03-12,2025-03-12,Closed,10.5
PO002753,2025-05-09,SUP001,SKU048,WH003,1063,909,2025-05-29,2025-06-06,Closed,6.32
PO002754,2025-03-31,SUP011,SKU086,WH003,197,183,2025-04-19,2025-04-17,Closed,4.77
PO002755,2025-05-25,SUP022,SKU140,WH001,1352,273,2025-06-19,,Open,11.55
PO002756,2025-03-08,SUP021,SKU078,WH002,1286,1269,2025-03-24,2025-03-23,Closed,4.52
PO002757,2025-12-21,SUP007,SKU137,WH005,118,103,2026-01-05,2026-01-03,Closed,2.01
PO002758,2025-04-13,SUP017,SKU050,WH005,1149,1015,2025-05-03,2025-05-03,Closed,7.03
PO002759,2025-02-20,SUP025,SKU004,WH001,121,113,2025-03-15,2025-03-13,Closed,6.13
PO002760,2025-09-22,SUP022,SKU113,WH003,1387,1234,2025-10-01,2025-09-30,Closed,11.04
PO002761,2025-01-20,SUP005,SKU013,WH002,1461,1342,2025-01-27,2025-01-25,Closed,7.59
PO002762,2025-07-20,SUP012,SKU044,WH005,1128,124,2025-07-29,,Open,5.88
PO002763,2025-11-12,SUP025,SKU004,WH005,264,231,2025-12-05,2025-12-05,Closed,6.13
PO002764,2025-10-22,SUP012,SKU100,WH004,907,906,2025-11-07,2025-11-12,Closed,2.35
PO002765,2025-08-05,SUP017,SKU055,WH001,1177,1065,2025-08-30,2025-08-29,Closed,11.32
PO002766,2025-05-01,SUP018,SKU079,WH003,741,172,2025-05-07,,Open,3.5
PO002767,2025-03-17,SUP019,SKU018,WH003,771,706,2025-03-29,2025-03-27,Closed,10.5
PO002768,2025-01-09,SUP024,SKU124,WH002,359,340,2025-01-21,2025-01-21,Closed,10.78
PO002769,2025-09-13,SUP013,SKU039,WH002,1073,952,2025-09-30,2025-09-30,Closed,9.94
PO002770,2025-12-12,SUP001,SKU092,WH002,356,344,2025-12-18,2025-12-17,Closed,4.26
PO002771,2025-08-16,SUP004,SKU106,WH002,1301,1267,2025-08-26,2025-08-26,Closed,10.85
PO002772,2025-10-12,SUP015,SKU088,WH003,1035,1015,2025-10-30,2025-10-28,Closed,6.94
PO002773,2025-12-21,SUP016,SKU067,WH002,935,844,2026-01-06,2026-01-04,Closed,3.61
PO002774,2025-12-13,SUP003,SKU083,WH001,458,70,2026-01-02,,Open,2.58
PO002775,2025-07-16,SUP024,SKU128,WH002,360,346,2025-08-01,2025-07-30,Closed,10.5
PO002776,2025-03-19,SUP020,SKU114,WH003,146,9,2025-03-31,,Open,10.59
PO002777,2025-12-14,SUP007,SKU015,WH003,1253,1127,2025-12-22,2025-12-20,Closed,10.87
PO002778,2025-08-09,SUP024,SKU111,WH004,427,424,2025-08-24,2025-08-29,Closed,3.96
PO002779,2025-08-09,SUP018,SKU079,WH002,1253,1103,2025-08-15,2025-08-14,Closed,3.5
PO002780,2025-10-11,SUP010,SKU147,WH003,1022,985,2025-11-05,2025-11-05,Closed,9.49
PO002781,2025-01-26,SUP008,SKU065,WH002,591,539,2025-02-12,2025-02-16,Closed,2.4
PO002782,2025-12-05,SUP017,SKU074,WH001,540,536,2025-12-18,2025-12-24,Closed,7.35
PO002783,2025-10-18,SUP021,SKU078,WH004,1399,1217,2025-11-03,2025-11-01,Closed,4.52
PO002784,2025-03-14,SUP004,SKU144,WH003,1138,1035,2025-03-26,2025-03-24,Closed,2.03
PO002785,2025-10-19,SUP006,SKU115,WH002,362,356,2025-11-12,2025-11-12,Closed,7.72
PO002786,2025-04-22,SUP020,SKU096,WH002,837,717,2025-05-02,2025-05-02,Late,4.22
PO002787,2025-12-09,SUP019,SKU049,WH004,100,1,2025-12-17,,Open,1.72
PO002788,2025-02-04,SUP002,SKU040,WH004,157,154,2025-02-22,2025-02-20,Closed,1.97
PO002789,2025-03-12,SUP022,SKU118,WH005,256,229,2025-04-05,2025-04-03,Closed,8.37
PO002790,2025-07-04,SUP003,SKU030,WH003,1414,1290,2025-07-22,2025-07-22,Closed,11.72
PO002791,2025-08-04,SUP016,SKU045,WH002,502,87,2025-08-10,,Open,3.07
PO002792,2025-12-24,SUP012,SKU016,WH003,772,715,2026-01-10,2026-01-09,Closed,2.94
PO002793,2025-02-21,SUP020,SKU096,WH003,690,663,2025-03-03,2025-03-03,Closed,4.22
PO002794,2025-12-21,SUP014,SKU143,WH005,1332,321,2026-01-12,,Open,11.18
PO002795,2025-09-28,SUP022,SKU140,WH005,1226,1198,2025-10-23,2025-10-21,Closed,11.55
PO002796,2025-07-05,SUP024,SKU111,WH003,591,534,2025-07-20,2025-07-28,Closed,3.96
PO002797,2025-08-17,SUP010,SKU147,WH005,1408,1355,2025-09-11,2025-09-10,Closed,9.49
PO002798,2025-10-18,SUP025,SKU073,WH005,719,672,2025-10-23,2025-10-23,Closed,2.98
PO002799,2025-07-25,SUP020,SKU126,WH005,127,125,2025-08-16,2025-08-14,Closed,2.53
PO002800,2025-04-11,SUP008,SKU121,WH004,1369,1246,2025-04-21,2025-04-19,Closed,6.97
PO002801,2025-01-04,SUP002,SKU094,WH004,1357,1332,2025-01-13,2025-01-11,Closed,1.76
PO002802,2025-12-28,SUP012,SKU061,WH005,1444,1246,2026-01-16,2026-01-22,Closed,7.1
PO002803,2025-11-14,SUP025,SKU017,WH003,338,311,2025-11-25,2025-11-23,Closed,10.74
PO002804,2025-07-27,SUP013,SKU130,WH001,927,843,2025-08-11,2025-08-09,Closed,5.55
PO002805,2025-03-05,SUP019,SKU043,WH001,1392,1381,2025-03-29,2025-03-29,Closed,7.04
PO002806,2025-07-20,SUP020,SKU126,WH003,271,3,2025-08-11,,Open,2.53
PO002807,2025-06-22,SUP016,SKU026,WH001,392,346,2025-06-29,2025-06-28,Closed,11.19
PO002808,2025-08-27,SUP013,SKU052,WH004,139,118,2025-09-08,2025-09-07,Closed,7.96
PO002809,2025-01-01,SUP012,SKU100,WH001,531,482,2025-01-17,2025-01-15,Closed,2.35
PO002810,2025-10-13,SUP002,SKU108,WH003,460,440,2025-11-01,2025-11-01,Closed,9.81
PO002811,2025-04-09,SUP002,SKU085,WH002,272,232,2025-04-22,2025-04-20,Closed,2.16
PO002812,2025-09-13,SUP014,SKU006,WH003,1410,1198,2025-10-07,2025-10-05,Closed,4.49
PO002813,2025-02-27,SUP012,SKU061,WH001,342,295,2025-03-18,2025-03-16,Closed,7.1
PO002814,2025-10-08,SUP005,SKU013,WH002,368,355,2025-10-15,2025-10-13,Closed,7.59
PO002815,2025-07-01,SUP004,SKU076,WH004,377,326,2025-07-06,2025-07-10,Closed,3.8
PO002816,2025-02-26,SUP001,SKU048,WH005,171,150,2025-03-18,2025-03-17,Closed,6.32
PO002817,2025-09-01,SUP023,SKU046,WH005,1189,1028,2025-09-12,2025-09-10,Closed,4.22
PO002818,2025-07-14,SUP002,SKU095,WH005,1438,1290,2025-08-04,2025-08-02,Late,10.55
PO002819,2025-07-15,SUP025,SKU102,WH005,553,530,2025-07-23,2025-07-21,Closed,10.0
PO002820,2025-03-08,SUP015,SKU033,WH005,1090,931,2025-03-14,2025-03-13,Closed,10.83
PO002821,2025-04-08,SUP017,SKU119,WH001,854,817,2025-04-13,2025-04-12,Closed,11.97
PO002822,2025-04-20,SUP006,SKU042,WH005,741,738,2025-05-06,2025-05-05,Closed,6.84
PO002823,2025-10-15,SUP001,SKU092,WH002,1474,1301,2025-10-21,2025-10-19,Closed,4.26
PO002824,2025-01-27,SUP002,SKU136,WH004,1114,981,2025-02-19,2025-02-26,Closed,4.12
PO002825,2025-08-20,SUP024,SKU035,WH003,1257,1141,2025-08-27,2025-08-27,Closed,11.5
PO002826,2025-10-01,SUP022,SKU117,WH004,1415,1349,2025-10-06,2025-10-05,Closed,2.99
PO002827,2025-06-23,SUP012,SKU069,WH004,566,481,2025-07-08,2025-07-07,Closed,8.73
PO002828,2025-11-22,SUP008,SKU110,WH005,138,119,2025-12-10,2025-12-16,Closed,3.66
PO002829,2025-02-21,SUP023,SKU056,WH002,363,122,2025-03-02,,Open,3.9
PO002830,2025-01-04,SUP007,SKU146,WH005,403,396,2025-01-26,2025-01-24,Closed,1.2
PO002831,2025-12-22,SUP025,SKU004,WH004,1345,1339,2026-01-14,2026-01-12,Closed,6.13
PO002832,2025-01-29,SUP014,SKU047,WH002,495,433,2025-02-16,2025-02-14,Closed,5.04
PO002833,2025-07-21,SUP025,SKU073,WH003,655,628,2025-07-26,2025-07-24,Closed,2.98
PO002834,2025-04-29,SUP016,SKU038,WH003,606,546,2025-05-20,2025-05-20,Closed,6.8
PO002835,2025-02-15,SUP013,SKU130,WH005,156,154,2025-03-02,2025-03-02,Closed,5.55
PO002836,2025-01-05,SUP012,SKU069,WH001,1301,308,2025-01-20,,Open,8.73
PO002837,2025-05-17,SUP002,SKU077,WH003,1323,1312,2025-05-29,2025-05-27,Closed,9.38
PO002838,2025-01-11,SUP024,SKU128,WH002,1217,1048,2025-01-27,2025-01-25,Closed,10.5
PO002839,2025-09-03,SUP016,SKU045,WH003,1249,1084,2025-09-09,2025-09-08,Closed,3.07
PO002840,2025-04-24,SUP022,SKU135,WH002,1162,1095,2025-04-30,2025-04-30,Closed,4.41
PO002841,2025-12-26,SUP017,SKU055,WH003,1268,17,2026-01-20,,Open,11.32
PO002842,2025-03-14,SUP006,SKU002,WH004,227,223,2025-03-21,2025-03-20,Closed,10.55
PO002843,2025-04-12,SUP024,SKU124,WH003,1467,48,2025-04-24,,Open,10.78
PO002844,2025-04-17,SUP015,SKU139,WH003,1114,1036,2025-05-01,2025-05-01,Late,11.11
PO002845,2025-07-14,SUP013,SKU039,WH001,520,490,2025-07-31,2025-07-30,Closed,9.94
PO002846,2025-09-14,SUP011,SKU041,WH002,180,169,2025-10-05,2025-10-05,Closed,8.46
PO002847,2025-06-02,SUP025,SKU103,WH003,705,190,2025-06-12,,Open,8.91
PO002848,2025-09-07,SUP012,SKU098,WH001,737,636,2025-09-29,2025-09-28,Closed,6.95
PO002849,2025-01-19,SUP001,SKU048,WH003,581,518,2025-02-08,2025-02-06,Closed,6.32
PO002850,2025-04-28,SUP011,SKU086,WH002,1148,1070,2025-05-17,2025-05-21,Closed,4.77
PO002851,2025-03-04,SUP018,SKU148,WH002,1196,1136,2025-03-25,2025-03-25,Closed,5.75
PO002852,2025-10-04,SUP015,SKU033,WH005,606,549,2025-10-10,2025-10-08,Closed,10.83
PO002853,2025-06-24,SUP002,SKU094,WH003,1397,244,2025-07-03,,Open,1.76
PO002854,2025-01-18,SUP019,SKU018,WH002,167,156,2025-01-30,2025-02-05,Closed,10.5
PO002855,2025-02-12,SUP008,SKU121,WH003,348,309,2025-02-22,2025-02-24,Closed,6.97
PO002856,2025-06-27,SUP023,SKU125,WH003,425,383,2025-07-17,2025-07-15,Closed,2.72
PO002857,2025-06-18,SUP013,SKU057,WH001,343,319,2025-07-12,2025-07-11,Closed,2.31
PO002858,2025-06-17,SUP017,SKU063,WH003,1025,1003,2025-07-04,2025-07-04,Closed,3.72
PO002859,2025-11-14,SUP017,SKU020,WH001,527,516,2025-11-23,2025-11-23,Closed,8.72
PO002860,2025-08-03,SUP004,SKU106,WH003,289,60,2025-08-13,,Open,10.85
PO002861,2025-06-01,SUP006,SKU127,WH001,621,534,2025-06-17,2025-06-17,Closed,10.11
PO002862,2025-10-08,SUP015,SKU123,WH002,1270,1203,2025-10-15,2025-10-13,Closed,10.56
PO002863,2025-02-20,SUP019,SKU049,WH004,580,522,2025-02-28,2025-02-27,Closed,1.72
PO002864,2025-02-06,SUP010,SKU145,WH003,1451,1401,2025-02-26,2025-02-24,Closed,4.64
PO002865,2025-11-20,SUP012,SKU061,WH003,762,668,2025-12-09,2025-12-09,Closed,7.1
PO002866,2025-04-02,SUP007,SKU137,WH001,1166,1162,2025-04-17,2025-04-16,Closed,2.01
PO002867,2025-07-27,SUP020,SKU126,WH005,1488,1307,2025-08-18,2025-08-17,Closed,2.53
PO002868,2025-01-31,SUP023,SKU001,WH004,1442,1397,2025-02-25,2025-02-25,Late,3.18
PO002869,2025-03-22,SUP001,SKU048,WH001,1044,900,2025-04-11,2025-04-09,Closed,6.32
PO002870,2025-02-14,SUP022,SKU007,WH004,604,577,2025-02-24,2025-02-22,Closed,8.36
PO002871,2025-04-18,SUP011,SKU097,WH002,1091,1072,2025-05-06,2025-05-06,Late,6.92
PO002872,2025-09-20,SUP020,SKU114,WH004,1223,1119,2025-10-02,2025-10-02,Closed,10.59
PO002873,2025-01-09,SUP007,SKU011,WH002,1089,46,2025-01-16,,Open,10.01
PO002874,2025-06-14,SUP012,SKU091,WH005,800,751,2025-07-03,2025-07-01,Closed,9.72
PO002875,2025-05-04,SUP025,SKU004,WH005,675,651,2025-05-27,2025-05-27,Closed,6.13
PO002876,2025-03-02,SUP012,SKU044,WH005,1229,1179,2025-03-11,2025-03-10,Closed,5.88
PO002877,2025-03-22,SUP007,SKU137,WH003,1022,1005,2025-04-06,2025-04-04,Closed,2.01
PO002878,2025-04-13,SUP006,SKU023,WH001,138,130,2025-05-03,2025-05-02,Closed,8.04
PO002879,2025-08-01,SUP013,SKU039,WH005,1325,1184,2025-08-18,2025-08-16,Closed,9.94
PO002880,2025-03-14,SUP013,SKU052,WH001,602,513,2025-03-26,2025-04-01,Late,7.96
PO002881,2025-12-09,SUP013,SKU057,WH002,457,410,2026-01-02,2026-01-01,Late,2.31
PO002882,2025-01-30,SUP020,SKU019,WH004,1063,1044,2025-02-12,2025-02-11,Closed,3.02
PO002883,2025-09-06,SUP007,SKU142,WH005,184,183,2025-09-17,2025-09-16,Closed,7.2
PO002884,2025-11-07,SUP005,SKU060,WH002,435,382,2025-11-24,2025-11-22,Late,9.75
PO002885,2025-08-01,SUP014,SKU047,WH004,555,100,2025-08-19,,Open,5.04
PO002886,2025-11-19,SUP022,SKU116,WH004,175,161,2025-12-10,2025-12-13,Closed,4.95
PO002887,2025-04-16,SUP023,SKU125,WH003,165,155,2025-05-06,2025-05-06,Closed,2.72
PO002888,2025-01-07,SUP007,SKU142,WH005,980,972,2025-01-18,2025-01-18,Closed,7.2
PO002889,2025-02-11,SUP012,SKU044,WH002,1395,1235,2025-02-20,2025-02-20,Closed,5.88
PO002890,2025-11-21,SUP010,SKU084,WH001,863,798,2025-12-14,2025-12-13,Closed,8.41
PO002891,2025-08-17,SUP022,SKU140,WH005,1402,1262,2025-09-11,2025-09-09,Closed,11.55
PO002892,2025-11-23,SUP023,SKU027,WH004,1440,158,2025-12-09,,Open,3.81
PO002893,2025-10-05,SUP006,SKU002,WH004,132,122,2025-10-12,2025-10-11,Closed,10.55
PO002894,2025-06-02,SUP010,SKU084,WH002,1323,332,2025-06-25,,Open,8.41
PO002895,2025-12-20,SUP005,SKU013,WH004,1203,1124,2025-12-27,2025-12-31,Closed,7.59
PO002896,2025-04-17,SUP011,SKU041,WH003,563,540,2025-05-08,2025-05-08,Closed,8.46
PO002897,2025-09-02,SUP004,SKU144,WH002,106,94,2025-09-14,2025-09-19,Late,2.03
PO002898,2025-12-05,SUP002,SKU095,WH004,726,139,2025-12-26,,Open,10.55
PO002899,2025-02-16,SUP008,SKU065,WH003,1488,1443,2025-03-05,2025-03-05,Late,2.4
PO002900,2025-05-14,SUP015,SKU033,WH005,1104,978,2025-05-20,2025-05-18,Closed,10.83
PO002901,2025-07-05,SUP012,SKU016,WH001,930,863,2025-07-22,2025-07-22,Closed,2.94
PO002902,2025-11-12,SUP019,SKU051,WH002,764,745,2025-11-19,2025-11-24,Closed,9.85
PO002903,2025-10-29,SUP016,SKU141,WH001,1027,948,2025-11-11,2025-11-11,Closed,6.49
PO002904,2025-02-17,SUP003,SKU101,WH004,761,669,2025-03-01,2025-02-28,Closed,11.21
PO002905,2025-09-23,SUP017,SKU050,WH003,302,275,2025-10-13,2025-10-12,Closed,7.03
PO002906,2025-02-14,SUP007,SKU104,WH003,1431,1323,2025-03-11,2025-03-11,Closed,5.43
PO002907,2025-05-13,SUP001,SKU105,WH002,1372,1170,2025-05-25,2025-05-23,Closed,11.35
PO002908,2025-01-23,SUP014,SKU143,WH005,1265,1080,2025-02-14,2025-02-14,Closed,11.18
PO002909,2025-02-26,SUP004,SKU144,WH004,1257,1068,2025-03-10,2025-03-08,Closed,2.03
PO002910,2025-01-31,SUP006,SKU071,WH003,1112,1002,2025-02-05,2025-02-08,Closed,8.74
PO002911,2025-06-16,SUP007,SKU024,WH003,717,178,2025-07-09,,Open,7.58
PO002912,2025-05-10,SUP002,SKU040,WH002,1388,1285,2025-05-28,2025-05-27,Closed,1.97
PO002913,2025-12-04,SUP012,SKU061,WH004,439,409,2025-12-23,2025-12-21,Late,7.1
PO002914,2025-06-10,SUP020,SKU019,WH005,881,855,2025-06-23,2025-07-01,Closed,3.02
PO002915,2025-03-17,SUP005,SKU013,WH003,1006,1004,2025-03-24,2025-03-24,Closed,7.59
PO002916,2025-09-05,SUP024,SKU124,WH003,73,64,2025-09-17,2025-09-17,Closed,10.78
PO002917,2025-08-16,SUP022,SKU135,WH001,414,357,2025-08-22,2025-08-21,Closed,4.41
PO002918,2025-02-21,SUP010,SKU064,WH001,179,156,2025-03-16,2025-03-14,Closed,9.34
PO002919,2025-08-26,SUP014,SKU006,WH003,172,169,2025-09-19,2025-09-17,Closed,4.49
PO002920,2025-11-25,SUP013,SKU057,WH002,1447,1411,2025-12-19,2025-12-23,Closed,2.31
PO002921,2025-06-04,SUP017,SKU020,WH005,1491,1291,2025-06-13,2025-06-11,Closed,8.72
PO002922,2025-06-02,SUP005,SKU070,WH002,592,520,2025-06-14,2025-06-13,Closed,4.2
PO002923,2025-07-08,SUP004,SKU134,WH002,1180,401,2025-08-02,,Open,2.09
PO002924,2025-04-07,SUP005,SKU060,WH003,907,784,2025-04-24,2025-04-27,Closed,9.75
PO002925,2025-11-27,SUP007,SKU015,WH003,893,811,2025-12-05,2025-12-08,Closed,10.87
PO002926,2025-02-12,SUP021,SKU036,WH002,281,251,2025-02-17,2025-02-22,Closed,7.17
PO002927,2025-09-25,SUP006,SKU002,WH002,653,629,2025-10-02,2025-10-02,Closed,10.55
PO002928,2025-04-21,SUP017,SKU074,WH002,1142,1014,2025-05-04,2025-05-02,Closed,7.35
PO002929,2025-07-07,SUP001,SKU105,WH001,241,206,2025-07-19,2025-07-18,Closed,11.35
PO002930,2025-05-19,SUP024,SKU031,WH005,452,424,2025-06-06,2025-06-04,Closed,3.1
PO002931,2025-09-24,SUP016,SKU045,WH005,170,147,2025-09-30,2025-09-29,Closed,3.07
PO002932,2025-06-28,SUP007,SKU015,WH003,1381,1370,2025-07-06,2025-07-04,Closed,10.87
PO002933,2025-05-04,SUP010,SKU147,WH005,959,912,2025-05-29,2025-05-27,Closed,9.49
PO002934,2025-09-25,SUP020,SKU081,WH004,900,852,2025-10-16,2025-10-14,Closed,9.8
PO002935,2025-02-03,SUP020,SKU081,WH003,1402,1253,2025-02-24,2025-02-24,Closed,9.8
PO002936,2025-09-04,SUP003,SKU083,WH003,1433,1309,2025-09-24,2025-09-22,Closed,2.58
PO002937,2025-01-23,SUP004,SKU134,WH003,379,365,2025-02-17,2025-02-15,Late,2.09
PO002938,2025-02-21,SUP015,SKU033,WH005,1106,948,2025-02-27,2025-02-26,Closed,10.83
PO002939,2025-10-08,SUP021,SKU036,WH005,1432,1357,2025-10-13,2025-10-12,Closed,7.17
PO002940,2025-09-10,SUP010,SKU147,WH002,424,375,2025-10-05,2025-10-04,Closed,9.49
PO002941,2025-09-18,SUP020,SKU114,WH004,229,204,2025-09-30,2025-09-30,Closed,10.59
PO002942,2025-10-04,SUP020,SKU081,WH005,1368,1351,2025-10-25,2025-10-24,Closed,9.8
PO002943,2025-09-11,SUP004,SKU076,WH003,393,350,2025-09-16,2025-09-16,Closed,3.8
PO002944,2025-09-18,SUP011,SKU041,WH002,1415,1334,2025-10-09,2025-10-08,Closed,8.46
PO002945,2025-09-17,SUP020,SKU114,WH004,1451,250,2025-09-29,,Open,10.59
PO002946,2025-07-06,SUP024,SKU012,WH003,437,390,2025-07-22,2025-07-21,Closed,11.08
PO002947,2025-07-13,SUP024,SKU031,WH001,1164,1154,2025-07-31,2025-08-01,Closed,3.1
PO002948,2025-01-10,SUP004,SKU076,WH004,1186,1027,2025-01-15,2025-01-13,Closed,3.8
PO002949,2025-05-29,SUP014,SKU058,WH003,1288,1174,2025-06-11,2025-06-09,Closed,5.4
PO002950,2025-01-10,SUP024,SKU124,WH002,1305,1179,2025-01-22,2025-01-22,Closed,10.78
PO002951,2025-07-01,SUP017,SKU050,WH001,1042,992,2025-07-21,2025-07-19,Closed,7.03
PO002952,2025-06-22,SUP016,SKU067,WH005,116,7,2025-07-08,,Open,3.61
PO002953,2025-10-29,SUP011,SKU099,WH005,600,534,2025-11-07,2025-11-06,Late,8.59
PO002954,2025-06-13,SUP010,SKU147,WH005,1056,1004,2025-07-08,2025-07-07,Closed,9.49
PO002955,2025-02-09,SUP022,SKU113,WH005,639,554,2025-02-18,2025-02-16,Closed,11.04
PO002956,2025-02-23,SUP013,SKU014,WH001,123,122,2025-03-08,2025-03-06,Closed,9.53
PO002957,2025-08-06,SUP008,SKU065,WH002,144,122,2025-08-23,2025-08-23,Late,2.4
PO002958,2025-05-16,SUP002,SKU040,WH004,621,560,2025-06-03,2025-06-03,Closed,1.97
PO002959,2025-11-30,SUP013,SKU057,WH002,600,514,2025-12-24,2025-12-24,Closed,2.31
PO002960,2025-03-24,SUP003,SKU030,WH001,71,65,2025-04-11,2025-04-11,Closed,11.72
PO002961,2025-10-22,SUP025,SKU004,WH004,553,551,2025-11-14,2025-11-12,Late,6.13
PO002962,2025-09-05,SUP016,SKU141,WH001,626,620,2025-09-18,2025-09-18,Closed,6.49
PO002963,2025-02-01,SUP008,SKU053,WH001,1408,1383,2025-02-23,2025-02-23,Closed,5.27
PO002964,2025-04-21,SUP012,SKU098,WH002,157,53,2025-05-13,,Open,6.95
PO002965,2025-12-10,SUP011,SKU109,WH002,799,795,2025-12-25,2025-12-23,Closed,7.66
PO002966,2025-08-05,SUP004,SKU106,WH001,443,415,2025-08-15,2025-08-16,Closed,10.85
PO002967,2025-01-29,SUP013,SKU052,WH001,617,50,2025-02-10,,Open,7.96
PO002968,2025-02-09,SUP018,SKU079,WH005,1183,1024,2025-02-15,2025-02-23,Closed,3.5
PO002969,2025-12-28,SUP014,SKU005,WH002,252,56,2026-01-08,,Open,7.76
PO002970,2025-12-20,SUP010,SKU145,WH001,227,200,2026-01-09,2026-01-07,Closed,4.64
PO002971,2025-06-19,SUP007,SKU011,WH003,198,183,2025-06-26,2025-06-25,Closed,10.01
PO002972,2025-06-28,SUP018,SKU079,WH001,707,634,2025-07-04,2025-07-08,Closed,3.5
PO002973,2025-05-26,SUP017,SKU066,WH003,1075,1014,2025-06-12,2025-06-11,Closed,8.21
PO002974,2025-06-20,SUP011,SKU041,WH002,822,776,2025-07-11,2025-07-11,Closed,8.46
PO002975,2025-05-17,SUP021,SKU036,WH002,825,255,2025-05-22,,Open,7.17
PO002976,2025-11-06,SUP005,SKU138,WH004,428,415,2025-11-29,2025-11-29,Closed,2.04
PO002977,2025-02-24,SUP017,SKU068,WH002,1076,939,2025-03-19,2025-03-17,Closed,11.13
PO002978,2025-12-24,SUP003,SKU101,WH004,1458,1444,2026-01-05,2026-01-05,Closed,11.21
PO002979,2025-10-14,SUP006,SKU032,WH001,214,212,2025-11-06,2025-11-04,Closed,4.53
PO002980,2025-11-12,SUP016,SKU141,WH001,453,428,2025-11-25,2025-12-01,Closed,6.49
PO002981,2025-12-20,SUP010,SKU064,WH002,1498,1330,2026-01-12,2026-01-11,Closed,9.34
PO002982,2025-06-03,SUP012,SKU044,WH003,1267,1184,2025-06-12,2025-06-10,Closed,5.88
PO002983,2025-08-29,SUP024,SKU031,WH004,897,828,2025-09-16,2025-09-23,Closed,3.1
PO002984,2025-02-12,SUP019,SKU049,WH001,78,73,2025-02-20,2025-02-20,Closed,1.72
PO002985,2025-01-26,SUP015,SKU037,WH004,870,819,2025-02-02,2025-02-01,Closed,3.03
PO002986,2025-03-09,SUP025,SKU073,WH005,694,661,2025-03-14,2025-03-12,Closed,2.98
PO002987,2025-10-31,SUP019,SKU051,WH005,1059,923,2025-11-07,2025-11-06,Closed,9.85
PO002988,2025-03-26,SUP025,SKU103,WH002,773,742,2025-04-05,2025-04-04,Closed,8.91
PO002989,2025-06-26,SUP010,SKU075,WH003,385,332,2025-07-05,2025-07-05,Closed,9.3
PO002990,2025-08-10,SUP024,SKU107,WH003,733,689,2025-08-20,2025-08-20,Closed,6.54
PO002991,2025-11-24,SUP019,SKU043,WH005,1005,948,2025-12-18,2025-12-18,Closed,7.04
PO002992,2025-03-20,SUP018,SKU148,WH005,851,847,2025-04-10,2025-04-10,Closed,5.75
PO002993,2025-03-24,SUP022,SKU007,WH002,998,875,2025-04-03,2025-04-01,Closed,8.36
PO002994,2025-10-19,SUP016,SKU045,WH005,434,420,2025-10-25,2025-10-23,Closed,3.07
PO002995,2025-04-11,SUP010,SKU064,WH005,1318,1232,2025-05-04,2025-05-04,Closed,9.34
PO002996,2025-08-25,SUP015,SKU120,WH003,1060,1016,2025-09-16,2025-09-14,Closed,6.3
PO002997,2025-10-23,SUP024,SKU149,WH003,1120,961,2025-10-28,2025-10-27,Closed,3.72
PO002998,2025-02-03,SUP014,SKU005,WH002,268,60,2025-02-14,,Open,7.76
PO002999,2025-07-19,SUP024,SKU022,WH005,1356,1326,2025-07-27,2025-07-26,Closed,11.85
PO003000,2025-01-20,SUP024,SKU107,WH002,993,919,2025-01-30,2025-01-28,Closed,6.54
PO003001,2025-10-15,SUP015,SKU120,WH004,1427,1420,2025-11-06,2025-11-04,Closed,6.3
PO003002,2025-09-13,SUP014,SKU143,WH005,1448,262,2025-10-05,,Open,11.18
PO003003,2025-09-22,SUP013,SKU052,WH001,1002,856,2025-10-04,2025-10-03,Closed,7.96
PO003004,2025-02-27,SUP009,SKU129,WH001,761,718,2025-03-21,2025-03-21,Closed,6.29
PO003005,2025-01-01,SUP013,SKU052,WH003,826,724,2025-01-13,2025-01-12,Closed,7.96
PO003006,2025-10-08,SUP020,SKU090,WH003,228,208,2025-10-24,2025-10-24,Closed,7.29
PO003007,2025-01-11,SUP008,SKU121,WH003,726,250,2025-01-21,,Open,6.97
PO003008,2025-12-21,SUP004,SKU076,WH005,376,350,2025-12-26,2025-12-25,Closed,3.8
PO003009,2025-02-26,SUP017,SKU063,WH003,559,486,2025-03-15,2025-03-15,Closed,3.72
PO003010,2025-10-20,SUP025,SKU132,WH005,1100,1062,2025-11-14,2025-11-13,Closed,8.24
PO003011,2025-10-06,SUP007,SKU011,WH002,371,364,2025-10-13,2025-10-12,Late,10.01
PO003012,2025-08-09,SUP020,SKU090,WH004,633,539,2025-08-25,2025-08-24,Closed,7.29
PO003013,2025-02-27,SUP005,SKU013,WH002,1494,1330,2025-03-06,2025-03-04,Closed,7.59
PO003014,2025-07-08,SUP011,SKU099,WH005,1270,346,2025-07-17,,Open,8.59
PO003015,2025-12-01,SUP007,SKU142,WH005,282,261,2025-12-12,2025-12-12,Closed,7.2
PO003016,2025-11-16,SUP007,SKU142,WH005,129,125,2025-11-27,2025-11-26,Closed,7.2
PO003017,2025-11-04,SUP004,SKU144,WH003,1243,1100,2025-11-16,2025-11-15,Closed,2.03
PO003018,2025-05-21,SUP013,SKU057,WH004,891,856,2025-06-14,2025-06-12,Closed,2.31
PO003019,2025-07-29,SUP006,SKU042,WH003,1263,1249,2025-08-14,2025-08-14,Closed,6.84
PO003020,2025-08-26,SUP007,SKU011,WH003,1231,1137,2025-09-02,2025-09-01,Closed,10.01
PO003021,2025-12-02,SUP010,SKU147,WH002,309,285,2025-12-27,2025-12-26,Closed,9.49
PO003022,2025-12-15,SUP003,SKU101,WH003,646,591,2025-12-27,2025-12-25,Closed,11.21
PO003023,2025-04-12,SUP018,SKU148,WH002,1124,1047,2025-05-03,2025-05-03,Closed,5.75
PO003024,2025-02-01,SUP013,SKU014,WH005,1245,1190,2025-02-14,2025-02-12,Closed,9.53
PO003025,2025-06-29,SUP002,SKU077,WH003,1138,1005,2025-07-11,2025-07-11,Closed,9.38
PO003026,2025-11-14,SUP025,SKU025,WH003,1427,1350,2025-12-06,2025-12-06,Closed,8.66
PO003027,2025-08-17,SUP018,SKU079,WH004,721,701,2025-08-23,2025-08-22,Closed,3.5
PO003028,2025-10-20,SUP008,SKU110,WH001,170,156,2025-11-07,2025-11-13,Closed,3.66
PO003029,2025-01-01,SUP014,SKU005,WH005,604,551,2025-01-12,2025-01-14,Closed,7.76
PO003030,2025-08-15,SUP003,SKU101,WH002,742,647,2025-08-27,2025-08-26,Closed,11.21
PO003031,2025-12-09,SUP019,SKU080,WH002,719,670,2025-12-19,2025-12-19,Closed,10.96
PO003032,2025-09-01,SUP020,SKU019,WH003,280,274,2025-09-14,2025-09-14,Closed,3.02
PO003033,2025-11-07,SUP015,SKU033,WH004,1330,1308,2025-11-13,2025-11-11,Closed,10.83
PO003034,2025-04-10,SUP023,SKU027,WH001,367,355,2025-04-26,2025-04-25,Closed,3.81
PO003035,2025-11-02,SUP015,SKU033,WH001,1061,1023,2025-11-08,2025-11-06,Closed,10.83
PO003036,2025-11-13,SUP006,SKU115,WH004,1131,1040,2025-12-07,2025-12-15,Closed,7.72
PO003037,2025-03-17,SUP022,SKU140,WH001,465,445,2025-04-11,2025-04-09,Closed,11.55
PO003038,2025-06-02,SUP024,SKU031,WH004,549,491,2025-06-20,2025-06-19,Closed,3.1
PO003039,2025-04-16,SUP012,SKU016,WH002,314,306,2025-05-03,2025-05-03,Closed,2.94
PO003040,2025-11-14,SUP020,SKU114,WH002,191,61,2025-11-26,,Open,10.59
PO003041,2025-09-08,SUP012,SKU016,WH003,628,557,2025-09-25,2025-10-02,Closed,2.94
PO003042,2025-02-03,SUP011,SKU086,WH005,224,222,2025-02-22,2025-02-20,Closed,4.77
PO003043,2025-05-06,SUP006,SKU042,WH001,1202,249,2025-05-22,,Open,6.84
PO003044,2025-02-14,SUP006,SKU071,WH002,247,219,2025-02-19,2025-02-19,Closed,8.74
PO003045,2025-12-21,SUP001,SKU122,WH004,1254,1221,2026-01-04,2026-01-02,Late,11.42
PO003046,2025-12-07,SUP011,SKU099,WH003,1142,1096,2025-12-16,2025-12-16,Late,8.59
PO003047,2025-01-04,SUP007,SKU011,WH005,1282,1191,2025-01-11,2025-01-10,Closed,10.01
PO003048,2025-11-14,SUP002,SKU108,WH001,1400,1229,2025-12-03,2025-12-03,Closed,9.81
PO003049,2025-02-02,SUP018,SKU072,WH001,447,423,2025-02-08,2025-02-06,Closed,9.04
PO003050,2025-04-09,SUP017,SKU020,WH001,1303,1273,2025-04-18,2025-04-16,Closed,8.72
PO003051,2025-10-19,SUP013,SKU039,WH002,309,301,2025-11-05,2025-11-04,Late,9.94
PO003052,2025-10-12,SUP020,SKU081,WH005,1171,1150,2025-11-02,2025-10-31,Late,9.8
PO003053,2025-04-12,SUP008,SKU121,WH002,706,664,2025-04-22,2025-04-28,Closed,6.97
PO003054,2025-11-19,SUP011,SKU099,WH005,525,474,2025-11-28,2025-11-27,Closed,8.59
PO003055,2025-11-15,SUP016,SKU067,WH003,90,89,2025-12-01,2025-11-29,Closed,3.61
PO003056,2025-09-25,SUP006,SKU032,WH004,643,555,2025-10-18,2025-10-18,Closed,4.53
PO003057,2025-07-09,SUP014,SKU047,WH005,719,713,2025-07-27,2025-08-03,Closed,5.04
PO003058,2025-04-19,SUP021,SKU059,WH002,309,278,2025-04-28,2025-04-28,Closed,6.52
PO003059,2025-04-16,SUP024,SKU093,WH002,344,307,2025-05-06,2025-05-14,Closed,3.63
PO003060,2025-05-23,SUP023,SKU125,WH002,321,282,2025-06-12,2025-06-12,Closed,2.72
PO003061,2025-10-23,SUP022,SKU113,WH002,286,273,2025-11-01,2025-10-30,Closed,11.04
PO003062,2025-10-13,SUP025,SKU017,WH005,200,171,2025-10-24,2025-10-23,Closed,10.74
PO003063,2025-07-18,SUP024,SKU111,WH002,636,575,2025-08-02,2025-07-31,Closed,3.96
PO003064,2025-10-29,SUP006,SKU032,WH001,456,401,2025-11-21,2025-11-25,Closed,4.53
PO003065,2025-11-13,SUP020,SKU096,WH003,1325,1297,2025-11-23,2025-11-22,Closed,4.22
PO003066,2025-10-18,SUP025,SKU073,WH003,528,518,2025-10-23,2025-10-23,Closed,2.98
PO003067,2025-11-11,SUP004,SKU144,WH003,585,519,2025-11-23,2025-11-24,Closed,2.03
PO003068,2025-10-24,SUP016,SKU141,WH004,680,648,2025-11-06,2025-11-14,Closed,6.49
PO003069,2025-06-07,SUP015,SKU120,WH005,852,761,2025-06-29,2025-06-29,Closed,6.3
PO003070,2025-11-16,SUP001,SKU122,WH002,403,382,2025-11-30,2025-11-30,Closed,11.42
PO003071,2025-06-28,SUP017,SKU063,WH002,374,350,2025-07-15,2025-07-13,Closed,3.72
PO003072,2025-09-15,SUP012,SKU044,WH002,1499,1320,2025-09-24,2025-09-23,Closed,5.88
PO003073,2025-07-11,SUP022,SKU118,WH001,474,437,2025-08-04,2025-08-04,Closed,8.37
PO003074,2025-02-12,SUP019,SKU080,WH004,665,613,2025-02-22,2025-02-21,Late,10.96
PO003075,2025-02-22,SUP015,SKU120,WH005,621,542,2025-03-16,2025-03-22,Late,6.3
PO003076,2025-01-30,SUP004,SKU076,WH003,785,776,2025-02-04,2025-02-02,Closed,3.8
PO003077,2025-08-29,SUP015,SKU139,WH004,253,235,2025-09-12,2025-09-11,Closed,11.11
PO003078,2025-04-23,SUP008,SKU110,WH001,344,336,2025-05-11,2025-05-15,Closed,3.66
PO003079,2025-07-09,SUP016,SKU141,WH001,1289,1103,2025-07-22,2025-07-20,Closed,6.49
PO003080,2025-05-18,SUP022,SKU118,WH002,407,384,2025-06-11,2025-06-11,Closed,8.37
PO003081,2025-05-09,SUP022,SKU007,WH005,1165,1102,2025-05-19,2025-05-19,Closed,8.36
PO003082,2025-06-05,SUP007,SKU146,WH003,1087,969,2025-06-27,2025-06-27,Closed,1.2
PO003083,2025-08-01,SUP007,SKU104,WH001,1055,903,2025-08-26,2025-08-26,Closed,5.43
PO003084,2025-08-04,SUP007,SKU146,WH001,1069,953,2025-08-26,2025-08-26,Closed,1.2
PO003085,2025-02-02,SUP011,SKU109,WH002,1383,1290,2025-02-17,2025-02-16,Closed,7.66
PO003086,2025-08-27,SUP023,SKU089,WH004,1302,1292,2025-09-06,2025-09-04,Closed,1.53
PO003087,2025-08-09,SUP024,SKU012,WH002,778,758,2025-08-25,2025-08-31,Closed,11.08
PO003088,2025-06-11,SUP024,SKU010,WH002,970,848,2025-06-16,2025-06-15,Closed,2.72
PO003089,2025-09-25,SUP007,SKU015,WH004,50,43,2025-10-03,2025-10-01,Closed,10.87
PO003090,2025-04-01,SUP017,SKU119,WH002,1134,1083,2025-04-06,2025-04-06,Closed,11.97
PO003091,2025-06-22,SUP025,SKU004,WH001,813,267,2025-07-15,,Open,6.13
PO003092,2025-12-06,SUP002,SKU131,WH004,1111,1108,2025-12-31,2025-12-29,Late,8.58
PO003093,2025-10-29,SUP023,SKU027,WH001,460,449,2025-11-14,2025-11-14,Closed,3.81
PO003094,2025-02-22,SUP008,SKU053,WH004,555,179,2025-03-16,,Open,5.27
PO003095,2025-04-12,SUP023,SKU125,WH002,276,245,2025-05-02,2025-04-30,Closed,2.72
PO003096,2025-09-27,SUP024,SKU093,WH005,1021,882,2025-10-17,2025-10-17,Closed,3.63
PO003097,2025-05-07,SUP004,SKU106,WH005,939,857,2025-05-17,2025-05-17,Closed,10.85
PO003098,2025-05-19,SUP006,SKU042,WH001,1005,929,2025-06-04,2025-06-02,Closed,6.84
PO003099,2025-02-04,SUP003,SKU083,WH005,1353,1187,2025-02-24,2025-02-22,Closed,2.58
PO003100,2025-11-07,SUP006,SKU042,WH004,878,802,2025-11-23,2025-11-21,Closed,6.84
PO003101,2025-11-16,SUP022,SKU113,WH002,246,240,2025-11-25,2025-11-29,Closed,11.04
PO003102,2025-08-31,SUP020,SKU114,WH004,1449,1297,2025-09-12,2025-09-10,Closed,10.59
PO003103,2025-07-27,SUP024,SKU111,WH002,1232,1148,2025-08-11,2025-08-19,Closed,3.96
PO003104,2025-04-29,SUP025,SKU132,WH001,988,901,2025-05-24,2025-05-22,Closed,8.24
PO003105,2025-08-23,SUP002,SKU077,WH005,617,564,2025-09-04,2025-09-02,Closed,9.38
PO003106,2025-12-20,SUP001,SKU092,WH005,1081,1053,2025-12-26,2025-12-26,Closed,4.26
PO003107,2025-08-06,SUP004,SKU076,WH005,1038,903,2025-08-11,2025-08-10,Closed,3.8
PO003108,2025-09-29,SUP017,SKU055,WH002,1217,1203,2025-10-24,2025-10-24,Closed,11.32
PO003109,2025-06-23,SUP022,SKU133,WH002,194,192,2025-07-04,2025-07-04,Closed,7.69
PO003110,2025-01-01,SUP005,SKU013,WH005,50,45,2025-01-08,2025-01-07,Closed,7.59
PO003111,2025-12-17,SUP017,SKU050,WH005,1223,1212,2026-01-06,2026-01-05,Closed,7.03
PO003112,2025-11-20,SUP005,SKU070,WH001,1189,1173,2025-12-02,2025-12-03,Closed,4.2
PO003113,2025-01-30,SUP023,SKU046,WH002,1163,1077,2025-02-10,2025-02-08,Closed,4.22
PO003114,2025-06-30,SUP022,SKU135,WH002,854,781,2025-07-06,2025-07-06,Closed,4.41
PO003115,2025-09-16,SUP024,SKU031,WH003,1288,1192,2025-10-04,2025-10-04,Late,3.1
PO003116,2025-01-25,SUP015,SKU123,WH002,731,679,2025-02-01,2025-01-31,Closed,10.56
PO003117,2025-04-21,SUP010,SKU064,WH005,643,590,2025-05-14,2025-05-12,Closed,9.34
PO003118,2025-08-26,SUP016,SKU026,WH001,1220,408,2025-09-02,,Open,11.19
PO003119,2025-11-30,SUP009,SKU129,WH004,703,620,2025-12-22,2025-12-22,Late,6.29
PO003120,2025-03-31,SUP006,SKU002,WH005,789,10,2025-04-07,,Open,10.55
PO003121,2025-09-21,SUP011,SKU097,WH005,573,514,2025-10-09,2025-10-17,Late,6.92
PO003122,2025-01-02,SUP013,SKU039,WH005,1039,905,2025-01-19,2025-01-17,Closed,9.94
PO003123,2025-12-25,SUP020,SKU019,WH003,1066,909,2026-01-07,2026-01-07,Late,3.02
PO003124,2025-07-22,SUP015,SKU033,WH002,235,200,2025-07-28,2025-07-31,Closed,10.83
PO003125,2025-03-04,SUP019,SKU051,WH001,868,757,2025-03-11,2025-03-12,Closed,9.85
PO003126,2025-03-23,SUP011,SKU097,WH002,297,255,2025-04-10,2025-04-09,Closed,6.92
PO003127,2025-05-06,SUP024,SKU093,WH002,774,762,2025-05-26,2025-05-24,Closed,3.63
PO003128,2025-04-01,SUP016,SKU045,WH002,60,52,2025-04-07,2025-04-05,Closed,3.07
PO003129,2025-10-29,SUP022,SKU113,WH001,157,136,2025-11-07,2025-11-09,Closed,11.04
PO003130,2025-05-25,SUP023,SKU001,WH004,1136,149,2025-06-19,,Open,3.18
PO003131,2025-04-20,SUP025,SKU102,WH002,1115,1070,2025-04-28,2025-04-27,Closed,10.0
PO003132,2025-05-21,SUP016,SKU029,WH001,130,127,2025-06-02,2025-06-02,Closed,11.3
PO003133,2025-08-19,SUP013,SKU014,WH005,1106,995,2025-09-01,2025-08-31,Closed,9.53
PO003134,2025-02-14,SUP007,SKU024,WH001,1240,1115,2025-03-09,2025-03-09,Closed,7.58
PO003135,2025-02-27,SUP011,SKU099,WH004,642,637,2025-03-08,2025-03-15,Closed,8.59
PO003136,2025-08-02,SUP021,SKU059,WH001,597,558,2025-08-11,2025-08-10,Closed,6.52
PO003137,2025-02-12,SUP013,SKU057,WH001,610,606,2025-03-08,2025-03-07,Closed,2.31
PO003138,2025-06-29,SUP017,SKU066,WH002,108,106,2025-07-16,2025-07-16,Closed,8.21
PO003139,2025-11-21,SUP020,SKU090,WH005,639,637,2025-12-07,2025-12-06,Closed,7.29
PO003140,2025-02-06,SUP010,SKU075,WH001,824,781,2025-02-15,2025-02-14,Closed,9.3
PO003141,2025-03-10,SUP015,SKU139,WH003,678,646,2025-03-24,2025-03-22,Closed,11.11
PO003142,2025-01-24,SUP002,SKU108,WH001,255,222,2025-02-12,2025-02-11,Late,9.81
PO003143,2025-09-12,SUP025,SKU073,WH003,126,111,2025-09-17,2025-09-17,Closed,2.98
PO003144,2025-08-11,SUP006,SKU071,WH003,1356,1306,2025-08-16,2025-08-16,Closed,8.74
PO003145,2025-08-07,SUP017,SKU074,WH001,133,123,2025-08-20,2025-08-20,Closed,7.35
PO003146,2025-02-13,SUP002,SKU077,WH005,480,467,2025-02-25,2025-02-23,Closed,9.38
PO003147,2025-02-20,SUP006,SKU032,WH004,1450,1420,2025-03-15,2025-03-15,Closed,4.53
PO003148,2025-08-17,SUP002,SKU077,WH001,1204,1157,2025-08-29,2025-09-05,Closed,9.38
PO003149,2025-04-07,SUP012,SKU044,WH001,159,140,2025-04-16,2025-04-14,Closed,5.88
PO003150,2025-01-17,SUP016,SKU029,WH001,800,747,2025-01-29,2025-02-02,Closed,11.3
PO003151,2025-02-03,SUP004,SKU106,WH001,140,139,2025-02-13,2025-02-21,Closed,10.85
PO003152,2025-01-25,SUP001,SKU122,WH003,772,682,2025-02-08,2025-02-08,Closed,11.42
PO003153,2025-02-11,SUP025,SKU073,WH003,793,717,2025-02-16,2025-02-15,Closed,2.98
PO003154,2025-06-29,SUP016,SKU045,WH002,1316,1227,2025-07-05,2025-07-04,Closed,3.07
PO003155,2025-02-08,SUP002,SKU131,WH003,1420,1333,2025-03-05,2025-03-03,Closed,8.58
PO003156,2025-12-18,SUP013,SKU039,WH001,154,131,2026-01-04,2026-01-05,Closed,9.94
PO003157,2025-01-04,SUP012,SKU016,WH001,335,307,2025-01-21,2025-01-20,Closed,2.94
PO003158,2025-11-06,SUP006,SKU032,WH002,70,64,2025-11-29,2025-11-29,Closed,4.53
PO003159,2025-07-10,SUP002,SKU077,WH004,1405,1277,2025-07-22,2025-07-21,Closed,9.38
PO003160,2025-04-04,SUP024,SKU128,WH004,849,785,2025-04-20,2025-04-18,Closed,10.5
PO003161,2025-12-06,SUP022,SKU117,WH004,89,81,2025-12-11,2025-12-09,Closed,2.99
PO003162,2025-10-02,SUP014,SKU005,WH005,1187,1025,2025-10-13,2025-10-20,Closed,7.76
PO003163,2025-03-29,SUP016,SKU067,WH001,1156,1080,2025-04-14,2025-04-14,Closed,3.61
PO003164,2025-10-19,SUP002,SKU095,WH005,562,514,2025-11-09,2025-11-08,Closed,10.55
PO003165,2025-03-23,SUP025,SKU009,WH001,1040,894,2025-04-09,2025-04-08,Closed,11.58
PO003166,2025-09-19,SUP007,SKU015,WH005,1359,1230,2025-09-27,2025-10-04,Late,10.87
PO003167,2025-11-28,SUP013,SKU052,WH005,1271,1198,2025-12-10,2025-12-09,Closed,7.96
PO003168,2025-11-09,SUP007,SKU011,WH004,977,291,2025-11-16,,Open,10.01
PO003169,2025-12-07,SUP013,SKU057,WH003,948,933,2025-12-31,2026-01-04,Closed,2.31
PO003170,2025-02-25,SUP002,SKU094,WH001,184,174,2025-03-06,2025-03-04,Closed,1.76
PO003171,2025-10-19,SUP017,SKU119,WH003,190,185,2025-10-24,2025-10-29,Closed,11.97
PO003172,2025-04-13,SUP013,SKU014,WH005,493,422,2025-04-26,2025-04-26,Closed,9.53
PO003173,2025-06-30,SUP008,SKU053,WH002,673,655,2025-07-22,2025-07-20,Closed,5.27
PO003174,2025-05-10,SUP010,SKU145,WH003,290,283,2025-05-30,2025-05-29,Closed,4.64
PO003175,2025-11-27,SUP006,SKU002,WH004,873,774,2025-12-04,2025-12-10,Closed,10.55
PO003176,2025-09-26,SUP023,SKU046,WH002,551,512,2025-10-07,2025-10-05,Closed,4.22
PO003177,2025-05-20,SUP022,SKU118,WH005,1436,1237,2025-06-13,2025-06-11,Closed,8.37
PO003178,2025-07-13,SUP011,SKU086,WH001,812,758,2025-08-01,2025-07-31,Closed,4.77
PO003179,2025-03-18,SUP010,SKU145,WH001,568,487,2025-04-07,2025-04-05,Late,4.64
PO003180,2025-06-10,SUP021,SKU059,WH002,1364,1306,2025-06-19,2025-06-17,Closed,6.52
PO003181,2025-06-27,SUP002,SKU040,WH002,820,719,2025-07-15,2025-07-15,Closed,1.97
PO003182,2025-02-07,SUP017,SKU050,WH004,966,855,2025-02-27,2025-03-01,Closed,7.03
PO003183,2025-11-19,SUP022,SKU117,WH002,201,181,2025-11-24,2025-11-30,Closed,2.99
PO003184,2025-03-18,SUP016,SKU067,WH002,1099,308,2025-04-03,,Open,3.61
PO003185,2025-03-26,SUP024,SKU010,WH005,507,489,2025-03-31,2025-03-31,Closed,2.72
PO003186,2025-02-28,SUP025,SKU025,WH004,1242,1109,2025-03-22,2025-03-20,Closed,8.66
PO003187,2025-10-13,SUP001,SKU105,WH004,240,227,2025-10-25,2025-10-23,Closed,11.35
PO003188,2025-12-17,SUP010,SKU075,WH004,697,604,2025-12-26,2025-12-25,Closed,9.3
PO003189,2025-02-25,SUP024,SKU111,WH004,782,737,2025-03-12,2025-03-11,Closed,3.96
PO003190,2025-07-16,SUP004,SKU134,WH001,476,416,2025-08-10,2025-08-10,Closed,2.09
PO003191,2025-10-02,SUP013,SKU052,WH003,1059,926,2025-10-14,2025-10-14,Closed,7.96
PO003192,2025-06-29,SUP019,SKU080,WH003,240,210,2025-07-09,2025-07-07,Closed,10.96
PO003193,2025-03-10,SUP023,SKU056,WH001,210,204,2025-03-19,2025-03-19,Closed,3.9
PO003194,2025-10-28,SUP012,SKU069,WH004,200,183,2025-11-12,2025-11-10,Closed,8.73
PO003195,2025-04-16,SUP020,SKU019,WH002,153,142,2025-04-29,2025-04-29,Closed,3.02
PO003196,2025-12-12,SUP005,SKU062,WH001,382,377,2025-12-24,2025-12-24,Closed,10.26
PO003197,2025-08-11,SUP024,SKU107,WH001,668,573,2025-08-21,2025-08-20,Closed,6.54
PO003198,2025-03-07,SUP025,SKU073,WH001,191,176,2025-03-12,2025-03-12,Closed,2.98
PO003199,2025-09-15,SUP025,SKU025,WH002,171,156,2025-10-07,2025-10-09,Closed,8.66
PO003200,2025-04-07,SUP024,SKU093,WH004,990,972,2025-04-27,2025-05-01,Closed,3.63
PO003201,2025-05-15,SUP001,SKU048,WH004,282,274,2025-06-04,2025-06-07,Closed,6.32
PO003202,2025-08-24,SUP024,SKU124,WH001,1171,1061,2025-09-05,2025-09-03,Closed,10.78
PO003203,2025-11-08,SUP018,SKU072,WH005,559,525,2025-11-14,2025-11-13,Closed,9.04
PO003204,2025-05-14,SUP025,SKU004,WH002,486,485,2025-06-06,2025-06-04,Closed,6.13
PO003205,2025-11-01,SUP022,SKU118,WH004,1305,1303,2025-11-25,2025-11-24,Closed,8.37
PO003206,2025-06-08,SUP017,SKU119,WH002,624,612,2025-06-13,2025-06-11,Closed,11.97
PO003207,2025-10-06,SUP023,SKU001,WH005,1352,1169,2025-10-31,2025-10-29,Closed,3.18
PO003208,2025-08-16,SUP005,SKU013,WH003,413,366,2025-08-23,2025-08-21,Closed,7.59
PO003209,2025-09-26,SUP007,SKU146,WH004,1081,953,2025-10-18,2025-10-16,Closed,1.2
PO003210,2025-11-11,SUP008,SKU121,WH001,304,296,2025-11-21,2025-11-20,Closed,6.97
PO003211,2025-04-16,SUP015,SKU087,WH003,1480,1434,2025-05-07,2025-05-07,Closed,4.19
PO003212,2025-04-05,SUP017,SKU050,WH004,491,474,2025-04-25,2025-04-24,Closed,7.03
PO003213,2025-03-26,SUP011,SKU097,WH004,1400,1398,2025-04-13,2025-04-12,Closed,6.92
PO003214,2025-04-22,SUP024,SKU093,WH003,395,354,2025-05-12,2025-05-10,Closed,3.63
PO003215,2025-06-20,SUP017,SKU068,WH003,1437,1292,2025-07-13,2025-07-12,Closed,11.13
PO003216,2025-01-04,SUP005,SKU060,WH002,713,696,2025-01-21,2025-01-20,Closed,9.75
PO003217,2025-06-08,SUP011,SKU086,WH003,782,187,2025-06-27,,Open,4.77
PO003218,2025-02-20,SUP002,SKU077,WH005,1095,947,2025-03-04,2025-03-03,Closed,9.38
PO003219,2025-06-06,SUP010,SKU003,WH002,231,35,2025-06-22,,Open,7.87
PO003220,2025-06-27,SUP025,SKU009,WH003,1474,1388,2025-07-14,2025-07-12,Closed,11.58
PO003221,2025-01-29,SUP003,SKU083,WH004,484,456,2025-02-18,2025-02-18,Closed,2.58
PO003222,2025-04-04,SUP023,SKU046,WH002,253,245,2025-04-15,2025-04-15,Closed,4.22
PO003223,2025-06-21,SUP012,SKU091,WH004,1101,1060,2025-07-10,2025-07-08,Closed,9.72
PO003224,2025-07-16,SUP012,SKU098,WH004,939,267,2025-08-07,,Open,6.95
PO003225,2025-03-12,SUP015,SKU087,WH002,72,70,2025-04-02,2025-04-01,Closed,4.19
PO003226,2025-05-19,SUP023,SKU001,WH005,426,409,2025-06-13,2025-06-11,Closed,3.18
PO003227,2025-07-13,SUP016,SKU038,WH003,1240,1148,2025-08-03,2025-08-03,Closed,6.8
PO003228,2025-08-27,SUP023,SKU125,WH002,1209,1076,2025-09-16,2025-09-14,Closed,2.72
PO003229,2025-06-28,SUP024,SKU124,WH004,1151,1012,2025-07-10,2025-07-10,Closed,10.78
PO003230,2025-01-03,SUP022,SKU007,WH003,1287,1171,2025-01-13,2025-01-11,Closed,8.36
PO003231,2025-01-08,SUP006,SKU115,WH003,384,329,2025-02-01,2025-02-01,Late,7.72
PO003232,2025-11-06,SUP022,SKU140,WH003,1203,1049,2025-12-01,2025-12-01,Late,11.55
PO003233,2025-04-07,SUP007,SKU011,WH002,440,416,2025-04-14,2025-04-14,Closed,10.01
PO003234,2025-01-14,SUP019,SKU043,WH002,1031,1009,2025-02-07,2025-02-05,Closed,7.04
PO003235,2025-10-23,SUP016,SKU045,WH005,234,216,2025-10-29,2025-10-27,Closed,3.07
PO003236,2025-12-29,SUP004,SKU076,WH002,578,556,2026-01-03,2026-01-07,Closed,3.8
PO003237,2025-03-09,SUP015,SKU087,WH002,479,412,2025-03-30,2025-03-30,Closed,4.19
PO003238,2025-03-22,SUP007,SKU024,WH004,575,514,2025-04-14,2025-04-12,Late,7.58
PO003239,2025-03-25,SUP007,SKU142,WH001,83,77,2025-04-05,2025-04-03,Closed,7.2
PO003240,2025-07-27,SUP008,SKU112,WH004,1316,1137,2025-08-09,2025-08-09,Closed,2.85
PO003241,2025-02-01,SUP015,SKU120,WH004,415,382,2025-02-23,2025-02-22,Closed,6.3
PO003242,2025-09-13,SUP024,SKU035,WH002,211,210,2025-09-20,2025-09-18,Closed,11.5
PO003243,2025-01-08,SUP019,SKU018,WH001,95,85,2025-01-20,2025-01-18,Closed,10.5
PO003244,2025-07-13,SUP023,SKU027,WH001,1227,409,2025-07-29,,Open,3.81
PO003245,2025-04-28,SUP007,SKU142,WH004,1373,1190,2025-05-09,2025-05-09,Closed,7.2
PO003246,2025-04-11,SUP004,SKU144,WH002,842,758,2025-04-23,2025-04-21,Closed,2.03
PO003247,2025-11-27,SUP024,SKU107,WH005,1324,1157,2025-12-07,2025-12-07,Closed,6.54
PO003248,2025-11-28,SUP015,SKU088,WH001,1346,1325,2025-12-16,2025-12-14,Closed,6.94
PO003249,2025-07-13,SUP024,SKU010,WH004,773,667,2025-07-18,2025-07-17,Closed,2.72
PO003250,2025-10-26,SUP006,SKU115,WH004,395,380,2025-11-19,2025-11-19,Closed,7.72
PO003251,2025-07-19,SUP002,SKU108,WH005,601,549,2025-08-07,2025-08-05,Closed,9.81
PO003252,2025-04-28,SUP001,SKU048,WH001,983,949,2025-05-18,2025-05-18,Closed,6.32
PO003253,2025-06-26,SUP011,SKU109,WH004,653,646,2025-07-11,2025-07-13,Closed,7.66
PO003254,2025-11-11,SUP006,SKU023,WH005,131,113,2025-12-01,2025-11-29,Closed,8.04
PO003255,2025-03-02,SUP020,SKU081,WH005,656,592,2025-03-23,2025-03-22,Closed,9.8
PO003256,2025-11-19,SUP025,SKU073,WH002,1355,1285,2025-11-24,2025-11-22,Closed,2.98
PO003257,2025-08-23,SUP024,SKU111,WH001,456,449,2025-09-07,2025-09-09,Closed,3.96
PO003258,2025-05-30,SUP015,SKU120,WH001,733,671,2025-06-21,2025-06-22,Closed,6.3
PO003259,2025-11-21,SUP017,SKU020,WH002,1311,1281,2025-11-30,2025-11-29,Late,8.72
PO003260,2025-08-11,SUP012,SKU044,WH005,705,684,2025-08-20,2025-08-18,Closed,5.88
PO003261,2025-07-25,SUP017,SKU066,WH001,624,572,2025-08-11,2025-08-10,Closed,8.21
PO003262,2025-01-30,SUP004,SKU106,WH002,1322,1161,2025-02-09,2025-02-10,Closed,10.85
PO003263,2025-10-23,SUP014,SKU143,WH001,167,155,2025-11-14,2025-11-21,Closed,11.18
PO003264,2025-01-19,SUP003,SKU030,WH004,983,935,2025-02-06,2025-02-06,Closed,11.72
PO003265,2025-11-16,SUP015,SKU123,WH004,228,206,2025-11-23,2025-11-21,Closed,10.56
PO003266,2025-11-11,SUP024,SKU031,WH004,1077,954,2025-11-29,2025-12-07,Closed,3.1
PO003267,2025-10-22,SUP007,SKU015,WH001,1201,1189,2025-10-30,2025-10-28,Late,10.87
PO003268,2025-11-14,SUP023,SKU027,WH001,1358,1285,2025-11-30,2025-11-30,Closed,3.81
PO003269,2025-05-05,SUP024,SKU149,WH004,139,120,2025-05-10,2025-05-09,Closed,3.72
PO003270,2025-01-24,SUP015,SKU033,WH001,509,474,2025-01-30,2025-01-28,Closed,10.83
PO003271,2025-08-13,SUP024,SKU031,WH003,824,794,2025-08-31,2025-08-29,Closed,3.1
PO003272,2025-05-21,SUP002,SKU085,WH005,151,135,2025-06-03,2025-06-02,Closed,2.16
PO003273,2025-08-11,SUP004,SKU144,WH004,685,635,2025-08-23,2025-08-21,Closed,2.03
PO003274,2025-07-13,SUP011,SKU109,WH001,1086,946,2025-07-28,2025-07-26,Closed,7.66
PO003275,2025-06-12,SUP006,SKU023,WH001,287,22,2025-07-02,,Open,8.04
PO003276,2025-06-12,SUP025,SKU102,WH004,755,672,2025-06-20,2025-06-20,Closed,10.0
PO003277,2025-09-18,SUP012,SKU016,WH005,1377,1362,2025-10-05,2025-10-03,Closed,2.94
PO003278,2025-10-05,SUP014,SKU047,WH004,1137,1131,2025-10-23,2025-10-23,Closed,5.04
PO003279,2025-05-01,SUP024,SKU093,WH004,1394,1311,2025-05-21,2025-05-19,Closed,3.63
PO003280,2025-01-16,SUP016,SKU038,WH002,83,74,2025-02-06,2025-02-10,Closed,6.8
PO003281,2025-06-02,SUP019,SKU043,WH001,195,184,2025-06-26,2025-06-25,Late,7.04
PO003282,2025-05-17,SUP022,SKU007,WH001,1173,1122,2025-05-27,2025-05-25,Closed,8.36
PO003283,2025-09-15,SUP006,SKU032,WH001,837,801,2025-10-08,2025-10-08,Closed,4.53
PO003284,2025-07-03,SUP005,SKU013,WH001,287,264,2025-07-10,2025-07-08,Closed,7.59
PO003285,2025-03-18,SUP020,SKU126,WH005,146,127,2025-04-09,2025-04-09,Closed,2.53
PO003286,2025-04-05,SUP008,SKU110,WH004,318,306,2025-04-23,2025-04-22,Closed,3.66
PO003287,2025-04-21,SUP014,SKU143,WH003,80,78,2025-05-13,2025-05-13,Closed,11.18
PO003288,2025-04-09,SUP016,SKU026,WH002,323,79,2025-04-16,,Open,11.19
PO003289,2025-02-03,SUP012,SKU098,WH004,1241,1091,2025-02-25,2025-02-23,Closed,6.95
PO003290,2025-12-05,SUP020,SKU114,WH004,632,602,2025-12-17,2025-12-17,Closed,10.59
PO003291,2025-12-11,SUP019,SKU043,WH004,1361,1335,2026-01-04,2026-01-03,Closed,7.04
PO003292,2025-10-22,SUP020,SKU114,WH005,199,187,2025-11-03,2025-11-02,Closed,10.59
PO003293,2025-03-20,SUP007,SKU015,WH003,107,96,2025-03-28,2025-04-04,Closed,10.87
PO003294,2025-11-01,SUP013,SKU039,WH003,1035,911,2025-11-18,2025-11-17,Closed,9.94
PO003295,2025-02-10,SUP018,SKU079,WH003,1415,1266,2025-02-16,2025-02-14,Closed,3.5
PO003296,2025-10-06,SUP015,SKU088,WH001,1378,1281,2025-10-24,2025-10-22,Closed,6.94
PO003297,2025-09-19,SUP023,SKU008,WH001,1019,907,2025-10-03,2025-10-01,Closed,10.3
PO003298,2025-05-18,SUP016,SKU029,WH003,617,607,2025-05-30,2025-05-30,Closed,11.3
PO003299,2025-02-06,SUP005,SKU138,WH004,242,235,2025-03-01,2025-02-27,Closed,2.04
PO003300,2025-08-02,SUP012,SKU098,WH002,144,140,2025-08-24,2025-08-23,Closed,6.95
PO003301,2025-01-08,SUP024,SKU035,WH002,1021,948,2025-01-15,2025-01-15,Closed,11.5
PO003302,2025-02-06,SUP010,SKU145,WH001,737,638,2025-02-26,2025-02-25,Closed,4.64
PO003303,2025-07-31,SUP002,SKU085,WH002,415,353,2025-08-13,2025-08-11,Closed,2.16
PO003304,2025-10-26,SUP013,SKU039,WH004,1009,922,2025-11-12,2025-11-10,Closed,9.94
PO003305,2025-02-27,SUP004,SKU144,WH005,1150,1028,2025-03-11,2025-03-11,Closed,2.03
PO003306,2025-11-29,SUP022,SKU117,WH005,1195,1107,2025-12-04,2025-12-06,Closed,2.99
PO003307,2025-10-14,SUP024,SKU149,WH005,381,356,2025-10-19,2025-10-21,Closed,3.72
PO003308,2025-02-10,SUP015,SKU033,WH002,868,804,2025-02-16,2025-02-16,Closed,10.83
PO003309,2025-12-26,SUP015,SKU120,WH002,80,76,2026-01-17,2026-01-23,Closed,6.3
PO003310,2025-12-17,SUP014,SKU047,WH002,698,636,2026-01-04,2026-01-02,Closed,5.04
PO003311,2025-03-29,SUP001,SKU122,WH004,598,519,2025-04-12,2025-04-11,Closed,11.42
PO003312,2025-01-22,SUP019,SKU082,WH002,1146,998,2025-02-06,2025-02-04,Closed,7.9
PO003313,2025-11-22,SUP019,SKU043,WH005,821,278,2025-12-16,,Open,7.04
PO003314,2025-03-13,SUP016,SKU026,WH003,275,241,2025-03-20,2025-03-19,Closed,11.19
PO003315,2025-05-26,SUP008,SKU110,WH001,408,395,2025-06-13,2025-06-12,Closed,3.66
PO003316,2025-06-30,SUP024,SKU010,WH004,353,32,2025-07-05,,Open,2.72
PO003317,2025-07-25,SUP019,SKU043,WH002,236,232,2025-08-18,2025-08-18,Closed,7.04
PO003318,2025-02-19,SUP006,SKU023,WH005,570,540,2025-03-11,2025-03-10,Closed,8.04
PO003319,2025-03-01,SUP005,SKU013,WH002,50,49,2025-03-08,2025-03-08,Late,7.59
PO003320,2025-01-27,SUP024,SKU124,WH001,1169,1145,2025-02-08,2025-02-07,Closed,10.78
PO003321,2025-08-29,SUP022,SKU140,WH004,1313,1147,2025-09-23,2025-09-22,Closed,11.55
PO003322,2025-11-06,SUP001,SKU105,WH002,768,722,2025-11-18,2025-11-16,Closed,11.35
PO003323,2025-05-14,SUP015,SKU088,WH001,1490,1328,2025-06-01,2025-05-30,Closed,6.94
PO003324,2025-06-23,SUP010,SKU147,WH005,438,412,2025-07-18,2025-07-18,Closed,9.49
PO003325,2025-02-13,SUP021,SKU021,WH001,863,800,2025-02-18,2025-02-16,Late,5.64
PO003326,2025-11-14,SUP020,SKU096,WH003,501,432,2025-11-24,2025-11-23,Closed,4.22
PO003327,2025-07-22,SUP012,SKU044,WH004,1188,1029,2025-07-31,2025-07-29,Closed,5.88
PO003328,2025-12-25,SUP021,SKU021,WH004,1483,1448,2025-12-30,2025-12-28,Closed,5.64
PO003329,2025-03-16,SUP017,SKU063,WH003,767,699,2025-04-02,2025-04-01,Closed,3.72
PO003330,2025-01-24,SUP014,SKU005,WH003,304,300,2025-02-04,2025-02-04,Closed,7.76
PO003331,2025-03-04,SUP016,SKU141,WH002,807,746,2025-03-17,2025-03-16,Closed,6.49
PO003332,2025-09-13,SUP001,SKU122,WH003,865,855,2025-09-27,2025-09-26,Closed,11.42
PO003333,2025-04-09,SUP014,SKU006,WH005,786,782,2025-05-03,2025-05-01,Closed,4.49
PO003334,2025-01-19,SUP022,SKU116,WH001,766,744,2025-02-09,2025-02-09,Closed,4.95
PO003335,2025-01-27,SUP003,SKU083,WH001,607,562,2025-02-16,2025-02-16,Closed,2.58
PO003336,2025-08-10,SUP002,SKU040,WH005,778,735,2025-08-28,2025-09-03,Closed,1.97
PO003337,2025-11-12,SUP020,SKU090,WH001,1369,1271,2025-11-28,2025-11-27,Closed,7.29
PO003338,2025-09-01,SUP006,SKU042,WH001,384,376,2025-09-17,2025-09-17,Closed,6.84
PO003339,2025-01-25,SUP024,SKU128,WH001,815,781,2025-02-10,2025-02-08,Closed,10.5
PO003340,2025-03-15,SUP019,SKU043,WH001,573,494,2025-04-08,2025-04-06,Closed,7.04
PO003341,2025-08-02,SUP024,SKU010,WH003,1063,990,2025-08-07,2025-08-05,Closed,2.72
PO003342,2025-03-01,SUP017,SKU068,WH002,330,322,2025-03-24,2025-03-22,Closed,11.13
PO003343,2025-05-17,SUP012,SKU016,WH003,1481,515,2025-06-03,,Open,2.94
PO003344,2025-05-19,SUP006,SKU023,WH003,1078,1047,2025-06-08,2025-06-08,Closed,8.04
PO003345,2025-06-16,SUP013,SKU130,WH004,881,878,2025-07-01,2025-07-09,Closed,5.55
PO003346,2025-05-22,SUP017,SKU020,WH005,1077,945,2025-05-31,2025-05-30,Closed,8.72
PO003347,2025-11-02,SUP022,SKU117,WH005,629,126,2025-11-07,,Open,2.99
PO003348,2025-05-06,SUP022,SKU118,WH001,668,594,2025-05-30,2025-05-30,Closed,8.37
PO003349,2025-06-19,SUP002,SKU085,WH001,1065,1015,2025-07-02,2025-07-02,Closed,2.16
PO003350,2025-03-06,SUP025,SKU132,WH005,1073,308,2025-03-31,,Open,8.24
PO003351,2025-08-09,SUP001,SKU122,WH002,332,298,2025-08-23,2025-08-21,Closed,11.42
PO003352,2025-06-09,SUP016,SKU026,WH004,808,778,2025-06-16,2025-06-15,Closed,11.19
PO003353,2025-02-27,SUP002,SKU095,WH002,1313,1293,2025-03-20,2025-03-20,Closed,10.55
PO003354,2025-12-12,SUP024,SKU093,WH003,93,92,2026-01-01,2025-12-31,Closed,3.63
PO003355,2025-11-22,SUP018,SKU072,WH002,1056,933,2025-11-28,2025-11-27,Closed,9.04
PO003356,2025-02-28,SUP014,SKU047,WH002,861,787,2025-03-18,2025-03-16,Closed,5.04
PO003357,2025-02-07,SUP024,SKU022,WH005,645,149,2025-02-15,,Open,11.85
PO003358,2025-08-09,SUP005,SKU070,WH002,1386,1245,2025-08-21,2025-08-20,Closed,4.2
PO003359,2025-08-20,SUP021,SKU036,WH003,1238,1236,2025-08-25,2025-08-25,Closed,7.17
PO003360,2025-02-20,SUP016,SKU029,WH001,1418,1299,2025-03-04,2025-03-03,Late,11.3
PO003361,2025-11-06,SUP005,SKU070,WH002,365,339,2025-11-18,2025-11-16,Closed,4.2
PO003362,2025-01-06,SUP004,SKU106,WH002,784,52,2025-01-16,,Open,10.85
PO003363,2025-06-20,SUP025,SKU073,WH001,1225,1161,2025-06-25,2025-06-25,Closed,2.98
PO003364,2025-10-14,SUP007,SKU142,WH001,1067,990,2025-10-25,2025-10-24,Closed,7.2
PO003365,2025-03-15,SUP017,SKU074,WH002,540,461,2025-03-28,2025-03-26,Closed,7.35
PO003366,2025-11-11,SUP019,SKU043,WH003,1490,1284,2025-12-05,2025-12-05,Closed,7.04
PO003367,2025-05-22,SUP015,SKU120,WH003,893,778,2025-06-13,2025-06-11,Closed,6.3
PO003368,2025-04-30,SUP022,SKU116,WH003,246,65,2025-05-21,,Open,4.95
PO003369,2025-09-01,SUP017,SKU055,WH001,850,752,2025-09-26,2025-09-25,Closed,11.32
PO003370,2025-04-23,SUP014,SKU143,WH001,429,50,2025-05-15,,Open,11.18
PO003371,2025-07-24,SUP005,SKU070,WH005,1221,1070,2025-08-05,2025-08-13,Closed,4.2
PO003372,2025-12-08,SUP025,SKU073,WH005,1364,1230,2025-12-13,2025-12-16,Closed,2.98
PO003373,2025-10-31,SUP024,SKU035,WH003,104,102,2025-11-07,2025-11-11,Closed,11.5
PO003374,2025-06-17,SUP002,SKU094,WH002,269,232,2025-06-26,2025-06-26,Closed,1.76
PO003375,2025-10-10,SUP007,SKU142,WH005,511,468,2025-10-21,2025-10-20,Closed,7.2
PO003376,2025-03-02,SUP021,SKU021,WH001,97,82,2025-03-07,2025-03-06,Closed,5.64
PO003377,2025-05-31,SUP023,SKU008,WH004,1317,1237,2025-06-14,2025-06-13,Closed,10.3
PO003378,2025-04-12,SUP017,SKU063,WH001,1347,1167,2025-04-29,2025-04-28,Closed,3.72
PO003379,2025-12-12,SUP012,SKU016,WH002,522,119,2025-12-29,,Open,2.94
PO003380,2025-08-19,SUP006,SKU023,WH002,362,335,2025-09-08,2025-09-08,Closed,8.04
PO003381,2025-09-12,SUP003,SKU030,WH003,1305,1297,2025-09-30,2025-09-30,Closed,11.72
PO003382,2025-03-08,SUP016,SKU045,WH004,509,456,2025-03-14,2025-03-19,Closed,3.07
PO003383,2025-09-01,SUP010,SKU145,WH005,746,705,2025-09-21,2025-09-20,Closed,4.64
PO003384,2025-04-30,SUP023,SKU056,WH002,100,28,2025-05-09,,Open,3.9
PO003385,2025-08-27,SUP004,SKU134,WH001,385,380,2025-09-21,2025-09-19,Closed,2.09
PO003386,2025-02-20,SUP016,SKU067,WH005,1081,935,2025-03-08,2025-03-07,Closed,3.61
PO003387,2025-08-01,SUP004,SKU076,WH003,1097,1049,2025-08-06,2025-08-06,Closed,3.8
PO003388,2025-02-12,SUP003,SKU030,WH001,387,342,2025-03-02,2025-02-28,Closed,11.72
PO003389,2025-06-21,SUP013,SKU039,WH003,411,393,2025-07-08,2025-07-08,Closed,9.94
PO003390,2025-06-05,SUP019,SKU049,WH003,730,701,2025-06-13,2025-06-11,Closed,1.72
PO003391,2025-10-06,SUP018,SKU072,WH004,421,404,2025-10-12,2025-10-11,Closed,9.04
PO003392,2025-03-29,SUP013,SKU052,WH004,259,257,2025-04-10,2025-04-10,Closed,7.96
PO003393,2025-05-29,SUP007,SKU137,WH002,185,167,2025-06-13,2025-06-11,Closed,2.01
PO003394,2025-07-23,SUP015,SKU139,WH002,1497,1422,2025-08-06,2025-08-04,Closed,11.11
PO003395,2025-01-01,SUP024,SKU124,WH004,1477,1338,2025-01-13,2025-01-11,Closed,10.78
PO003396,2025-07-06,SUP022,SKU140,WH004,1144,1011,2025-07-31,2025-07-30,Closed,11.55
PO003397,2025-11-02,SUP002,SKU131,WH003,699,661,2025-11-27,2025-11-27,Closed,8.58
PO003398,2025-05-19,SUP024,SKU010,WH004,169,153,2025-05-24,2025-05-24,Closed,2.72
PO003399,2025-10-10,SUP022,SKU113,WH002,996,925,2025-10-19,2025-10-19,Closed,11.04
PO003400,2025-03-14,SUP004,SKU144,WH002,1158,1010,2025-03-26,2025-04-01,Closed,2.03
PO003401,2025-02-10,SUP012,SKU044,WH001,849,804,2025-02-19,2025-02-25,Closed,5.88
PO003402,2025-02-17,SUP007,SKU024,WH004,1329,368,2025-03-12,,Open,7.58
PO003403,2025-05-24,SUP022,SKU117,WH004,1115,1053,2025-05-29,2025-05-29,Closed,2.99
PO003404,2025-01-24,SUP004,SKU076,WH002,858,839,2025-01-29,2025-01-29,Closed,3.8
PO003405,2025-08-30,SUP009,SKU129,WH003,464,423,2025-09-21,2025-09-23,Closed,6.29
PO003406,2025-07-06,SUP022,SKU133,WH001,1482,1396,2025-07-17,2025-07-17,Late,7.69
PO003407,2025-02-23,SUP002,SKU040,WH004,1139,1024,2025-03-13,2025-03-12,Closed,1.97
PO003408,2025-10-02,SUP008,SKU110,WH005,106,94,2025-10-20,2025-10-19,Closed,3.66
PO003409,2025-12-18,SUP018,SKU079,WH002,553,522,2025-12-24,2025-12-24,Late,3.5
PO003410,2025-03-14,SUP019,SKU043,WH003,1059,980,2025-04-07,2025-04-07,Closed,7.04
PO003411,2025-11-07,SUP023,SKU056,WH004,195,165,2025-11-16,2025-11-16,Closed,3.9
PO003412,2025-07-22,SUP023,SKU027,WH003,1015,306,2025-08-07,,Open,3.81
PO003413,2025-11-11,SUP025,SKU102,WH003,496,424,2025-11-19,2025-11-18,Late,10.0
PO003414,2025-03-06,SUP012,SKU044,WH001,531,123,2025-03-15,,Open,5.88
PO003415,2025-09-08,SUP025,SKU103,WH004,753,640,2025-09-18,2025-09-18,Closed,8.91
PO003416,2025-08-31,SUP006,SKU032,WH005,1387,1263,2025-09-23,2025-09-27,Closed,4.53
PO003417,2025-03-14,SUP019,SKU051,WH005,792,761,2025-03-21,2025-03-19,Closed,9.85
PO003418,2025-09-08,SUP017,SKU020,WH002,655,646,2025-09-17,2025-09-15,Closed,8.72
PO003419,2025-02-09,SUP025,SKU025,WH001,1449,1281,2025-03-03,2025-03-03,Closed,8.66
PO003420,2025-06-19,SUP022,SKU007,WH004,899,784,2025-06-29,2025-06-28,Closed,8.36
PO003421,2025-08-19,SUP023,SKU001,WH004,1166,1061,2025-09-13,2025-09-11,Closed,3.18
PO003422,2025-06-27,SUP024,SKU012,WH005,461,447,2025-07-13,2025-07-11,Closed,11.08
PO003423,2025-02-28,SUP022,SKU118,WH005,284,251,2025-03-24,2025-03-23,Closed,8.37
PO003424,2025-11-10,SUP011,SKU097,WH002,420,381,2025-11-28,2025-11-26,Closed,6.92
PO003425,2025-11-12,SUP011,SKU086,WH004,846,260,2025-12-01,,Open,4.77
PO003426,2025-01-15,SUP020,SKU096,WH002,237,226,2025-01-25,2025-01-23,Closed,4.22
PO003427,2025-06-20,SUP024,SKU150,WH005,249,229,2025-07-05,2025-07-04,Closed,11.46
PO003428,2025-06-17,SUP020,SKU114,WH001,838,769,2025-06-29,2025-06-29,Late,10.59
PO003429,2025-12-10,SUP019,SKU043,WH001,798,744,2026-01-03,2026-01-02,Closed,7.04
PO003430,2025-12-16,SUP014,SKU005,WH002,1418,1360,2025-12-27,2025-12-27,Closed,7.76
PO003431,2025-08-23,SUP019,SKU051,WH002,544,538,2025-08-30,2025-08-29,Closed,9.85
PO003432,2025-11-26,SUP021,SKU059,WH001,373,4,2025-12-05,,Open,6.52
PO003433,2025-08-04,SUP006,SKU042,WH002,740,674,2025-08-20,2025-08-19,Closed,6.84
PO003434,2025-08-21,SUP001,SKU105,WH001,335,316,2025-09-02,2025-09-01,Closed,11.35
PO003435,2025-01-28,SUP017,SKU074,WH002,1330,1298,2025-02-10,2025-02-08,Closed,7.35
PO003436,2025-02-03,SUP021,SKU021,WH001,1186,1089,2025-02-08,2025-02-14,Closed,5.64
PO003437,2025-03-09,SUP006,SKU115,WH004,112,106,2025-04-02,2025-04-06,Closed,7.72
PO003438,2025-09-17,SUP017,SKU068,WH002,322,283,2025-10-10,2025-10-09,Closed,11.13
PO003439,2025-03-31,SUP006,SKU042,WH003,1367,1266,2025-04-16,2025-04-16,Closed,6.84
PO003440,2025-10-13,SUP001,SKU048,WH005,739,628,2025-11-02,2025-11-01,Closed,6.32
PO003441,2025-07-07,SUP016,SKU038,WH005,994,948,2025-07-28,2025-07-27,Closed,6.8
PO003442,2025-07-06,SUP023,SKU056,WH004,62,55,2025-07-15,2025-07-14,Closed,3.9
PO003443,2025-06-10,SUP019,SKU051,WH001,103,88,2025-06-17,2025-06-17,Closed,9.85
PO003444,2025-03-15,SUP007,SKU015,WH004,809,741,2025-03-23,2025-03-26,Closed,10.87
PO003445,2025-01-31,SUP021,SKU054,WH003,980,960,2025-02-23,2025-02-23,Closed,8.56
PO003446,2025-11-12,SUP012,SKU061,WH004,1360,1192,2025-12-01,2025-11-29,Closed,7.1
PO003447,2025-11-15,SUP022,SKU118,WH004,1202,201,2025-12-09,,Open,8.37
PO003448,2025-03-02,SUP011,SKU041,WH004,394,362,2025-03-23,2025-03-22,Closed,8.46
PO003449,2025-05-19,SUP011,SKU041,WH001,1130,188,2025-06-09,,Open,8.46
PO003450,2025-11-15,SUP019,SKU051,WH004,159,135,2025-11-22,2025-11-20,Closed,9.85
PO003451,2025-04-26,SUP010,SKU075,WH001,734,233,2025-05-05,,Open,9.3
PO003452,2025-06-20,SUP012,SKU098,WH003,789,688,2025-07-12,2025-07-11,Closed,6.95
PO003453,2025-01-20,SUP024,SKU150,WH001,1438,1281,2025-02-04,2025-02-03,Closed,11.46
PO003454,2025-04-26,SUP010,SKU145,WH002,534,529,2025-05-16,2025-05-15,Closed,4.64
PO003455,2025-08-21,SUP024,SKU035,WH002,182,171,2025-08-28,2025-08-27,Late,11.5
PO003456,2025-11-18,SUP013,SKU039,WH001,697,659,2025-12-05,2025-12-11,Closed,9.94
PO003457,2025-03-10,SUP012,SKU091,WH003,904,786,2025-03-29,2025-04-03,Closed,9.72
PO003458,2025-01-12,SUP015,SKU037,WH004,316,289,2025-01-19,2025-01-18,Closed,3.03
PO003459,2025-04-28,SUP019,SKU082,WH002,730,649,2025-05-13,2025-05-14,Closed,7.9
PO003460,2025-10-20,SUP002,SKU131,WH001,318,290,2025-11-14,2025-11-14,Closed,8.58
PO003461,2025-05-24,SUP011,SKU097,WH005,511,486,2025-06-11,2025-06-11,Closed,6.92
PO003462,2025-11-27,SUP015,SKU123,WH003,665,618,2025-12-04,2025-12-04,Closed,10.56
PO003463,2025-09-11,SUP017,SKU063,WH004,120,110,2025-09-28,2025-10-05,Closed,3.72
PO003464,2025-09-06,SUP019,SKU018,WH001,284,282,2025-09-18,2025-09-26,Closed,10.5
PO003465,2025-03-19,SUP019,SKU051,WH002,171,170,2025-03-26,2025-03-26,Closed,9.85
PO003466,2025-12-17,SUP007,SKU024,WH005,1130,1074,2026-01-09,2026-01-07,Closed,7.58
PO003467,2025-07-01,SUP022,SKU117,WH004,1030,977,2025-07-06,2025-07-06,Closed,2.99
PO003468,2025-06-25,SUP015,SKU088,WH001,328,307,2025-07-13,2025-07-11,Closed,6.94
PO003469,2025-09-20,SUP020,SKU096,WH005,243,224,2025-09-30,2025-10-04,Closed,4.22
PO003470,2025-10-05,SUP017,SKU066,WH002,1258,1116,2025-10-22,2025-10-21,Closed,8.21
PO003471,2025-12-11,SUP024,SKU150,WH005,822,787,2025-12-26,2025-12-25,Closed,11.46
PO003472,2025-04-23,SUP010,SKU003,WH004,307,269,2025-05-09,2025-05-09,Late,7.87
PO003473,2025-04-18,SUP019,SKU049,WH001,512,459,2025-04-26,2025-05-02,Closed,1.72
PO003474,2025-02-19,SUP022,SKU133,WH001,416,409,2025-03-02,2025-02-28,Closed,7.69
PO003475,2025-04-05,SUP007,SKU024,WH001,1149,1119,2025-04-28,2025-05-05,Closed,7.58
PO003476,2025-03-14,SUP023,SKU027,WH004,1211,1125,2025-03-30,2025-03-29,Closed,3.81
PO003477,2025-09-16,SUP013,SKU057,WH005,913,911,2025-10-10,2025-10-10,Closed,2.31
PO003478,2025-04-17,SUP025,SKU132,WH002,64,4,2025-05-12,,Open,8.24
PO003479,2025-01-23,SUP017,SKU066,WH001,532,459,2025-02-09,2025-02-09,Closed,8.21
PO003480,2025-05-01,SUP011,SKU099,WH004,146,143,2025-05-10,2025-05-10,Closed,8.59
PO003481,2025-10-02,SUP007,SKU011,WH005,355,342,2025-10-09,2025-10-12,Closed,10.01
PO003482,2025-05-06,SUP015,SKU087,WH004,591,512,2025-05-27,2025-05-30,Closed,4.19
PO003483,2025-04-01,SUP023,SKU008,WH005,604,98,2025-04-15,,Open,10.3
PO003484,2025-05-09,SUP013,SKU057,WH003,808,773,2025-06-02,2025-06-01,Closed,2.31
PO003485,2025-06-17,SUP013,SKU057,WH004,916,840,2025-07-11,2025-07-11,Closed,2.31
PO003486,2025-09-15,SUP020,SKU081,WH003,1350,1297,2025-10-06,2025-10-04,Closed,9.8
PO003487,2025-01-27,SUP025,SKU103,WH004,1192,1098,2025-02-06,2025-02-04,Late,8.91
PO003488,2025-07-17,SUP006,SKU071,WH004,945,807,2025-07-22,2025-07-20,Closed,8.74
PO003489,2025-04-10,SUP015,SKU120,WH004,892,862,2025-05-02,2025-05-02,Closed,6.3
PO003490,2025-03-31,SUP004,SKU106,WH001,265,251,2025-04-10,2025-04-12,Closed,10.85
PO003491,2025-05-20,SUP012,SKU098,WH002,559,502,2025-06-11,2025-06-11,Closed,6.95
PO003492,2025-04-29,SUP024,SKU149,WH003,463,403,2025-05-04,2025-05-02,Closed,3.72
PO003493,2025-10-04,SUP006,SKU127,WH003,371,350,2025-10-20,2025-10-20,Closed,10.11
PO003494,2025-12-29,SUP007,SKU146,WH005,803,684,2026-01-20,2026-01-20,Closed,1.2
PO003495,2025-06-27,SUP022,SKU133,WH003,1389,1373,2025-07-08,2025-07-08,Closed,7.69
PO003496,2025-03-15,SUP014,SKU006,WH004,56,47,2025-04-08,2025-04-06,Late,4.49
PO003497,2025-01-16,SUP002,SKU136,WH003,642,636,2025-02-08,2025-02-09,Closed,4.12
PO003498,2025-12-20,SUP021,SKU021,WH005,192,186,2025-12-25,2025-12-24,Closed,5.64
PO003499,2025-01-11,SUP007,SKU146,WH005,1421,1262,2025-02-02,2025-01-31,Closed,1.2
PO003500,2025-11-30,SUP011,SKU099,WH004,272,248,2025-12-09,2025-12-07,Closed,8.59
PO003501,2025-11-06,SUP007,SKU104,WH004,1203,1177,2025-12-01,2025-11-30,Closed,5.43
PO003502,2025-03-11,SUP002,SKU085,WH002,675,588,2025-03-24,2025-03-22,Closed,2.16
PO003503,2025-02-15,SUP003,SKU083,WH002,695,677,2025-03-07,2025-03-05,Closed,2.58
PO003504,2025-04-18,SUP004,SKU144,WH001,318,270,2025-04-30,2025-05-06,Closed,2.03
PO003505,2025-05-06,SUP006,SKU032,WH002,1299,1273,2025-05-29,2025-06-06,Closed,4.53
PO003506,2025-05-24,SUP006,SKU032,WH002,1036,973,2025-06-16,2025-06-15,Closed,4.53
PO003507,2025-04-05,SUP012,SKU069,WH005,1027,969,2025-04-20,2025-04-20,Closed,8.73
PO003508,2025-06-11,SUP024,SKU031,WH002,1219,1109,2025-06-29,2025-07-01,Closed,3.1
PO003509,2025-05-27,SUP011,SKU086,WH005,1126,1018,2025-06-15,2025-06-13,Closed,4.77
PO003510,2025-11-13,SUP016,SKU141,WH005,987,947,2025-11-26,2025-11-24,Closed,6.49
PO003511,2025-10-22,SUP003,SKU030,WH005,1199,1026,2025-11-09,2025-11-08,Closed,11.72
PO003512,2025-03-19,SUP006,SKU127,WH004,822,819,2025-04-04,2025-04-04,Late,10.11
PO003513,2025-05-17,SUP024,SKU111,WH005,521,463,2025-06-01,2025-05-30,Closed,3.96
PO003514,2025-04-05,SUP002,SKU085,WH005,415,376,2025-04-18,2025-04-16,Closed,2.16
PO003515,2025-02-14,SUP016,SKU038,WH002,1360,1327,2025-03-07,2025-03-06,Closed,6.8
PO003516,2025-05-15,SUP008,SKU053,WH001,1219,1120,2025-06-06,2025-06-05,Closed,5.27
PO003517,2025-02-12,SUP012,SKU061,WH004,1219,1212,2025-03-03,2025-03-01,Closed,7.1
PO003518,2025-05-06,SUP024,SKU149,WH005,1439,1419,2025-05-11,2025-05-09,Late,3.72
PO003519,2025-01-06,SUP005,SKU070,WH003,1067,1023,2025-01-18,2025-01-17,Closed,4.2
PO003520,2025-05-30,SUP008,SKU112,WH003,241,230,2025-06-12,2025-06-11,Closed,2.85
PO003521,2025-01-31,SUP001,SKU105,WH001,1121,1004,2025-02-12,2025-02-10,Closed,11.35
PO003522,2025-08-04,SUP008,SKU065,WH005,1356,1236,2025-08-21,2025-08-22,Late,2.4
PO003523,2025-03-13,SUP020,SKU096,WH003,890,867,2025-03-23,2025-03-28,Closed,4.22
PO003524,2025-04-19,SUP001,SKU048,WH003,529,512,2025-05-09,2025-05-07,Closed,6.32
PO003525,2025-08-08,SUP002,SKU085,WH002,1413,1359,2025-08-21,2025-08-21,Closed,2.16
PO003526,2025-08-28,SUP005,SKU060,WH001,1010,971,2025-09-14,2025-09-12,Closed,9.75
PO003527,2025-11-24,SUP008,SKU112,WH002,429,395,2025-12-07,2025-12-07,Closed,2.85
PO003528,2025-01-24,SUP001,SKU048,WH002,902,796,2025-02-13,2025-02-13,Closed,6.32
PO003529,2025-07-22,SUP024,SKU022,WH001,1343,1315,2025-07-30,2025-07-29,Closed,11.85
PO003530,2025-08-09,SUP018,SKU148,WH004,397,42,2025-08-30,,Open,5.75
PO003531,2025-11-14,SUP022,SKU135,WH005,187,39,2025-11-20,,Open,4.41
PO003532,2025-01-11,SUP007,SKU142,WH004,865,781,2025-01-22,2025-01-21,Late,7.2
PO003533,2025-10-30,SUP014,SKU047,WH002,1283,1119,2025-11-17,2025-11-16,Closed,5.04
PO003534,2025-09-22,SUP015,SKU087,WH005,1279,1245,2025-10-13,2025-10-13,Closed,4.19
PO003535,2025-01-04,SUP024,SKU022,WH003,1418,1317,2025-01-12,2025-01-10,Late,11.85
PO003536,2025-09-25,SUP007,SKU142,WH002,421,379,2025-10-06,2025-10-05,Closed,7.2
PO003537,2025-06-01,SUP006,SKU127,WH005,412,405,2025-06-17,2025-06-21,Closed,10.11
PO003538,2025-03-12,SUP001,SKU092,WH004,926,902,2025-03-18,2025-03-22,Closed,4.26
PO003539,2025-09-30,SUP012,SKU069,WH002,736,716,2025-10-15,2025-10-14,Closed,8.73
PO003540,2025-06-21,SUP009,SKU129,WH002,373,328,2025-07-13,2025-07-13,Closed,6.29
PO003541,2025-10-22,SUP022,SKU116,WH005,220,212,2025-11-12,2025-11-11,Closed,4.95
PO003542,2025-12-07,SUP022,SKU116,WH005,343,322,2025-12-28,2026-01-03,Closed,4.95
PO003543,2025-04-28,SUP025,SKU073,WH002,637,585,2025-05-03,2025-05-01,Closed,2.98
PO003544,2025-02-11,SUP015,SKU037,WH001,1394,1256,2025-02-18,2025-02-16,Late,3.03
PO003545,2025-06-20,SUP001,SKU105,WH004,1024,962,2025-07-02,2025-07-06,Closed,11.35
PO003546,2025-03-24,SUP012,SKU091,WH001,60,59,2025-04-12,2025-04-12,Closed,9.72
PO003547,2025-08-14,SUP004,SKU134,WH002,562,48,2025-09-08,,Open,2.09
PO003548,2025-07-04,SUP006,SKU127,WH004,269,264,2025-07-20,2025-07-26,Closed,10.11
PO003549,2025-06-08,SUP009,SKU129,WH003,1107,1035,2025-06-30,2025-06-30,Closed,6.29
PO003550,2025-02-13,SUP012,SKU091,WH003,1238,1148,2025-03-04,2025-03-03,Closed,9.72
PO003551,2025-03-21,SUP002,SKU094,WH001,166,158,2025-03-30,2025-03-28,Closed,1.76
PO003552,2025-01-17,SUP017,SKU119,WH004,320,310,2025-01-22,2025-01-22,Closed,11.97
PO003553,2025-11-07,SUP024,SKU128,WH003,369,328,2025-11-23,2025-11-26,Closed,10.5
PO003554,2025-11-06,SUP014,SKU047,WH001,1359,1190,2025-11-24,2025-11-25,Closed,5.04
PO003555,2025-05-12,SUP005,SKU070,WH001,1306,2,2025-05-24,,Open,4.2
PO003556,2025-06-29,SUP008,SKU065,WH002,209,204,2025-07-16,2025-07-23,Closed,2.4
PO003557,2025-04-30,SUP001,SKU105,WH005,522,512,2025-05-12,2025-05-18,Late,11.35
PO003558,2025-06-08,SUP004,SKU076,WH003,1040,894,2025-06-13,2025-06-13,Closed,3.8
PO003559,2025-09-12,SUP020,SKU114,WH001,1352,1308,2025-09-24,2025-09-28,Closed,10.59
PO003560,2025-10-19,SUP019,SKU018,WH003,1374,1213,2025-10-31,2025-11-05,Closed,10.5
PO003561,2025-12-28,SUP004,SKU144,WH005,1475,1381,2026-01-09,2026-01-16,Closed,2.03
PO003562,2025-05-14,SUP022,SKU140,WH003,717,654,2025-06-08,2025-06-08,Closed,11.55
PO003563,2025-12-05,SUP011,SKU109,WH002,1292,1264,2025-12-20,2025-12-19,Closed,7.66
PO003564,2025-02-17,SUP024,SKU111,WH004,898,829,2025-03-04,2025-03-11,Closed,3.96
PO003565,2025-10-03,SUP005,SKU060,WH002,754,661,2025-10-20,2025-10-20,Closed,9.75
PO003566,2025-08-08,SUP022,SKU135,WH003,676,637,2025-08-14,2025-08-13,Closed,4.41
PO003567,2025-08-28,SUP023,SKU046,WH005,1154,1042,2025-09-08,2025-09-14,Closed,4.22
PO003568,2025-05-15,SUP024,SKU028,WH001,86,78,2025-05-22,2025-05-21,Closed,4.97
PO003569,2025-08-22,SUP001,SKU048,WH004,912,855,2025-09-11,2025-09-09,Closed,6.32
PO003570,2025-12-15,SUP017,SKU050,WH004,686,618,2026-01-04,2026-01-03,Closed,7.03
PO003571,2025-10-07,SUP001,SKU048,WH004,1178,184,2025-10-27,,Open,6.32
PO003572,2025-02-08,SUP024,SKU010,WH005,1228,1131,2025-02-13,2025-02-12,Closed,2.72
PO003573,2025-09-09,SUP010,SKU064,WH005,1121,1079,2025-10-02,2025-10-09,Late,9.34
PO003574,2025-12-28,SUP008,SKU121,WH004,535,477,2026-01-07,2026-01-06,Closed,6.97
PO003575,2025-06-25,SUP017,SKU074,WH004,596,535,2025-07-08,2025-07-08,Closed,7.35
PO003576,2025-10-18,SUP018,SKU079,WH004,580,553,2025-10-24,2025-10-22,Late,3.5
PO003577,2025-11-12,SUP017,SKU063,WH004,740,712,2025-11-29,2025-11-28,Closed,3.72
PO003578,2025-09-08,SUP015,SKU088,WH004,1489,1434,2025-09-26,2025-09-26,Closed,6.94
PO003579,2025-01-24,SUP011,SKU041,WH004,1466,202,2025-02-14,,Open,8.46
PO003580,2025-08-15,SUP007,SKU015,WH005,159,153,2025-08-23,2025-08-21,Closed,10.87
PO003581,2025-10-09,SUP013,SKU130,WH005,95,86,2025-10-24,2025-10-24,Late,5.55
PO003582,2025-12-13,SUP002,SKU136,WH003,417,400,2026-01-05,2026-01-03,Closed,4.12
PO003583,2025-04-11,SUP003,SKU030,WH005,625,608,2025-04-29,2025-04-27,Closed,11.72
PO003584,2025-03-27,SUP004,SKU144,WH001,739,698,2025-04-08,2025-04-08,Closed,2.03
PO003585,2025-09-16,SUP008,SKU053,WH005,1361,1256,2025-10-08,2025-10-08,Closed,5.27
PO003586,2025-04-12,SUP017,SKU068,WH001,594,535,2025-05-05,2025-05-05,Closed,11.13
PO003587,2025-03-12,SUP016,SKU045,WH001,974,874,2025-03-18,2025-03-22,Closed,3.07
PO003588,2025-01-12,SUP002,SKU085,WH005,479,439,2025-01-25,2025-01-23,Closed,2.16
PO003589,2025-04-27,SUP013,SKU014,WH003,1427,1283,2025-05-10,2025-05-08,Closed,9.53
PO003590,2025-08-10,SUP015,SKU033,WH003,1155,1039,2025-08-16,2025-08-16,Closed,10.83
PO003591,2025-06-09,SUP013,SKU052,WH001,374,361,2025-06-21,2025-06-28,Closed,7.96
PO003592,2025-09-23,SUP013,SKU057,WH001,138,125,2025-10-17,2025-10-17,Closed,2.31
PO003593,2025-09-27,SUP012,SKU016,WH005,1260,1092,2025-10-14,2025-10-13,Closed,2.94
PO003594,2025-11-08,SUP007,SKU015,WH004,1465,1398,2025-11-16,2025-11-15,Closed,10.87
PO003595,2025-03-31,SUP008,SKU112,WH005,1120,1027,2025-04-13,2025-04-11,Closed,2.85
PO003596,2025-08-01,SUP010,SKU003,WH003,939,36,2025-08-17,,Open,7.87
PO003597,2025-05-15,SUP013,SKU057,WH004,178,154,2025-06-08,2025-06-08,Closed,2.31
PO003598,2025-01-24,SUP021,SKU036,WH003,767,47,2025-01-29,,Open,7.17
PO003599,2025-01-09,SUP017,SKU050,WH004,1495,1441,2025-01-29,2025-01-28,Closed,7.03
PO003600,2025-08-06,SUP019,SKU018,WH005,909,825,2025-08-18,2025-08-16,Closed,10.5
PO003601,2025-01-12,SUP011,SKU097,WH002,656,599,2025-01-30,2025-01-29,Closed,6.92
PO003602,2025-10-31,SUP010,SKU147,WH005,933,927,2025-11-25,2025-11-25,Closed,9.49
PO003603,2025-07-17,SUP011,SKU099,WH003,217,198,2025-07-26,2025-07-26,Closed,8.59
PO003604,2025-05-27,SUP019,SKU043,WH005,1088,984,2025-06-20,2025-06-18,Closed,7.04
PO003605,2025-08-29,SUP018,SKU072,WH003,1443,1240,2025-09-04,2025-09-02,Closed,9.04
PO003606,2025-11-28,SUP012,SKU091,WH003,517,478,2025-12-17,2025-12-17,Closed,9.72
PO003607,2025-07-27,SUP012,SKU069,WH002,148,143,2025-08-11,2025-08-10,Closed,8.73
PO003608,2025-09-25,SUP015,SKU123,WH002,1456,1394,2025-10-02,2025-09-30,Closed,10.56
PO003609,2025-02-28,SUP012,SKU100,WH002,220,189,2025-03-16,2025-03-14,Closed,2.35
PO003610,2025-04-24,SUP013,SKU052,WH001,1291,1212,2025-05-06,2025-05-06,Closed,7.96
PO003611,2025-07-21,SUP010,SKU003,WH003,225,216,2025-08-06,2025-08-05,Closed,7.87
PO003612,2025-02-17,SUP007,SKU015,WH005,1459,1241,2025-02-25,2025-03-05,Closed,10.87
PO003613,2025-06-07,SUP003,SKU030,WH005,1183,1015,2025-06-25,2025-06-23,Closed,11.72
PO003614,2025-04-30,SUP019,SKU043,WH005,365,337,2025-05-24,2025-05-24,Closed,7.04
PO003615,2025-02-03,SUP014,SKU006,WH002,1500,1422,2025-02-27,2025-02-27,Closed,4.49
PO003616,2025-11-22,SUP014,SKU006,WH003,979,959,2025-12-16,2025-12-14,Closed,4.49
PO003617,2025-09-30,SUP025,SKU025,WH005,1490,1381,2025-10-22,2025-10-27,Closed,8.66
PO003618,2025-11-13,SUP014,SKU005,WH004,1419,1213,2025-11-24,2025-11-23,Closed,7.76
PO003619,2025-12-26,SUP023,SKU046,WH003,471,460,2026-01-06,2026-01-09,Closed,4.22
PO003620,2025-05-27,SUP022,SKU117,WH003,537,482,2025-06-01,2025-06-01,Late,2.99
PO003621,2025-02-13,SUP023,SKU008,WH004,1411,1407,2025-02-27,2025-02-25,Closed,10.3
PO003622,2025-04-29,SUP023,SKU008,WH003,908,878,2025-05-13,2025-05-13,Closed,10.3
PO003623,2025-08-11,SUP015,SKU087,WH005,1340,1167,2025-09-01,2025-09-03,Closed,4.19
PO003624,2025-11-21,SUP002,SKU131,WH001,360,344,2025-12-16,2025-12-15,Closed,8.58
PO003625,2025-05-30,SUP002,SKU094,WH003,980,860,2025-06-08,2025-06-06,Closed,1.76
PO003626,2025-09-08,SUP017,SKU020,WH005,1042,1007,2025-09-17,2025-09-19,Closed,8.72
PO003627,2025-07-06,SUP007,SKU137,WH005,302,258,2025-07-21,2025-07-21,Closed,2.01
PO003628,2025-04-30,SUP006,SKU115,WH002,837,64,2025-05-24,,Open,7.72
PO003629,2025-08-15,SUP012,SKU100,WH005,1294,1130,2025-08-31,2025-09-04,Closed,2.35
PO003630,2025-02-11,SUP006,SKU023,WH004,478,458,2025-03-03,2025-03-05,Closed,8.04
PO003631,2025-04-03,SUP023,SKU027,WH005,1388,1324,2025-04-19,2025-04-23,Closed,3.81
PO003632,2025-04-25,SUP001,SKU092,WH001,1259,1161,2025-05-01,2025-04-30,Closed,4.26
PO003633,2025-11-04,SUP012,SKU091,WH004,1458,1442,2025-11-23,2025-11-22,Late,9.72
PO003634,2025-08-05,SUP016,SKU029,WH004,997,887,2025-08-17,2025-08-15,Late,11.3
PO003635,2025-01-30,SUP012,SKU091,WH003,319,284,2025-02-18,2025-02-17,Closed,9.72
PO003636,2025-07-23,SUP015,SKU139,WH004,224,213,2025-08-06,2025-08-05,Closed,11.11
PO003637,2025-05-28,SUP025,SKU009,WH004,371,349,2025-06-14,2025-06-13,Closed,11.58
PO003638,2025-03-20,SUP007,SKU137,WH002,631,543,2025-04-04,2025-04-04,Closed,2.01
PO003639,2025-12-06,SUP019,SKU049,WH005,1209,1038,2025-12-14,2025-12-12,Closed,1.72
PO003640,2025-11-01,SUP024,SKU093,WH004,445,392,2025-11-21,2025-11-19,Late,3.63
PO003641,2025-08-03,SUP022,SKU133,WH002,484,419,2025-08-14,2025-08-13,Closed,7.69
PO003642,2025-10-25,SUP024,SKU012,WH005,643,563,2025-11-10,2025-11-10,Closed,11.08
PO003643,2025-12-14,SUP007,SKU011,WH001,509,463,2025-12-21,2025-12-25,Closed,10.01
PO003644,2025-01-17,SUP006,SKU071,WH001,926,315,2025-01-22,,Open,8.74
PO003645,2025-06-03,SUP015,SKU139,WH004,520,508,2025-06-17,2025-06-15,Closed,11.11
PO003646,2025-02-05,SUP018,SKU148,WH002,781,764,2025-02-26,2025-03-01,Closed,5.75
PO003647,2025-01-21,SUP001,SKU122,WH004,1192,1065,2025-02-04,2025-02-03,Closed,11.42
PO003648,2025-07-23,SUP015,SKU123,WH003,288,285,2025-07-30,2025-08-02,Closed,10.56
PO003649,2025-11-01,SUP015,SKU123,WH003,844,749,2025-11-08,2025-11-06,Closed,10.56
PO003650,2025-02-01,SUP015,SKU120,WH005,1095,1007,2025-02-23,2025-02-23,Closed,6.3
PO003651,2025-01-27,SUP023,SKU008,WH005,349,310,2025-02-10,2025-02-10,Closed,10.3
PO003652,2025-04-11,SUP021,SKU059,WH005,1063,1026,2025-04-20,2025-04-20,Late,6.52
PO003653,2025-06-18,SUP014,SKU058,WH004,202,192,2025-07-01,2025-07-04,Closed,5.4
PO003654,2025-02-12,SUP002,SKU040,WH004,375,374,2025-03-02,2025-03-02,Closed,1.97
PO003655,2025-10-02,SUP018,SKU079,WH005,379,353,2025-10-08,2025-10-07,Closed,3.5
PO003656,2025-03-02,SUP007,SKU137,WH001,530,28,2025-03-17,,Open,2.01
PO003657,2025-05-10,SUP023,SKU046,WH004,901,880,2025-05-21,2025-05-19,Closed,4.22
PO003658,2025-05-27,SUP017,SKU055,WH002,76,73,2025-06-21,2025-06-20,Closed,11.32
PO003659,2025-04-16,SUP021,SKU021,WH002,453,423,2025-04-21,2025-04-19,Closed,5.64
PO003660,2025-02-27,SUP016,SKU141,WH004,1094,1066,2025-03-12,2025-03-13,Closed,6.49
PO003661,2025-03-23,SUP025,SKU017,WH002,1123,1012,2025-04-03,2025-04-02,Closed,10.74
PO003662,2025-05-08,SUP023,SKU125,WH003,1420,1307,2025-05-28,2025-05-28,Closed,2.72
PO003663,2025-11-06,SUP012,SKU091,WH002,652,569,2025-11-25,2025-11-25,Closed,9.72
PO003664,2025-02-14,SUP022,SKU117,WH004,1392,22,2025-02-19,,Open,2.99
PO003665,2025-01-13,SUP025,SKU025,WH001,1174,1036,2025-02-04,2025-02-04,Closed,8.66
PO003666,2025-02-17,SUP011,SKU097,WH004,139,21,2025-03-07,,Open,6.92
PO003667,2025-09-09,SUP005,SKU013,WH002,134,114,2025-09-16,2025-09-17,Closed,7.59
PO003668,2025-07-01,SUP015,SKU087,WH004,478,450,2025-07-22,2025-07-22,Closed,4.19
PO003669,2025-08-28,SUP017,SKU050,WH005,256,251,2025-09-17,2025-09-15,Closed,7.03
PO003670,2025-12-09,SUP004,SKU106,WH001,128,122,2025-12-19,2025-12-18,Closed,10.85
PO003671,2025-06-06,SUP001,SKU092,WH004,981,967,2025-06-12,2025-06-16,Closed,4.26
PO003672,2025-02-01,SUP007,SKU137,WH003,1201,35,2025-02-16,,Open,2.01
PO003673,2025-01-30,SUP017,SKU068,WH001,658,588,2025-02-22,2025-02-20,Closed,11.13
PO003674,2025-12-20,SUP025,SKU025,WH004,359,312,2026-01-11,2026-01-11,Closed,8.66
PO003675,2025-08-09,SUP016,SKU045,WH005,1230,1100,2025-08-15,2025-08-15,Closed,3.07
PO003676,2025-06-17,SUP023,SKU089,WH003,474,435,2025-06-27,2025-06-26,Closed,1.53
PO003677,2025-10-12,SUP023,SKU008,WH004,283,273,2025-10-26,2025-10-24,Closed,10.3
PO003678,2025-04-14,SUP019,SKU049,WH004,233,198,2025-04-22,2025-04-27,Closed,1.72
PO003679,2025-09-14,SUP017,SKU034,WH001,1365,1205,2025-09-22,2025-09-20,Closed,3.69
PO003680,2025-06-01,SUP015,SKU123,WH003,144,132,2025-06-08,2025-06-08,Closed,10.56
PO003681,2025-03-10,SUP024,SKU012,WH005,812,768,2025-03-26,2025-03-26,Closed,11.08
PO003682,2025-09-02,SUP008,SKU110,WH004,85,72,2025-09-20,2025-09-21,Closed,3.66
PO003683,2025-02-03,SUP007,SKU146,WH003,564,501,2025-02-25,2025-02-23,Closed,1.2
PO003684,2025-03-25,SUP006,SKU071,WH005,232,215,2025-03-30,2025-03-28,Closed,8.74
PO003685,2025-08-17,SUP024,SKU010,WH001,140,124,2025-08-22,2025-08-20,Closed,2.72
PO003686,2025-05-03,SUP012,SKU061,WH005,589,517,2025-05-22,2025-05-20,Closed,7.1
PO003687,2025-01-02,SUP015,SKU037,WH001,469,438,2025-01-09,2025-01-12,Closed,3.03
PO003688,2025-02-16,SUP015,SKU123,WH004,1141,76,2025-02-23,,Open,10.56
PO003689,2025-10-11,SUP005,SKU138,WH001,471,462,2025-11-03,2025-11-02,Late,2.04
PO003690,2025-03-21,SUP017,SKU119,WH002,1087,1056,2025-03-26,2025-03-24,Closed,11.97
PO003691,2025-09-26,SUP022,SKU135,WH005,1076,972,2025-10-02,2025-10-02,Closed,4.41
PO003692,2025-05-31,SUP014,SKU005,WH001,741,636,2025-06-11,2025-06-11,Closed,7.76
PO003693,2025-01-28,SUP020,SKU126,WH005,1398,1385,2025-02-19,2025-02-19,Closed,2.53
PO003694,2025-10-05,SUP006,SKU071,WH004,686,663,2025-10-10,2025-10-10,Closed,8.74
PO003695,2025-09-20,SUP008,SKU110,WH004,372,358,2025-10-08,2025-10-08,Closed,3.66
PO003696,2025-06-30,SUP015,SKU088,WH004,256,242,2025-07-18,2025-07-23,Closed,6.94
PO003697,2025-12-06,SUP006,SKU127,WH002,435,407,2025-12-22,2025-12-20,Closed,10.11
PO003698,2025-03-18,SUP001,SKU048,WH001,1408,1235,2025-04-07,2025-04-05,Closed,6.32
PO003699,2025-01-05,SUP024,SKU150,WH002,676,639,2025-01-20,2025-01-18,Closed,11.46
PO003700,2025-11-06,SUP003,SKU030,WH003,481,445,2025-11-24,2025-11-22,Closed,11.72
PO003701,2025-11-23,SUP007,SKU142,WH005,286,256,2025-12-04,2025-12-04,Closed,7.2
PO003702,2025-01-01,SUP020,SKU096,WH004,1360,1272,2025-01-11,2025-01-17,Closed,4.22
PO003703,2025-01-04,SUP007,SKU142,WH001,746,665,2025-01-15,2025-01-13,Closed,7.2
PO003704,2025-08-01,SUP013,SKU057,WH001,336,314,2025-08-25,2025-08-24,Closed,2.31
PO003705,2025-03-17,SUP017,SKU068,WH001,626,587,2025-04-09,2025-04-07,Closed,11.13
PO003706,2025-01-15,SUP024,SKU093,WH002,1459,1331,2025-02-04,2025-02-03,Closed,3.63
PO003707,2025-09-16,SUP010,SKU145,WH005,424,392,2025-10-06,2025-10-06,Closed,4.64
PO003708,2025-05-24,SUP017,SKU055,WH002,428,420,2025-06-18,2025-06-17,Closed,11.32
PO003709,2025-01-17,SUP006,SKU032,WH003,483,459,2025-02-09,2025-02-08,Closed,4.53
PO003710,2025-08-29,SUP024,SKU012,WH002,1149,1125,2025-09-14,2025-09-14,Closed,11.08
PO003711,2025-05-28,SUP008,SKU065,WH001,305,50,2025-06-14,,Open,2.4
PO003712,2025-02-22,SUP008,SKU121,WH005,694,641,2025-03-04,2025-03-12,Closed,6.97
PO003713,2025-08-13,SUP016,SKU038,WH005,457,453,2025-09-03,2025-09-08,Closed,6.8
PO003714,2025-05-06,SUP024,SKU107,WH003,617,182,2025-05-16,,Open,6.54
PO003715,2025-06-14,SUP025,SKU103,WH004,1362,1352,2025-06-24,2025-06-24,Closed,8.91
PO003716,2025-06-11,SUP016,SKU026,WH002,1148,1127,2025-06-18,2025-06-18,Closed,11.19
PO003717,2025-06-16,SUP005,SKU060,WH005,1103,998,2025-07-03,2025-07-03,Closed,9.75
PO003718,2025-05-18,SUP019,SKU080,WH001,1247,1179,2025-05-28,2025-06-05,Late,10.96
PO003719,2025-12-05,SUP006,SKU115,WH001,626,564,2025-12-29,2026-01-06,Closed,7.72
PO003720,2025-10-26,SUP009,SKU129,WH005,877,875,2025-11-17,2025-11-17,Late,6.29
PO003721,2025-05-20,SUP019,SKU043,WH003,517,444,2025-06-13,2025-06-15,Closed,7.04
PO003722,2025-06-02,SUP022,SKU116,WH004,1213,1144,2025-06-23,2025-06-23,Closed,4.95
PO003723,2025-04-17,SUP012,SKU069,WH004,656,597,2025-05-02,2025-05-02,Closed,8.73
PO003724,2025-03-20,SUP024,SKU111,WH002,350,332,2025-04-04,2025-04-03,Closed,3.96
PO003725,2025-09-29,SUP019,SKU080,WH002,981,921,2025-10-09,2025-10-16,Closed,10.96
PO003726,2025-01-22,SUP019,SKU082,WH005,368,334,2025-02-06,2025-02-04,Closed,7.9
PO003727,2025-11-20,SUP019,SKU080,WH001,1126,1057,2025-11-30,2025-11-30,Closed,10.96
PO003728,2025-12-28,SUP003,SKU101,WH003,388,348,2026-01-09,2026-01-08,Closed,11.21
PO003729,2025-04-20,SUP024,SKU028,WH001,597,593,2025-04-27,2025-05-04,Closed,4.97
PO003730,2025-04-04,SUP024,SKU010,WH002,805,758,2025-04-09,2025-04-08,Closed,2.72
PO003731,2025-11-02,SUP006,SKU042,WH001,870,855,2025-11-18,2025-11-16,Closed,6.84
PO003732,2025-11-17,SUP009,SKU129,WH003,1255,1172,2025-12-09,2025-12-08,Closed,6.29
PO003733,2025-11-05,SUP010,SKU145,WH003,385,366,2025-11-25,2025-11-26,Closed,4.64
PO003734,2025-01-07,SUP025,SKU017,WH005,736,659,2025-01-18,2025-01-16,Closed,10.74
PO003735,2025-06-23,SUP017,SKU068,WH003,1061,924,2025-07-16,2025-07-15,Closed,11.13
PO003736,2025-01-26,SUP023,SKU046,WH003,707,650,2025-02-06,2025-02-05,Closed,4.22
PO003737,2025-04-10,SUP006,SKU023,WH003,1057,1027,2025-04-30,2025-04-30,Closed,8.04
PO003738,2025-02-21,SUP025,SKU009,WH001,735,626,2025-03-10,2025-03-10,Closed,11.58
PO003739,2025-09-27,SUP004,SKU106,WH004,1144,994,2025-10-07,2025-10-13,Closed,10.85
PO003740,2025-01-08,SUP015,SKU087,WH004,1205,1032,2025-01-29,2025-01-27,Closed,4.19
PO003741,2025-11-25,SUP019,SKU018,WH002,978,117,2025-12-07,,Open,10.5
PO003742,2025-10-08,SUP010,SKU147,WH004,771,726,2025-11-02,2025-11-01,Closed,9.49
PO003743,2025-05-24,SUP002,SKU136,WH003,51,6,2025-06-16,,Open,4.12
PO003744,2025-08-05,SUP011,SKU097,WH004,719,627,2025-08-23,2025-08-21,Closed,6.92
PO003745,2025-09-09,SUP014,SKU047,WH003,311,279,2025-09-27,2025-09-25,Closed,5.04
PO003746,2025-01-17,SUP021,SKU054,WH005,1326,1145,2025-02-09,2025-02-08,Closed,8.56
PO003747,2025-08-20,SUP002,SKU094,WH005,550,530,2025-08-29,2025-08-29,Closed,1.76
PO003748,2025-09-07,SUP007,SKU104,WH002,1089,974,2025-10-02,2025-09-30,Closed,5.43
PO003749,2025-02-19,SUP014,SKU143,WH001,51,46,2025-03-13,2025-03-11,Closed,11.18
PO003750,2025-03-10,SUP012,SKU061,WH003,1231,1207,2025-03-29,2025-04-03,Closed,7.1
PO003751,2025-02-08,SUP022,SKU007,WH003,1122,994,2025-02-18,2025-02-17,Closed,8.36
PO003752,2025-08-26,SUP012,SKU098,WH003,394,366,2025-09-17,2025-09-23,Closed,6.95
PO003753,2025-02-09,SUP001,SKU122,WH002,177,152,2025-02-23,2025-02-22,Closed,11.42
PO003754,2025-12-01,SUP009,SKU129,WH004,1090,964,2025-12-23,2025-12-22,Closed,6.29
PO003755,2025-06-25,SUP022,SKU007,WH004,87,82,2025-07-05,2025-07-04,Closed,8.36
PO003756,2025-12-28,SUP003,SKU083,WH005,225,209,2026-01-17,2026-01-15,Closed,2.58
PO003757,2025-03-10,SUP007,SKU024,WH004,392,347,2025-04-02,2025-04-01,Closed,7.58
PO003758,2025-01-15,SUP019,SKU080,WH003,1287,1096,2025-01-25,2025-01-24,Closed,10.96
PO003759,2025-07-11,SUP017,SKU068,WH005,159,151,2025-08-03,2025-08-01,Closed,11.13
PO003760,2025-09-27,SUP006,SKU115,WH004,1143,1133,2025-10-21,2025-10-27,Closed,7.72
PO003761,2025-01-15,SUP017,SKU119,WH005,189,181,2025-01-20,2025-01-20,Closed,11.97
PO003762,2025-07-21,SUP022,SKU117,WH005,267,232,2025-07-26,2025-07-24,Closed,2.99
PO003763,2025-11-20,SUP007,SKU142,WH002,924,816,2025-12-01,2025-11-29,Closed,7.2
PO003764,2025-06-24,SUP013,SKU014,WH001,238,237,2025-07-07,2025-07-05,Closed,9.53
PO003765,2025-04-07,SUP023,SKU046,WH005,828,714,2025-04-18,2025-04-18,Late,4.22
PO003766,2025-07-22,SUP019,SKU018,WH002,1299,1225,2025-08-03,2025-08-03,Closed,10.5
PO003767,2025-06-29,SUP006,SKU115,WH002,87,82,2025-07-23,2025-07-22,Closed,7.72
PO003768,2025-03-07,SUP020,SKU114,WH003,870,838,2025-03-19,2025-03-18,Late,10.59
PO003769,2025-09-04,SUP002,SKU094,WH005,1424,1391,2025-09-13,2025-09-12,Closed,1.76
PO003770,2025-11-28,SUP024,SKU149,WH005,1181,1117,2025-12-03,2025-12-03,Closed,3.72
PO003771,2025-12-15,SUP015,SKU139,WH005,1128,983,2025-12-29,2025-12-27,Closed,11.11
PO003772,2025-08-06,SUP005,SKU060,WH004,923,808,2025-08-23,2025-08-23,Closed,9.75
PO003773,2025-02-08,SUP006,SKU042,WH003,516,475,2025-02-24,2025-02-23,Late,6.84
PO003774,2025-02-16,SUP025,SKU009,WH003,1274,1263,2025-03-05,2025-03-13,Closed,11.58
PO003775,2025-04-15,SUP013,SKU057,WH004,1208,1137,2025-05-09,2025-05-08,Closed,2.31
PO003776,2025-06-25,SUP012,SKU098,WH005,132,120,2025-07-17,2025-07-17,Closed,6.95
PO003777,2025-06-13,SUP023,SKU089,WH005,507,455,2025-06-23,2025-06-22,Closed,1.53
PO003778,2025-02-15,SUP006,SKU127,WH003,833,814,2025-03-03,2025-03-01,Closed,10.11
PO003779,2025-07-14,SUP005,SKU070,WH003,438,418,2025-07-26,2025-07-25,Closed,4.2
PO003780,2025-02-11,SUP017,SKU068,WH005,769,726,2025-03-06,2025-03-05,Closed,11.13
PO003781,2025-09-18,SUP006,SKU032,WH003,447,439,2025-10-11,2025-10-12,Closed,4.53
PO003782,2025-04-30,SUP012,SKU061,WH005,880,821,2025-05-19,2025-05-17,Closed,7.1
PO003783,2025-05-03,SUP023,SKU046,WH003,497,481,2025-05-14,2025-05-12,Closed,4.22
PO003784,2025-01-19,SUP003,SKU101,WH002,457,391,2025-01-31,2025-01-30,Closed,11.21
PO003785,2025-09-19,SUP020,SKU090,WH003,228,218,2025-10-05,2025-10-06,Closed,7.29
PO003786,2025-09-25,SUP024,SKU035,WH003,823,799,2025-10-02,2025-10-02,Closed,11.5
PO003787,2025-10-19,SUP013,SKU014,WH004,422,409,2025-11-01,2025-10-30,Closed,9.53
PO003788,2025-01-24,SUP021,SKU036,WH002,155,136,2025-01-29,2025-01-28,Closed,7.17
PO003789,2025-03-27,SUP016,SKU141,WH004,1119,1071,2025-04-09,2025-04-07,Closed,6.49
PO003790,2025-07-26,SUP006,SKU002,WH002,1059,954,2025-08-02,2025-08-05,Closed,10.55
PO003791,2025-01-15,SUP017,SKU063,WH004,307,278,2025-02-01,2025-01-31,Closed,3.72
PO003792,2025-10-21,SUP006,SKU042,WH003,73,63,2025-11-06,2025-11-06,Closed,6.84
PO003793,2025-06-05,SUP005,SKU070,WH004,637,632,2025-06-17,2025-06-17,Closed,4.2
PO003794,2025-09-05,SUP019,SKU082,WH002,1439,1235,2025-09-20,2025-09-18,Closed,7.9
PO003795,2025-08-24,SUP003,SKU101,WH002,1060,967,2025-09-05,2025-09-05,Closed,11.21
PO003796,2025-11-20,SUP006,SKU032,WH001,393,355,2025-12-13,2025-12-12,Closed,4.53
PO003797,2025-12-21,SUP023,SKU046,WH005,976,882,2026-01-01,2025-12-31,Closed,4.22
PO003798,2025-02-22,SUP013,SKU130,WH005,330,38,2025-03-09,,Open,5.55
PO003799,2025-10-23,SUP004,SKU134,WH002,99,97,2025-11-17,2025-11-17,Closed,2.09
PO003800,2025-09-20,SUP006,SKU002,WH004,688,594,2025-09-27,2025-09-25,Closed,10.55
PO003801,2025-11-12,SUP001,SKU048,WH005,1296,1112,2025-12-02,2025-12-06,Closed,6.32
PO003802,2025-04-21,SUP024,SKU107,WH004,310,96,2025-05-01,,Open,6.54
PO003803,2025-12-10,SUP017,SKU119,WH001,1378,1223,2025-12-15,2025-12-15,Closed,11.97
PO003804,2025-05-02,SUP011,SKU099,WH002,1120,132,2025-05-11,,Open,8.59
PO003805,2025-09-09,SUP017,SKU050,WH005,558,502,2025-09-29,2025-10-05,Closed,7.03
PO003806,2025-03-20,SUP002,SKU136,WH004,1105,1057,2025-04-12,2025-04-19,Closed,4.12
PO003807,2025-07-15,SUP018,SKU072,WH002,1437,1436,2025-07-21,2025-07-21,Closed,9.04
PO003808,2025-11-24,SUP013,SKU057,WH002,1088,1057,2025-12-18,2025-12-25,Late,2.31
PO003809,2025-04-05,SUP023,SKU046,WH004,517,454,2025-04-16,2025-04-15,Closed,4.22
PO003810,2025-02-10,SUP010,SKU064,WH001,417,406,2025-03-05,2025-03-03,Closed,9.34
PO003811,2025-09-04,SUP001,SKU048,WH003,1481,1336,2025-09-24,2025-09-23,Closed,6.32
PO003812,2025-11-15,SUP024,SKU107,WH003,92,88,2025-11-25,2025-11-25,Closed,6.54
PO003813,2025-09-21,SUP024,SKU012,WH003,821,811,2025-10-07,2025-10-05,Closed,11.08
PO003814,2025-04-20,SUP013,SKU052,WH005,409,406,2025-05-02,2025-04-30,Closed,7.96
PO003815,2025-07-02,SUP022,SKU007,WH001,1069,1047,2025-07-12,2025-07-12,Closed,8.36
PO003816,2025-06-13,SUP024,SKU035,WH004,167,152,2025-06-20,2025-06-18,Closed,11.5
PO003817,2025-09-27,SUP021,SKU054,WH003,182,163,2025-10-20,2025-10-19,Closed,8.56
PO003818,2025-07-23,SUP019,SKU082,WH004,539,530,2025-08-07,2025-08-08,Closed,7.9
PO003819,2025-05-04,SUP022,SKU117,WH002,1027,953,2025-05-09,2025-05-08,Closed,2.99
PO003820,2025-09-05,SUP007,SKU011,WH003,1264,1080,2025-09-12,2025-09-11,Closed,10.01
PO003821,2025-08-31,SUP012,SKU100,WH004,976,840,2025-09-16,2025-09-14,Late,2.35
PO003822,2025-12-08,SUP002,SKU077,WH004,518,441,2025-12-20,2025-12-28,Closed,9.38
PO003823,2025-09-11,SUP017,SKU050,WH005,499,424,2025-10-01,2025-09-29,Closed,7.03
PO003824,2025-04-09,SUP005,SKU070,WH001,760,667,2025-04-21,2025-04-19,Closed,4.2
PO003825,2025-01-29,SUP013,SKU052,WH004,1462,222,2025-02-10,,Open,7.96
PO003826,2025-11-23,SUP024,SKU149,WH003,949,224,2025-11-28,,Open,3.72
PO003827,2025-01-10,SUP008,SKU112,WH001,1077,1028,2025-01-23,2025-01-22,Closed,2.85
PO003828,2025-04-11,SUP016,SKU038,WH003,1400,1204,2025-05-02,2025-05-02,Closed,6.8
PO003829,2025-09-25,SUP012,SKU069,WH002,1399,374,2025-10-10,,Open,8.73
PO003830,2025-05-20,SUP007,SKU146,WH003,1125,8,2025-06-11,,Open,1.2
PO003831,2025-04-19,SUP019,SKU018,WH001,51,48,2025-05-01,2025-05-01,Closed,10.5
PO003832,2025-08-31,SUP023,SKU056,WH003,403,396,2025-09-09,2025-09-17,Closed,3.9
PO003833,2025-03-26,SUP002,SKU095,WH005,1340,1276,2025-04-16,2025-04-15,Closed,10.55
PO003834,2025-02-24,SUP005,SKU138,WH001,1128,1036,2025-03-19,2025-03-18,Closed,2.04
PO003835,2025-06-21,SUP019,SKU018,WH002,253,234,2025-07-03,2025-07-02,Closed,10.5
PO003836,2025-01-05,SUP024,SKU149,WH003,766,735,2025-01-10,2025-01-08,Closed,3.72
PO003837,2025-04-03,SUP011,SKU099,WH002,1484,1457,2025-04-12,2025-04-10,Closed,8.59
PO003838,2025-07-16,SUP007,SKU015,WH001,709,661,2025-07-24,2025-07-23,Closed,10.87
PO003839,2025-12-04,SUP020,SKU096,WH003,882,789,2025-12-14,2025-12-13,Closed,4.22
PO003840,2025-11-07,SUP007,SKU011,WH005,457,419,2025-11-14,2025-11-13,Closed,10.01
PO003841,2025-06-25,SUP011,SKU086,WH002,445,386,2025-07-14,2025-07-14,Closed,4.77
PO003842,2025-08-28,SUP008,SKU065,WH003,826,712,2025-09-14,2025-09-12,Closed,2.4
PO003843,2025-01-07,SUP023,SKU027,WH001,537,520,2025-01-23,2025-01-21,Closed,3.81
PO003844,2025-08-15,SUP023,SKU027,WH004,1072,993,2025-08-31,2025-08-30,Closed,3.81
PO003845,2025-01-06,SUP014,SKU005,WH004,360,331,2025-01-17,2025-01-15,Closed,7.76
PO003846,2025-07-28,SUP019,SKU051,WH003,906,805,2025-08-04,2025-08-04,Closed,9.85
PO003847,2025-10-17,SUP019,SKU043,WH001,129,128,2025-11-10,2025-11-10,Closed,7.04
PO003848,2025-02-28,SUP013,SKU057,WH004,302,276,2025-03-24,2025-03-23,Closed,2.31
PO003849,2025-08-21,SUP015,SKU088,WH003,166,148,2025-09-08,2025-09-06,Closed,6.94
PO003850,2025-06-28,SUP003,SKU101,WH005,401,382,2025-07-10,2025-07-08,Closed,11.21
PO003851,2025-11-01,SUP024,SKU031,WH001,1490,1442,2025-11-19,2025-11-19,Closed,3.1
PO003852,2025-10-12,SUP024,SKU124,WH003,786,775,2025-10-24,2025-10-23,Closed,10.78
PO003853,2025-08-24,SUP025,SKU004,WH002,820,785,2025-09-16,2025-09-15,Closed,6.13
PO003854,2025-08-29,SUP022,SKU133,WH005,853,839,2025-09-09,2025-09-07,Closed,7.69
PO003855,2025-10-12,SUP008,SKU053,WH003,1232,1132,2025-11-03,2025-11-01,Late,5.27
PO003856,2025-09-17,SUP017,SKU066,WH001,1040,922,2025-10-04,2025-10-03,Closed,8.21
PO003857,2025-02-27,SUP017,SKU050,WH002,741,731,2025-03-19,2025-03-17,Closed,7.03
PO003858,2025-01-04,SUP003,SKU030,WH001,673,151,2025-01-22,,Open,11.72
PO003859,2025-07-01,SUP023,SKU046,WH001,95,25,2025-07-12,,Open,4.22
PO003860,2025-05-22,SUP011,SKU041,WH002,843,830,2025-06-12,2025-06-10,Closed,8.46
PO003861,2025-01-14,SUP014,SKU058,WH003,627,622,2025-01-27,2025-01-26,Closed,5.4
PO003862,2025-06-30,SUP018,SKU072,WH003,1276,96,2025-07-06,,Open,9.04
PO003863,2025-03-07,SUP008,SKU110,WH002,581,534,2025-03-25,2025-03-23,Closed,3.66
PO003864,2025-05-22,SUP017,SKU119,WH003,1409,1356,2025-05-27,2025-05-27,Closed,11.97
PO003865,2025-07-09,SUP022,SKU007,WH003,628,216,2025-07-19,,Open,8.36
PO003866,2025-05-26,SUP004,SKU106,WH001,604,587,2025-06-05,2025-06-03,Closed,10.85
PO003867,2025-05-13,SUP007,SKU146,WH003,1051,997,2025-06-04,2025-06-05,Closed,1.2
PO003868,2025-04-25,SUP016,SKU029,WH004,453,406,2025-05-07,2025-05-05,Closed,11.3
PO003869,2025-06-25,SUP019,SKU049,WH004,257,254,2025-07-03,2025-07-03,Closed,1.72
PO003870,2025-12-08,SUP023,SKU125,WH001,1304,1155,2025-12-28,2025-12-27,Closed,2.72
PO003871,2025-10-16,SUP025,SKU102,WH003,1366,1336,2025-10-24,2025-10-24,Closed,10.0
PO003872,2025-02-18,SUP021,SKU059,WH004,928,855,2025-02-27,2025-02-27,Closed,6.52
PO003873,2025-03-26,SUP013,SKU130,WH001,396,345,2025-04-10,2025-04-09,Closed,5.55
PO003874,2025-07-17,SUP021,SKU021,WH002,854,827,2025-07-22,2025-07-21,Closed,5.64
PO003875,2025-11-19,SUP020,SKU081,WH003,749,661,2025-12-10,2025-12-09,Closed,9.8
PO003876,2025-12-04,SUP019,SKU043,WH001,1389,1370,2025-12-28,2025-12-27,Closed,7.04
PO003877,2025-10-20,SUP003,SKU030,WH001,1191,1164,2025-11-07,2025-11-05,Closed,11.72
PO003878,2025-04-17,SUP009,SKU129,WH001,397,352,2025-05-09,2025-05-08,Closed,6.29
PO003879,2025-11-29,SUP012,SKU100,WH003,301,300,2025-12-15,2025-12-15,Late,2.35
PO003880,2025-10-15,SUP015,SKU087,WH004,971,865,2025-11-05,2025-11-05,Closed,4.19
PO003881,2025-07-14,SUP021,SKU059,WH002,191,17,2025-07-23,,Open,6.52
PO003882,2025-03-04,SUP024,SKU149,WH003,1340,1292,2025-03-09,2025-03-10,Closed,3.72
PO003883,2025-04-08,SUP012,SKU098,WH004,483,84,2025-04-30,,Open,6.95
PO003884,2025-12-08,SUP020,SKU096,WH005,1240,1162,2025-12-18,2025-12-17,Closed,4.22
PO003885,2025-04-29,SUP024,SKU022,WH005,59,52,2025-05-07,2025-05-07,Closed,11.85
PO003886,2025-10-03,SUP021,SKU021,WH005,254,249,2025-10-08,2025-10-07,Closed,5.64
PO003887,2025-09-07,SUP024,SKU012,WH002,791,687,2025-09-23,2025-09-22,Late,11.08
PO003888,2025-08-26,SUP006,SKU032,WH004,1222,1192,2025-09-18,2025-09-17,Closed,4.53
PO003889,2025-12-25,SUP021,SKU021,WH001,944,803,2025-12-30,2025-12-30,Closed,5.64
PO003890,2025-11-26,SUP006,SKU023,WH005,827,743,2025-12-16,2025-12-15,Closed,8.04
PO003891,2025-01-06,SUP025,SKU017,WH005,974,829,2025-01-17,2025-01-17,Closed,10.74
PO003892,2025-02-12,SUP001,SKU105,WH005,646,564,2025-02-24,2025-02-26,Closed,11.35
PO003893,2025-01-18,SUP019,SKU051,WH004,1499,1345,2025-01-25,2025-01-23,Closed,9.85
PO003894,2025-02-09,SUP012,SKU061,WH005,120,116,2025-02-28,2025-02-28,Closed,7.1
PO003895,2025-02-08,SUP003,SKU083,WH004,52,49,2025-02-28,2025-02-27,Closed,2.58
PO003896,2025-10-07,SUP001,SKU048,WH001,339,321,2025-10-27,2025-10-25,Closed,6.32
PO003897,2025-12-27,SUP025,SKU103,WH001,224,210,2026-01-06,2026-01-06,Closed,8.91
PO003898,2025-01-23,SUP017,SKU055,WH001,93,82,2025-02-17,2025-02-15,Closed,11.32
PO003899,2025-07-17,SUP010,SKU003,WH005,1099,1092,2025-08-02,2025-07-31,Closed,7.87
PO003900,2025-12-03,SUP024,SKU031,WH003,470,435,2025-12-21,2025-12-21,Closed,3.1
PO003901,2025-12-11,SUP019,SKU049,WH003,1025,919,2025-12-19,2025-12-17,Closed,1.72
PO003902,2025-06-21,SUP012,SKU061,WH001,1463,1344,2025-07-10,2025-07-10,Closed,7.1
PO003903,2025-12-23,SUP007,SKU142,WH004,1178,1063,2026-01-03,2026-01-03,Closed,7.2
PO003904,2025-05-19,SUP005,SKU062,WH001,1177,1043,2025-05-31,2025-06-05,Closed,10.26
PO003905,2025-10-23,SUP003,SKU030,WH003,198,180,2025-11-10,2025-11-08,Closed,11.72
PO003906,2025-12-27,SUP018,SKU148,WH002,1302,1236,2026-01-17,2026-01-17,Closed,5.75
PO003907,2025-09-26,SUP007,SKU015,WH003,388,338,2025-10-04,2025-10-02,Closed,10.87
PO003908,2025-04-10,SUP006,SKU042,WH004,174,153,2025-04-26,2025-04-26,Closed,6.84
PO003909,2025-06-16,SUP012,SKU098,WH003,1058,1007,2025-07-08,2025-07-09,Closed,6.95
PO003910,2025-08-29,SUP009,SKU129,WH004,1464,1419,2025-09-20,2025-09-18,Closed,6.29
PO003911,2025-01-11,SUP022,SKU116,WH004,1084,975,2025-02-01,2025-01-31,Closed,4.95
PO003912,2025-12-29,SUP010,SKU084,WH002,868,746,2026-01-21,2026-01-27,Closed,8.41
PO003913,2025-06-24,SUP003,SKU101,WH004,403,380,2025-07-06,2025-07-13,Closed,11.21
PO003914,2025-07-18,SUP002,SKU136,WH004,769,714,2025-08-10,2025-08-08,Closed,4.12
PO003915,2025-12-21,SUP022,SKU113,WH001,1203,1072,2025-12-30,2025-12-29,Closed,11.04
PO003916,2025-09-04,SUP006,SKU115,WH003,1173,1154,2025-09-28,2025-09-28,Closed,7.72
PO003917,2025-02-08,SUP008,SKU065,WH005,1150,1095,2025-02-25,2025-02-23,Late,2.4
PO003918,2025-12-08,SUP002,SKU077,WH002,570,520,2025-12-20,2025-12-18,Closed,9.38
PO003919,2025-03-18,SUP014,SKU047,WH005,110,97,2025-04-05,2025-04-03,Closed,5.04
PO003920,2025-09-18,SUP012,SKU069,WH002,261,232,2025-10-03,2025-10-01,Closed,8.73
PO003921,2025-08-23,SUP010,SKU084,WH004,986,928,2025-09-15,2025-09-14,Closed,8.41
PO003922,2025-10-09,SUP013,SKU039,WH001,817,706,2025-10-26,2025-10-26,Closed,9.94
PO003923,2025-07-13,SUP007,SKU015,WH004,1293,1134,2025-07-21,2025-07-19,Closed,10.87
PO003924,2025-12-14,SUP024,SKU028,WH002,542,507,2025-12-21,2025-12-20,Closed,4.97
PO003925,2025-03-07,SUP006,SKU115,WH001,806,759,2025-03-31,2025-03-31,Closed,7.72
PO003926,2025-07-18,SUP025,SKU132,WH003,1285,1175,2025-08-12,2025-08-10,Closed,8.24
PO003927,2025-04-17,SUP015,SKU037,WH005,727,115,2025-04-24,,Open,3.03
PO003928,2025-08-22,SUP019,SKU049,WH001,135,122,2025-08-30,2025-08-30,Closed,1.72
PO003929,2025-08-11,SUP024,SKU128,WH004,842,808,2025-08-27,2025-08-27,Closed,10.5
PO003930,2025-07-27,SUP022,SKU116,WH002,347,342,2025-08-17,2025-08-15,Closed,4.95
PO003931,2025-08-09,SUP015,SKU033,WH003,122,118,2025-08-15,2025-08-13,Closed,10.83
PO003932,2025-09-12,SUP007,SKU104,WH004,1189,1175,2025-10-07,2025-10-14,Closed,5.43
PO003933,2025-07-20,SUP014,SKU047,WH005,642,576,2025-08-07,2025-08-06,Closed,5.04
PO003934,2025-02-20,SUP002,SKU131,WH003,1075,1001,2025-03-17,2025-03-15,Closed,8.58
PO003935,2025-04-17,SUP012,SKU069,WH002,532,469,2025-05-02,2025-05-09,Closed,8.73
PO003936,2025-05-19,SUP018,SKU079,WH002,1293,1175,2025-05-25,2025-06-01,Closed,3.5
PO003937,2025-12-17,SUP015,SKU088,WH001,827,749,2026-01-04,2026-01-02,Closed,6.94
PO003938,2025-08-06,SUP012,SKU100,WH005,1056,1055,2025-08-22,2025-08-20,Closed,2.35
PO003939,2025-04-23,SUP009,SKU129,WH005,1044,1036,2025-05-15,2025-05-15,Closed,6.29
PO003940,2025-01-21,SUP006,SKU023,WH003,845,819,2025-02-10,2025-02-08,Closed,8.04
PO003941,2025-04-27,SUP011,SKU099,WH005,438,108,2025-05-06,,Open,8.59
PO003942,2025-04-13,SUP018,SKU079,WH005,613,534,2025-04-19,2025-04-21,Closed,3.5
PO003943,2025-08-23,SUP023,SKU008,WH004,603,559,2025-09-06,2025-09-10,Closed,10.3
PO003944,2025-07-11,SUP006,SKU115,WH004,987,975,2025-08-04,2025-08-04,Closed,7.72
PO003945,2025-11-12,SUP001,SKU092,WH005,1437,1244,2025-11-18,2025-11-18,Closed,4.26
PO003946,2025-12-07,SUP008,SKU053,WH003,793,690,2025-12-29,2025-12-27,Closed,5.27
PO003947,2025-03-06,SUP007,SKU137,WH001,689,629,2025-03-21,2025-03-19,Closed,2.01
PO003948,2025-12-09,SUP016,SKU141,WH003,775,662,2025-12-22,2025-12-23,Closed,6.49
PO003949,2025-06-04,SUP022,SKU135,WH001,992,963,2025-06-10,2025-06-10,Closed,4.41
PO003950,2025-09-29,SUP001,SKU122,WH002,209,183,2025-10-13,2025-10-20,Closed,11.42
PO003951,2025-11-18,SUP021,SKU036,WH002,1099,1029,2025-11-23,2025-11-22,Closed,7.17
PO003952,2025-08-07,SUP024,SKU150,WH003,540,512,2025-08-22,2025-08-20,Closed,11.46
PO003953,2025-07-24,SUP017,SKU074,WH005,881,785,2025-08-06,2025-08-09,Closed,7.35
PO003954,2025-02-07,SUP020,SKU096,WH003,1449,1302,2025-02-17,2025-02-16,Closed,4.22
PO003955,2025-09-14,SUP001,SKU048,WH004,755,213,2025-10-04,,Open,6.32
PO003956,2025-04-30,SUP024,SKU031,WH005,736,689,2025-05-18,2025-05-17,Closed,3.1
PO003957,2025-06-09,SUP006,SKU115,WH004,919,789,2025-07-03,2025-07-03,Late,7.72
PO003958,2025-04-26,SUP024,SKU149,WH004,495,437,2025-05-01,2025-05-01,Closed,3.72
PO003959,2025-11-01,SUP007,SKU146,WH002,1417,1268,2025-11-23,2025-11-22,Closed,1.2
PO003960,2025-11-28,SUP019,SKU082,WH001,1313,1307,2025-12-13,2025-12-12,Closed,7.9
PO003961,2025-12-24,SUP017,SKU020,WH003,128,114,2026-01-02,2025-12-31,Closed,8.72
PO003962,2025-01-02,SUP010,SKU147,WH005,420,370,2025-01-27,2025-02-04,Closed,9.49
PO003963,2025-01-05,SUP017,SKU068,WH005,1107,280,2025-01-28,,Open,11.13
PO003964,2025-01-24,SUP023,SKU027,WH003,453,386,2025-02-09,2025-02-16,Closed,3.81
PO003965,2025-01-14,SUP007,SKU142,WH003,547,146,2025-01-25,,Open,7.2
PO003966,2025-01-23,SUP021,SKU036,WH004,705,633,2025-01-28,2025-01-27,Closed,7.17
PO003967,2025-12-23,SUP012,SKU044,WH005,1180,1106,2026-01-01,2025-12-30,Closed,5.88
PO003968,2025-04-13,SUP017,SKU066,WH004,239,64,2025-04-30,,Open,8.21
PO003969,2025-08-02,SUP018,SKU148,WH005,1492,1366,2025-08-23,2025-08-21,Closed,5.75
PO003970,2025-10-18,SUP021,SKU059,WH001,1438,1363,2025-10-27,2025-10-27,Closed,6.52
PO003971,2025-10-14,SUP008,SKU112,WH004,1275,1084,2025-10-27,2025-10-25,Closed,2.85
PO003972,2025-01-17,SUP025,SKU132,WH003,1458,1420,2025-02-11,2025-02-10,Closed,8.24
PO003973,2025-02-11,SUP020,SKU114,WH002,1371,1260,2025-02-23,2025-02-23,Closed,10.59
PO003974,2025-01-21,SUP014,SKU005,WH001,1223,1219,2025-02-01,2025-01-31,Closed,7.76
PO003975,2025-09-30,SUP001,SKU122,WH004,872,822,2025-10-14,2025-10-14,Closed,11.42
PO003976,2025-04-23,SUP013,SKU014,WH005,464,139,2025-05-06,,Open,9.53
PO003977,2025-10-31,SUP015,SKU088,WH002,60,56,2025-11-18,2025-11-16,Closed,6.94
PO003978,2025-06-12,SUP015,SKU037,WH002,1144,1085,2025-06-19,2025-06-18,Closed,3.03
PO003979,2025-02-16,SUP022,SKU135,WH005,800,792,2025-02-22,2025-02-22,Closed,4.41
PO003980,2025-05-11,SUP001,SKU122,WH005,71,69,2025-05-25,2025-05-24,Closed,11.42
PO003981,2025-02-24,SUP012,SKU100,WH003,1482,1397,2025-03-12,2025-03-12,Closed,2.35
PO003982,2025-07-10,SUP007,SKU104,WH004,1394,252,2025-08-04,,Open,5.43
PO003983,2025-10-09,SUP015,SKU087,WH004,969,183,2025-10-30,,Open,4.19
PO003984,2025-05-09,SUP024,SKU093,WH003,634,557,2025-05-29,2025-05-29,Closed,3.63
PO003985,2025-09-02,SUP008,SKU053,WH001,816,801,2025-09-24,2025-09-22,Closed,5.27
PO003986,2025-04-27,SUP025,SKU004,WH002,80,72,2025-05-20,2025-05-18,Closed,6.13
PO003987,2025-01-23,SUP023,SKU125,WH001,161,156,2025-02-12,2025-02-10,Closed,2.72
PO003988,2025-12-31,SUP022,SKU117,WH005,735,630,2026-01-05,2026-01-04,Closed,2.99
PO003989,2025-08-15,SUP018,SKU148,WH003,1408,1252,2025-09-05,2025-09-05,Closed,5.75
PO003990,2025-10-25,SUP018,SKU079,WH005,464,403,2025-10-31,2025-10-29,Closed,3.5
PO003991,2025-10-10,SUP012,SKU100,WH002,735,713,2025-10-26,2025-11-01,Closed,2.35
PO003992,2025-10-10,SUP007,SKU011,WH004,884,757,2025-10-17,2025-10-17,Closed,10.01
PO003993,2025-12-02,SUP021,SKU036,WH002,1142,1107,2025-12-07,2025-12-07,Closed,7.17
PO003994,2025-09-11,SUP018,SKU148,WH002,391,39,2025-10-02,,Open,5.75
PO003995,2025-03-04,SUP024,SKU010,WH002,1492,1423,2025-03-09,2025-03-08,Closed,2.72
PO003996,2025-12-06,SUP025,SKU017,WH003,50,44,2025-12-17,2025-12-16,Closed,10.74
PO003997,2025-04-11,SUP020,SKU019,WH003,1279,1153,2025-04-24,2025-04-23,Closed,3.02
PO003998,2025-06-03,SUP023,SKU027,WH001,81,75,2025-06-19,2025-06-17,Closed,3.81
PO003999,2025-09-19,SUP016,SKU045,WH001,1152,1123,2025-09-25,2025-09-25,Closed,3.07
PO004000,2025-12-08,SUP013,SKU057,WH001,1426,1325,2026-01-01,2026-01-01,Closed,2.31
PO004001,2025-01-20,SUP006,SKU042,WH001,458,455,2025-02-05,2025-02-03,Closed,6.84
PO004002,2025-09-17,SUP022,SKU113,WH005,1082,969,2025-09-26,2025-10-03,Closed,11.04
PO004003,2025-03-23,SUP003,SKU030,WH002,858,810,2025-04-10,2025-04-09,Closed,11.72
PO004004,2025-07-06,SUP024,SKU035,WH005,522,497,2025-07-13,2025-07-11,Closed,11.5
PO004005,2025-04-30,SUP010,SKU064,WH003,72,1,2025-05-23,,Open,9.34
PO004006,2025-09-01,SUP021,SKU054,WH005,882,751,2025-09-24,2025-09-24,Closed,8.56
PO004007,2025-07-26,SUP024,SKU111,WH001,493,429,2025-08-10,2025-08-10,Late,3.96
PO004008,2025-01-17,SUP005,SKU070,WH004,763,715,2025-01-29,2025-01-28,Closed,4.2
PO004009,2025-12-30,SUP024,SKU124,WH001,1302,1180,2026-01-11,2026-01-10,Late,10.78
PO004010,2025-08-22,SUP014,SKU143,WH004,427,377,2025-09-13,2025-09-13,Closed,11.18
PO004011,2025-11-29,SUP020,SKU096,WH002,1292,1177,2025-12-09,2025-12-08,Closed,4.22
PO004012,2025-02-15,SUP005,SKU062,WH002,785,770,2025-02-27,2025-02-26,Closed,10.26
PO004013,2025-02-16,SUP025,SKU025,WH002,846,765,2025-03-10,2025-03-10,Closed,8.66
PO004014,2025-12-02,SUP013,SKU130,WH002,422,412,2025-12-17,2025-12-16,Closed,5.55
PO004015,2025-09-18,SUP010,SKU064,WH004,1145,1007,2025-10-11,2025-10-09,Closed,9.34
PO004016,2025-04-22,SUP007,SKU104,WH004,919,902,2025-05-17,2025-05-15,Closed,5.43
PO004017,2025-07-31,SUP007,SKU024,WH001,1197,1165,2025-08-23,2025-08-27,Closed,7.58
PO004018,2025-04-12,SUP025,SKU009,WH003,783,690,2025-04-29,2025-04-29,Closed,11.58
PO004019,2025-05-05,SUP020,SKU096,WH002,545,478,2025-05-15,2025-05-15,Closed,4.22
PO004020,2025-08-14,SUP017,SKU119,WH001,554,530,2025-08-19,2025-08-19,Closed,11.97
PO004021,2025-01-06,SUP017,SKU050,WH002,426,371,2025-01-26,2025-01-26,Closed,7.03
PO004022,2025-01-04,SUP024,SKU111,WH001,344,321,2025-01-19,2025-01-21,Closed,3.96
PO004023,2025-03-16,SUP024,SKU149,WH002,540,538,2025-03-21,2025-03-27,Closed,3.72
PO004024,2025-08-27,SUP023,SKU089,WH005,510,460,2025-09-06,2025-09-05,Closed,1.53
PO004025,2025-10-31,SUP002,SKU108,WH005,333,297,2025-11-19,2025-11-18,Closed,9.81
PO004026,2025-04-30,SUP019,SKU043,WH004,861,857,2025-05-24,2025-05-24,Closed,7.04
PO004027,2025-03-17,SUP015,SKU088,WH005,485,472,2025-04-04,2025-04-03,Closed,6.94
PO004028,2025-05-16,SUP020,SKU114,WH001,202,16,2025-05-28,,Open,10.59
PO004029,2025-04-03,SUP010,SKU084,WH004,1444,1255,2025-04-26,2025-04-24,Late,8.41
PO004030,2025-03-24,SUP012,SKU069,WH004,423,412,2025-04-08,2025-04-07,Closed,8.73
PO004031,2025-02-25,SUP008,SKU121,WH002,976,892,2025-03-07,2025-03-07,Closed,6.97
PO004032,2025-02-04,SUP010,SKU145,WH003,530,472,2025-02-24,2025-02-22,Late,4.64
PO004033,2025-06-14,SUP017,SKU119,WH004,325,314,2025-06-19,2025-06-18,Closed,11.97
PO004034,2025-06-21,SUP017,SKU034,WH003,649,591,2025-06-29,2025-06-27,Late,3.69
PO004035,2025-06-05,SUP015,SKU033,WH005,1031,1000,2025-06-11,2025-06-11,Closed,10.83
PO004036,2025-05-31,SUP014,SKU006,WH001,226,194,2025-06-24,2025-06-30,Closed,4.49
PO004037,2025-12-01,SUP015,SKU037,WH005,677,639,2025-12-08,2025-12-08,Closed,3.03
PO004038,2025-11-28,SUP002,SKU136,WH003,879,786,2025-12-21,2025-12-20,Closed,4.12
PO004039,2025-05-31,SUP002,SKU094,WH003,842,743,2025-06-09,2025-06-17,Closed,1.76
PO004040,2025-06-11,SUP021,SKU059,WH004,1263,1146,2025-06-20,2025-06-20,Closed,6.52
PO004041,2025-06-27,SUP004,SKU144,WH004,119,116,2025-07-09,2025-07-07,Closed,2.03
PO004042,2025-05-30,SUP002,SKU094,WH003,547,493,2025-06-08,2025-06-06,Closed,1.76
PO004043,2025-07-15,SUP002,SKU136,WH003,174,169,2025-08-07,2025-08-06,Closed,4.12
PO004044,2025-07-05,SUP025,SKU004,WH003,1039,932,2025-07-28,2025-08-02,Closed,6.13
PO004045,2025-03-22,SUP008,SKU110,WH003,1142,1062,2025-04-09,2025-04-16,Closed,3.66
PO004046,2025-01-15,SUP019,SKU043,WH004,1399,228,2025-02-08,,Open,7.04
PO004047,2025-06-22,SUP018,SKU072,WH001,1079,1031,2025-06-28,2025-07-06,Closed,9.04
PO004048,2025-09-22,SUP001,SKU105,WH002,148,140,2025-10-04,2025-10-02,Closed,11.35
PO004049,2025-09-03,SUP010,SKU084,WH004,751,735,2025-09-26,2025-09-26,Closed,8.41
PO004050,2025-06-09,SUP015,SKU087,WH003,861,771,2025-06-30,2025-06-29,Closed,4.19
PO004051,2025-04-08,SUP002,SKU108,WH003,1112,1057,2025-04-27,2025-04-25,Closed,9.81
PO004052,2025-06-09,SUP014,SKU047,WH003,236,37,2025-06-27,,Open,5.04
PO004053,2025-12-13,SUP023,SKU046,WH003,1308,1302,2025-12-24,2025-12-22,Closed,4.22
PO004054,2025-01-30,SUP025,SKU009,WH005,1056,980,2025-02-16,2025-02-15,Closed,11.58
PO004055,2025-04-07,SUP013,SKU057,WH002,168,161,2025-05-01,2025-05-03,Closed,2.31
PO004056,2025-05-10,SUP005,SKU013,WH002,1370,1182,2025-05-17,2025-05-15,Closed,7.59
PO004057,2025-09-13,SUP020,SKU081,WH003,532,475,2025-10-04,2025-10-03,Closed,9.8
PO004058,2025-07-16,SUP024,SKU150,WH002,268,235,2025-07-31,2025-07-29,Closed,11.46
PO004059,2025-11-20,SUP012,SKU069,WH005,1318,1303,2025-12-05,2025-12-03,Closed,8.73
PO004060,2025-07-14,SUP015,SKU037,WH002,119,117,2025-07-21,2025-07-23,Closed,3.03
PO004061,2025-10-09,SUP025,SKU009,WH004,861,769,2025-10-26,2025-10-25,Closed,11.58
PO004062,2025-10-29,SUP015,SKU139,WH002,1118,74,2025-11-12,,Open,11.11
PO004063,2025-03-04,SUP025,SKU025,WH003,414,375,2025-03-26,2025-03-24,Closed,8.66
PO004064,2025-06-18,SUP005,SKU062,WH003,945,810,2025-06-30,2025-07-03,Closed,10.26
PO004065,2025-01-23,SUP013,SKU014,WH003,168,167,2025-02-05,2025-02-09,Closed,9.53
PO004066,2025-08-14,SUP022,SKU113,WH001,313,302,2025-08-23,2025-08-23,Closed,11.04
PO004067,2025-11-29,SUP008,SKU121,WH003,157,25,2025-12-09,,Open,6.97
PO004068,2025-08-22,SUP008,SKU121,WH005,1312,1169,2025-09-01,2025-09-01,Closed,6.97
PO004069,2025-01-13,SUP010,SKU064,WH002,1116,1059,2025-02-05,2025-02-11,Closed,9.34
PO004070,2025-05-12,SUP007,SKU104,WH005,1121,1086,2025-06-06,2025-06-05,Closed,5.43
PO004071,2025-08-25,SUP011,SKU041,WH002,1134,1008,2025-09-15,2025-09-23,Closed,8.46
PO004072,2025-03-29,SUP007,SKU024,WH004,667,658,2025-04-21,2025-04-21,Closed,7.58
PO004073,2025-11-10,SUP010,SKU003,WH003,740,244,2025-11-26,,Open,7.87
PO004074,2025-01-01,SUP021,SKU059,WH001,1105,994,2025-01-10,2025-01-10,Closed,6.52
PO004075,2025-05-11,SUP003,SKU101,WH004,305,285,2025-05-23,2025-05-21,Closed,11.21
PO004076,2025-02-04,SUP001,SKU092,WH001,1019,953,2025-02-10,2025-02-08,Closed,4.26
PO004077,2025-02-20,SUP010,SKU003,WH004,532,501,2025-03-08,2025-03-06,Closed,7.87
PO004078,2025-07-15,SUP024,SKU012,WH004,838,2,2025-07-31,,Open,11.08
PO004079,2025-03-14,SUP020,SKU114,WH003,1408,1352,2025-03-26,2025-03-25,Closed,10.59
PO004080,2025-08-03,SUP006,SKU023,WH001,638,561,2025-08-23,2025-08-22,Closed,8.04
PO004081,2025-12-21,SUP014,SKU005,WH004,979,865,2026-01-01,2026-01-01,Closed,7.76
PO004082,2025-11-04,SUP024,SKU150,WH001,848,34,2025-11-19,,Open,11.46
PO004083,2025-02-10,SUP018,SKU148,WH003,1112,1054,2025-03-03,2025-03-02,Closed,5.75
PO004084,2025-04-03,SUP011,SKU099,WH003,1241,1055,2025-04-12,2025-04-15,Closed,8.59
PO004085,2025-07-08,SUP024,SKU035,WH005,709,648,2025-07-15,2025-07-21,Closed,11.5
PO004086,2025-06-27,SUP008,SKU053,WH004,1200,1124,2025-07-19,2025-07-26,Late,5.27
PO004087,2025-03-22,SUP001,SKU048,WH002,396,380,2025-04-11,2025-04-09,Closed,6.32
PO004088,2025-07-25,SUP012,SKU016,WH003,182,50,2025-08-11,,Open,2.94
PO004089,2025-04-01,SUP024,SKU010,WH001,885,840,2025-04-06,2025-04-12,Closed,2.72
PO004090,2025-01-13,SUP024,SKU111,WH003,440,424,2025-01-28,2025-01-28,Closed,3.96
PO004091,2025-10-19,SUP019,SKU049,WH002,963,946,2025-10-27,2025-10-26,Closed,1.72
PO004092,2025-02-13,SUP001,SKU048,WH004,80,78,2025-03-05,2025-03-11,Closed,6.32
PO004093,2025-10-19,SUP010,SKU084,WH001,227,209,2025-11-11,2025-11-11,Closed,8.41
PO004094,2025-10-05,SUP004,SKU144,WH003,1302,1221,2025-10-17,2025-10-15,Closed,2.03
PO004095,2025-07-19,SUP015,SKU037,WH001,273,8,2025-07-26,,Open,3.03
PO004096,2025-06-18,SUP015,SKU139,WH004,717,146,2025-07-02,,Open,11.11
PO004097,2025-07-16,SUP013,SKU130,WH002,584,567,2025-07-31,2025-07-29,Closed,5.55
PO004098,2025-11-04,SUP008,SKU053,WH004,586,580,2025-11-26,2025-11-25,Closed,5.27
PO004099,2025-02-17,SUP004,SKU134,WH001,1469,1264,2025-03-14,2025-03-13,Closed,2.09
PO004100,2025-12-18,SUP010,SKU075,WH001,1436,1395,2025-12-27,2025-12-25,Closed,9.3
PO004101,2025-06-27,SUP005,SKU062,WH004,547,491,2025-07-09,2025-07-09,Closed,10.26
PO004102,2025-08-23,SUP024,SKU128,WH002,301,78,2025-09-08,,Open,10.5
PO004103,2025-10-09,SUP006,SKU002,WH002,642,130,2025-10-16,,Open,10.55
PO004104,2025-02-23,SUP015,SKU139,WH003,1472,1295,2025-03-09,2025-03-09,Late,11.11
PO004105,2025-04-23,SUP025,SKU009,WH003,72,71,2025-05-10,2025-05-08,Closed,11.58
PO004106,2025-03-31,SUP025,SKU073,WH003,783,755,2025-04-05,2025-04-05,Closed,2.98
PO004107,2025-01-28,SUP021,SKU078,WH002,920,852,2025-02-13,2025-02-18,Closed,4.52
PO004108,2025-11-11,SUP016,SKU029,WH004,361,329,2025-11-23,2025-11-22,Closed,11.3
PO004109,2025-07-09,SUP024,SKU128,WH005,1018,133,2025-07-25,,Open,10.5
PO004110,2025-01-15,SUP007,SKU142,WH001,596,524,2025-01-26,2025-01-26,Closed,7.2
PO004111,2025-03-01,SUP025,SKU102,WH003,626,621,2025-03-09,2025-03-12,Closed,10.0
PO004112,2025-11-26,SUP002,SKU095,WH005,1130,1005,2025-12-17,2025-12-19,Closed,10.55
PO004113,2025-09-09,SUP007,SKU104,WH003,1245,1077,2025-10-04,2025-10-02,Closed,5.43
PO004114,2025-06-19,SUP007,SKU137,WH002,314,72,2025-07-04,,Open,2.01
PO004115,2025-12-16,SUP007,SKU015,WH003,1003,862,2025-12-24,2025-12-23,Closed,10.87
PO004116,2025-09-28,SUP002,SKU094,WH005,820,704,2025-10-07,2025-10-07,Closed,1.76
PO004117,2025-11-17,SUP023,SKU125,WH002,75,74,2025-12-07,2025-12-06,Closed,2.72
PO004118,2025-01-19,SUP024,SKU093,WH001,154,1,2025-02-08,,Open,3.63
PO004119,2025-04-11,SUP002,SKU077,WH001,1137,1096,2025-04-23,2025-04-22,Closed,9.38
PO004120,2025-06-15,SUP017,SKU034,WH005,332,331,2025-06-23,2025-06-22,Closed,3.69
PO004121,2025-02-24,SUP022,SKU133,WH001,273,262,2025-03-07,2025-03-05,Closed,7.69
PO004122,2025-08-27,SUP014,SKU005,WH001,180,160,2025-09-07,2025-09-07,Closed,7.76
PO004123,2025-01-23,SUP014,SKU005,WH001,790,786,2025-02-03,2025-02-03,Closed,7.76
PO004124,2025-10-24,SUP020,SKU081,WH005,284,255,2025-11-14,2025-11-12,Closed,9.8
PO004125,2025-02-08,SUP017,SKU050,WH002,590,553,2025-02-28,2025-02-28,Closed,7.03
PO004126,2025-08-08,SUP009,SKU129,WH005,1278,1193,2025-08-30,2025-08-30,Closed,6.29
PO004127,2025-05-29,SUP023,SKU008,WH001,358,316,2025-06-12,2025-06-12,Closed,10.3
PO004128,2025-08-03,SUP024,SKU111,WH002,452,419,2025-08-18,2025-08-16,Closed,3.96
PO004129,2025-12-11,SUP008,SKU065,WH002,203,188,2025-12-28,2025-12-28,Closed,2.4
PO004130,2025-06-13,SUP010,SKU147,WH002,1410,1306,2025-07-08,2025-07-08,Closed,9.49
PO004131,2025-04-15,SUP004,SKU106,WH003,192,169,2025-04-25,2025-04-23,Closed,10.85
PO004132,2025-03-22,SUP013,SKU130,WH004,757,707,2025-04-06,2025-04-05,Late,5.55
PO004133,2025-08-04,SUP024,SKU111,WH001,698,695,2025-08-19,2025-08-21,Closed,3.96
PO004134,2025-04-30,SUP011,SKU109,WH003,1422,1278,2025-05-15,2025-05-15,Closed,7.66
PO004135,2025-01-06,SUP025,SKU004,WH004,250,218,2025-01-29,2025-01-28,Closed,6.13
PO004136,2025-06-03,SUP011,SKU041,WH004,970,904,2025-06-24,2025-06-24,Closed,8.46
PO004137,2025-09-02,SUP015,SKU037,WH002,332,301,2025-09-09,2025-09-08,Closed,3.03
PO004138,2025-07-22,SUP006,SKU071,WH005,159,149,2025-07-27,2025-07-26,Late,8.74
PO004139,2025-10-12,SUP025,SKU009,WH005,1231,1152,2025-10-29,2025-10-29,Closed,11.58
PO004140,2025-11-17,SUP023,SKU056,WH005,442,409,2025-11-26,2025-12-03,Closed,3.9
PO004141,2025-05-05,SUP020,SKU126,WH001,851,748,2025-05-27,2025-05-26,Closed,2.53
PO004142,2025-10-14,SUP004,SKU134,WH004,827,805,2025-11-08,2025-11-07,Closed,2.09
PO004143,2025-11-04,SUP013,SKU052,WH005,863,760,2025-11-16,2025-11-18,Closed,7.96
PO004144,2025-11-29,SUP019,SKU051,WH003,602,592,2025-12-06,2025-12-04,Closed,9.85
PO004145,2025-09-01,SUP011,SKU099,WH001,565,518,2025-09-10,2025-09-15,Closed,8.59
PO004146,2025-03-24,SUP017,SKU020,WH002,103,96,2025-04-02,2025-04-01,Closed,8.72
PO004147,2025-09-08,SUP024,SKU128,WH004,447,409,2025-09-24,2025-09-22,Closed,10.5
PO004148,2025-06-26,SUP024,SKU150,WH001,447,384,2025-07-11,2025-07-09,Closed,11.46
PO004149,2025-06-01,SUP015,SKU033,WH004,265,261,2025-06-07,2025-06-05,Closed,10.83
PO004150,2025-07-12,SUP002,SKU040,WH001,1143,1104,2025-07-30,2025-07-28,Closed,1.97
PO004151,2025-08-25,SUP015,SKU139,WH002,60,57,2025-09-08,2025-09-14,Late,11.11
PO004152,2025-09-29,SUP008,SKU110,WH004,571,540,2025-10-17,2025-10-16,Closed,3.66
PO004153,2025-01-27,SUP001,SKU122,WH005,669,599,2025-02-10,2025-02-09,Closed,11.42
PO004154,2025-08-21,SUP024,SKU111,WH003,729,701,2025-09-05,2025-09-05,Closed,3.96
PO004155,2025-08-22,SUP024,SKU149,WH002,1319,1290,2025-08-27,2025-08-27,Closed,3.72
PO004156,2025-11-14,SUP019,SKU080,WH003,587,554,2025-11-24,2025-11-23,Closed,10.96
PO004157,2025-04-09,SUP017,SKU063,WH003,266,256,2025-04-26,2025-04-24,Closed,3.72
PO004158,2025-08-04,SUP022,SKU117,WH004,265,251,2025-08-09,2025-08-08,Closed,2.99
PO004159,2025-05-24,SUP012,SKU100,WH001,264,238,2025-06-09,2025-06-07,Closed,2.35
PO004160,2025-02-06,SUP019,SKU051,WH004,895,840,2025-02-13,2025-02-20,Closed,9.85
PO004161,2025-08-06,SUP005,SKU062,WH004,392,348,2025-08-18,2025-08-16,Closed,10.26
PO004162,2025-03-21,SUP002,SKU094,WH004,141,132,2025-03-30,2025-03-29,Closed,1.76
PO004163,2025-10-02,SUP020,SKU126,WH002,594,508,2025-10-24,2025-10-22,Closed,2.53
PO004164,2025-05-18,SUP011,SKU109,WH005,1077,1040,2025-06-02,2025-06-01,Closed,7.66
PO004165,2025-03-14,SUP024,SKU124,WH005,322,293,2025-03-26,2025-03-26,Closed,10.78
PO004166,2025-11-10,SUP019,SKU051,WH005,1174,1168,2025-11-17,2025-11-22,Closed,9.85
PO004167,2025-06-15,SUP017,SKU068,WH003,1363,1158,2025-07-08,2025-07-07,Closed,11.13
PO004168,2025-08-25,SUP023,SKU089,WH003,1104,1007,2025-09-04,2025-09-07,Closed,1.53
PO004169,2025-01-28,SUP020,SKU096,WH002,682,633,2025-02-07,2025-02-06,Closed,4.22
PO004170,2025-12-06,SUP025,SKU073,WH004,287,253,2025-12-11,2025-12-11,Closed,2.98
PO004171,2025-09-05,SUP024,SKU031,WH005,809,726,2025-09-23,2025-09-28,Closed,3.1
PO004172,2025-05-02,SUP023,SKU056,WH002,1098,994,2025-05-11,2025-05-11,Closed,3.9
PO004173,2025-12-29,SUP024,SKU012,WH005,192,168,2026-01-14,2026-01-12,Closed,11.08
PO004174,2025-04-26,SUP024,SKU149,WH005,1420,1271,2025-05-01,2025-05-01,Closed,3.72
PO004175,2025-10-27,SUP020,SKU019,WH001,1395,1345,2025-11-09,2025-11-08,Closed,3.02
PO004176,2025-02-03,SUP019,SKU018,WH005,427,403,2025-02-15,2025-02-23,Late,10.5
PO004177,2025-08-04,SUP023,SKU001,WH001,853,152,2025-08-29,,Open,3.18
PO004178,2025-10-23,SUP015,SKU033,WH004,146,141,2025-10-29,2025-11-01,Closed,10.83
PO004179,2025-09-11,SUP008,SKU053,WH005,1464,1303,2025-10-03,2025-10-02,Closed,5.27
PO004180,2025-06-16,SUP019,SKU080,WH001,1198,1138,2025-06-26,2025-06-25,Closed,10.96
PO004181,2025-11-12,SUP022,SKU140,WH002,1390,1296,2025-12-07,2025-12-05,Closed,11.55
PO004182,2025-10-03,SUP024,SKU093,WH001,1368,1349,2025-10-23,2025-10-23,Late,3.63
PO004183,2025-05-18,SUP008,SKU110,WH002,1250,1161,2025-06-05,2025-06-07,Closed,3.66
PO004184,2025-06-29,SUP024,SKU107,WH004,380,353,2025-07-09,2025-07-15,Closed,6.54
PO004185,2025-09-29,SUP012,SKU061,WH005,51,48,2025-10-18,2025-10-21,Closed,7.1
PO004186,2025-03-29,SUP004,SKU144,WH004,654,565,2025-04-10,2025-04-17,Late,2.03
PO004187,2025-07-13,SUP003,SKU101,WH001,608,607,2025-07-25,2025-07-24,Closed,11.21
PO004188,2025-03-10,SUP013,SKU130,WH004,1237,1125,2025-03-25,2025-03-23,Closed,5.55
PO004189,2025-05-02,SUP012,SKU091,WH005,656,624,2025-05-21,2025-05-20,Closed,9.72
PO004190,2025-04-19,SUP022,SKU113,WH004,455,419,2025-04-28,2025-04-26,Closed,11.04
PO004191,2025-04-01,SUP013,SKU014,WH003,1174,1156,2025-04-14,2025-04-12,Closed,9.53
PO004192,2025-01-26,SUP006,SKU071,WH001,267,255,2025-01-31,2025-01-31,Closed,8.74
PO004193,2025-06-20,SUP022,SKU116,WH002,280,259,2025-07-11,2025-07-10,Closed,4.95
PO004194,2025-08-20,SUP012,SKU091,WH004,1280,1206,2025-09-08,2025-09-08,Closed,9.72
PO004195,2025-02-03,SUP024,SKU111,WH004,699,600,2025-02-18,2025-02-16,Closed,3.96
PO004196,2025-02-01,SUP010,SKU084,WH004,993,897,2025-02-24,2025-02-24,Closed,8.41
PO004197,2025-08-09,SUP007,SKU142,WH004,1448,1275,2025-08-20,2025-08-20,Closed,7.2
PO004198,2025-07-24,SUP018,SKU148,WH004,342,335,2025-08-14,2025-08-13,Closed,5.75
PO004199,2025-12-28,SUP010,SKU003,WH001,573,551,2026-01-13,2026-01-14,Closed,7.87
PO004200,2025-07-22,SUP024,SKU031,WH002,1170,1077,2025-08-09,2025-08-17,Closed,3.1
PO004201,2025-01-03,SUP024,SKU107,WH005,564,510,2025-01-13,2025-01-12,Closed,6.54
PO004202,2025-05-05,SUP024,SKU031,WH002,352,329,2025-05-23,2025-05-23,Closed,3.1
PO004203,2025-04-24,SUP005,SKU070,WH003,799,766,2025-05-06,2025-05-04,Closed,4.2
PO004204,2025-09-24,SUP017,SKU068,WH001,86,84,2025-10-17,2025-10-15,Late,11.13
PO004205,2025-04-22,SUP022,SKU133,WH002,465,414,2025-05-03,2025-05-01,Closed,7.69
PO004206,2025-07-14,SUP019,SKU018,WH004,242,221,2025-07-26,2025-08-03,Closed,10.5
PO004207,2025-01-10,SUP006,SKU032,WH003,485,425,2025-02-02,2025-02-01,Closed,4.53
PO004208,2025-04-16,SUP021,SKU078,WH005,1225,1089,2025-05-02,2025-05-01,Closed,4.52
PO004209,2025-09-21,SUP016,SKU045,WH005,778,689,2025-09-27,2025-10-04,Closed,3.07
PO004210,2025-03-13,SUP012,SKU016,WH004,1034,954,2025-03-30,2025-04-01,Late,2.94
PO004211,2025-04-25,SUP003,SKU083,WH004,460,428,2025-05-15,2025-05-13,Closed,2.58
PO004212,2025-08-08,SUP012,SKU069,WH005,82,6,2025-08-23,,Open,8.73
PO004213,2025-01-13,SUP021,SKU059,WH002,831,809,2025-01-22,2025-01-20,Closed,6.52
PO004214,2025-03-28,SUP014,SKU058,WH004,313,311,2025-04-10,2025-04-09,Closed,5.4
PO004215,2025-11-14,SUP015,SKU088,WH004,1472,1425,2025-12-02,2025-12-06,Closed,6.94
PO004216,2025-09-13,SUP006,SKU032,WH003,913,904,2025-10-06,2025-10-06,Closed,4.53
PO004217,2025-08-30,SUP021,SKU078,WH002,649,646,2025-09-15,2025-09-15,Closed,4.52
PO004218,2025-01-29,SUP007,SKU104,WH004,633,590,2025-02-23,2025-02-23,Late,5.43
PO004219,2025-05-04,SUP005,SKU062,WH004,666,572,2025-05-16,2025-05-14,Closed,10.26
PO004220,2025-04-22,SUP022,SKU140,WH002,1054,1032,2025-05-17,2025-05-15,Late,11.55
PO004221,2025-10-28,SUP016,SKU045,WH003,479,27,2025-11-03,,Open,3.07
PO004222,2025-09-20,SUP025,SKU025,WH002,1385,1243,2025-10-12,2025-10-11,Closed,8.66
PO004223,2025-05-14,SUP016,SKU067,WH002,701,647,2025-05-30,2025-05-29,Closed,3.61
PO004224,2025-11-06,SUP006,SKU127,WH002,1132,1087,2025-11-22,2025-11-22,Closed,10.11
PO004225,2025-04-15,SUP010,SKU075,WH004,966,886,2025-04-24,2025-04-30,Closed,9.3
PO004226,2025-11-16,SUP002,SKU095,WH005,1210,1158,2025-12-07,2025-12-07,Closed,10.55
PO004227,2025-09-04,SUP021,SKU036,WH005,497,128,2025-09-09,,Open,7.17
PO004228,2025-10-22,SUP001,SKU105,WH001,1421,1262,2025-11-03,2025-11-02,Closed,11.35
PO004229,2025-09-29,SUP006,SKU127,WH003,84,75,2025-10-15,2025-10-14,Closed,10.11
PO004230,2025-02-02,SUP015,SKU033,WH001,503,487,2025-02-08,2025-02-07,Closed,10.83
PO004231,2025-08-08,SUP022,SKU117,WH004,131,128,2025-08-13,2025-08-11,Closed,2.99
PO004232,2025-03-04,SUP020,SKU114,WH003,837,732,2025-03-16,2025-03-14,Closed,10.59
PO004233,2025-11-19,SUP015,SKU088,WH003,1275,1207,2025-12-07,2025-12-08,Closed,6.94
PO004234,2025-08-18,SUP023,SKU001,WH001,51,49,2025-09-12,2025-09-11,Closed,3.18
PO004235,2025-07-21,SUP015,SKU123,WH004,1442,1299,2025-07-28,2025-07-30,Closed,10.56
PO004236,2025-03-20,SUP010,SKU145,WH004,261,241,2025-04-09,2025-04-07,Closed,4.64
PO004237,2025-09-23,SUP013,SKU057,WH004,164,139,2025-10-17,2025-10-16,Closed,2.31
PO004238,2025-02-05,SUP023,SKU089,WH004,1202,1177,2025-02-15,2025-02-15,Closed,1.53
PO004239,2025-01-12,SUP013,SKU057,WH001,924,893,2025-02-05,2025-02-04,Closed,2.31
PO004240,2025-02-18,SUP011,SKU086,WH005,894,786,2025-03-09,2025-03-08,Closed,4.77
PO004241,2025-12-14,SUP007,SKU146,WH002,1380,1357,2026-01-05,2026-01-05,Closed,1.2
PO004242,2025-08-15,SUP024,SKU035,WH005,1236,1060,2025-08-22,2025-08-20,Closed,11.5
PO004243,2025-11-01,SUP010,SKU145,WH005,563,510,2025-11-21,2025-11-20,Closed,4.64
PO004244,2025-08-04,SUP020,SKU081,WH005,679,612,2025-08-25,2025-08-23,Closed,9.8
PO004245,2025-09-04,SUP022,SKU133,WH003,1207,1132,2025-09-15,2025-09-13,Closed,7.69
PO004246,2025-11-15,SUP022,SKU135,WH001,1088,1060,2025-11-21,2025-11-20,Closed,4.41
PO004247,2025-11-28,SUP012,SKU044,WH001,958,852,2025-12-07,2025-12-05,Closed,5.88
PO004248,2025-06-04,SUP008,SKU121,WH001,1385,1363,2025-06-14,2025-06-14,Closed,6.97
PO004249,2025-06-11,SUP025,SKU103,WH003,472,404,2025-06-21,2025-06-29,Closed,8.91
PO004250,2025-12-01,SUP023,SKU046,WH003,1322,1214,2025-12-12,2025-12-12,Closed,4.22
PO004251,2025-04-27,SUP012,SKU100,WH005,307,267,2025-05-13,2025-05-12,Closed,2.35
PO004252,2025-05-24,SUP005,SKU062,WH002,1070,1019,2025-06-05,2025-06-03,Closed,10.26
PO004253,2025-04-21,SUP022,SKU135,WH003,265,239,2025-04-27,2025-04-25,Closed,4.41
PO004254,2025-07-18,SUP002,SKU095,WH001,225,210,2025-08-08,2025-08-06,Closed,10.55
PO004255,2025-09-15,SUP005,SKU138,WH001,1400,1328,2025-10-08,2025-10-14,Closed,2.04
PO004256,2025-08-18,SUP014,SKU047,WH003,191,167,2025-09-05,2025-09-03,Closed,5.04
PO004257,2025-07-02,SUP019,SKU080,WH002,357,312,2025-07-12,2025-07-20,Closed,10.96
PO004258,2025-09-18,SUP017,SKU034,WH002,749,721,2025-09-26,2025-09-24,Closed,3.69
PO004259,2025-12-19,SUP002,SKU095,WH005,613,537,2026-01-09,2026-01-09,Closed,10.55
PO004260,2025-10-05,SUP015,SKU123,WH001,696,649,2025-10-12,2025-10-12,Closed,10.56
PO004261,2025-07-25,SUP011,SKU097,WH005,678,629,2025-08-12,2025-08-11,Closed,6.92
PO004262,2025-09-19,SUP024,SKU149,WH001,388,342,2025-09-24,2025-09-22,Closed,3.72
PO004263,2025-02-05,SUP022,SKU133,WH002,1252,1248,2025-02-16,2025-02-24,Closed,7.69
PO004264,2025-08-27,SUP015,SKU120,WH002,556,537,2025-09-18,2025-09-18,Closed,6.3
PO004265,2025-03-12,SUP004,SKU134,WH005,1320,1239,2025-04-06,2025-04-04,Closed,2.09
PO004266,2025-09-08,SUP022,SKU113,WH004,1293,1288,2025-09-17,2025-09-15,Closed,11.04
PO004267,2025-07-15,SUP024,SKU128,WH002,913,857,2025-07-31,2025-07-29,Closed,10.5
PO004268,2025-03-19,SUP015,SKU037,WH005,1167,1120,2025-03-26,2025-03-24,Closed,3.03
PO004269,2025-06-08,SUP019,SKU051,WH002,906,866,2025-06-15,2025-06-13,Closed,9.85
PO004270,2025-05-17,SUP009,SKU129,WH001,629,554,2025-06-08,2025-06-08,Closed,6.29
PO004271,2025-11-08,SUP010,SKU075,WH004,1228,1203,2025-11-17,2025-11-17,Closed,9.3
PO004272,2025-01-24,SUP024,SKU012,WH004,424,382,2025-02-09,2025-02-07,Closed,11.08
PO004273,2025-09-07,SUP022,SKU117,WH005,595,513,2025-09-12,2025-09-11,Closed,2.99
PO004274,2025-05-08,SUP011,SKU086,WH004,1058,981,2025-05-27,2025-05-26,Closed,4.77
PO004275,2025-02-15,SUP007,SKU146,WH001,594,530,2025-03-09,2025-03-07,Closed,1.2
PO004276,2025-11-21,SUP022,SKU007,WH001,816,801,2025-12-01,2025-12-01,Closed,8.36
PO004277,2025-05-31,SUP012,SKU100,WH003,517,468,2025-06-16,2025-06-15,Closed,2.35
PO004278,2025-02-22,SUP007,SKU015,WH004,310,268,2025-03-02,2025-03-08,Closed,10.87
PO004279,2025-04-23,SUP020,SKU090,WH004,1102,1043,2025-05-09,2025-05-08,Closed,7.29
PO004280,2025-12-31,SUP005,SKU062,WH002,225,209,2026-01-12,2026-01-10,Closed,10.26
PO004281,2025-07-03,SUP016,SKU141,WH002,963,919,2025-07-16,2025-07-20,Closed,6.49
PO004282,2025-03-29,SUP022,SKU007,WH005,841,767,2025-04-08,2025-04-08,Closed,8.36
PO004283,2025-05-21,SUP014,SKU058,WH003,1436,1322,2025-06-03,2025-06-03,Closed,5.4
PO004284,2025-07-06,SUP017,SKU034,WH002,235,233,2025-07-14,2025-07-12,Closed,3.69
PO004285,2025-10-24,SUP002,SKU108,WH002,369,350,2025-11-12,2025-11-12,Closed,9.81
PO004286,2025-01-05,SUP024,SKU010,WH003,148,136,2025-01-10,2025-01-10,Closed,2.72
PO004287,2025-12-12,SUP024,SKU111,WH001,854,852,2025-12-27,2025-12-25,Closed,3.96
PO004288,2025-10-26,SUP019,SKU080,WH003,211,196,2025-11-05,2025-11-13,Closed,10.96
PO004289,2025-08-01,SUP022,SKU113,WH004,494,460,2025-08-10,2025-08-09,Late,11.04
PO004290,2025-09-13,SUP004,SKU144,WH003,305,295,2025-09-25,2025-09-23,Closed,2.03
PO004291,2025-04-08,SUP018,SKU148,WH002,1398,250,2025-04-29,,Open,5.75
PO004292,2025-09-23,SUP008,SKU112,WH003,869,56,2025-10-06,,Open,2.85
PO004293,2025-01-23,SUP025,SKU132,WH003,815,785,2025-02-17,2025-02-15,Closed,8.24
PO004294,2025-06-03,SUP025,SKU025,WH002,589,575,2025-06-25,2025-07-03,Closed,8.66
PO004295,2025-10-29,SUP024,SKU010,WH004,298,40,2025-11-03,,Open,2.72
PO004296,2025-09-01,SUP002,SKU095,WH002,846,738,2025-09-22,2025-09-21,Closed,10.55
PO004297,2025-09-10,SUP008,SKU065,WH003,830,712,2025-09-27,2025-09-29,Closed,2.4
PO004298,2025-12-03,SUP012,SKU091,WH001,261,246,2025-12-22,2025-12-21,Closed,9.72
PO004299,2025-10-12,SUP021,SKU054,WH005,631,554,2025-11-04,2025-11-04,Closed,8.56
PO004300,2025-11-23,SUP012,SKU061,WH004,859,815,2025-12-12,2025-12-11,Closed,7.1
PO004301,2025-10-13,SUP017,SKU020,WH001,1220,1152,2025-10-22,2025-10-22,Late,8.72
PO004302,2025-03-10,SUP023,SKU125,WH003,1086,1025,2025-03-30,2025-03-28,Closed,2.72
PO004303,2025-11-23,SUP002,SKU094,WH003,687,629,2025-12-02,2025-12-02,Closed,1.76
PO004304,2025-11-08,SUP012,SKU061,WH003,1481,1264,2025-11-27,2025-11-26,Closed,7.1
PO004305,2025-07-09,SUP001,SKU105,WH001,943,849,2025-07-21,2025-07-20,Closed,11.35
PO004306,2025-01-25,SUP022,SKU135,WH003,1087,1074,2025-01-31,2025-01-31,Closed,4.41
PO004307,2025-07-22,SUP020,SKU019,WH002,1066,970,2025-08-04,2025-08-03,Closed,3.02
PO004308,2025-08-09,SUP024,SKU035,WH003,1086,944,2025-08-16,2025-08-15,Closed,11.5
PO004309,2025-09-29,SUP005,SKU060,WH005,1066,206,2025-10-16,,Open,9.75
PO004310,2025-05-28,SUP025,SKU073,WH005,693,682,2025-06-02,2025-06-02,Closed,2.98
PO004311,2025-09-28,SUP006,SKU032,WH002,464,442,2025-10-21,2025-10-20,Closed,4.53
PO004312,2025-11-18,SUP020,SKU081,WH001,251,233,2025-12-09,2025-12-09,Closed,9.8
PO004313,2025-03-13,SUP019,SKU082,WH004,1122,1113,2025-03-28,2025-03-26,Late,7.9
PO004314,2025-04-07,SUP020,SKU126,WH001,1476,1320,2025-04-29,2025-05-05,Closed,2.53
PO004315,2025-04-17,SUP022,SKU133,WH001,1441,1319,2025-04-28,2025-04-26,Closed,7.69
PO004316,2025-01-10,SUP024,SKU124,WH002,628,625,2025-01-22,2025-01-27,Closed,10.78
PO004317,2025-02-23,SUP001,SKU105,WH003,1469,1423,2025-03-07,2025-03-07,Closed,11.35
PO004318,2025-08-28,SUP017,SKU034,WH004,1055,200,2025-09-05,,Open,3.69
PO004319,2025-09-17,SUP024,SKU012,WH002,206,201,2025-10-03,2025-10-02,Closed,11.08
PO004320,2025-02-02,SUP010,SKU084,WH004,407,394,2025-02-25,2025-02-25,Closed,8.41
PO004321,2025-01-16,SUP008,SKU121,WH005,216,191,2025-01-26,2025-01-26,Closed,6.97
PO004322,2025-11-12,SUP019,SKU051,WH002,1223,412,2025-11-19,,Open,9.85
PO004323,2025-10-19,SUP010,SKU003,WH003,756,88,2025-11-04,,Open,7.87
PO004324,2025-02-13,SUP022,SKU133,WH001,1231,1100,2025-02-24,2025-02-28,Closed,7.69
PO004325,2025-07-18,SUP022,SKU113,WH004,711,615,2025-07-27,2025-07-25,Closed,11.04
PO004326,2025-12-06,SUP024,SKU107,WH005,157,155,2025-12-16,2025-12-23,Closed,6.54
PO004327,2025-01-08,SUP010,SKU075,WH001,155,136,2025-01-17,2025-01-17,Closed,9.3
PO004328,2025-02-24,SUP016,SKU038,WH005,1119,313,2025-03-17,,Open,6.8
PO004329,2025-11-10,SUP024,SKU028,WH001,1400,1240,2025-11-17,2025-11-15,Closed,4.97
PO004330,2025-11-03,SUP025,SKU103,WH002,453,388,2025-11-13,2025-11-11,Closed,8.91
PO004331,2025-11-25,SUP022,SKU135,WH001,1358,1272,2025-12-01,2025-11-29,Closed,4.41
PO004332,2025-02-17,SUP016,SKU141,WH002,837,749,2025-03-02,2025-02-28,Closed,6.49
PO004333,2025-12-27,SUP018,SKU148,WH001,1107,992,2026-01-17,2026-01-15,Closed,5.75
PO004334,2025-07-14,SUP013,SKU039,WH004,1406,1402,2025-07-31,2025-08-08,Closed,9.94
PO004335,2025-07-19,SUP024,SKU150,WH003,341,298,2025-08-03,2025-08-03,Closed,11.46
PO004336,2025-06-26,SUP021,SKU021,WH004,394,369,2025-07-01,2025-06-30,Closed,5.64
PO004337,2025-01-20,SUP023,SKU125,WH005,929,794,2025-02-09,2025-02-16,Late,2.72
PO004338,2025-11-17,SUP024,SKU035,WH001,108,103,2025-11-24,2025-11-22,Closed,11.5
PO004339,2025-02-14,SUP012,SKU098,WH002,1005,966,2025-03-08,2025-03-08,Closed,6.95
PO004340,2025-06-27,SUP008,SKU110,WH005,411,403,2025-07-15,2025-07-14,Closed,3.66
PO004341,2025-05-26,SUP019,SKU043,WH002,761,672,2025-06-19,2025-06-19,Closed,7.04
PO004342,2025-07-27,SUP021,SKU078,WH005,878,801,2025-08-12,2025-08-12,Closed,4.52
PO004343,2025-11-05,SUP016,SKU029,WH001,867,774,2025-11-17,2025-11-17,Late,11.3
PO004344,2025-08-01,SUP012,SKU044,WH001,267,256,2025-08-10,2025-08-08,Closed,5.88
PO004345,2025-03-30,SUP023,SKU027,WH003,850,807,2025-04-15,2025-04-14,Closed,3.81
PO004346,2025-03-31,SUP023,SKU089,WH003,741,634,2025-04-10,2025-04-17,Closed,1.53
PO004347,2025-09-12,SUP024,SKU149,WH004,1470,1436,2025-09-17,2025-09-15,Closed,3.72
PO004348,2025-03-23,SUP013,SKU039,WH001,1074,1000,2025-04-09,2025-04-16,Closed,9.94
PO004349,2025-08-23,SUP017,SKU068,WH001,1269,1184,2025-09-15,2025-09-23,Closed,11.13
PO004350,2025-12-30,SUP006,SKU032,WH005,124,117,2026-01-22,2026-01-20,Closed,4.53
PO004351,2025-08-03,SUP025,SKU004,WH005,207,201,2025-08-26,2025-08-26,Closed,6.13
PO004352,2025-08-18,SUP002,SKU085,WH001,382,348,2025-08-31,2025-08-31,Closed,2.16
PO004353,2025-05-30,SUP008,SKU112,WH004,552,471,2025-06-12,2025-06-12,Closed,2.85
PO004354,2025-08-25,SUP006,SKU127,WH004,296,291,2025-09-10,2025-09-09,Closed,10.11
PO004355,2025-01-30,SUP016,SKU029,WH005,538,525,2025-02-11,2025-02-11,Closed,11.3
PO004356,2025-07-30,SUP015,SKU120,WH002,1211,1153,2025-08-21,2025-08-21,Late,6.3
PO004357,2025-08-09,SUP025,SKU103,WH001,160,156,2025-08-19,2025-08-19,Closed,8.91
PO004358,2025-09-03,SUP004,SKU144,WH002,474,411,2025-09-15,2025-09-14,Closed,2.03
PO004359,2025-03-06,SUP007,SKU142,WH005,515,491,2025-03-17,2025-03-15,Closed,7.2
PO004360,2025-04-14,SUP020,SKU019,WH004,691,613,2025-04-27,2025-04-26,Closed,3.02
PO004361,2025-04-08,SUP014,SKU005,WH003,413,377,2025-04-19,2025-04-19,Closed,7.76
PO004362,2025-01-27,SUP006,SKU115,WH003,1097,1013,2025-02-20,2025-02-18,Closed,7.72
PO004363,2025-08-20,SUP023,SKU027,WH003,353,328,2025-09-05,2025-09-12,Closed,3.81
PO004364,2025-09-23,SUP013,SKU039,WH004,338,309,2025-10-10,2025-10-10,Closed,9.94
PO004365,2025-12-28,SUP006,SKU042,WH002,1464,1439,2026-01-13,2026-01-15,Closed,6.84
PO004366,2025-04-21,SUP024,SKU028,WH003,1038,1020,2025-04-28,2025-04-28,Closed,4.97
PO004367,2025-07-18,SUP006,SKU023,WH005,367,324,2025-08-07,2025-08-06,Closed,8.04
PO004368,2025-01-22,SUP011,SKU109,WH004,797,787,2025-02-06,2025-02-04,Closed,7.66
PO004369,2025-02-04,SUP020,SKU019,WH003,527,472,2025-02-17,2025-02-25,Closed,3.02
PO004370,2025-11-18,SUP024,SKU031,WH005,370,354,2025-12-06,2025-12-13,Closed,3.1
PO004371,2025-09-09,SUP010,SKU003,WH005,197,173,2025-09-25,2025-09-24,Closed,7.87
PO004372,2025-02-06,SUP008,SKU053,WH001,1315,1224,2025-02-28,2025-02-28,Closed,5.27
PO004373,2025-03-14,SUP012,SKU061,WH005,708,638,2025-04-02,2025-04-02,Closed,7.1
PO004374,2025-12-17,SUP015,SKU123,WH005,803,720,2025-12-24,2025-12-23,Closed,10.56
PO004375,2025-01-29,SUP007,SKU015,WH002,513,503,2025-02-06,2025-02-06,Closed,10.87
PO004376,2025-06-20,SUP025,SKU102,WH005,186,158,2025-06-28,2025-06-27,Closed,10.0
PO004377,2025-01-06,SUP008,SKU112,WH003,1439,1368,2025-01-19,2025-01-19,Closed,2.85
PO004378,2025-11-27,SUP024,SKU149,WH002,268,81,2025-12-02,,Open,3.72
PO004379,2025-06-11,SUP007,SKU024,WH004,1076,990,2025-07-04,2025-07-03,Closed,7.58
PO004380,2025-03-05,SUP021,SKU054,WH001,1347,1332,2025-03-28,2025-03-27,Closed,8.56
PO004381,2025-08-25,SUP001,SKU092,WH002,629,546,2025-08-31,2025-08-30,Closed,4.26
PO004382,2025-11-18,SUP022,SKU007,WH004,1146,1116,2025-11-28,2025-11-27,Closed,8.36
PO004383,2025-07-18,SUP002,SKU094,WH005,709,685,2025-07-27,2025-08-04,Closed,1.76
PO004384,2025-05-24,SUP013,SKU039,WH005,253,229,2025-06-10,2025-06-17,Closed,9.94
PO004385,2025-06-05,SUP019,SKU082,WH003,1016,959,2025-06-20,2025-06-20,Closed,7.9
PO004386,2025-05-19,SUP024,SKU031,WH001,1418,1246,2025-06-06,2025-06-04,Closed,3.1
PO004387,2025-02-22,SUP001,SKU048,WH001,1212,1164,2025-03-14,2025-03-17,Closed,6.32
PO004388,2025-08-28,SUP024,SKU150,WH004,156,154,2025-09-12,2025-09-14,Closed,11.46
PO004389,2025-03-24,SUP001,SKU048,WH005,536,533,2025-04-13,2025-04-13,Closed,6.32
PO004390,2025-11-27,SUP003,SKU083,WH005,1382,1320,2025-12-17,2025-12-15,Closed,2.58
PO004391,2025-11-06,SUP008,SKU053,WH005,742,712,2025-11-28,2025-11-27,Closed,5.27
PO004392,2025-10-27,SUP002,SKU040,WH004,380,378,2025-11-14,2025-11-14,Closed,1.97
PO004393,2025-08-08,SUP025,SKU073,WH001,463,394,2025-08-13,2025-08-11,Closed,2.98
PO004394,2025-10-09,SUP010,SKU147,WH005,370,369,2025-11-03,2025-11-09,Closed,9.49
PO004395,2025-04-25,SUP025,SKU102,WH001,1499,1345,2025-05-03,2025-05-01,Closed,10.0
PO004396,2025-02-24,SUP010,SKU145,WH002,536,519,2025-03-16,2025-03-15,Closed,4.64
PO004397,2025-02-18,SUP006,SKU071,WH005,117,116,2025-02-23,2025-03-03,Closed,8.74
PO004398,2025-03-11,SUP021,SKU021,WH001,252,81,2025-03-16,,Open,5.64
PO004399,2025-06-30,SUP019,SKU018,WH004,868,807,2025-07-12,2025-07-12,Closed,10.5
PO004400,2025-03-16,SUP024,SKU150,WH001,950,877,2025-03-31,2025-03-30,Closed,11.46
PO004401,2025-05-05,SUP016,SKU038,WH002,259,244,2025-05-26,2025-05-26,Closed,6.8
PO004402,2025-11-13,SUP025,SKU132,WH003,783,666,2025-12-08,2025-12-06,Closed,8.24
PO004403,2025-09-23,SUP012,SKU098,WH005,122,105,2025-10-15,2025-10-14,Closed,6.95
PO004404,2025-06-01,SUP015,SKU123,WH004,503,141,2025-06-08,,Open,10.56
PO004405,2025-04-05,SUP017,SKU068,WH005,1147,1145,2025-04-28,2025-04-28,Closed,11.13
PO004406,2025-04-16,SUP024,SKU093,WH004,1118,990,2025-05-06,2025-05-04,Closed,3.63
PO004407,2025-03-26,SUP023,SKU125,WH003,942,862,2025-04-15,2025-04-13,Late,2.72
PO004408,2025-06-10,SUP016,SKU067,WH004,56,54,2025-06-26,2025-06-25,Closed,3.61
PO004409,2025-05-27,SUP024,SKU128,WH005,1321,1295,2025-06-12,2025-06-15,Closed,10.5
PO004410,2025-06-23,SUP001,SKU092,WH001,54,50,2025-06-29,2025-06-27,Closed,4.26
PO004411,2025-04-20,SUP021,SKU059,WH005,624,619,2025-04-29,2025-04-28,Closed,6.52
PO004412,2025-04-30,SUP007,SKU142,WH002,507,489,2025-05-11,2025-05-11,Closed,7.2
PO004413,2025-07-16,SUP006,SKU127,WH005,1090,963,2025-08-01,2025-07-30,Closed,10.11
PO004414,2025-12-20,SUP008,SKU065,WH002,359,307,2026-01-06,2026-01-10,Closed,2.4
PO004415,2025-04-18,SUP006,SKU002,WH001,1431,1336,2025-04-25,2025-04-25,Closed,10.55
PO004416,2025-02-21,SUP002,SKU095,WH001,1290,1131,2025-03-14,2025-03-20,Closed,10.55
PO004417,2025-12-22,SUP012,SKU098,WH004,326,299,2026-01-13,2026-01-11,Closed,6.95
PO004418,2025-07-28,SUP018,SKU079,WH004,97,94,2025-08-03,2025-08-02,Closed,3.5
PO004419,2025-12-10,SUP004,SKU076,WH005,1206,1063,2025-12-15,2025-12-15,Closed,3.8
PO004420,2025-02-26,SUP020,SKU090,WH002,573,571,2025-03-14,2025-03-14,Closed,7.29
PO004421,2025-08-31,SUP006,SKU042,WH004,291,275,2025-09-16,2025-09-14,Closed,6.84
PO004422,2025-09-22,SUP007,SKU011,WH001,92,90,2025-09-29,2025-09-28,Closed,10.01
PO004423,2025-05-12,SUP021,SKU059,WH001,1264,1168,2025-05-21,2025-05-26,Closed,6.52
PO004424,2025-07-13,SUP007,SKU137,WH003,843,734,2025-07-28,2025-07-26,Closed,2.01
PO004425,2025-09-29,SUP003,SKU083,WH001,1133,1098,2025-10-19,2025-10-19,Closed,2.58
PO004426,2025-12-01,SUP021,SKU021,WH003,1113,988,2025-12-06,2025-12-10,Closed,5.64
PO004427,2025-06-20,SUP022,SKU135,WH002,880,793,2025-06-26,2025-06-25,Closed,4.41
PO004428,2025-07-20,SUP008,SKU112,WH005,635,567,2025-08-02,2025-07-31,Closed,2.85
PO004429,2025-02-11,SUP024,SKU093,WH003,1026,52,2025-03-03,,Open,3.63
PO004430,2025-05-24,SUP019,SKU049,WH002,1432,1391,2025-06-01,2025-05-30,Late,1.72
PO004431,2025-10-01,SUP022,SKU118,WH003,1158,1082,2025-10-25,2025-10-25,Closed,8.37
PO004432,2025-04-14,SUP017,SKU066,WH002,948,826,2025-05-01,2025-04-29,Late,8.21
PO004433,2025-02-23,SUP018,SKU079,WH002,1019,1002,2025-03-01,2025-02-28,Closed,3.5
PO004434,2025-05-10,SUP023,SKU001,WH004,956,880,2025-06-04,2025-06-02,Closed,3.18
PO004435,2025-09-16,SUP024,SKU150,WH001,398,349,2025-10-01,2025-10-01,Closed,11.46
PO004436,2025-11-13,SUP007,SKU011,WH003,394,390,2025-11-20,2025-11-21,Closed,10.01
PO004437,2025-06-09,SUP019,SKU080,WH004,1289,1163,2025-06-19,2025-06-18,Closed,10.96
PO004438,2025-06-17,SUP025,SKU017,WH001,358,321,2025-06-28,2025-07-03,Closed,10.74
PO004439,2025-12-23,SUP012,SKU044,WH001,653,622,2026-01-01,2025-12-30,Closed,5.88
PO004440,2025-02-03,SUP010,SKU147,WH005,1072,976,2025-02-28,2025-03-03,Closed,9.49
PO004441,2025-09-29,SUP023,SKU027,WH001,125,123,2025-10-15,2025-10-14,Late,3.81
PO004442,2025-12-05,SUP001,SKU122,WH004,472,467,2025-12-19,2025-12-20,Closed,11.42
PO004443,2025-09-07,SUP017,SKU063,WH005,158,144,2025-09-24,2025-09-24,Closed,3.72
PO004444,2025-10-31,SUP023,SKU008,WH004,446,412,2025-11-14,2025-11-14,Closed,10.3
PO004445,2025-12-03,SUP021,SKU059,WH002,330,287,2025-12-12,2025-12-10,Closed,6.52
PO004446,2025-05-13,SUP002,SKU095,WH002,1288,1114,2025-06-03,2025-06-01,Closed,10.55
PO004447,2025-02-08,SUP006,SKU023,WH001,516,460,2025-02-28,2025-02-27,Closed,8.04
PO004448,2025-02-19,SUP025,SKU017,WH004,371,327,2025-03-02,2025-03-01,Closed,10.74
PO004449,2025-08-03,SUP012,SKU069,WH003,1224,1212,2025-08-18,2025-08-18,Closed,8.73
PO004450,2025-01-12,SUP024,SKU028,WH004,213,208,2025-01-19,2025-01-24,Closed,4.97
PO004451,2025-06-20,SUP007,SKU146,WH003,226,195,2025-07-12,2025-07-16,Closed,1.2
PO004452,2025-06-24,SUP018,SKU148,WH001,412,400,2025-07-15,2025-07-13,Closed,5.75
PO004453,2025-10-22,SUP005,SKU138,WH005,934,881,2025-11-14,2025-11-12,Closed,2.04
PO004454,2025-11-25,SUP016,SKU029,WH005,1145,1076,2025-12-07,2025-12-06,Closed,11.3
PO004455,2025-12-16,SUP025,SKU073,WH001,1023,874,2025-12-21,2025-12-19,Late,2.98
PO004456,2025-06-07,SUP025,SKU132,WH001,485,478,2025-07-02,2025-07-01,Closed,8.24
PO004457,2025-11-08,SUP012,SKU069,WH001,602,544,2025-11-23,2025-11-21,Closed,8.73
PO004458,2025-07-22,SUP023,SKU001,WH005,388,374,2025-08-16,2025-08-14,Closed,3.18
PO004459,2025-11-25,SUP016,SKU067,WH003,908,823,2025-12-11,2025-12-09,Closed,3.61
PO004460,2025-01-11,SUP008,SKU065,WH003,611,582,2025-01-28,2025-01-26,Closed,2.4
PO004461,2025-06-27,SUP015,SKU033,WH002,265,232,2025-07-03,2025-07-02,Closed,10.83
PO004462,2025-06-22,SUP022,SKU113,WH004,700,660,2025-07-01,2025-07-01,Closed,11.04
PO004463,2025-10-23,SUP013,SKU057,WH003,141,138,2025-11-16,2025-11-14,Closed,2.31
PO004464,2025-02-15,SUP007,SKU104,WH003,1010,998,2025-03-12,2025-03-12,Closed,5.43
PO004465,2025-07-06,SUP002,SKU040,WH002,1117,150,2025-07-24,,Open,1.97
PO004466,2025-10-28,SUP016,SKU067,WH003,921,831,2025-11-13,2025-11-21,Closed,3.61
PO004467,2025-09-05,SUP010,SKU084,WH004,681,679,2025-09-28,2025-09-28,Closed,8.41
PO004468,2025-03-04,SUP008,SKU065,WH003,420,82,2025-03-21,,Open,2.4
PO004469,2025-04-03,SUP017,SKU055,WH005,1145,1018,2025-04-28,2025-05-01,Closed,11.32
PO004470,2025-01-01,SUP016,SKU045,WH005,1382,1265,2025-01-07,2025-01-06,Closed,3.07
PO004471,2025-08-12,SUP017,SKU119,WH002,1388,1330,2025-08-17,2025-08-17,Late,11.97
PO004472,2025-03-25,SUP024,SKU111,WH002,401,377,2025-04-09,2025-04-08,Closed,3.96
PO004473,2025-04-04,SUP005,SKU060,WH001,469,404,2025-04-21,2025-04-21,Closed,9.75
PO004474,2025-08-24,SUP020,SKU096,WH002,96,95,2025-09-03,2025-09-03,Closed,4.22
PO004475,2025-06-08,SUP005,SKU062,WH003,1026,963,2025-06-20,2025-06-20,Closed,10.26
PO004476,2025-11-26,SUP024,SKU010,WH005,1069,1023,2025-12-01,2025-12-08,Closed,2.72
PO004477,2025-04-19,SUP003,SKU030,WH003,444,437,2025-05-07,2025-05-08,Closed,11.72
PO004478,2025-02-17,SUP014,SKU047,WH001,711,676,2025-03-07,2025-03-05,Closed,5.04
PO004479,2025-03-24,SUP021,SKU054,WH004,1009,880,2025-04-16,2025-04-14,Closed,8.56
PO004480,2025-11-11,SUP006,SKU071,WH001,459,410,2025-11-16,2025-11-21,Closed,8.74
PO004481,2025-08-24,SUP025,SKU103,WH003,810,7,2025-09-03,,Open,8.91
PO004482,2025-05-16,SUP013,SKU052,WH001,1166,1084,2025-05-28,2025-05-26,Closed,7.96
PO004483,2025-01-07,SUP006,SKU127,WH003,626,538,2025-01-23,2025-01-23,Closed,10.11
PO004484,2025-07-26,SUP023,SKU089,WH003,105,97,2025-08-05,2025-08-03,Closed,1.53
PO004485,2025-09-15,SUP020,SKU114,WH001,1365,1174,2025-09-27,2025-09-25,Closed,10.59
PO004486,2025-01-30,SUP010,SKU145,WH005,617,601,2025-02-19,2025-02-19,Closed,4.64
PO004487,2025-07-12,SUP021,SKU078,WH005,1401,1192,2025-07-28,2025-07-27,Closed,4.52
PO004488,2025-08-22,SUP015,SKU120,WH003,223,207,2025-09-13,2025-09-11,Closed,6.3
PO004489,2025-03-06,SUP012,SKU098,WH003,587,583,2025-03-28,2025-04-05,Closed,6.95
PO004490,2025-08-07,SUP012,SKU069,WH004,783,755,2025-08-22,2025-08-22,Closed,8.73
PO004491,2025-01-16,SUP025,SKU132,WH003,1409,1357,2025-02-10,2025-02-11,Closed,8.24
PO004492,2025-11-01,SUP020,SKU096,WH002,1324,1142,2025-11-11,2025-11-15,Closed,4.22
PO004493,2025-12-15,SUP017,SKU055,WH004,1216,86,2026-01-09,,Open,11.32
PO004494,2025-05-10,SUP018,SKU079,WH004,1130,1009,2025-05-16,2025-05-14,Closed,3.5
PO004495,2025-04-05,SUP007,SKU146,WH001,491,8,2025-04-27,,Open,1.2
PO004496,2025-10-17,SUP017,SKU074,WH005,959,937,2025-10-30,2025-10-29,Closed,7.35
PO004497,2025-04-02,SUP019,SKU043,WH002,1011,929,2025-04-26,2025-04-26,Closed,7.04
PO004498,2025-12-25,SUP001,SKU092,WH005,756,752,2025-12-31,2025-12-31,Closed,4.26
PO004499,2025-05-27,SUP008,SKU112,WH001,1469,1386,2025-06-09,2025-06-07,Closed,2.85
PO004500,2025-11-28,SUP019,SKU051,WH003,1427,1219,2025-12-05,2025-12-05,Closed,9.85
PO004501,2025-06-17,SUP021,SKU059,WH002,651,184,2025-06-26,,Open,6.52
PO004502,2025-06-28,SUP014,SKU006,WH001,1226,1080,2025-07-22,2025-07-20,Closed,4.49
PO004503,2025-05-09,SUP021,SKU054,WH005,1166,1095,2025-06-01,2025-05-30,Closed,8.56
PO004504,2025-08-21,SUP012,SKU098,WH004,494,490,2025-09-12,2025-09-11,Closed,6.95
PO004505,2025-01-24,SUP017,SKU034,WH003,293,64,2025-02-01,,Open,3.69
PO004506,2025-03-17,SUP012,SKU091,WH004,315,268,2025-04-05,2025-04-03,Closed,9.72
PO004507,2025-05-06,SUP022,SKU117,WH002,229,225,2025-05-11,2025-05-10,Closed,2.99
PO004508,2025-02-13,SUP010,SKU147,WH001,1101,1094,2025-03-10,2025-03-09,Closed,9.49
PO004509,2025-05-21,SUP007,SKU137,WH003,1452,1399,2025-06-05,2025-06-03,Closed,2.01
PO004510,2025-05-27,SUP023,SKU046,WH003,654,636,2025-06-07,2025-06-12,Closed,4.22
PO004511,2025-03-18,SUP002,SKU094,WH002,1282,1177,2025-03-27,2025-03-26,Closed,1.76
PO004512,2025-11-28,SUP015,SKU087,WH003,1489,234,2025-12-19,,Open,4.19
PO004513,2025-08-13,SUP018,SKU148,WH005,112,99,2025-09-03,2025-09-01,Closed,5.75
PO004514,2025-06-30,SUP003,SKU030,WH005,1047,992,2025-07-18,2025-07-18,Closed,11.72
PO004515,2025-05-12,SUP020,SKU114,WH003,309,289,2025-05-24,2025-05-22,Late,10.59
PO004516,2025-12-24,SUP011,SKU099,WH005,1472,1462,2026-01-02,2026-01-01,Closed,8.59
PO004517,2025-10-06,SUP012,SKU091,WH002,1453,1272,2025-10-25,2025-10-24,Closed,9.72
PO004518,2025-06-27,SUP022,SKU007,WH001,220,199,2025-07-07,2025-07-07,Closed,8.36
PO004519,2025-08-08,SUP008,SKU053,WH003,1373,1233,2025-08-30,2025-08-29,Closed,5.27
PO004520,2025-12-03,SUP007,SKU024,WH004,447,441,2025-12-26,2025-12-26,Closed,7.58
PO004521,2025-10-04,SUP002,SKU095,WH002,1144,1034,2025-10-25,2025-10-25,Closed,10.55
PO004522,2025-10-17,SUP006,SKU042,WH004,946,871,2025-11-02,2025-11-02,Closed,6.84
PO004523,2025-08-25,SUP005,SKU138,WH005,603,538,2025-09-17,2025-09-15,Closed,2.04
PO004524,2025-07-18,SUP012,SKU091,WH005,1238,291,2025-08-06,,Open,9.72
PO004525,2025-08-21,SUP011,SKU097,WH004,721,692,2025-09-08,2025-09-07,Closed,6.92
PO004526,2025-08-14,SUP011,SKU109,WH004,773,730,2025-08-29,2025-08-28,Closed,7.66
PO004527,2025-12-17,SUP014,SKU005,WH005,184,159,2025-12-28,2025-12-26,Closed,7.76
PO004528,2025-09-24,SUP001,SKU092,WH001,1378,1175,2025-09-30,2025-09-30,Closed,4.26
PO004529,2025-02-04,SUP012,SKU098,WH004,1207,1154,2025-02-26,2025-02-26,Closed,6.95
PO004530,2025-12-11,SUP012,SKU069,WH003,170,155,2025-12-26,2026-01-02,Closed,8.73
PO004531,2025-06-20,SUP024,SKU093,WH001,761,704,2025-07-10,2025-07-10,Closed,3.63
PO004532,2025-05-14,SUP007,SKU146,WH003,396,377,2025-06-05,2025-06-12,Closed,1.2
PO004533,2025-09-07,SUP024,SKU124,WH005,1119,1099,2025-09-19,2025-09-17,Closed,10.78
PO004534,2025-04-02,SUP002,SKU040,WH004,1052,919,2025-04-20,2025-04-19,Closed,1.97
PO004535,2025-08-03,SUP010,SKU145,WH003,743,700,2025-08-23,2025-08-26,Closed,4.64
PO004536,2025-11-24,SUP014,SKU047,WH004,1345,1277,2025-12-12,2025-12-11,Closed,5.04
PO004537,2025-05-28,SUP006,SKU127,WH002,1099,988,2025-06-13,2025-06-18,Closed,10.11
PO004538,2025-02-20,SUP021,SKU059,WH001,1302,1233,2025-03-01,2025-02-28,Closed,6.52
PO004539,2025-02-17,SUP023,SKU001,WH002,1404,248,2025-03-14,,Open,3.18
PO004540,2025-11-28,SUP001,SKU092,WH003,1237,1060,2025-12-04,2025-12-04,Closed,4.26
PO004541,2025-01-04,SUP014,SKU005,WH001,496,484,2025-01-15,2025-01-14,Closed,7.76
PO004542,2025-04-25,SUP002,SKU136,WH001,1435,68,2025-05-18,,Open,4.12
PO004543,2025-10-03,SUP016,SKU141,WH001,155,146,2025-10-16,2025-10-19,Closed,6.49
PO004544,2025-12-26,SUP020,SKU019,WH004,793,717,2026-01-08,2026-01-09,Closed,3.02
PO004545,2025-05-20,SUP025,SKU009,WH002,743,733,2025-06-06,2025-06-06,Closed,11.58
PO004546,2025-04-22,SUP008,SKU110,WH001,856,738,2025-05-10,2025-05-10,Closed,3.66
PO004547,2025-12-17,SUP014,SKU006,WH004,997,899,2026-01-10,2026-01-10,Closed,4.49
PO004548,2025-04-23,SUP021,SKU021,WH003,953,919,2025-04-28,2025-04-30,Closed,5.64
PO004549,2025-12-16,SUP006,SKU115,WH002,1472,1438,2026-01-09,2026-01-08,Closed,7.72
PO004550,2025-04-30,SUP008,SKU065,WH004,1398,1280,2025-05-17,2025-05-16,Closed,2.4
PO004551,2025-11-21,SUP016,SKU038,WH001,591,541,2025-12-12,2025-12-11,Closed,6.8
PO004552,2025-10-02,SUP002,SKU040,WH002,943,930,2025-10-20,2025-10-19,Closed,1.97
PO004553,2025-12-03,SUP021,SKU054,WH005,408,353,2025-12-26,2025-12-25,Closed,8.56
PO004554,2025-01-17,SUP013,SKU130,WH004,72,5,2025-02-01,,Open,5.55
PO004555,2025-05-06,SUP002,SKU077,WH003,152,44,2025-05-18,,Open,9.38
PO004556,2025-02-14,SUP005,SKU013,WH005,996,866,2025-02-21,2025-02-19,Closed,7.59
PO004557,2025-05-11,SUP017,SKU068,WH003,1172,1106,2025-06-03,2025-06-03,Closed,11.13
PO004558,2025-12-23,SUP014,SKU143,WH001,644,632,2026-01-14,2026-01-12,Closed,11.18
PO004559,2025-03-03,SUP020,SKU019,WH004,811,760,2025-03-16,2025-03-15,Closed,3.02
PO004560,2025-07-18,SUP020,SKU019,WH003,1107,963,2025-07-31,2025-08-02,Closed,3.02
PO004561,2025-09-18,SUP025,SKU009,WH004,1041,954,2025-10-05,2025-10-04,Closed,11.58
PO004562,2025-08-07,SUP019,SKU043,WH002,1145,1044,2025-08-31,2025-08-29,Closed,7.04
PO004563,2025-07-31,SUP021,SKU054,WH002,183,158,2025-08-23,2025-08-23,Closed,8.56
PO004564,2025-11-02,SUP006,SKU127,WH002,599,510,2025-11-18,2025-11-19,Closed,10.11
PO004565,2025-03-28,SUP023,SKU046,WH005,176,168,2025-04-08,2025-04-08,Closed,4.22
PO004566,2025-01-10,SUP025,SKU004,WH002,567,484,2025-02-02,2025-02-10,Late,6.13
PO004567,2025-01-23,SUP017,SKU050,WH004,1037,1002,2025-02-12,2025-02-10,Late,7.03
PO004568,2025-08-02,SUP002,SKU077,WH001,628,534,2025-08-14,2025-08-14,Closed,9.38
PO004569,2025-02-23,SUP016,SKU029,WH002,690,593,2025-03-07,2025-03-06,Closed,11.3
PO004570,2025-05-27,SUP020,SKU019,WH004,370,326,2025-06-09,2025-06-11,Closed,3.02
PO004571,2025-04-03,SUP015,SKU087,WH005,112,103,2025-04-24,2025-04-24,Closed,4.19
PO004572,2025-03-03,SUP023,SKU001,WH005,935,796,2025-03-28,2025-03-28,Closed,3.18
PO004573,2025-07-03,SUP020,SKU126,WH005,903,809,2025-07-25,2025-07-23,Closed,2.53
PO004574,2025-08-14,SUP007,SKU024,WH001,1298,1223,2025-09-06,2025-09-05,Closed,7.58
PO004575,2025-11-15,SUP024,SKU150,WH002,1038,907,2025-11-30,2025-11-28,Closed,11.46
PO004576,2025-02-13,SUP022,SKU140,WH005,1412,1232,2025-03-10,2025-03-08,Late,11.55
PO004577,2025-11-30,SUP023,SKU056,WH004,922,785,2025-12-09,2025-12-08,Closed,3.9
PO004578,2025-11-28,SUP009,SKU129,WH005,966,905,2025-12-20,2025-12-20,Closed,6.29
PO004579,2025-10-19,SUP012,SKU100,WH001,956,71,2025-11-04,,Open,2.35
PO004580,2025-11-27,SUP020,SKU081,WH001,178,159,2025-12-18,2025-12-18,Closed,9.8
PO004581,2025-11-20,SUP024,SKU111,WH004,430,398,2025-12-05,2025-12-04,Closed,3.96
PO004582,2025-11-24,SUP025,SKU103,WH005,932,802,2025-12-04,2025-12-02,Closed,8.91
PO004583,2025-10-06,SUP025,SKU017,WH003,172,149,2025-10-17,2025-10-19,Closed,10.74
PO004584,2025-01-09,SUP003,SKU083,WH005,1383,1220,2025-01-29,2025-01-27,Late,2.58
PO004585,2025-03-25,SUP023,SKU125,WH003,935,850,2025-04-14,2025-04-12,Closed,2.72
PO004586,2025-12-04,SUP025,SKU102,WH002,800,689,2025-12-12,2025-12-12,Closed,10.0
PO004587,2025-09-17,SUP004,SKU134,WH005,669,654,2025-10-12,2025-10-10,Closed,2.09
PO004588,2025-04-20,SUP004,SKU106,WH002,95,80,2025-04-30,2025-04-30,Closed,10.85
PO004589,2025-05-01,SUP015,SKU120,WH003,1478,1334,2025-05-23,2025-05-22,Closed,6.3
PO004590,2025-12-06,SUP007,SKU146,WH003,351,316,2025-12-28,2025-12-27,Closed,1.2
PO004591,2025-04-25,SUP023,SKU027,WH003,568,490,2025-05-11,2025-05-09,Closed,3.81
PO004592,2025-08-20,SUP012,SKU091,WH004,167,6,2025-09-08,,Open,9.72
PO004593,2025-03-08,SUP002,SKU077,WH004,413,372,2025-03-20,2025-03-20,Closed,9.38
PO004594,2025-05-14,SUP024,SKU107,WH003,1354,1258,2025-05-24,2025-05-23,Closed,6.54
PO004595,2025-07-24,SUP011,SKU041,WH005,312,61,2025-08-14,,Open,8.46
PO004596,2025-10-15,SUP002,SKU108,WH005,520,477,2025-11-03,2025-11-07,Closed,9.81
PO004597,2025-01-24,SUP004,SKU106,WH005,176,157,2025-02-03,2025-02-05,Closed,10.85
PO004598,2025-06-22,SUP015,SKU088,WH005,645,644,2025-07-10,2025-07-10,Closed,6.94
PO004599,2025-08-05,SUP003,SKU101,WH003,946,879,2025-08-17,2025-08-20,Closed,11.21
PO004600,2025-10-20,SUP025,SKU017,WH004,882,780,2025-10-31,2025-10-30,Closed,10.74
PO004601,2025-06-02,SUP006,SKU071,WH002,1473,1266,2025-06-07,2025-06-06,Closed,8.74
PO004602,2025-03-04,SUP020,SKU090,WH005,1347,1344,2025-03-20,2025-03-26,Closed,7.29
PO004603,2025-11-20,SUP023,SKU001,WH005,256,59,2025-12-15,,Open,3.18
PO004604,2025-10-07,SUP021,SKU036,WH001,1274,1201,2025-10-12,2025-10-11,Closed,7.17
PO004605,2025-08-10,SUP003,SKU101,WH005,1090,1076,2025-08-22,2025-08-20,Closed,11.21
PO004606,2025-07-30,SUP006,SKU042,WH001,508,469,2025-08-15,2025-08-13,Closed,6.84
PO004607,2025-07-08,SUP006,SKU023,WH003,806,786,2025-07-28,2025-07-26,Closed,8.04
PO004608,2025-10-10,SUP020,SKU090,WH005,602,585,2025-10-26,2025-10-24,Late,7.29
PO004609,2025-06-22,SUP017,SKU074,WH001,385,374,2025-07-05,2025-07-06,Closed,7.35
PO004610,2025-08-29,SUP013,SKU057,WH005,224,196,2025-09-22,2025-09-20,Closed,2.31
PO004611,2025-04-28,SUP015,SKU123,WH002,298,281,2025-05-05,2025-05-05,Closed,10.56
PO004612,2025-07-20,SUP023,SKU125,WH003,1028,910,2025-08-09,2025-08-09,Closed,2.72
PO004613,2025-01-05,SUP002,SKU077,WH004,908,876,2025-01-17,2025-01-17,Closed,9.38
PO004614,2025-04-22,SUP024,SKU010,WH004,1484,1378,2025-04-27,2025-04-26,Closed,2.72
PO004615,2025-10-26,SUP017,SKU050,WH003,1461,93,2025-11-15,,Open,7.03
PO004616,2025-03-01,SUP020,SKU081,WH001,723,682,2025-03-22,2025-03-20,Closed,9.8
PO004617,2025-06-03,SUP023,SKU089,WH002,800,711,2025-06-13,2025-06-11,Closed,1.53
PO004618,2025-02-09,SUP003,SKU101,WH004,1098,1090,2025-02-21,2025-02-20,Closed,11.21
PO004619,2025-01-19,SUP023,SKU046,WH002,843,742,2025-01-30,2025-01-30,Closed,4.22
PO004620,2025-11-04,SUP024,SKU149,WH001,153,141,2025-11-09,2025-11-09,Closed,3.72
PO004621,2025-06-07,SUP005,SKU062,WH004,1100,1007,2025-06-19,2025-06-17,Closed,10.26
PO004622,2025-11-17,SUP019,SKU018,WH004,1273,1097,2025-11-29,2025-11-30,Closed,10.5
PO004623,2025-05-16,SUP015,SKU123,WH003,329,293,2025-05-23,2025-05-23,Closed,10.56
PO004624,2025-01-08,SUP024,SKU093,WH001,601,584,2025-01-28,2025-01-28,Closed,3.63
PO004625,2025-08-26,SUP024,SKU022,WH002,439,418,2025-09-03,2025-09-03,Closed,11.85
PO004626,2025-09-22,SUP015,SKU088,WH001,271,260,2025-10-10,2025-10-10,Closed,6.94
PO004627,2025-10-27,SUP015,SKU033,WH003,927,803,2025-11-02,2025-11-02,Closed,10.83
PO004628,2025-09-13,SUP017,SKU063,WH001,316,276,2025-09-30,2025-09-29,Closed,3.72
PO004629,2025-10-09,SUP012,SKU044,WH001,1207,319,2025-10-18,,Open,5.88
PO004630,2025-04-01,SUP007,SKU024,WH001,1233,1229,2025-04-24,2025-04-22,Late,7.58
PO004631,2025-12-29,SUP019,SKU018,WH004,714,647,2026-01-10,2026-01-09,Closed,10.5
PO004632,2025-02-01,SUP012,SKU100,WH005,949,854,2025-02-17,2025-02-16,Closed,2.35
PO004633,2025-05-19,SUP007,SKU142,WH003,1385,1246,2025-05-30,2025-05-30,Closed,7.2
PO004634,2025-06-24,SUP008,SKU112,WH005,150,132,2025-07-07,2025-07-06,Closed,2.85
PO004635,2025-02-02,SUP018,SKU148,WH001,1078,947,2025-02-23,2025-02-23,Closed,5.75
PO004636,2025-06-21,SUP003,SKU101,WH005,1239,1225,2025-07-03,2025-07-02,Closed,11.21
PO004637,2025-04-23,SUP002,SKU094,WH005,164,161,2025-05-02,2025-04-30,Closed,1.76
PO004638,2025-01-06,SUP006,SKU127,WH004,293,274,2025-01-22,2025-01-20,Closed,10.11
PO004639,2025-06-12,SUP024,SKU010,WH005,262,20,2025-06-17,,Open,2.72
PO004640,2025-08-12,SUP010,SKU003,WH003,1305,1259,2025-08-28,2025-08-27,Closed,7.87
PO004641,2025-03-30,SUP005,SKU070,WH001,605,554,2025-04-11,2025-04-11,Closed,4.2
PO004642,2025-01-28,SUP002,SKU094,WH003,183,163,2025-02-06,2025-02-06,Closed,1.76
PO004643,2025-01-08,SUP004,SKU134,WH001,1245,1121,2025-02-02,2025-02-01,Closed,2.09
PO004644,2025-05-05,SUP014,SKU005,WH005,919,852,2025-05-16,2025-05-15,Closed,7.76
PO004645,2025-03-28,SUP002,SKU040,WH001,775,749,2025-04-15,2025-04-15,Closed,1.97
PO004646,2025-03-17,SUP008,SKU110,WH004,260,237,2025-04-04,2025-04-02,Closed,3.66
PO004647,2025-10-08,SUP022,SKU116,WH003,478,427,2025-10-29,2025-10-27,Closed,4.95
PO004648,2025-04-14,SUP015,SKU037,WH002,974,911,2025-04-21,2025-04-21,Closed,3.03
PO004649,2025-12-11,SUP018,SKU079,WH005,804,777,2025-12-17,2025-12-17,Closed,3.5
PO004650,2025-12-08,SUP002,SKU108,WH005,1101,956,2025-12-27,2025-12-26,Closed,9.81
PO004651,2025-10-21,SUP025,SKU132,WH002,985,938,2025-11-15,2025-11-15,Closed,8.24
PO004652,2025-10-06,SUP024,SKU022,WH004,609,570,2025-10-14,2025-10-19,Closed,11.85
PO004653,2025-11-29,SUP023,SKU027,WH002,313,288,2025-12-15,2025-12-15,Closed,3.81
PO004654,2025-02-21,SUP016,SKU026,WH003,605,561,2025-02-28,2025-02-27,Late,11.19
PO004655,2025-01-10,SUP019,SKU080,WH002,1047,235,2025-01-20,,Open,10.96
PO004656,2025-11-29,SUP025,SKU132,WH003,389,367,2025-12-24,2025-12-23,Closed,8.24
PO004657,2025-01-22,SUP022,SKU117,WH004,374,323,2025-01-27,2025-01-25,Closed,2.99
PO004658,2025-03-02,SUP023,SKU027,WH001,218,211,2025-03-18,2025-03-16,Closed,3.81
PO004659,2025-12-10,SUP018,SKU148,WH004,1367,93,2025-12-31,,Open,5.75
PO004660,2025-05-02,SUP017,SKU066,WH001,476,463,2025-05-19,2025-05-17,Closed,8.21
PO004661,2025-01-27,SUP017,SKU068,WH004,164,145,2025-02-19,2025-02-19,Closed,11.13
PO004662,2025-05-28,SUP010,SKU064,WH003,1114,1026,2025-06-20,2025-06-20,Closed,9.34
PO004663,2025-12-29,SUP016,SKU038,WH002,1343,1176,2026-01-19,2026-01-18,Closed,6.8
PO004664,2025-09-12,SUP021,SKU059,WH004,1387,1281,2025-09-21,2025-09-19,Closed,6.52
PO004665,2025-05-13,SUP024,SKU107,WH005,894,834,2025-05-23,2025-05-21,Closed,6.54
PO004666,2025-11-08,SUP016,SKU029,WH003,839,764,2025-11-20,2025-11-19,Closed,11.3
PO004667,2025-05-28,SUP016,SKU038,WH003,1145,1044,2025-06-18,2025-06-16,Closed,6.8
PO004668,2025-10-12,SUP022,SKU007,WH002,698,692,2025-10-22,2025-10-21,Closed,8.36
PO004669,2025-10-14,SUP023,SKU046,WH002,901,865,2025-10-25,2025-10-27,Closed,4.22
PO004670,2025-05-30,SUP025,SKU004,WH004,654,608,2025-06-22,2025-06-24,Closed,6.13
PO004671,2025-01-18,SUP024,SKU031,WH005,407,123,2025-02-05,,Open,3.1
PO004672,2025-09-30,SUP010,SKU084,WH005,125,124,2025-10-23,2025-10-22,Late,8.41
PO004673,2025-07-25,SUP001,SKU092,WH002,1251,1151,2025-07-31,2025-07-31,Closed,4.26
PO004674,2025-05-24,SUP002,SKU094,WH004,244,214,2025-06-02,2025-05-31,Closed,1.76
PO004675,2025-03-14,SUP025,SKU073,WH003,983,958,2025-03-19,2025-03-17,Closed,2.98
PO004676,2025-09-08,SUP012,SKU098,WH003,956,915,2025-09-30,2025-09-29,Closed,6.95
PO004677,2025-10-04,SUP008,SKU110,WH004,646,574,2025-10-22,2025-10-22,Closed,3.66
PO004678,2025-07-28,SUP019,SKU049,WH004,1353,1156,2025-08-05,2025-08-08,Closed,1.72
PO004679,2025-07-04,SUP002,SKU077,WH002,385,343,2025-07-16,2025-07-16,Closed,9.38
PO004680,2025-07-30,SUP013,SKU039,WH003,1426,1277,2025-08-16,2025-08-14,Closed,9.94
PO004681,2025-07-23,SUP008,SKU110,WH004,1430,364,2025-08-10,,Open,3.66
PO004682,2025-08-24,SUP013,SKU130,WH002,760,714,2025-09-08,2025-09-07,Closed,5.55
PO004683,2025-11-29,SUP025,SKU004,WH001,398,396,2025-12-22,2025-12-20,Closed,6.13
PO004684,2025-06-08,SUP025,SKU132,WH003,301,259,2025-07-03,2025-07-02,Closed,8.24
PO004685,2025-05-07,SUP003,SKU030,WH004,812,41,2025-05-25,,Open,11.72
PO004686,2025-02-05,SUP019,SKU049,WH003,767,749,2025-02-13,2025-02-12,Closed,1.72
PO004687,2025-03-11,SUP015,SKU120,WH001,698,635,2025-04-02,2025-04-02,Closed,6.3
PO004688,2025-01-27,SUP006,SKU042,WH005,213,198,2025-02-12,2025-02-12,Late,6.84
PO004689,2025-07-28,SUP016,SKU026,WH001,1168,364,2025-08-04,,Open,11.19
PO004690,2025-06-23,SUP014,SKU058,WH003,603,545,2025-07-06,2025-07-06,Closed,5.4
PO004691,2025-09-29,SUP013,SKU057,WH004,1230,1176,2025-10-23,2025-10-25,Closed,2.31
PO004692,2025-10-05,SUP024,SKU010,WH001,98,86,2025-10-10,2025-10-09,Closed,2.72
PO004693,2025-02-08,SUP025,SKU103,WH002,646,607,2025-02-18,2025-02-18,Closed,8.91
PO004694,2025-08-09,SUP008,SKU053,WH004,1102,1074,2025-08-31,2025-08-29,Closed,5.27
PO004695,2025-03-16,SUP024,SKU124,WH004,463,97,2025-03-28,,Open,10.78
PO004696,2025-12-28,SUP020,SKU081,WH001,159,147,2026-01-18,2026-01-18,Closed,9.8
PO004697,2025-01-21,SUP012,SKU100,WH005,1106,945,2025-02-06,2025-02-04,Closed,2.35
PO004698,2025-01-22,SUP023,SKU046,WH005,359,334,2025-02-02,2025-02-01,Closed,4.22
PO004699,2025-11-13,SUP018,SKU148,WH002,1476,1415,2025-12-04,2025-12-02,Closed,5.75
PO004700,2025-03-07,SUP002,SKU095,WH002,594,589,2025-03-28,2025-03-28,Closed,10.55
PO004701,2025-08-06,SUP025,SKU102,WH002,541,463,2025-08-14,2025-08-13,Closed,10.0
PO004702,2025-01-28,SUP011,SKU109,WH005,856,852,2025-02-12,2025-02-10,Closed,7.66
PO004703,2025-11-27,SUP015,SKU120,WH002,255,237,2025-12-19,2025-12-17,Closed,6.3
PO004704,2025-03-18,SUP011,SKU041,WH005,497,446,2025-04-08,2025-04-06,Late,8.46
PO004705,2025-11-09,SUP025,SKU004,WH002,476,411,2025-12-02,2025-12-02,Closed,6.13
PO004706,2025-02-09,SUP024,SKU150,WH002,57,56,2025-02-24,2025-02-23,Closed,11.46
PO004707,2025-05-04,SUP018,SKU148,WH002,1494,1489,2025-05-25,2025-05-23,Closed,5.75
PO004708,2025-01-08,SUP022,SKU133,WH001,1061,1011,2025-01-19,2025-01-17,Closed,7.69
PO004709,2025-11-27,SUP002,SKU094,WH005,392,373,2025-12-06,2025-12-04,Closed,1.76
PO004710,2025-05-18,SUP010,SKU064,WH002,1383,1326,2025-06-10,2025-06-08,Closed,9.34
PO004711,2025-06-21,SUP019,SKU043,WH005,1227,1073,2025-07-15,2025-07-20,Closed,7.04
PO004712,2025-10-01,SUP016,SKU026,WH004,794,761,2025-10-08,2025-10-06,Closed,11.19
PO004713,2025-08-27,SUP015,SKU139,WH005,271,265,2025-09-10,2025-09-09,Closed,11.11
PO004714,2025-09-01,SUP017,SKU034,WH001,350,341,2025-09-09,2025-09-08,Closed,3.69
PO004715,2025-05-16,SUP002,SKU040,WH003,1255,1235,2025-06-03,2025-06-01,Closed,1.97
PO004716,2025-08-06,SUP024,SKU022,WH002,407,378,2025-08-14,2025-08-13,Late,11.85
PO004717,2025-05-15,SUP007,SKU142,WH005,565,525,2025-05-26,2025-05-26,Closed,7.2
PO004718,2025-03-22,SUP017,SKU034,WH003,1383,1334,2025-03-30,2025-03-29,Closed,3.69
PO004719,2025-09-16,SUP021,SKU078,WH005,112,103,2025-10-02,2025-09-30,Closed,4.52
PO004720,2025-03-21,SUP014,SKU006,WH003,753,702,2025-04-14,2025-04-14,Closed,4.49
PO004721,2025-08-12,SUP015,SKU123,WH002,671,640,2025-08-19,2025-08-17,Closed,10.56
PO004722,2025-07-13,SUP013,SKU130,WH005,1276,1213,2025-07-28,2025-07-28,Closed,5.55
PO004723,2025-08-15,SUP024,SKU149,WH004,1243,1133,2025-08-20,2025-08-20,Late,3.72
PO004724,2025-02-05,SUP003,SKU101,WH003,814,747,2025-02-17,2025-02-15,Closed,11.21
PO004725,2025-07-27,SUP010,SKU064,WH004,953,900,2025-08-19,2025-08-17,Late,9.34
PO004726,2025-11-16,SUP016,SKU045,WH001,610,584,2025-11-22,2025-11-22,Closed,3.07
PO004727,2025-06-13,SUP020,SKU096,WH001,75,74,2025-06-23,2025-06-22,Closed,4.22
PO004728,2025-03-26,SUP011,SKU086,WH001,127,126,2025-04-14,2025-04-12,Closed,4.77
PO004729,2025-07-03,SUP013,SKU052,WH003,74,68,2025-07-15,2025-07-14,Closed,7.96
PO004730,2025-04-11,SUP013,SKU052,WH003,911,180,2025-04-23,,Open,7.96
PO004731,2025-03-15,SUP008,SKU112,WH003,1181,59,2025-03-28,,Open,2.85
PO004732,2025-08-24,SUP013,SKU130,WH003,1008,894,2025-09-08,2025-09-07,Closed,5.55
PO004733,2025-05-07,SUP013,SKU039,WH005,949,938,2025-05-24,2025-05-27,Closed,9.94
PO004734,2025-09-07,SUP001,SKU092,WH003,496,423,2025-09-13,2025-09-21,Closed,4.26
PO004735,2025-07-17,SUP025,SKU103,WH005,432,88,2025-07-27,,Open,8.91
PO004736,2025-06-14,SUP015,SKU087,WH001,320,307,2025-07-05,2025-07-05,Closed,4.19
PO004737,2025-04-13,SUP022,SKU007,WH002,937,804,2025-04-23,2025-04-21,Closed,8.36
PO004738,2025-07-11,SUP024,SKU150,WH004,1016,969,2025-07-26,2025-07-25,Closed,11.46
PO004739,2025-04-24,SUP017,SKU055,WH005,388,372,2025-05-19,2025-05-19,Closed,11.32
PO004740,2025-09-26,SUP008,SKU110,WH002,1215,1042,2025-10-14,2025-10-16,Closed,3.66
PO004741,2025-09-07,SUP008,SKU065,WH004,675,652,2025-09-24,2025-09-23,Closed,2.4
PO004742,2025-10-31,SUP019,SKU051,WH001,279,253,2025-11-07,2025-11-07,Closed,9.85
PO004743,2025-08-06,SUP005,SKU062,WH002,1304,1204,2025-08-18,2025-08-16,Late,10.26
PO004744,2025-12-21,SUP007,SKU015,WH003,713,702,2025-12-29,2025-12-27,Closed,10.87
PO004745,2025-10-11,SUP020,SKU081,WH001,1291,1103,2025-11-01,2025-11-02,Closed,9.8
PO004746,2025-04-25,SUP009,SKU129,WH003,1008,952,2025-05-17,2025-05-17,Closed,6.29
PO004747,2025-06-20,SUP002,SKU085,WH004,227,66,2025-07-03,,Open,2.16
PO004748,2025-02-14,SUP025,SKU004,WH001,107,105,2025-03-09,2025-03-08,Closed,6.13
PO004749,2025-01-25,SUP013,SKU014,WH003,209,189,2025-02-07,2025-02-05,Late,9.53
PO004750,2025-01-30,SUP007,SKU146,WH003,1378,1270,2025-02-21,2025-02-20,Late,1.2
PO004751,2025-01-27,SUP024,SKU149,WH004,79,74,2025-02-01,2025-01-31,Closed,3.72
PO004752,2025-07-28,SUP024,SKU124,WH001,152,146,2025-08-09,2025-08-08,Closed,10.78
PO004753,2025-04-17,SUP005,SKU060,WH001,995,864,2025-05-04,2025-05-02,Closed,9.75
PO004754,2025-06-02,SUP002,SKU085,WH004,368,124,2025-06-15,,Open,2.16
PO004755,2025-05-04,SUP017,SKU020,WH005,86,81,2025-05-13,2025-05-13,Closed,8.72
PO004756,2025-08-11,SUP011,SKU041,WH002,1269,1086,2025-09-01,2025-09-03,Late,8.46
PO004757,2025-08-06,SUP002,SKU095,WH005,217,214,2025-08-27,2025-08-26,Closed,10.55
PO004758,2025-01-09,SUP025,SKU132,WH001,1134,1098,2025-02-03,2025-02-03,Closed,8.24
PO004759,2025-03-03,SUP024,SKU022,WH002,350,313,2025-03-11,2025-03-11,Closed,11.85
PO004760,2025-05-23,SUP017,SKU074,WH003,306,269,2025-06-05,2025-06-11,Closed,7.35
PO004761,2025-05-26,SUP018,SKU079,WH001,769,655,2025-06-01,2025-06-07,Late,3.5
PO004762,2025-03-28,SUP024,SKU028,WH002,414,93,2025-04-04,,Open,4.97
PO004763,2025-12-28,SUP008,SKU065,WH004,967,877,2026-01-14,2026-01-16,Late,2.4
PO004764,2025-09-02,SUP017,SKU068,WH004,1424,1230,2025-09-25,2025-09-24,Closed,11.13
PO004765,2025-08-24,SUP012,SKU069,WH002,107,104,2025-09-08,2025-09-10,Closed,8.73
PO004766,2025-04-22,SUP024,SKU107,WH004,1042,979,2025-05-02,2025-05-02,Closed,6.54
PO004767,2025-10-29,SUP019,SKU049,WH004,1120,1046,2025-11-06,2025-11-09,Closed,1.72
PO004768,2025-05-20,SUP015,SKU123,WH003,1135,153,2025-05-27,,Open,10.56
PO004769,2025-07-08,SUP025,SKU017,WH005,1310,187,2025-07-19,,Open,10.74
PO004770,2025-11-16,SUP024,SKU012,WH003,1422,1358,2025-12-02,2025-12-02,Closed,11.08
PO004771,2025-07-17,SUP015,SKU087,WH005,856,787,2025-08-07,2025-08-06,Closed,4.19
PO004772,2025-06-24,SUP017,SKU050,WH002,583,575,2025-07-14,2025-07-21,Closed,7.03
PO004773,2025-03-28,SUP007,SKU024,WH002,1037,882,2025-04-20,2025-04-19,Closed,7.58
PO004774,2025-03-06,SUP003,SKU083,WH002,771,734,2025-03-26,2025-03-24,Closed,2.58
PO004775,2025-11-27,SUP025,SKU004,WH005,189,25,2025-12-20,,Open,6.13
PO004776,2025-12-12,SUP001,SKU122,WH002,312,291,2025-12-26,2025-12-28,Closed,11.42
PO004777,2025-05-20,SUP017,SKU068,WH005,421,75,2025-06-12,,Open,11.13
PO004778,2025-07-29,SUP011,SKU099,WH004,593,579,2025-08-07,2025-08-07,Closed,8.59
PO004779,2025-01-17,SUP006,SKU032,WH002,273,235,2025-02-09,2025-02-15,Closed,4.53
PO004780,2025-03-04,SUP004,SKU076,WH004,1327,1251,2025-03-09,2025-03-08,Closed,3.8
PO004781,2025-10-03,SUP024,SKU150,WH004,707,609,2025-10-18,2025-10-17,Late,11.46
PO004782,2025-12-01,SUP015,SKU088,WH003,1470,1358,2025-12-19,2025-12-18,Closed,6.94
PO004783,2025-01-28,SUP011,SKU086,WH004,1446,1327,2025-02-16,2025-02-15,Closed,4.77
PO004784,2025-09-25,SUP023,SKU056,WH001,108,103,2025-10-04,2025-10-11,Closed,3.9
PO004785,2025-01-04,SUP001,SKU092,WH003,974,881,2025-01-10,2025-01-10,Closed,4.26
PO004786,2025-04-04,SUP002,SKU085,WH004,1132,1041,2025-04-17,2025-04-17,Closed,2.16
PO004787,2025-04-02,SUP012,SKU098,WH002,1273,1095,2025-04-24,2025-04-24,Closed,6.95
PO004788,2025-11-02,SUP021,SKU054,WH003,1434,1233,2025-11-25,2025-11-25,Closed,8.56
PO004789,2025-09-28,SUP022,SKU118,WH004,602,176,2025-10-22,,Open,8.37
PO004790,2025-01-26,SUP023,SKU027,WH001,638,548,2025-02-11,2025-02-14,Closed,3.81
PO004791,2025-09-28,SUP017,SKU074,WH004,1235,1078,2025-10-11,2025-10-10,Closed,7.35
PO004792,2025-10-30,SUP024,SKU128,WH005,1132,1058,2025-11-15,2025-11-13,Closed,10.5
PO004793,2025-04-03,SUP014,SKU047,WH003,1298,1155,2025-04-21,2025-04-20,Closed,5.04
PO004794,2025-03-06,SUP023,SKU046,WH004,704,626,2025-03-17,2025-03-17,Closed,4.22
PO004795,2025-02-09,SUP025,SKU102,WH002,554,520,2025-02-17,2025-02-16,Closed,10.0
PO004796,2025-12-23,SUP025,SKU102,WH001,1427,1222,2025-12-31,2025-12-29,Closed,10.0
PO004797,2025-11-05,SUP017,SKU034,WH005,1357,1294,2025-11-13,2025-11-15,Closed,3.69
PO004798,2025-09-03,SUP012,SKU061,WH002,1387,227,2025-09-22,,Open,7.1
PO004799,2025-11-26,SUP015,SKU087,WH001,1398,1347,2025-12-17,2025-12-16,Closed,4.19
PO004800,2025-06-13,SUP017,SKU068,WH005,749,646,2025-07-06,2025-07-06,Closed,11.13
PO004801,2025-04-17,SUP015,SKU139,WH001,1035,900,2025-05-01,2025-05-01,Late,11.11
PO004802,2025-11-08,SUP014,SKU005,WH002,105,93,2025-11-19,2025-11-19,Closed,7.76
PO004803,2025-04-22,SUP021,SKU054,WH003,130,114,2025-05-15,2025-05-15,Closed,8.56
PO004804,2025-12-07,SUP012,SKU100,WH004,1173,1143,2025-12-23,2025-12-21,Late,2.35
PO004805,2025-02-09,SUP005,SKU138,WH002,428,383,2025-03-04,2025-03-07,Closed,2.04
PO004806,2025-06-27,SUP024,SKU124,WH001,1263,1125,2025-07-09,2025-07-07,Closed,10.78
PO004807,2025-03-31,SUP017,SKU066,WH002,1478,1301,2025-04-17,2025-04-15,Closed,8.21
PO004808,2025-08-29,SUP011,SKU109,WH003,1449,1244,2025-09-13,2025-09-12,Closed,7.66
PO004809,2025-02-10,SUP017,SKU066,WH004,727,656,2025-02-27,2025-02-26,Late,8.21
PO004810,2025-10-06,SUP024,SKU035,WH001,1412,1303,2025-10-13,2025-10-16,Closed,11.5
PO004811,2025-06-22,SUP023,SKU056,WH003,1215,1087,2025-07-01,2025-06-30,Closed,3.9
PO004812,2025-12-22,SUP025,SKU017,WH003,505,438,2026-01-02,2026-01-02,Closed,10.74
PO004813,2025-09-14,SUP025,SKU009,WH004,548,484,2025-10-01,2025-09-29,Closed,11.58
PO004814,2025-01-26,SUP003,SKU083,WH005,455,406,2025-02-15,2025-02-13,Closed,2.58
PO004815,2025-04-19,SUP015,SKU033,WH003,909,902,2025-04-25,2025-04-25,Closed,10.83
PO004816,2025-12-02,SUP022,SKU140,WH002,846,807,2025-12-27,2026-01-01,Closed,11.55
PO004817,2025-07-26,SUP019,SKU018,WH005,1041,968,2025-08-07,2025-08-09,Closed,10.5
PO004818,2025-08-04,SUP024,SKU035,WH002,517,448,2025-08-11,2025-08-11,Late,11.5
PO004819,2025-11-26,SUP018,SKU148,WH002,1099,1052,2025-12-17,2025-12-24,Closed,5.75
PO004820,2025-07-17,SUP019,SKU049,WH005,1056,994,2025-07-25,2025-07-23,Closed,1.72
PO004821,2025-09-06,SUP004,SKU144,WH002,999,210,2025-09-18,,Open,2.03
PO004822,2025-10-25,SUP006,SKU032,WH003,1258,1195,2025-11-17,2025-11-25,Closed,4.53
PO004823,2025-07-08,SUP018,SKU079,WH002,1320,1235,2025-07-14,2025-07-13,Closed,3.5
PO004824,2025-05-30,SUP007,SKU104,WH004,1066,1002,2025-06-24,2025-06-24,Closed,5.43
PO004825,2025-10-30,SUP006,SKU002,WH003,1290,1173,2025-11-06,2025-11-12,Closed,10.55
PO004826,2025-02-18,SUP014,SKU058,WH002,955,894,2025-03-03,2025-03-03,Closed,5.4
PO004827,2025-01-04,SUP025,SKU004,WH001,543,487,2025-01-27,2025-01-25,Closed,6.13
PO004828,2025-12-07,SUP006,SKU042,WH002,134,115,2025-12-23,2025-12-21,Closed,6.84
PO004829,2025-12-10,SUP015,SKU033,WH001,1469,1416,2025-12-16,2025-12-16,Closed,10.83
PO004830,2025-03-21,SUP018,SKU148,WH003,117,113,2025-04-11,2025-04-13,Closed,5.75
PO004831,2025-01-15,SUP002,SKU095,WH003,652,614,2025-02-05,2025-02-13,Closed,10.55
PO004832,2025-10-26,SUP020,SKU019,WH002,662,566,2025-11-08,2025-11-09,Closed,3.02
PO004833,2025-11-03,SUP024,SKU093,WH004,938,910,2025-11-23,2025-11-21,Closed,3.63
PO004834,2025-11-03,SUP001,SKU092,WH001,209,188,2025-11-09,2025-11-07,Closed,4.26
PO004835,2025-02-10,SUP016,SKU026,WH004,1136,1085,2025-02-17,2025-02-17,Closed,11.19
PO004836,2025-12-01,SUP010,SKU147,WH001,135,119,2025-12-26,2025-12-26,Closed,9.49
PO004837,2025-06-27,SUP013,SKU052,WH002,731,692,2025-07-09,2025-07-09,Closed,7.96
PO004838,2025-02-02,SUP025,SKU004,WH002,989,875,2025-02-25,2025-03-01,Closed,6.13
PO004839,2025-04-30,SUP017,SKU034,WH005,850,44,2025-05-08,,Open,3.69
PO004840,2025-02-10,SUP007,SKU142,WH002,726,713,2025-02-21,2025-02-19,Closed,7.2
PO004841,2025-08-06,SUP021,SKU054,WH001,908,856,2025-08-29,2025-08-29,Closed,8.56
PO004842,2025-05-11,SUP024,SKU093,WH003,1137,1092,2025-05-31,2025-05-30,Closed,3.63
PO004843,2025-12-14,SUP017,SKU068,WH002,740,664,2026-01-06,2026-01-05,Closed,11.13
PO004844,2025-05-06,SUP025,SKU025,WH005,428,376,2025-05-28,2025-05-27,Closed,8.66
PO004845,2025-03-06,SUP022,SKU117,WH001,461,401,2025-03-11,2025-03-11,Closed,2.99
PO004846,2025-09-18,SUP007,SKU142,WH004,1131,1080,2025-09-29,2025-10-07,Closed,7.2
PO004847,2025-02-01,SUP022,SKU118,WH002,369,334,2025-02-25,2025-02-23,Closed,8.37
PO004848,2025-08-13,SUP006,SKU002,WH003,1143,1066,2025-08-20,2025-08-20,Closed,10.55
PO004849,2025-04-15,SUP002,SKU040,WH003,1457,1438,2025-05-03,2025-05-06,Closed,1.97
PO004850,2025-10-12,SUP012,SKU016,WH003,415,375,2025-10-29,2025-11-02,Closed,2.94
PO004851,2025-06-10,SUP020,SKU081,WH001,1189,1116,2025-07-01,2025-06-29,Closed,9.8
PO004852,2025-06-08,SUP004,SKU144,WH005,298,283,2025-06-20,2025-06-18,Closed,2.03
PO004853,2025-03-07,SUP004,SKU106,WH002,71,62,2025-03-17,2025-03-18,Closed,10.85
PO004854,2025-11-13,SUP014,SKU005,WH004,1416,1235,2025-11-24,2025-11-23,Closed,7.76
PO004855,2025-03-26,SUP024,SKU111,WH005,889,806,2025-04-10,2025-04-09,Closed,3.96
PO004856,2025-12-02,SUP005,SKU070,WH005,798,760,2025-12-14,2025-12-20,Closed,4.2
PO004857,2025-01-04,SUP001,SKU105,WH003,75,67,2025-01-16,2025-01-14,Late,11.35
PO004858,2025-12-15,SUP024,SKU093,WH004,295,284,2026-01-04,2026-01-03,Closed,3.63
PO004859,2025-06-29,SUP008,SKU065,WH002,396,338,2025-07-16,2025-07-16,Closed,2.4
PO004860,2025-12-30,SUP022,SKU117,WH005,122,109,2026-01-04,2026-01-02,Closed,2.99
PO004861,2025-05-05,SUP023,SKU056,WH004,452,386,2025-05-14,2025-05-12,Closed,3.9
PO004862,2025-01-20,SUP009,SKU129,WH005,451,409,2025-02-11,2025-02-10,Closed,6.29
PO004863,2025-10-02,SUP007,SKU146,WH003,649,574,2025-10-24,2025-10-24,Closed,1.2
PO004864,2025-10-18,SUP025,SKU103,WH003,538,522,2025-10-28,2025-10-30,Closed,8.91
PO004865,2025-04-17,SUP010,SKU147,WH005,788,265,2025-05-12,,Open,9.49
PO004866,2025-12-08,SUP019,SKU043,WH001,83,76,2026-01-01,2025-12-31,Closed,7.04
PO004867,2025-03-15,SUP022,SKU113,WH003,629,619,2025-03-24,2025-03-24,Closed,11.04
PO004868,2025-03-09,SUP008,SKU065,WH002,1107,978,2025-03-26,2025-03-26,Closed,2.4
PO004869,2025-05-23,SUP001,SKU092,WH002,104,90,2025-05-29,2025-05-29,Closed,4.26
PO004870,2025-06-17,SUP025,SKU132,WH004,973,908,2025-07-12,2025-07-11,Late,8.24
PO004871,2025-12-29,SUP019,SKU080,WH004,1000,928,2026-01-08,2026-01-07,Late,10.96
PO004872,2025-11-13,SUP018,SKU148,WH003,923,788,2025-12-04,2025-12-12,Closed,5.75
PO004873,2025-02-23,SUP020,SKU019,WH005,90,84,2025-03-08,2025-03-10,Closed,3.02
PO004874,2025-07-24,SUP016,SKU029,WH003,289,267,2025-08-05,2025-08-03,Closed,11.3
PO004875,2025-08-22,SUP023,SKU089,WH002,537,516,2025-09-01,2025-08-31,Closed,1.53
PO004876,2025-10-09,SUP013,SKU130,WH002,1031,971,2025-10-24,2025-10-24,Closed,5.55
PO004877,2025-01-25,SUP014,SKU047,WH003,288,91,2025-02-12,,Open,5.04
PO004878,2025-03-09,SUP025,SKU102,WH005,856,743,2025-03-17,2025-03-15,Closed,10.0
PO004879,2025-01-20,SUP001,SKU048,WH004,1151,1083,2025-02-09,2025-02-07,Closed,6.32
PO004880,2025-02-07,SUP019,SKU082,WH002,1334,1195,2025-02-22,2025-02-21,Closed,7.9
PO004881,2025-04-03,SUP020,SKU126,WH005,1500,43,2025-04-25,,Open,2.53
PO004882,2025-05-15,SUP024,SKU031,WH004,214,196,2025-06-02,2025-05-31,Closed,3.1
PO004883,2025-09-04,SUP022,SKU116,WH004,1418,1305,2025-09-25,2025-09-23,Closed,4.95
PO004884,2025-01-31,SUP025,SKU073,WH005,1118,965,2025-02-05,2025-02-10,Closed,2.98
PO004885,2025-08-03,SUP006,SKU127,WH002,340,296,2025-08-19,2025-08-19,Late,10.11
PO004886,2025-07-03,SUP025,SKU103,WH002,1462,1303,2025-07-13,2025-07-12,Closed,8.91
PO004887,2025-02-15,SUP025,SKU025,WH004,132,130,2025-03-09,2025-03-08,Closed,8.66
PO004888,2025-12-15,SUP007,SKU011,WH002,720,711,2025-12-22,2025-12-28,Closed,10.01
PO004889,2025-11-14,SUP010,SKU147,WH004,387,356,2025-12-09,2025-12-08,Closed,9.49
PO004890,2025-09-03,SUP025,SKU025,WH004,1017,991,2025-09-25,2025-09-29,Closed,8.66
PO004891,2025-05-19,SUP024,SKU022,WH003,1357,1348,2025-05-27,2025-05-26,Closed,11.85
PO004892,2025-10-07,SUP006,SKU042,WH002,780,708,2025-10-23,2025-10-23,Closed,6.84
PO004893,2025-04-11,SUP022,SKU113,WH002,486,463,2025-04-20,2025-04-26,Closed,11.04
PO004894,2025-06-23,SUP023,SKU001,WH003,703,691,2025-07-18,2025-07-25,Closed,3.18
PO004895,2025-05-03,SUP015,SKU037,WH003,310,306,2025-05-10,2025-05-09,Late,3.03
PO004896,2025-03-21,SUP018,SKU072,WH002,1402,1396,2025-03-27,2025-03-25,Closed,9.04
PO004897,2025-03-17,SUP020,SKU081,WH001,598,63,2025-04-07,,Open,9.8
PO004898,2025-04-09,SUP002,SKU108,WH005,490,454,2025-04-28,2025-04-26,Closed,9.81
PO004899,2025-09-15,SUP020,SKU019,WH005,964,883,2025-09-28,2025-09-26,Closed,3.02
PO004900,2025-10-26,SUP011,SKU041,WH003,1499,1459,2025-11-16,2025-11-14,Closed,8.46
PO004901,2025-12-31,SUP001,SKU122,WH003,1286,141,2026-01-14,,Open,11.42
PO004902,2025-02-12,SUP025,SKU025,WH005,715,689,2025-03-06,2025-03-09,Closed,8.66
PO004903,2025-12-14,SUP011,SKU099,WH005,1123,1114,2025-12-23,2025-12-23,Closed,8.59
PO004904,2025-02-07,SUP007,SKU146,WH002,1283,1172,2025-03-01,2025-03-01,Closed,1.2
PO004905,2025-02-04,SUP019,SKU049,WH002,1056,1050,2025-02-12,2025-02-10,Closed,1.72
PO004906,2025-02-03,SUP006,SKU071,WH003,291,249,2025-02-08,2025-02-12,Late,8.74
PO004907,2025-11-02,SUP024,SKU150,WH004,990,842,2025-11-17,2025-11-15,Closed,11.46
PO004908,2025-04-11,SUP019,SKU018,WH002,1426,1213,2025-04-23,2025-04-22,Closed,10.5
PO004909,2025-08-07,SUP025,SKU132,WH005,1194,1166,2025-09-01,2025-09-06,Late,8.24
PO004910,2025-02-09,SUP019,SKU049,WH001,449,421,2025-02-17,2025-02-17,Closed,1.72
PO004911,2025-11-13,SUP013,SKU052,WH002,797,135,2025-11-25,,Open,7.96
PO004912,2025-02-12,SUP017,SKU068,WH003,118,106,2025-03-07,2025-03-07,Closed,11.13
PO004913,2025-04-02,SUP016,SKU067,WH005,109,102,2025-04-18,2025-04-17,Closed,3.61
PO004914,2025-05-21,SUP023,SKU089,WH005,803,705,2025-05-31,2025-05-30,Closed,1.53
PO004915,2025-04-02,SUP018,SKU079,WH004,1089,1005,2025-04-08,2025-04-06,Closed,3.5
PO004916,2025-03-29,SUP019,SKU080,WH005,200,176,2025-04-08,2025-04-14,Closed,10.96
PO004917,2025-09-19,SUP021,SKU059,WH004,465,462,2025-09-28,2025-09-28,Closed,6.52
PO004918,2025-05-08,SUP003,SKU083,WH002,965,888,2025-05-28,2025-05-26,Closed,2.58
PO004919,2025-10-10,SUP010,SKU064,WH004,1219,138,2025-11-02,,Open,9.34
PO004920,2025-05-13,SUP025,SKU009,WH003,264,250,2025-05-30,2025-05-28,Closed,11.58
PO004921,2025-02-22,SUP006,SKU071,WH003,1212,1097,2025-02-27,2025-02-27,Closed,8.74
PO004922,2025-06-03,SUP022,SKU007,WH005,57,56,2025-06-13,2025-06-13,Closed,8.36
PO004923,2025-02-23,SUP016,SKU029,WH001,494,427,2025-03-07,2025-03-11,Closed,11.3
PO004924,2025-02-28,SUP024,SKU124,WH001,656,654,2025-03-12,2025-03-11,Closed,10.78
PO004925,2025-12-31,SUP022,SKU117,WH002,1409,1318,2026-01-05,2026-01-03,Closed,2.99
PO004926,2025-04-21,SUP013,SKU014,WH004,119,118,2025-05-04,2025-05-04,Closed,9.53
PO004927,2025-09-10,SUP011,SKU109,WH003,532,455,2025-09-25,2025-09-23,Closed,7.66
PO004928,2025-03-06,SUP001,SKU092,WH001,793,684,2025-03-12,2025-03-17,Closed,4.26
PO004929,2025-04-02,SUP023,SKU046,WH003,187,175,2025-04-13,2025-04-12,Closed,4.22
PO004930,2025-03-18,SUP004,SKU106,WH005,1043,992,2025-03-28,2025-04-01,Closed,10.85
PO004931,2025-09-14,SUP017,SKU020,WH003,338,326,2025-09-23,2025-09-23,Closed,8.72
PO004932,2025-08-11,SUP004,SKU106,WH002,309,299,2025-08-21,2025-08-20,Closed,10.85
PO004933,2025-03-22,SUP011,SKU041,WH003,397,382,2025-04-12,2025-04-14,Closed,8.46
PO004934,2025-10-12,SUP021,SKU021,WH002,170,169,2025-10-17,2025-10-20,Closed,5.64
PO004935,2025-12-13,SUP005,SKU060,WH002,1491,1294,2025-12-30,2025-12-28,Closed,9.75
PO004936,2025-10-21,SUP015,SKU120,WH001,474,437,2025-11-12,2025-11-12,Closed,6.3
PO004937,2025-05-29,SUP013,SKU130,WH004,120,104,2025-06-13,2025-06-18,Closed,5.55
PO004938,2025-07-03,SUP015,SKU087,WH004,258,237,2025-07-24,2025-07-22,Closed,4.19
PO004939,2025-03-22,SUP002,SKU077,WH005,1476,1437,2025-04-03,2025-04-02,Closed,9.38
PO004940,2025-02-03,SUP017,SKU119,WH003,153,131,2025-02-08,2025-02-06,Closed,11.97
PO004941,2025-02-11,SUP004,SKU144,WH005,523,503,2025-02-23,2025-02-23,Closed,2.03
PO004942,2025-09-28,SUP015,SKU139,WH001,1444,1321,2025-10-12,2025-10-11,Closed,11.11
PO004943,2025-12-20,SUP024,SKU031,WH002,318,294,2026-01-07,2026-01-07,Closed,3.1
PO004944,2025-04-10,SUP019,SKU018,WH003,652,605,2025-04-22,2025-04-21,Closed,10.5
PO004945,2025-07-24,SUP020,SKU114,WH003,1073,973,2025-08-05,2025-08-05,Closed,10.59
PO004946,2025-11-23,SUP010,SKU064,WH001,958,872,2025-12-16,2025-12-16,Closed,9.34
PO004947,2025-04-16,SUP007,SKU146,WH002,72,21,2025-05-08,,Open,1.2
PO004948,2025-05-01,SUP022,SKU118,WH002,428,425,2025-05-25,2025-05-24,Closed,8.37
PO004949,2025-03-18,SUP014,SKU047,WH002,469,402,2025-04-05,2025-04-04,Closed,5.04
PO004950,2025-12-28,SUP011,SKU109,WH003,315,296,2026-01-12,2026-01-17,Closed,7.66
PO004951,2025-03-28,SUP010,SKU084,WH004,1157,984,2025-04-20,2025-04-18,Closed,8.41
PO004952,2025-12-15,SUP022,SKU117,WH003,1029,922,2025-12-20,2025-12-18,Closed,2.99
PO004953,2025-01-29,SUP023,SKU089,WH002,170,147,2025-02-08,2025-02-06,Closed,1.53
PO004954,2025-03-27,SUP012,SKU061,WH002,1217,1162,2025-04-15,2025-04-21,Closed,7.1
PO004955,2025-08-17,SUP014,SKU143,WH003,1375,1171,2025-09-08,2025-09-07,Closed,11.18
PO004956,2025-07-31,SUP018,SKU079,WH004,450,59,2025-08-06,,Open,3.5
PO004957,2025-10-15,SUP022,SKU140,WH005,1400,1253,2025-11-09,2025-11-09,Closed,11.55
PO004958,2025-01-23,SUP017,SKU034,WH002,1461,1305,2025-01-31,2025-01-31,Closed,3.69
PO004959,2025-07-26,SUP006,SKU127,WH005,1471,1338,2025-08-11,2025-08-14,Closed,10.11
PO004960,2025-01-18,SUP024,SKU028,WH005,1020,927,2025-01-25,2025-01-24,Closed,4.97
PO004961,2025-11-26,SUP011,SKU097,WH003,774,719,2025-12-14,2025-12-14,Closed,6.92
PO004962,2025-01-03,SUP019,SKU049,WH003,606,166,2025-01-11,,Open,1.72
PO004963,2025-10-04,SUP023,SKU056,WH002,369,367,2025-10-13,2025-10-13,Closed,3.9
PO004964,2025-11-04,SUP025,SKU103,WH001,127,120,2025-11-14,2025-11-13,Closed,8.91
PO004965,2025-01-10,SUP012,SKU098,WH005,452,435,2025-02-01,2025-01-31,Closed,6.95
PO004966,2025-03-31,SUP015,SKU088,WH003,1185,1021,2025-04-18,2025-04-18,Closed,6.94
PO004967,2025-02-28,SUP005,SKU070,WH002,835,771,2025-03-12,2025-03-14,Closed,4.2
PO004968,2025-01-06,SUP004,SKU134,WH005,105,96,2025-01-31,2025-01-31,Closed,2.09
PO004969,2025-12-03,SUP012,SKU061,WH004,1370,1220,2025-12-22,2025-12-20,Closed,7.1
PO004970,2025-06-08,SUP023,SKU089,WH003,971,54,2025-06-18,,Open,1.53
PO004971,2025-04-29,SUP010,SKU145,WH004,1142,1022,2025-05-19,2025-05-17,Closed,4.64
PO004972,2025-07-05,SUP007,SKU015,WH001,874,775,2025-07-13,2025-07-13,Closed,10.87
PO004973,2025-09-10,SUP010,SKU064,WH004,811,152,2025-10-03,,Open,9.34
PO004974,2025-04-08,SUP022,SKU135,WH001,711,645,2025-04-14,2025-04-14,Closed,4.41
PO004975,2025-03-18,SUP019,SKU018,WH002,1253,1206,2025-03-30,2025-03-28,Closed,10.5
PO004976,2025-05-07,SUP006,SKU115,WH005,833,769,2025-05-31,2025-05-30,Closed,7.72
PO004977,2025-09-28,SUP017,SKU074,WH001,246,225,2025-10-11,2025-10-11,Closed,7.35
PO004978,2025-12-10,SUP017,SKU068,WH004,291,279,2026-01-02,2025-12-31,Closed,11.13
PO004979,2025-12-26,SUP025,SKU009,WH003,846,253,2026-01-12,,Open,11.58
PO004980,2025-01-29,SUP024,SKU010,WH004,1450,1300,2025-02-03,2025-02-09,Closed,2.72
PO004981,2025-09-17,SUP007,SKU024,WH002,92,89,2025-10-10,2025-10-09,Closed,7.58
PO004982,2025-02-09,SUP021,SKU021,WH001,254,237,2025-02-14,2025-02-12,Closed,5.64
PO004983,2025-10-04,SUP017,SKU034,WH002,678,644,2025-10-12,2025-10-12,Closed,3.69
PO004984,2025-11-13,SUP003,SKU030,WH003,928,893,2025-12-01,2025-12-01,Closed,11.72
PO004985,2025-05-15,SUP017,SKU020,WH005,472,406,2025-05-24,2025-05-23,Closed,8.72
PO004986,2025-12-29,SUP024,SKU111,WH004,635,614,2026-01-13,2026-01-11,Closed,3.96
PO004987,2025-03-09,SUP023,SKU001,WH002,475,432,2025-04-03,2025-04-03,Closed,3.18
PO004988,2025-04-23,SUP012,SKU100,WH005,733,726,2025-05-09,2025-05-09,Closed,2.35
PO004989,2025-04-01,SUP010,SKU145,WH002,1040,968,2025-04-21,2025-04-21,Closed,4.64
PO004990,2025-07-17,SUP005,SKU138,WH005,458,402,2025-08-09,2025-08-09,Closed,2.04
PO004991,2025-12-18,SUP012,SKU098,WH001,438,427,2026-01-09,2026-01-07,Closed,6.95
PO004992,2025-08-04,SUP014,SKU058,WH004,455,439,2025-08-17,2025-08-15,Closed,5.4
PO004993,2025-06-02,SUP004,SKU076,WH005,888,875,2025-06-07,2025-06-06,Closed,3.8
PO004994,2025-04-17,SUP017,SKU074,WH001,732,645,2025-04-30,2025-04-29,Closed,7.35
PO004995,2025-03-09,SUP019,SKU082,WH001,97,83,2025-03-24,2025-03-22,Closed,7.9
PO004996,2025-12-16,SUP011,SKU099,WH003,457,454,2025-12-25,2025-12-23,Late,8.59
PO004997,2025-01-22,SUP022,SKU117,WH004,459,428,2025-01-27,2025-01-25,Closed,2.99
PO004998,2025-11-13,SUP014,SKU006,WH001,1238,1203,2025-12-07,2025-12-13,Late,4.49
PO004999,2025-09-08,SUP024,SKU022,WH001,899,854,2025-09-16,2025-09-14,Closed,11.85
PO005000,2025-11-12,SUP017,SKU068,WH005,93,79,2025-12-05,2025-12-03,Closed,11.13
